solid OpenSCAD_Model
  facet normal 0 0.6343932841636459 0.7730104533627367
    outer loop
      vertex -4 8.401311620818527 8.401311620818527
      vertex 4 8.401311620818527 8.401311620818527
      vertex -4 8.743918600445069 8.120141339049157
    endloop
  endfacet
  facet normal 0 0.9569403357322087 0.290284677254463
    outer loop
      vertex -4 7.782555517821815 9.558922868516976
      vertex 4 7.782555517821815 9.558922868516976
      vertex -4 7.911212971383246 9.134796083837943
    endloop
  endfacet
  facet normal 0 0.47139673682599686 0.8819212643483554
    outer loop
      vertex -4 8.743918600445069 8.120141339049157
      vertex 4 8.743918600445069 8.120141339049157
      vertex -4 9.134796083837943 7.911212971383246
    endloop
  endfacet
  facet normal 0 0.290284677254463 0.9569403357322087
    outer loop
      vertex -4 9.134796083837943 7.911212971383246
      vertex 4 9.134796083837943 7.911212971383246
      vertex -4 9.558922868516976 7.782555517821815
    endloop
  endfacet
  facet normal 0 0.09801714032956192 0.9951847266721967
    outer loop
      vertex -4 9.558922868516976 7.782555517821815
      vertex 4 9.558922868516976 7.782555517821815
      vertex -4 10 7.739113212153299
    endloop
  endfacet
  facet normal 0 0.9951847266721967 -0.09801714032956192
    outer loop
      vertex -4 7.739113212153299 10
      vertex -4 7.782555517821815 10.441077131483024
      vertex 4 7.782555517821815 10.441077131483024
    endloop
  endfacet
  facet normal 0 0.9569403357322087 -0.290284677254463
    outer loop
      vertex -4 7.782555517821815 10.441077131483024
      vertex -4 7.911212971383246 10.865203916162057
      vertex 4 7.911212971383246 10.865203916162057
    endloop
  endfacet
  facet normal 0 0.8819212643483554 -0.47139673682599686
    outer loop
      vertex -4 7.911212971383246 10.865203916162057
      vertex -4 8.120141339049157 11.256081399554931
      vertex 4 8.120141339049157 11.256081399554931
    endloop
  endfacet
  facet normal 0 0.7730104533627367 -0.6343932841636459
    outer loop
      vertex -4 8.120141339049157 11.256081399554931
      vertex -4 8.401311620818527 11.598688379181473
      vertex 4 8.401311620818527 11.598688379181473
    endloop
  endfacet
  facet normal 0 0.0980171403295639 -0.9951847266721966
    outer loop
      vertex -4 9.558922868516976 12.217444482178184
      vertex -4 10 12.260886787846701
      vertex 4 10 12.260886787846701
    endloop
  endfacet
  facet normal 0 -0.09801714032956192 0.9951847266721967
    outer loop
      vertex -4 10 7.739113212153299
      vertex 4 10 7.739113212153299
      vertex -4 10.441077131483024 7.782555517821815
    endloop
  endfacet
  facet normal 0 -0.290284677254463 0.9569403357322087
    outer loop
      vertex -4 10.441077131483024 7.782555517821815
      vertex 4 10.441077131483024 7.782555517821815
      vertex -4 10.865203916162057 7.911212971383246
    endloop
  endfacet
  facet normal 0 -0.7730104533627367 0.6343932841636459
    outer loop
      vertex -4 11.598688379181473 8.401311620818527
      vertex 4 11.598688379181473 8.401311620818527
      vertex -4 11.879858660950843 8.743918600445069
    endloop
  endfacet
  facet normal 0 -0.8819212643483563 0.47139673682599537
    outer loop
      vertex -4 11.879858660950843 8.743918600445069
      vertex 4 11.879858660950843 8.743918600445069
      vertex -4 12.088787028616753 9.134796083837943
    endloop
  endfacet
  facet normal 0 -0.9569403357322087 0.290284677254463
    outer loop
      vertex -4 12.088787028616753 9.134796083837943
      vertex 4 12.088787028616753 9.134796083837943
      vertex -4 12.217444482178184 9.558922868516976
    endloop
  endfacet
  facet normal 0 -0.0980171403295639 -0.9951847266721966
    outer loop
      vertex -4 10 12.260886787846701
      vertex -4 10.441077131483024 12.217444482178184
      vertex 4 10.441077131483024 12.217444482178184
    endloop
  endfacet
  facet normal 0 -0.290284677254463 -0.9569403357322087
    outer loop
      vertex -4 10.441077131483024 12.217444482178184
      vertex -4 10.865203916162057 12.088787028616753
      vertex 4 10.865203916162057 12.088787028616753
    endloop
  endfacet
  facet normal 0 -0.47139673682599537 -0.8819212643483563
    outer loop
      vertex -4 10.865203916162057 12.088787028616753
      vertex -4 11.256081399554931 11.879858660950843
      vertex 4 11.256081399554931 11.879858660950843
    endloop
  endfacet
  facet normal 0 -0.9951847266721966 -0.0980171403295639
    outer loop
      vertex -4 12.260886787846701 10
      vertex 4 12.260886787846701 10
      vertex -4 12.217444482178184 10.441077131483024
    endloop
  endfacet
  facet normal 0 -0.6343932841636459 -0.7730104533627367
    outer loop
      vertex -4 11.256081399554931 11.879858660950843
      vertex -4 11.598688379181473 11.598688379181473
      vertex 4 11.598688379181473 11.598688379181473
    endloop
  endfacet
  facet normal 0 0.6343932841636459 0.7730104533627367
    outer loop
      vertex -4 8.743918600445069 8.120141339049157
      vertex 4 8.401311620818527 8.401311620818527
      vertex 4 8.743918600445069 8.120141339049157
    endloop
  endfacet
  facet normal 0 0.8819212643483554 0.47139673682599686
    outer loop
      vertex -4 8.120141339049157 8.743918600445069
      vertex 4 7.911212971383246 9.134796083837943
      vertex 4 8.120141339049157 8.743918600445069
    endloop
  endfacet
  facet normal 0 0.9569403357322087 0.290284677254463
    outer loop
      vertex -4 7.911212971383246 9.134796083837943
      vertex 4 7.782555517821815 9.558922868516976
      vertex 4 7.911212971383246 9.134796083837943
    endloop
  endfacet
  facet normal 0 0.47139673682599686 0.8819212643483554
    outer loop
      vertex -4 9.134796083837943 7.911212971383246
      vertex 4 8.743918600445069 8.120141339049157
      vertex 4 9.134796083837943 7.911212971383246
    endloop
  endfacet
  facet normal 0 0.290284677254463 0.9569403357322087
    outer loop
      vertex -4 9.558922868516976 7.782555517821815
      vertex 4 9.134796083837943 7.911212971383246
      vertex 4 9.558922868516976 7.782555517821815
    endloop
  endfacet
  facet normal 0 0.09801714032956192 0.9951847266721967
    outer loop
      vertex -4 10 7.739113212153299
      vertex 4 9.558922868516976 7.782555517821815
      vertex 4 10 7.739113212153299
    endloop
  endfacet
  facet normal 0 0.9951847266721967 -0.09801714032956192
    outer loop
      vertex -4 7.739113212153299 10
      vertex 4 7.782555517821815 10.441077131483024
      vertex 4 7.739113212153299 10
    endloop
  endfacet
  facet normal 0 0.9569403357322087 -0.290284677254463
    outer loop
      vertex -4 7.782555517821815 10.441077131483024
      vertex 4 7.911212971383246 10.865203916162057
      vertex 4 7.782555517821815 10.441077131483024
    endloop
  endfacet
  facet normal 0 0.8819212643483554 -0.47139673682599686
    outer loop
      vertex -4 7.911212971383246 10.865203916162057
      vertex 4 8.120141339049157 11.256081399554931
      vertex 4 7.911212971383246 10.865203916162057
    endloop
  endfacet
  facet normal 0 0.7730104533627367 -0.6343932841636459
    outer loop
      vertex -4 8.120141339049157 11.256081399554931
      vertex 4 8.401311620818527 11.598688379181473
      vertex 4 8.120141339049157 11.256081399554931
    endloop
  endfacet
  facet normal 0 0.0980171403295639 -0.9951847266721966
    outer loop
      vertex -4 9.558922868516976 12.217444482178184
      vertex 4 10 12.260886787846701
      vertex 4 9.558922868516976 12.217444482178184
    endloop
  endfacet
  facet normal 0 -0.09801714032956192 0.9951847266721967
    outer loop
      vertex -4 10.441077131483024 7.782555517821815
      vertex 4 10 7.739113212153299
      vertex 4 10.441077131483024 7.782555517821815
    endloop
  endfacet
  facet normal 0 -0.290284677254463 0.9569403357322087
    outer loop
      vertex -4 10.865203916162057 7.911212971383246
      vertex 4 10.441077131483024 7.782555517821815
      vertex 4 10.865203916162057 7.911212971383246
    endloop
  endfacet
  facet normal 0 -0.47139673682599686 0.8819212643483554
    outer loop
      vertex -4 11.256081399554931 8.120141339049157
      vertex 4 10.865203916162057 7.911212971383246
      vertex 4 11.256081399554931 8.120141339049157
    endloop
  endfacet
  facet normal 0 -0.7730104533627367 0.6343932841636459
    outer loop
      vertex -4 11.879858660950843 8.743918600445069
      vertex 4 11.598688379181473 8.401311620818527
      vertex 4 11.879858660950843 8.743918600445069
    endloop
  endfacet
  facet normal 0 -0.8819212643483563 0.47139673682599537
    outer loop
      vertex -4 12.088787028616753 9.134796083837943
      vertex 4 11.879858660950843 8.743918600445069
      vertex 4 12.088787028616753 9.134796083837943
    endloop
  endfacet
  facet normal 0 -0.9569403357322087 0.290284677254463
    outer loop
      vertex -4 12.217444482178184 9.558922868516976
      vertex 4 12.088787028616753 9.134796083837943
      vertex 4 12.217444482178184 9.558922868516976
    endloop
  endfacet
  facet normal 0 -0.0980171403295639 -0.9951847266721966
    outer loop
      vertex -4 10 12.260886787846701
      vertex 4 10.441077131483024 12.217444482178184
      vertex 4 10 12.260886787846701
    endloop
  endfacet
  facet normal 0 -0.290284677254463 -0.9569403357322087
    outer loop
      vertex -4 10.441077131483024 12.217444482178184
      vertex 4 10.865203916162057 12.088787028616753
      vertex 4 10.441077131483024 12.217444482178184
    endloop
  endfacet
  facet normal 0 -0.47139673682599537 -0.8819212643483563
    outer loop
      vertex -4 10.865203916162057 12.088787028616753
      vertex 4 11.256081399554931 11.879858660950843
      vertex 4 10.865203916162057 12.088787028616753
    endloop
  endfacet
  facet normal 0 -0.9951847266721966 -0.0980171403295639
    outer loop
      vertex -4 12.217444482178184 10.441077131483024
      vertex 4 12.260886787846701 10
      vertex 4 12.217444482178184 10.441077131483024
    endloop
  endfacet
  facet normal 0 -0.6343932841636459 -0.7730104533627367
    outer loop
      vertex -4 11.256081399554931 11.879858660950843
      vertex 4 11.598688379181473 11.598688379181473
      vertex 4 11.256081399554931 11.879858660950843
    endloop
  endfacet
  facet normal 0.9951847266721968 0.09801714032956094 0
    outer loop
      vertex -2.2608867878467005 -10 -6
      vertex -2.217444482178185 -10.441077131483024 -20
      vertex -2.2608867878467005 -10 -20
    endloop
  endfacet
  facet normal 0.8819212643483555 0.4713967368259969 0
    outer loop
      vertex -2.0887870286167542 -10.865203916162057 -6
      vertex -1.879858660950843 -11.256081399554931 -20
      vertex -2.0887870286167542 -10.865203916162057 -20
    endloop
  endfacet
  facet normal 0.9569403357322087 0.290284677254463 0
    outer loop
      vertex -2.217444482178185 -10.441077131483024 -6
      vertex -2.0887870286167542 -10.865203916162057 -20
      vertex -2.217444482178185 -10.441077131483024 -20
    endloop
  endfacet
  facet normal 0.7730104533627369 0.6343932841636457 0
    outer loop
      vertex -1.879858660950843 -11.256081399554931 -6
      vertex -1.5986883791814732 -11.598688379181473 -20
      vertex -1.879858660950843 -11.256081399554931 -20
    endloop
  endfacet
  facet normal 0.6343932841636456 0.7730104533627368 0
    outer loop
      vertex -1.5986883791814732 -11.598688379181473 -6
      vertex -1.2560813995549314 -11.879858660950843 -20
      vertex -1.5986883791814732 -11.598688379181473 -20
    endloop
  endfacet
  facet normal 0.47139673682599575 0.881921264348356 0
    outer loop
      vertex -1.2560813995549314 -11.879858660950843 -6
      vertex -0.8652039161620579 -12.088787028616753 -20
      vertex -1.2560813995549314 -11.879858660950843 -20
    endloop
  endfacet
  facet normal 0.29028467725446216 0.956940335732209 0
    outer loop
      vertex -0.8652039161620579 -12.088787028616753 -6
      vertex -0.44107713148302263 -12.217444482178184 -20
      vertex -0.8652039161620579 -12.088787028616753 -20
    endloop
  endfacet
  facet normal 0.09801714032956411 0.9951847266721966 0
    outer loop
      vertex -0.44107713148302263 -12.217444482178184 -6
      vertex 0 -12.260886787846701 -20
      vertex -0.44107713148302263 -12.217444482178184 -20
    endloop
  endfacet
  facet normal 0.9951847266721968 0.09801714032956094 0
    outer loop
      vertex -2.217444482178185 -10.441077131483024 -6
      vertex -2.217444482178185 -10.441077131483024 -20
      vertex -2.2608867878467005 -10 -6
    endloop
  endfacet
  facet normal 0.9569403357322087 0.290284677254463 0
    outer loop
      vertex -2.0887870286167542 -10.865203916162057 -6
      vertex -2.0887870286167542 -10.865203916162057 -20
      vertex -2.217444482178185 -10.441077131483024 -6
    endloop
  endfacet
  facet normal 0.8819212643483555 0.4713967368259969 0
    outer loop
      vertex -1.879858660950843 -11.256081399554931 -6
      vertex -1.879858660950843 -11.256081399554931 -20
      vertex -2.0887870286167542 -10.865203916162057 -6
    endloop
  endfacet
  facet normal 0.7730104533627369 0.6343932841636457 0
    outer loop
      vertex -1.5986883791814732 -11.598688379181473 -6
      vertex -1.5986883791814732 -11.598688379181473 -20
      vertex -1.879858660950843 -11.256081399554931 -6
    endloop
  endfacet
  facet normal 0.6343932841636456 0.7730104533627368 0
    outer loop
      vertex -1.2560813995549314 -11.879858660950843 -6
      vertex -1.2560813995549314 -11.879858660950843 -20
      vertex -1.5986883791814732 -11.598688379181473 -6
    endloop
  endfacet
  facet normal 0.47139673682599575 0.881921264348356 0
    outer loop
      vertex -1.2560813995549314 -11.879858660950843 -6
      vertex -0.8652039161620579 -12.088787028616753 -6
      vertex -0.8652039161620579 -12.088787028616753 -20
    endloop
  endfacet
  facet normal 0.29028467725446216 0.956940335732209 0
    outer loop
      vertex -0.44107713148302263 -12.217444482178184 -6
      vertex -0.44107713148302263 -12.217444482178184 -20
      vertex -0.8652039161620579 -12.088787028616753 -6
    endloop
  endfacet
  facet normal 0.09801714032956411 0.9951847266721966 0
    outer loop
      vertex -0.44107713148302263 -12.217444482178184 -6
      vertex 0 -12.260886787846701 -6
      vertex 0 -12.260886787846701 -20
    endloop
  endfacet
  facet normal 0.9951847266721968 -0.09801714032956094 0
    outer loop
      vertex -2.217444482178185 -9.558922868516976 -6
      vertex -2.2608867878467005 -10 -20
      vertex -2.217444482178185 -9.558922868516976 -20
    endloop
  endfacet
  facet normal 0.9569403357322087 -0.290284677254463 0
    outer loop
      vertex -2.0887870286167542 -9.134796083837943 -6
      vertex -2.217444482178185 -9.558922868516976 -20
      vertex -2.0887870286167542 -9.134796083837943 -20
    endloop
  endfacet
  facet normal 0.8819212643483555 -0.4713967368259969 0
    outer loop
      vertex -1.879858660950843 -8.743918600445069 -6
      vertex -2.0887870286167542 -9.134796083837943 -20
      vertex -1.879858660950843 -8.743918600445069 -20
    endloop
  endfacet
  facet normal 0.7730104533627369 -0.6343932841636457 0
    outer loop
      vertex -1.5986883791814732 -8.401311620818527 -6
      vertex -1.879858660950843 -8.743918600445069 -20
      vertex -1.5986883791814732 -8.401311620818527 -20
    endloop
  endfacet
  facet normal 0.6343932841636456 -0.7730104533627368 0
    outer loop
      vertex -1.2560813995549314 -8.120141339049157 -6
      vertex -1.5986883791814732 -8.401311620818527 -20
      vertex -1.2560813995549314 -8.120141339049157 -20
    endloop
  endfacet
  facet normal 0.47139673682599725 -0.8819212643483552 0
    outer loop
      vertex -0.8652039161620579 -7.911212971383246 -6
      vertex -1.2560813995549314 -8.120141339049157 -20
      vertex -0.8652039161620579 -7.911212971383246 -20
    endloop
  endfacet
  facet normal 0.29028467725446216 -0.956940335732209 0
    outer loop
      vertex -0.44107713148302263 -7.782555517821815 -6
      vertex -0.8652039161620579 -7.911212971383246 -20
      vertex -0.44107713148302263 -7.782555517821815 -20
    endloop
  endfacet
  facet normal 0.09801714032956212 -0.9951847266721967 0
    outer loop
      vertex 0 -7.739113212153299 -6
      vertex -0.44107713148302263 -7.782555517821815 -20
      vertex 0 -7.739113212153299 -20
    endloop
  endfacet
  facet normal 0.9951847266721968 -0.09801714032956094 0
    outer loop
      vertex -2.2608867878467005 -10 -6
      vertex -2.2608867878467005 -10 -20
      vertex -2.217444482178185 -9.558922868516976 -6
    endloop
  endfacet
  facet normal 0.9569403357322087 -0.290284677254463 0
    outer loop
      vertex -2.217444482178185 -9.558922868516976 -6
      vertex -2.217444482178185 -9.558922868516976 -20
      vertex -2.0887870286167542 -9.134796083837943 -6
    endloop
  endfacet
  facet normal 0.8819212643483555 -0.4713967368259969 0
    outer loop
      vertex -2.0887870286167542 -9.134796083837943 -6
      vertex -2.0887870286167542 -9.134796083837943 -20
      vertex -1.879858660950843 -8.743918600445069 -6
    endloop
  endfacet
  facet normal 0.7730104533627369 -0.6343932841636457 0
    outer loop
      vertex -1.879858660950843 -8.743918600445069 -6
      vertex -1.879858660950843 -8.743918600445069 -20
      vertex -1.5986883791814732 -8.401311620818527 -6
    endloop
  endfacet
  facet normal 0.6343932841636456 -0.7730104533627368 0
    outer loop
      vertex -1.5986883791814732 -8.401311620818527 -6
      vertex -1.5986883791814732 -8.401311620818527 -20
      vertex -1.2560813995549314 -8.120141339049157 -6
    endloop
  endfacet
  facet normal 0.47139673682599725 -0.8819212643483552 0
    outer loop
      vertex -1.2560813995549314 -8.120141339049157 -6
      vertex -1.2560813995549314 -8.120141339049157 -20
      vertex -0.8652039161620579 -7.911212971383246 -6
    endloop
  endfacet
  facet normal 0.29028467725446216 -0.956940335732209 0
    outer loop
      vertex -0.8652039161620579 -7.911212971383246 -6
      vertex -0.8652039161620579 -7.911212971383246 -20
      vertex -0.44107713148302263 -7.782555517821815 -6
    endloop
  endfacet
  facet normal 0.09801714032956212 -0.9951847266721967 0
    outer loop
      vertex -0.44107713148302263 -7.782555517821815 -6
      vertex -0.44107713148302263 -7.782555517821815 -20
      vertex 0 -7.739113212153299 -6
    endloop
  endfacet
  facet normal -0.09801714032956411 0.9951847266721966 0
    outer loop
      vertex 0 -12.260886787846701 -6
      vertex 0.44107713148302263 -12.217444482178184 -20
      vertex 0 -12.260886787846701 -20
    endloop
  endfacet
  facet normal -0.29028467725446216 0.956940335732209 0
    outer loop
      vertex 0.44107713148302263 -12.217444482178184 -6
      vertex 0.8652039161620579 -12.088787028616753 -20
      vertex 0.44107713148302263 -12.217444482178184 -20
    endloop
  endfacet
  facet normal -0.47139673682599575 0.881921264348356 0
    outer loop
      vertex 0.8652039161620579 -12.088787028616753 -6
      vertex 1.2560813995549314 -11.879858660950843 -20
      vertex 0.8652039161620579 -12.088787028616753 -20
    endloop
  endfacet
  facet normal -0.6343932841636456 0.7730104533627368 0
    outer loop
      vertex 1.2560813995549314 -11.879858660950843 -6
      vertex 1.5986883791814732 -11.598688379181473 -20
      vertex 1.2560813995549314 -11.879858660950843 -20
    endloop
  endfacet
  facet normal -0.7730104533627369 0.6343932841636457 0
    outer loop
      vertex 1.5986883791814732 -11.598688379181473 -6
      vertex 1.879858660950843 -11.256081399554931 -20
      vertex 1.5986883791814732 -11.598688379181473 -20
    endloop
  endfacet
  facet normal -0.8819212643483555 0.4713967368259969 0
    outer loop
      vertex 1.879858660950843 -11.256081399554931 -6
      vertex 2.0887870286167542 -10.865203916162057 -20
      vertex 1.879858660950843 -11.256081399554931 -20
    endloop
  endfacet
  facet normal -0.9569403357322087 0.290284677254463 0
    outer loop
      vertex 2.0887870286167542 -10.865203916162057 -6
      vertex 2.217444482178185 -10.441077131483024 -20
      vertex 2.0887870286167542 -10.865203916162057 -20
    endloop
  endfacet
  facet normal -0.9951847266721968 0.09801714032956094 0
    outer loop
      vertex 2.217444482178185 -10.441077131483024 -6
      vertex 2.2608867878467005 -10 -20
      vertex 2.217444482178185 -10.441077131483024 -20
    endloop
  endfacet
  facet normal -0.09801714032956411 0.9951847266721966 0
    outer loop
      vertex 0 -12.260886787846701 -6
      vertex 0.44107713148302263 -12.217444482178184 -6
      vertex 0.44107713148302263 -12.217444482178184 -20
    endloop
  endfacet
  facet normal -0.29028467725446216 0.956940335732209 0
    outer loop
      vertex 0.44107713148302263 -12.217444482178184 -6
      vertex 0.8652039161620579 -12.088787028616753 -6
      vertex 0.8652039161620579 -12.088787028616753 -20
    endloop
  endfacet
  facet normal -0.47139673682599575 0.881921264348356 0
    outer loop
      vertex 0.8652039161620579 -12.088787028616753 -6
      vertex 1.2560813995549314 -11.879858660950843 -6
      vertex 1.2560813995549314 -11.879858660950843 -20
    endloop
  endfacet
  facet normal -0.6343932841636456 0.7730104533627368 0
    outer loop
      vertex 1.2560813995549314 -11.879858660950843 -6
      vertex 1.5986883791814732 -11.598688379181473 -6
      vertex 1.5986883791814732 -11.598688379181473 -20
    endloop
  endfacet
  facet normal -0.7730104533627369 0.6343932841636457 0
    outer loop
      vertex 1.5986883791814732 -11.598688379181473 -6
      vertex 1.879858660950843 -11.256081399554931 -6
      vertex 1.879858660950843 -11.256081399554931 -20
    endloop
  endfacet
  facet normal -0.8819212643483555 0.4713967368259969 0
    outer loop
      vertex 1.879858660950843 -11.256081399554931 -6
      vertex 2.0887870286167542 -10.865203916162057 -6
      vertex 2.0887870286167542 -10.865203916162057 -20
    endloop
  endfacet
  facet normal -0.9569403357322087 0.290284677254463 0
    outer loop
      vertex 2.0887870286167542 -10.865203916162057 -6
      vertex 2.217444482178185 -10.441077131483024 -6
      vertex 2.217444482178185 -10.441077131483024 -20
    endloop
  endfacet
  facet normal -0.9951847266721968 0.09801714032956094 0
    outer loop
      vertex 2.217444482178185 -10.441077131483024 -6
      vertex 2.2608867878467005 -10 -6
      vertex 2.2608867878467005 -10 -20
    endloop
  endfacet
  facet normal -0.09801714032956212 -0.9951847266721967 0
    outer loop
      vertex 0.44107713148302263 -7.782555517821815 -6
      vertex 0 -7.739113212153299 -20
      vertex 0.44107713148302263 -7.782555517821815 -20
    endloop
  endfacet
  facet normal -0.29028467725446216 -0.956940335732209 0
    outer loop
      vertex 0.8652039161620579 -7.911212971383246 -6
      vertex 0.44107713148302263 -7.782555517821815 -20
      vertex 0.8652039161620579 -7.911212971383246 -20
    endloop
  endfacet
  facet normal -0.47139673682599725 -0.8819212643483552 0
    outer loop
      vertex 1.2560813995549314 -8.120141339049157 -6
      vertex 0.8652039161620579 -7.911212971383246 -20
      vertex 1.2560813995549314 -8.120141339049157 -20
    endloop
  endfacet
  facet normal -0.6343932841636456 -0.7730104533627368 0
    outer loop
      vertex 1.5986883791814732 -8.401311620818527 -6
      vertex 1.2560813995549314 -8.120141339049157 -20
      vertex 1.5986883791814732 -8.401311620818527 -20
    endloop
  endfacet
  facet normal -0.7730104533627369 -0.6343932841636457 0
    outer loop
      vertex 1.879858660950843 -8.743918600445069 -6
      vertex 1.5986883791814732 -8.401311620818527 -20
      vertex 1.879858660950843 -8.743918600445069 -20
    endloop
  endfacet
  facet normal -0.9569403357322087 -0.290284677254463 0
    outer loop
      vertex 2.217444482178185 -9.558922868516976 -6
      vertex 2.0887870286167542 -9.134796083837943 -20
      vertex 2.217444482178185 -9.558922868516976 -20
    endloop
  endfacet
  facet normal -0.8819212643483555 -0.4713967368259969 0
    outer loop
      vertex 2.0887870286167542 -9.134796083837943 -6
      vertex 1.879858660950843 -8.743918600445069 -20
      vertex 2.0887870286167542 -9.134796083837943 -20
    endloop
  endfacet
  facet normal -0.9951847266721968 -0.09801714032956094 0
    outer loop
      vertex 2.2608867878467005 -10 -6
      vertex 2.217444482178185 -9.558922868516976 -20
      vertex 2.2608867878467005 -10 -20
    endloop
  endfacet
  facet normal -0.09801714032956212 -0.9951847266721967 0
    outer loop
      vertex 0.44107713148302263 -7.782555517821815 -6
      vertex 0 -7.739113212153299 -6
      vertex 0 -7.739113212153299 -20
    endloop
  endfacet
  facet normal -0.29028467725446216 -0.956940335732209 0
    outer loop
      vertex 0.8652039161620579 -7.911212971383246 -6
      vertex 0.44107713148302263 -7.782555517821815 -6
      vertex 0.44107713148302263 -7.782555517821815 -20
    endloop
  endfacet
  facet normal -0.47139673682599725 -0.8819212643483552 0
    outer loop
      vertex 0.8652039161620579 -7.911212971383246 -6
      vertex 0.8652039161620579 -7.911212971383246 -20
      vertex 1.2560813995549314 -8.120141339049157 -6
    endloop
  endfacet
  facet normal -0.6343932841636456 -0.7730104533627368 0
    outer loop
      vertex 1.5986883791814732 -8.401311620818527 -6
      vertex 1.2560813995549314 -8.120141339049157 -6
      vertex 1.2560813995549314 -8.120141339049157 -20
    endloop
  endfacet
  facet normal -0.7730104533627369 -0.6343932841636457 0
    outer loop
      vertex 1.879858660950843 -8.743918600445069 -6
      vertex 1.5986883791814732 -8.401311620818527 -6
      vertex 1.5986883791814732 -8.401311620818527 -20
    endloop
  endfacet
  facet normal -0.8819212643483555 -0.4713967368259969 0
    outer loop
      vertex 1.879858660950843 -8.743918600445069 -6
      vertex 1.879858660950843 -8.743918600445069 -20
      vertex 2.0887870286167542 -9.134796083837943 -6
    endloop
  endfacet
  facet normal -0.9569403357322087 -0.290284677254463 0
    outer loop
      vertex 2.217444482178185 -9.558922868516976 -6
      vertex 2.0887870286167542 -9.134796083837943 -6
      vertex 2.0887870286167542 -9.134796083837943 -20
    endloop
  endfacet
  facet normal -0.9951847266721968 -0.09801714032956094 0
    outer loop
      vertex 2.2608867878467005 -10 -6
      vertex 2.217444482178185 -9.558922868516976 -6
      vertex 2.217444482178185 -9.558922868516976 -20
    endloop
  endfacet
  facet normal 0 0.7730104533627367 0.6343932841636459
    outer loop
      vertex -4 8.120141339049157 8.743918600445069
      vertex 4 8.401311620818527 8.401311620818527
      vertex -4 8.401311620818527 8.401311620818527
    endloop
  endfacet
  facet normal 0 0.8819212643483554 0.47139673682599686
    outer loop
      vertex -4 8.120141339049157 8.743918600445069
      vertex -4 7.911212971383246 9.134796083837943
      vertex 4 7.911212971383246 9.134796083837943
    endloop
  endfacet
  facet normal 0 0.9951847266721967 0.09801714032956192
    outer loop
      vertex -4 7.739113212153299 10
      vertex 4 7.782555517821815 9.558922868516976
      vertex -4 7.782555517821815 9.558922868516976
    endloop
  endfacet
  facet normal 0 0.6343932841636459 -0.7730104533627367
    outer loop
      vertex -4 8.401311620818527 11.598688379181473
      vertex -4 8.743918600445069 11.879858660950843
      vertex 4 8.401311620818527 11.598688379181473
    endloop
  endfacet
  facet normal 0 0.47139673682599537 -0.8819212643483563
    outer loop
      vertex -4 8.743918600445069 11.879858660950843
      vertex -4 9.134796083837943 12.088787028616753
      vertex 4 8.743918600445069 11.879858660950843
    endloop
  endfacet
  facet normal 0 0.290284677254463 -0.9569403357322087
    outer loop
      vertex -4 9.134796083837943 12.088787028616753
      vertex -4 9.558922868516976 12.217444482178184
      vertex 4 9.134796083837943 12.088787028616753
    endloop
  endfacet
  facet normal 0 -0.47139673682599686 0.8819212643483554
    outer loop
      vertex -4 10.865203916162057 7.911212971383246
      vertex 4 10.865203916162057 7.911212971383246
      vertex -4 11.256081399554931 8.120141339049157
    endloop
  endfacet
  facet normal 0 -0.6343932841636459 0.7730104533627367
    outer loop
      vertex -4 11.256081399554931 8.120141339049157
      vertex 4 11.598688379181473 8.401311620818527
      vertex -4 11.598688379181473 8.401311620818527
    endloop
  endfacet
  facet normal 0 -0.9951847266721966 0.0980171403295639
    outer loop
      vertex -4 12.217444482178184 9.558922868516976
      vertex 4 12.260886787846701 10
      vertex -4 12.260886787846701 10
    endloop
  endfacet
  facet normal 0 -0.9569403357322087 -0.290284677254463
    outer loop
      vertex -4 12.088787028616753 10.865203916162057
      vertex -4 12.217444482178184 10.441077131483024
      vertex 4 12.088787028616753 10.865203916162057
    endloop
  endfacet
  facet normal 0 -0.8819212643483563 -0.47139673682599537
    outer loop
      vertex -4 12.088787028616753 10.865203916162057
      vertex 4 11.879858660950843 11.256081399554931
      vertex -4 11.879858660950843 11.256081399554931
    endloop
  endfacet
  facet normal 0 -0.7730104533627367 -0.6343932841636459
    outer loop
      vertex -4 11.598688379181473 11.598688379181473
      vertex -4 11.879858660950843 11.256081399554931
      vertex 4 11.598688379181473 11.598688379181473
    endloop
  endfacet
  facet normal 0 0.7730104533627367 0.6343932841636459
    outer loop
      vertex -4 8.120141339049157 8.743918600445069
      vertex 4 8.120141339049157 8.743918600445069
      vertex 4 8.401311620818527 8.401311620818527
    endloop
  endfacet
  facet normal 0 0.9951847266721967 0.09801714032956192
    outer loop
      vertex -4 7.739113212153299 10
      vertex 4 7.739113212153299 10
      vertex 4 7.782555517821815 9.558922868516976
    endloop
  endfacet
  facet normal 0 0.6343932841636459 -0.7730104533627367
    outer loop
      vertex -4 8.743918600445069 11.879858660950843
      vertex 4 8.743918600445069 11.879858660950843
      vertex 4 8.401311620818527 11.598688379181473
    endloop
  endfacet
  facet normal 0 0.47139673682599537 -0.8819212643483563
    outer loop
      vertex -4 9.134796083837943 12.088787028616753
      vertex 4 9.134796083837943 12.088787028616753
      vertex 4 8.743918600445069 11.879858660950843
    endloop
  endfacet
  facet normal 0 0.290284677254463 -0.9569403357322087
    outer loop
      vertex -4 9.558922868516976 12.217444482178184
      vertex 4 9.558922868516976 12.217444482178184
      vertex 4 9.134796083837943 12.088787028616753
    endloop
  endfacet
  facet normal 0 -0.6343932841636459 0.7730104533627367
    outer loop
      vertex -4 11.256081399554931 8.120141339049157
      vertex 4 11.256081399554931 8.120141339049157
      vertex 4 11.598688379181473 8.401311620818527
    endloop
  endfacet
  facet normal 0 -0.9951847266721966 0.0980171403295639
    outer loop
      vertex -4 12.217444482178184 9.558922868516976
      vertex 4 12.217444482178184 9.558922868516976
      vertex 4 12.260886787846701 10
    endloop
  endfacet
  facet normal 0 -0.9569403357322087 -0.290284677254463
    outer loop
      vertex -4 12.217444482178184 10.441077131483024
      vertex 4 12.217444482178184 10.441077131483024
      vertex 4 12.088787028616753 10.865203916162057
    endloop
  endfacet
  facet normal 0 -0.8819212643483563 -0.47139673682599537
    outer loop
      vertex -4 12.088787028616753 10.865203916162057
      vertex 4 12.088787028616753 10.865203916162057
      vertex 4 11.879858660950843 11.256081399554931
    endloop
  endfacet
  facet normal 0 -0.7730104533627367 -0.6343932841636459
    outer loop
      vertex -4 11.879858660950843 11.256081399554931
      vertex 4 11.879858660950843 11.256081399554931
      vertex 4 11.598688379181473 11.598688379181473
    endloop
  endfacet
  facet normal 0 0.8819212643483548 0.471396736825998
    outer loop
      vertex -4 4.225752921804458 7.6082285477181895
      vertex -10 4.803314923109093 6.527686043627487
      vertex -10 4.225752921804458 7.6082285477181895
    endloop
  endfacet
  facet normal 0 0.9569403357322088 0.2902846772544626
    outer loop
      vertex -4 3.8700919974798094 8.780685487399198
      vertex -10 4.225752921804458 7.6082285477181895
      vertex -10 3.8700919974798094 8.780685487399198
    endloop
  endfacet
  facet normal 0 0.9951847266721968 0.09801714032956034
    outer loop
      vertex -4 3.75 10
      vertex -10 3.8700919974798094 8.780685487399198
      vertex -10 3.75 10
    endloop
  endfacet
  facet normal 0 0.471396736825998 0.8819212643483548
    outer loop
      vertex -4 6.527686043627487 4.803314923109093
      vertex -10 7.6082285477181895 4.225752921804458
      vertex -10 6.527686043627487 4.803314923109093
    endloop
  endfacet
  facet normal 0 0.2902846772544626 0.9569403357322088
    outer loop
      vertex -4 7.6082285477181895 4.225752921804458
      vertex -10 8.780685487399198 3.8700919974798094
      vertex -10 7.6082285477181895 4.225752921804458
    endloop
  endfacet
  facet normal 0 0.09801714032956034 0.9951847266721968
    outer loop
      vertex -4 8.780685487399198 3.8700919974798094
      vertex -10 10 3.75
      vertex -10 8.780685487399198 3.8700919974798094
    endloop
  endfacet
  facet normal 0 0.7730104533627373 0.6343932841636449
    outer loop
      vertex -4 4.803314923109093 6.527686043627487
      vertex -10 5.580582617584078 5.580582617584078
      vertex -10 4.803314923109093 6.527686043627487
    endloop
  endfacet
  facet normal 0 0.6343932841636449 0.7730104533627373
    outer loop
      vertex -4 5.580582617584078 5.580582617584078
      vertex -10 6.527686043627487 4.803314923109093
      vertex -10 5.580582617584078 5.580582617584078
    endloop
  endfacet
  facet normal 0 0.8819212643483548 0.471396736825998
    outer loop
      vertex -4 4.803314923109093 6.527686043627487
      vertex -10 4.803314923109093 6.527686043627487
      vertex -4 4.225752921804458 7.6082285477181895
    endloop
  endfacet
  facet normal 0 0.9569403357322088 0.2902846772544626
    outer loop
      vertex -4 3.8700919974798094 8.780685487399198
      vertex -4 4.225752921804458 7.6082285477181895
      vertex -10 4.225752921804458 7.6082285477181895
    endloop
  endfacet
  facet normal 0 0.9951847266721968 0.09801714032956034
    outer loop
      vertex -4 3.75 10
      vertex -4 3.8700919974798094 8.780685487399198
      vertex -10 3.8700919974798094 8.780685487399198
    endloop
  endfacet
  facet normal 0 0.471396736825998 0.8819212643483548
    outer loop
      vertex -4 6.527686043627487 4.803314923109093
      vertex -4 7.6082285477181895 4.225752921804458
      vertex -10 7.6082285477181895 4.225752921804458
    endloop
  endfacet
  facet normal 0 0.2902846772544626 0.9569403357322088
    outer loop
      vertex -4 7.6082285477181895 4.225752921804458
      vertex -4 8.780685487399198 3.8700919974798094
      vertex -10 8.780685487399198 3.8700919974798094
    endloop
  endfacet
  facet normal 0 0.09801714032956034 0.9951847266721968
    outer loop
      vertex -4 8.780685487399198 3.8700919974798094
      vertex -4 10 3.75
      vertex -10 10 3.75
    endloop
  endfacet
  facet normal 0 0.7730104533627373 0.6343932841636449
    outer loop
      vertex -4 4.803314923109093 6.527686043627487
      vertex -4 5.580582617584078 5.580582617584078
      vertex -10 5.580582617584078 5.580582617584078
    endloop
  endfacet
  facet normal 0 0.6343932841636449 0.7730104533627373
    outer loop
      vertex -4 6.527686043627487 4.803314923109093
      vertex -10 6.527686043627487 4.803314923109093
      vertex -4 5.580582617584078 5.580582617584078
    endloop
  endfacet
  facet normal 0 0.9951847266721968 -0.09801714032956034
    outer loop
      vertex -4 3.8700919974798094 11.219314512600802
      vertex -10 3.75 10
      vertex -10 3.8700919974798094 11.219314512600802
    endloop
  endfacet
  facet normal 0 0.9569403357322088 -0.2902846772544626
    outer loop
      vertex -4 4.225752921804458 12.39177145228181
      vertex -10 3.8700919974798094 11.219314512600802
      vertex -10 4.225752921804458 12.39177145228181
    endloop
  endfacet
  facet normal 0 0.8819212643483548 -0.471396736825998
    outer loop
      vertex -4 4.803314923109093 13.472313956372513
      vertex -10 4.225752921804458 12.39177145228181
      vertex -10 4.803314923109093 13.472313956372513
    endloop
  endfacet
  facet normal 0 0.7730104533627373 -0.6343932841636449
    outer loop
      vertex -4 5.580582617584078 14.419417382415922
      vertex -10 4.803314923109093 13.472313956372513
      vertex -10 5.580582617584078 14.419417382415922
    endloop
  endfacet
  facet normal 0 0.6343932841636454 -0.773010453362737
    outer loop
      vertex -4 6.527686043627487 15.196685076890908
      vertex -10 5.580582617584078 14.419417382415922
      vertex -10 6.527686043627487 15.196685076890908
    endloop
  endfacet
  facet normal 0 0.471396736825998 -0.8819212643483548
    outer loop
      vertex -4 7.6082285477181895 15.774247078195543
      vertex -10 6.527686043627487 15.196685076890908
      vertex -10 7.6082285477181895 15.774247078195543
    endloop
  endfacet
  facet normal 0 0.2902846772544606 -0.9569403357322094
    outer loop
      vertex -4 8.780685487399198 16.12990800252019
      vertex -10 7.6082285477181895 15.774247078195543
      vertex -10 8.780685487399198 16.12990800252019
    endloop
  endfacet
  facet normal 0 0.09801714032956178 -0.9951847266721967
    outer loop
      vertex -4 10 16.25
      vertex -10 8.780685487399198 16.12990800252019
      vertex -10 10 16.25
    endloop
  endfacet
  facet normal 0 0.9951847266721968 -0.09801714032956034
    outer loop
      vertex -4 3.75 10
      vertex -10 3.75 10
      vertex -4 3.8700919974798094 11.219314512600802
    endloop
  endfacet
  facet normal 0 0.9569403357322088 -0.2902846772544626
    outer loop
      vertex -4 3.8700919974798094 11.219314512600802
      vertex -10 3.8700919974798094 11.219314512600802
      vertex -4 4.225752921804458 12.39177145228181
    endloop
  endfacet
  facet normal 0 0.8819212643483548 -0.471396736825998
    outer loop
      vertex -4 4.225752921804458 12.39177145228181
      vertex -10 4.225752921804458 12.39177145228181
      vertex -4 4.803314923109093 13.472313956372513
    endloop
  endfacet
  facet normal 0 0.7730104533627373 -0.6343932841636449
    outer loop
      vertex -4 4.803314923109093 13.472313956372513
      vertex -10 4.803314923109093 13.472313956372513
      vertex -4 5.580582617584078 14.419417382415922
    endloop
  endfacet
  facet normal 0 0.6343932841636454 -0.773010453362737
    outer loop
      vertex -4 5.580582617584078 14.419417382415922
      vertex -10 5.580582617584078 14.419417382415922
      vertex -4 6.527686043627487 15.196685076890908
    endloop
  endfacet
  facet normal 0 0.471396736825998 -0.8819212643483548
    outer loop
      vertex -4 6.527686043627487 15.196685076890908
      vertex -10 6.527686043627487 15.196685076890908
      vertex -4 7.6082285477181895 15.774247078195543
    endloop
  endfacet
  facet normal 0 0.2902846772544606 -0.9569403357322094
    outer loop
      vertex -4 7.6082285477181895 15.774247078195543
      vertex -10 7.6082285477181895 15.774247078195543
      vertex -4 8.780685487399198 16.12990800252019
    endloop
  endfacet
  facet normal 0 0.09801714032956178 -0.9951847266721967
    outer loop
      vertex -4 8.780685487399198 16.12990800252019
      vertex -10 8.780685487399198 16.12990800252019
      vertex -4 10 16.25
    endloop
  endfacet
  facet normal 0 -0.09801714032956034 0.9951847266721968
    outer loop
      vertex -4 10 3.75
      vertex -10 11.219314512600802 3.8700919974798094
      vertex -10 10 3.75
    endloop
  endfacet
  facet normal 0 -0.2902846772544626 0.9569403357322088
    outer loop
      vertex -4 11.219314512600802 3.8700919974798094
      vertex -10 12.39177145228181 4.225752921804458
      vertex -10 11.219314512600802 3.8700919974798094
    endloop
  endfacet
  facet normal 0 -0.471396736825998 0.8819212643483548
    outer loop
      vertex -4 12.39177145228181 4.225752921804458
      vertex -10 13.472313956372513 4.803314923109093
      vertex -10 12.39177145228181 4.225752921804458
    endloop
  endfacet
  facet normal 0 -0.6343932841636449 0.7730104533627373
    outer loop
      vertex -4 13.472313956372513 4.803314923109093
      vertex -10 14.419417382415922 5.580582617584078
      vertex -10 13.472313956372513 4.803314923109093
    endloop
  endfacet
  facet normal 0 -0.773010453362737 0.6343932841636454
    outer loop
      vertex -4 14.419417382415922 5.580582617584078
      vertex -10 15.196685076890908 6.527686043627487
      vertex -10 14.419417382415922 5.580582617584078
    endloop
  endfacet
  facet normal 0 -0.8819212643483548 0.471396736825998
    outer loop
      vertex -4 15.196685076890908 6.527686043627487
      vertex -10 15.774247078195543 7.6082285477181895
      vertex -10 15.196685076890908 6.527686043627487
    endloop
  endfacet
  facet normal 0 -0.9569403357322094 0.2902846772544606
    outer loop
      vertex -4 15.774247078195543 7.6082285477181895
      vertex -10 16.12990800252019 8.780685487399198
      vertex -10 15.774247078195543 7.6082285477181895
    endloop
  endfacet
  facet normal 0 -0.9951847266721967 0.09801714032956178
    outer loop
      vertex -4 16.12990800252019 8.780685487399198
      vertex -10 16.25 10
      vertex -10 16.12990800252019 8.780685487399198
    endloop
  endfacet
  facet normal 0 -0.09801714032956034 0.9951847266721968
    outer loop
      vertex -4 10 3.75
      vertex -4 11.219314512600802 3.8700919974798094
      vertex -10 11.219314512600802 3.8700919974798094
    endloop
  endfacet
  facet normal 0 -0.2902846772544626 0.9569403357322088
    outer loop
      vertex -4 11.219314512600802 3.8700919974798094
      vertex -4 12.39177145228181 4.225752921804458
      vertex -10 12.39177145228181 4.225752921804458
    endloop
  endfacet
  facet normal 0 -0.471396736825998 0.8819212643483548
    outer loop
      vertex -4 12.39177145228181 4.225752921804458
      vertex -4 13.472313956372513 4.803314923109093
      vertex -10 13.472313956372513 4.803314923109093
    endloop
  endfacet
  facet normal 0 -0.6343932841636449 0.7730104533627373
    outer loop
      vertex -4 13.472313956372513 4.803314923109093
      vertex -4 14.419417382415922 5.580582617584078
      vertex -10 14.419417382415922 5.580582617584078
    endloop
  endfacet
  facet normal 0 -0.773010453362737 0.6343932841636454
    outer loop
      vertex -4 14.419417382415922 5.580582617584078
      vertex -4 15.196685076890908 6.527686043627487
      vertex -10 15.196685076890908 6.527686043627487
    endloop
  endfacet
  facet normal 0 -0.8819212643483548 0.471396736825998
    outer loop
      vertex -4 15.196685076890908 6.527686043627487
      vertex -4 15.774247078195543 7.6082285477181895
      vertex -10 15.774247078195543 7.6082285477181895
    endloop
  endfacet
  facet normal 0 -0.9569403357322094 0.2902846772544606
    outer loop
      vertex -4 15.774247078195543 7.6082285477181895
      vertex -4 16.12990800252019 8.780685487399198
      vertex -10 16.12990800252019 8.780685487399198
    endloop
  endfacet
  facet normal 0 -0.9951847266721967 0.09801714032956178
    outer loop
      vertex -4 16.12990800252019 8.780685487399198
      vertex -4 16.25 10
      vertex -10 16.25 10
    endloop
  endfacet
  facet normal 0 -0.6343932841636454 -0.773010453362737
    outer loop
      vertex -4 14.419417382415922 14.419417382415922
      vertex -10 13.472313956372513 15.196685076890908
      vertex -10 14.419417382415922 14.419417382415922
    endloop
  endfacet
  facet normal 0 -0.773010453362737 -0.6343932841636454
    outer loop
      vertex -4 15.196685076890908 13.472313956372513
      vertex -10 14.419417382415922 14.419417382415922
      vertex -10 15.196685076890908 13.472313956372513
    endloop
  endfacet
  facet normal 0 -0.09801714032956178 -0.9951847266721967
    outer loop
      vertex -4 11.219314512600802 16.12990800252019
      vertex -10 10 16.25
      vertex -10 11.219314512600802 16.12990800252019
    endloop
  endfacet
  facet normal 0 -0.2902846772544606 -0.9569403357322094
    outer loop
      vertex -4 12.39177145228181 15.774247078195543
      vertex -10 11.219314512600802 16.12990800252019
      vertex -10 12.39177145228181 15.774247078195543
    endloop
  endfacet
  facet normal 0 -0.471396736825998 -0.8819212643483548
    outer loop
      vertex -4 13.472313956372513 15.196685076890908
      vertex -10 12.39177145228181 15.774247078195543
      vertex -10 13.472313956372513 15.196685076890908
    endloop
  endfacet
  facet normal 0 -0.9951847266721967 -0.09801714032956178
    outer loop
      vertex -4 16.25 10
      vertex -10 16.12990800252019 11.219314512600802
      vertex -10 16.25 10
    endloop
  endfacet
  facet normal 0 -0.9569403357322094 -0.2902846772544606
    outer loop
      vertex -4 16.12990800252019 11.219314512600802
      vertex -10 15.774247078195543 12.39177145228181
      vertex -10 16.12990800252019 11.219314512600802
    endloop
  endfacet
  facet normal 0 -0.8819212643483548 -0.471396736825998
    outer loop
      vertex -4 15.774247078195543 12.39177145228181
      vertex -10 15.196685076890908 13.472313956372513
      vertex -10 15.774247078195543 12.39177145228181
    endloop
  endfacet
  facet normal 0 -0.6343932841636454 -0.773010453362737
    outer loop
      vertex -4 14.419417382415922 14.419417382415922
      vertex -4 13.472313956372513 15.196685076890908
      vertex -10 13.472313956372513 15.196685076890908
    endloop
  endfacet
  facet normal 0 -0.773010453362737 -0.6343932841636454
    outer loop
      vertex -4 14.419417382415922 14.419417382415922
      vertex -10 14.419417382415922 14.419417382415922
      vertex -4 15.196685076890908 13.472313956372513
    endloop
  endfacet
  facet normal 0 -0.09801714032956178 -0.9951847266721967
    outer loop
      vertex -4 10 16.25
      vertex -10 10 16.25
      vertex -4 11.219314512600802 16.12990800252019
    endloop
  endfacet
  facet normal 0 -0.2902846772544606 -0.9569403357322094
    outer loop
      vertex -4 11.219314512600802 16.12990800252019
      vertex -10 11.219314512600802 16.12990800252019
      vertex -4 12.39177145228181 15.774247078195543
    endloop
  endfacet
  facet normal 0 -0.471396736825998 -0.8819212643483548
    outer loop
      vertex -4 12.39177145228181 15.774247078195543
      vertex -10 12.39177145228181 15.774247078195543
      vertex -4 13.472313956372513 15.196685076890908
    endloop
  endfacet
  facet normal 0 -0.9951847266721967 -0.09801714032956178
    outer loop
      vertex -4 16.25 10
      vertex -4 16.12990800252019 11.219314512600802
      vertex -10 16.12990800252019 11.219314512600802
    endloop
  endfacet
  facet normal 0 -0.9569403357322094 -0.2902846772544606
    outer loop
      vertex -4 16.12990800252019 11.219314512600802
      vertex -4 15.774247078195543 12.39177145228181
      vertex -10 15.774247078195543 12.39177145228181
    endloop
  endfacet
  facet normal 0 -0.8819212643483548 -0.471396736825998
    outer loop
      vertex -4 15.196685076890908 13.472313956372513
      vertex -10 15.196685076890908 13.472313956372513
      vertex -4 15.774247078195543 12.39177145228181
    endloop
  endfacet
  facet normal -1 0 0
    outer loop
      vertex -4 3.8700919974798094 8.780685487399198
      vertex -4 3.8700919974798094 11.219314512600802
      vertex -4 4.225752921804458 7.6082285477181895
    endloop
  endfacet
  facet normal -1 0 0
    outer loop
      vertex -4 4.803314923109093 6.527686043627487
      vertex -4 4.225752921804458 7.6082285477181895
      vertex -4 4.225752921804458 12.39177145228181
    endloop
  endfacet
  facet normal -1 0 0
    outer loop
      vertex -4 4.803314923109093 6.527686043627487
      vertex -4 4.803314923109093 13.472313956372513
      vertex -4 5.580582617584078 5.580582617584078
    endloop
  endfacet
  facet normal -1 0 0
    outer loop
      vertex -4 6.527686043627487 4.803314923109093
      vertex -4 5.580582617584078 5.580582617584078
      vertex -4 5.580582617584078 14.419417382415922
    endloop
  endfacet
  facet normal -1 0 0
    outer loop
      vertex -4 6.527686043627487 4.803314923109093
      vertex -4 6.527686043627487 15.196685076890908
      vertex -4 7.6082285477181895 4.225752921804458
    endloop
  endfacet
  facet normal -1 0 0
    outer loop
      vertex -4 7.6082285477181895 4.225752921804458
      vertex -4 8.401311620818527 8.401311620818527
      vertex -4 8.780685487399198 3.8700919974798094
    endloop
  endfacet
  facet normal -1 0 0
    outer loop
      vertex -4 7.6082285477181895 4.225752921804458
      vertex -4 8.120141339049157 8.743918600445069
      vertex -4 8.401311620818527 8.401311620818527
    endloop
  endfacet
  facet normal -1 0 0
    outer loop
      vertex -4 7.6082285477181895 4.225752921804458
      vertex -4 7.911212971383246 9.134796083837943
      vertex -4 8.120141339049157 8.743918600445069
    endloop
  endfacet
  facet normal -1 0 0
    outer loop
      vertex -4 8.780685487399198 3.8700919974798094
      vertex -4 8.401311620818527 8.401311620818527
      vertex -4 8.743918600445069 8.120141339049157
    endloop
  endfacet
  facet normal -1 0 0
    outer loop
      vertex -4 8.780685487399198 3.8700919974798094
      vertex -4 10 7.739113212153299
      vertex -4 10 3.75
    endloop
  endfacet
  facet normal -1 0 0
    outer loop
      vertex -4 8.780685487399198 3.8700919974798094
      vertex -4 8.743918600445069 8.120141339049157
      vertex -4 9.134796083837943 7.911212971383246
    endloop
  endfacet
  facet normal -1 0 0
    outer loop
      vertex -4 8.780685487399198 3.8700919974798094
      vertex -4 9.134796083837943 7.911212971383246
      vertex -4 9.558922868516976 7.782555517821815
    endloop
  endfacet
  facet normal -1 0 0
    outer loop
      vertex -4 8.780685487399198 3.8700919974798094
      vertex -4 9.558922868516976 7.782555517821815
      vertex -4 10 7.739113212153299
    endloop
  endfacet
  facet normal -1 0 0
    outer loop
      vertex -4 7.6082285477181895 4.225752921804458
      vertex -4 7.782555517821815 9.558922868516976
      vertex -4 7.911212971383246 9.134796083837943
    endloop
  endfacet
  facet normal -1 0 0
    outer loop
      vertex -4 7.6082285477181895 4.225752921804458
      vertex -4 7.739113212153299 10
      vertex -4 7.782555517821815 9.558922868516976
    endloop
  endfacet
  facet normal -1 0 0
    outer loop
      vertex -4 3.75 10
      vertex -4 3.8700919974798094 11.219314512600802
      vertex -4 3.8700919974798094 8.780685487399198
    endloop
  endfacet
  facet normal -1 0 0
    outer loop
      vertex -4 3.8700919974798094 11.219314512600802
      vertex -4 4.225752921804458 12.39177145228181
      vertex -4 4.225752921804458 7.6082285477181895
    endloop
  endfacet
  facet normal -1 0 0
    outer loop
      vertex -4 4.803314923109093 6.527686043627487
      vertex -4 4.225752921804458 12.39177145228181
      vertex -4 4.803314923109093 13.472313956372513
    endloop
  endfacet
  facet normal -1 0 0
    outer loop
      vertex -4 5.580582617584078 5.580582617584078
      vertex -4 4.803314923109093 13.472313956372513
      vertex -4 5.580582617584078 14.419417382415922
    endloop
  endfacet
  facet normal -1 0 0
    outer loop
      vertex -4 6.527686043627487 4.803314923109093
      vertex -4 5.580582617584078 14.419417382415922
      vertex -4 6.527686043627487 15.196685076890908
    endloop
  endfacet
  facet normal -1 0 0
    outer loop
      vertex -4 7.6082285477181895 4.225752921804458
      vertex -4 6.527686043627487 15.196685076890908
      vertex -4 7.6082285477181895 15.774247078195543
    endloop
  endfacet
  facet normal -1 0 0
    outer loop
      vertex -4 7.6082285477181895 4.225752921804458
      vertex -4 7.6082285477181895 15.774247078195543
      vertex -4 7.739113212153299 10
    endloop
  endfacet
  facet normal -1 0 0
    outer loop
      vertex -4 7.739113212153299 10
      vertex -4 7.6082285477181895 15.774247078195543
      vertex -4 7.782555517821815 10.441077131483024
    endloop
  endfacet
  facet normal -1 0 0
    outer loop
      vertex -4 7.782555517821815 10.441077131483024
      vertex -4 7.6082285477181895 15.774247078195543
      vertex -4 7.911212971383246 10.865203916162057
    endloop
  endfacet
  facet normal -1 0 0
    outer loop
      vertex -4 7.911212971383246 10.865203916162057
      vertex -4 7.6082285477181895 15.774247078195543
      vertex -4 8.120141339049157 11.256081399554931
    endloop
  endfacet
  facet normal -1 0 0
    outer loop
      vertex -4 8.120141339049157 11.256081399554931
      vertex -4 7.6082285477181895 15.774247078195543
      vertex -4 8.401311620818527 11.598688379181473
    endloop
  endfacet
  facet normal -1 0 0
    outer loop
      vertex -4 8.401311620818527 11.598688379181473
      vertex -4 7.6082285477181895 15.774247078195543
      vertex -4 8.743918600445069 11.879858660950843
    endloop
  endfacet
  facet normal -1 0 0
    outer loop
      vertex -4 8.743918600445069 11.879858660950843
      vertex -4 7.6082285477181895 15.774247078195543
      vertex -4 8.780685487399198 16.12990800252019
    endloop
  endfacet
  facet normal -1 0 0
    outer loop
      vertex -4 8.743918600445069 11.879858660950843
      vertex -4 8.780685487399198 16.12990800252019
      vertex -4 9.134796083837943 12.088787028616753
    endloop
  endfacet
  facet normal -1 0 0
    outer loop
      vertex -4 9.134796083837943 12.088787028616753
      vertex -4 8.780685487399198 16.12990800252019
      vertex -4 9.558922868516976 12.217444482178184
    endloop
  endfacet
  facet normal -1 0 0
    outer loop
      vertex -4 9.558922868516976 12.217444482178184
      vertex -4 8.780685487399198 16.12990800252019
      vertex -4 10 12.260886787846701
    endloop
  endfacet
  facet normal -1 0 0
    outer loop
      vertex -4 10 12.260886787846701
      vertex -4 8.780685487399198 16.12990800252019
      vertex -4 10 16.25
    endloop
  endfacet
  facet normal -1 0 0
    outer loop
      vertex -4 10 3.75
      vertex -4 10 7.739113212153299
      vertex -4 11.219314512600802 3.8700919974798094
    endloop
  endfacet
  facet normal -1 0 0
    outer loop
      vertex -4 11.219314512600802 3.8700919974798094
      vertex -4 10 7.739113212153299
      vertex -4 10.441077131483024 7.782555517821815
    endloop
  endfacet
  facet normal -1 0 0
    outer loop
      vertex -4 11.219314512600802 3.8700919974798094
      vertex -4 10.441077131483024 7.782555517821815
      vertex -4 10.865203916162057 7.911212971383246
    endloop
  endfacet
  facet normal -1 0 0
    outer loop
      vertex -4 11.219314512600802 3.8700919974798094
      vertex -4 10.865203916162057 7.911212971383246
      vertex -4 11.256081399554931 8.120141339049157
    endloop
  endfacet
  facet normal -1 0 0
    outer loop
      vertex -4 11.219314512600802 3.8700919974798094
      vertex -4 11.256081399554931 8.120141339049157
      vertex -4 12.39177145228181 4.225752921804458
    endloop
  endfacet
  facet normal -1 0 0
    outer loop
      vertex -4 11.256081399554931 8.120141339049157
      vertex -4 11.598688379181473 8.401311620818527
      vertex -4 12.39177145228181 4.225752921804458
    endloop
  endfacet
  facet normal -1 0 0
    outer loop
      vertex -4 11.598688379181473 8.401311620818527
      vertex -4 11.879858660950843 8.743918600445069
      vertex -4 12.39177145228181 4.225752921804458
    endloop
  endfacet
  facet normal -1 0 0
    outer loop
      vertex -4 11.879858660950843 8.743918600445069
      vertex -4 12.088787028616753 9.134796083837943
      vertex -4 12.39177145228181 4.225752921804458
    endloop
  endfacet
  facet normal -1 0 0
    outer loop
      vertex -4 12.088787028616753 9.134796083837943
      vertex -4 12.217444482178184 9.558922868516976
      vertex -4 12.39177145228181 4.225752921804458
    endloop
  endfacet
  facet normal -1 0 0
    outer loop
      vertex -4 12.39177145228181 4.225752921804458
      vertex -4 12.217444482178184 9.558922868516976
      vertex -4 12.260886787846701 10
    endloop
  endfacet
  facet normal -1 0 0
    outer loop
      vertex -4 12.39177145228181 4.225752921804458
      vertex -4 12.39177145228181 15.774247078195543
      vertex -4 13.472313956372513 4.803314923109093
    endloop
  endfacet
  facet normal -1 0 0
    outer loop
      vertex -4 13.472313956372513 4.803314923109093
      vertex -4 13.472313956372513 15.196685076890908
      vertex -4 14.419417382415922 5.580582617584078
    endloop
  endfacet
  facet normal -1 0 0
    outer loop
      vertex -4 14.419417382415922 5.580582617584078
      vertex -4 14.419417382415922 14.419417382415922
      vertex -4 15.196685076890908 6.527686043627487
    endloop
  endfacet
  facet normal -1 0 0
    outer loop
      vertex -4 15.196685076890908 6.527686043627487
      vertex -4 15.196685076890908 13.472313956372513
      vertex -4 15.774247078195543 7.6082285477181895
    endloop
  endfacet
  facet normal -1 0 0
    outer loop
      vertex -4 15.774247078195543 7.6082285477181895
      vertex -4 15.774247078195543 12.39177145228181
      vertex -4 16.12990800252019 8.780685487399198
    endloop
  endfacet
  facet normal -1 0 0
    outer loop
      vertex -4 12.39177145228181 4.225752921804458
      vertex -4 12.260886787846701 10
      vertex -4 12.39177145228181 15.774247078195543
    endloop
  endfacet
  facet normal -1 0 0
    outer loop
      vertex -4 12.260886787846701 10
      vertex -4 12.217444482178184 10.441077131483024
      vertex -4 12.39177145228181 15.774247078195543
    endloop
  endfacet
  facet normal -1 0 0
    outer loop
      vertex -4 12.088787028616753 10.865203916162057
      vertex -4 12.39177145228181 15.774247078195543
      vertex -4 12.217444482178184 10.441077131483024
    endloop
  endfacet
  facet normal -1 0 0
    outer loop
      vertex -4 10 12.260886787846701
      vertex -4 11.219314512600802 16.12990800252019
      vertex -4 10.441077131483024 12.217444482178184
    endloop
  endfacet
  facet normal -1 0 0
    outer loop
      vertex -4 10.441077131483024 12.217444482178184
      vertex -4 11.219314512600802 16.12990800252019
      vertex -4 10.865203916162057 12.088787028616753
    endloop
  endfacet
  facet normal -1 0 0
    outer loop
      vertex -4 10.865203916162057 12.088787028616753
      vertex -4 11.219314512600802 16.12990800252019
      vertex -4 11.256081399554931 11.879858660950843
    endloop
  endfacet
  facet normal -1 0 0
    outer loop
      vertex -4 10 12.260886787846701
      vertex -4 10 16.25
      vertex -4 11.219314512600802 16.12990800252019
    endloop
  endfacet
  facet normal -1 0 0
    outer loop
      vertex -4 11.256081399554931 11.879858660950843
      vertex -4 11.219314512600802 16.12990800252019
      vertex -4 11.598688379181473 11.598688379181473
    endloop
  endfacet
  facet normal -1 0 0
    outer loop
      vertex -4 12.088787028616753 10.865203916162057
      vertex -4 11.879858660950843 11.256081399554931
      vertex -4 12.39177145228181 15.774247078195543
    endloop
  endfacet
  facet normal -1 0 0
    outer loop
      vertex -4 11.598688379181473 11.598688379181473
      vertex -4 12.39177145228181 15.774247078195543
      vertex -4 11.879858660950843 11.256081399554931
    endloop
  endfacet
  facet normal -1 0 0
    outer loop
      vertex -4 11.598688379181473 11.598688379181473
      vertex -4 11.219314512600802 16.12990800252019
      vertex -4 12.39177145228181 15.774247078195543
    endloop
  endfacet
  facet normal -1 0 0
    outer loop
      vertex -4 13.472313956372513 4.803314923109093
      vertex -4 12.39177145228181 15.774247078195543
      vertex -4 13.472313956372513 15.196685076890908
    endloop
  endfacet
  facet normal -1 0 0
    outer loop
      vertex -4 14.419417382415922 5.580582617584078
      vertex -4 13.472313956372513 15.196685076890908
      vertex -4 14.419417382415922 14.419417382415922
    endloop
  endfacet
  facet normal -1 0 0
    outer loop
      vertex -4 15.196685076890908 6.527686043627487
      vertex -4 14.419417382415922 14.419417382415922
      vertex -4 15.196685076890908 13.472313956372513
    endloop
  endfacet
  facet normal -1 0 0
    outer loop
      vertex -4 15.774247078195543 7.6082285477181895
      vertex -4 15.196685076890908 13.472313956372513
      vertex -4 15.774247078195543 12.39177145228181
    endloop
  endfacet
  facet normal -1 0 0
    outer loop
      vertex -4 16.12990800252019 8.780685487399198
      vertex -4 16.12990800252019 11.219314512600802
      vertex -4 16.25 10
    endloop
  endfacet
  facet normal -1 0 0
    outer loop
      vertex -4 16.12990800252019 8.780685487399198
      vertex -4 15.774247078195543 12.39177145228181
      vertex -4 16.12990800252019 11.219314512600802
    endloop
  endfacet
  facet normal 0 0 1
    outer loop
      vertex -5.774247078195542 -12.39177145228181 -6
      vertex -5.774247078195542 -7.6082285477181895 -6
      vertex -6.129908002520191 -11.219314512600802 -6
    endloop
  endfacet
  facet normal 0 0 1
    outer loop
      vertex -5.196685076890907 -13.472313956372513 -6
      vertex -5.196685076890907 -6.527686043627487 -6
      vertex -5.774247078195542 -12.39177145228181 -6
    endloop
  endfacet
  facet normal 0 0 1
    outer loop
      vertex -6.129908002520191 -11.219314512600802 -6
      vertex -6.129908002520191 -8.780685487399198 -6
      vertex -6.25 -10 -6
    endloop
  endfacet
  facet normal 0 0 1
    outer loop
      vertex -6.129908002520191 -11.219314512600802 -6
      vertex -5.774247078195542 -7.6082285477181895 -6
      vertex -6.129908002520191 -8.780685487399198 -6
    endloop
  endfacet
  facet normal 0 0 1
    outer loop
      vertex -5.774247078195542 -12.39177145228181 -6
      vertex -5.196685076890907 -6.527686043627487 -6
      vertex -5.774247078195542 -7.6082285477181895 -6
    endloop
  endfacet
  facet normal 0 0 1
    outer loop
      vertex -4.419417382415922 -14.419417382415922 -6
      vertex -4.419417382415922 -5.580582617584078 -6
      vertex -5.196685076890907 -13.472313956372513 -6
    endloop
  endfacet
  facet normal 0 0 1
    outer loop
      vertex -4.419417382415922 -14.419417382415922 -6
      vertex -3.4723139563725134 -15.196685076890908 -6
      vertex -3.4723139563725134 -4.803314923109093 -6
    endloop
  endfacet
  facet normal 0 0 1
    outer loop
      vertex -2.391771452281811 -15.774247078195543 -6
      vertex -2.391771452281811 -4.225752921804458 -6
      vertex -3.4723139563725134 -15.196685076890908 -6
    endloop
  endfacet
  facet normal 0 0 1
    outer loop
      vertex -2.391771452281811 -15.774247078195543 -6
      vertex -1.879858660950843 -11.256081399554931 -6
      vertex -2.0887870286167542 -10.865203916162057 -6
    endloop
  endfacet
  facet normal 0 0 1
    outer loop
      vertex -2.391771452281811 -15.774247078195543 -6
      vertex -1.5986883791814732 -11.598688379181473 -6
      vertex -1.879858660950843 -11.256081399554931 -6
    endloop
  endfacet
  facet normal 0 0 1
    outer loop
      vertex -2.391771452281811 -15.774247078195543 -6
      vertex -1.2193145126008016 -16.12990800252019 -6
      vertex -1.2560813995549314 -11.879858660950843 -6
    endloop
  endfacet
  facet normal 0 0 1
    outer loop
      vertex -2.391771452281811 -15.774247078195543 -6
      vertex -1.2560813995549314 -11.879858660950843 -6
      vertex -1.5986883791814732 -11.598688379181473 -6
    endloop
  endfacet
  facet normal 0 0 1
    outer loop
      vertex -2.391771452281811 -15.774247078195543 -6
      vertex -2.0887870286167542 -10.865203916162057 -6
      vertex -2.217444482178185 -10.441077131483024 -6
    endloop
  endfacet
  facet normal 0 0 1
    outer loop
      vertex -2.391771452281811 -15.774247078195543 -6
      vertex -2.217444482178185 -10.441077131483024 -6
      vertex -2.2608867878467005 -10 -6
    endloop
  endfacet
  facet normal 0 0 1
    outer loop
      vertex -1.2193145126008016 -16.12990800252019 -6
      vertex -0.8652039161620579 -12.088787028616753 -6
      vertex -1.2560813995549314 -11.879858660950843 -6
    endloop
  endfacet
  facet normal 0 0 1
    outer loop
      vertex -1.2193145126008016 -16.12990800252019 -6
      vertex -0.44107713148302263 -12.217444482178184 -6
      vertex -0.8652039161620579 -12.088787028616753 -6
    endloop
  endfacet
  facet normal 0 0 1
    outer loop
      vertex -1.2193145126008016 -16.12990800252019 -6
      vertex 0 -16.25 -6
      vertex 0 -12.260886787846701 -6
    endloop
  endfacet
  facet normal 0 0 1
    outer loop
      vertex -1.2193145126008016 -16.12990800252019 -6
      vertex 0 -12.260886787846701 -6
      vertex -0.44107713148302263 -12.217444482178184 -6
    endloop
  endfacet
  facet normal 0 0 1
    outer loop
      vertex -5.196685076890907 -13.472313956372513 -6
      vertex -4.419417382415922 -5.580582617584078 -6
      vertex -5.196685076890907 -6.527686043627487 -6
    endloop
  endfacet
  facet normal 0 0 1
    outer loop
      vertex -4.419417382415922 -14.419417382415922 -6
      vertex -3.4723139563725134 -4.803314923109093 -6
      vertex -4.419417382415922 -5.580582617584078 -6
    endloop
  endfacet
  facet normal 0 0 1
    outer loop
      vertex -3.4723139563725134 -15.196685076890908 -6
      vertex -2.391771452281811 -4.225752921804458 -6
      vertex -3.4723139563725134 -4.803314923109093 -6
    endloop
  endfacet
  facet normal 0 0 1
    outer loop
      vertex -2.391771452281811 -15.774247078195543 -6
      vertex -2.2608867878467005 -10 -6
      vertex -2.391771452281811 -4.225752921804458 -6
    endloop
  endfacet
  facet normal 0 0 1
    outer loop
      vertex -2.2608867878467005 -10 -6
      vertex -2.217444482178185 -9.558922868516976 -6
      vertex -2.391771452281811 -4.225752921804458 -6
    endloop
  endfacet
  facet normal 0 0 1
    outer loop
      vertex -2.217444482178185 -9.558922868516976 -6
      vertex -2.0887870286167542 -9.134796083837943 -6
      vertex -2.391771452281811 -4.225752921804458 -6
    endloop
  endfacet
  facet normal 0 0 1
    outer loop
      vertex -2.0887870286167542 -9.134796083837943 -6
      vertex -1.879858660950843 -8.743918600445069 -6
      vertex -2.391771452281811 -4.225752921804458 -6
    endloop
  endfacet
  facet normal 0 0 1
    outer loop
      vertex -1.879858660950843 -8.743918600445069 -6
      vertex -1.5986883791814732 -8.401311620818527 -6
      vertex -2.391771452281811 -4.225752921804458 -6
    endloop
  endfacet
  facet normal 0 0 1
    outer loop
      vertex -1.5986883791814732 -8.401311620818527 -6
      vertex -1.2560813995549314 -8.120141339049157 -6
      vertex -1.2193145126008016 -3.8700919974798094 -6
    endloop
  endfacet
  facet normal 0 0 1
    outer loop
      vertex -1.5986883791814732 -8.401311620818527 -6
      vertex -1.2193145126008016 -3.8700919974798094 -6
      vertex -2.391771452281811 -4.225752921804458 -6
    endloop
  endfacet
  facet normal 0 0 1
    outer loop
      vertex -1.2560813995549314 -8.120141339049157 -6
      vertex -0.8652039161620579 -7.911212971383246 -6
      vertex -1.2193145126008016 -3.8700919974798094 -6
    endloop
  endfacet
  facet normal 0 0 1
    outer loop
      vertex -0.8652039161620579 -7.911212971383246 -6
      vertex -0.44107713148302263 -7.782555517821815 -6
      vertex -1.2193145126008016 -3.8700919974798094 -6
    endloop
  endfacet
  facet normal 0 0 1
    outer loop
      vertex -0.44107713148302263 -7.782555517821815 -6
      vertex 0 -7.739113212153299 -6
      vertex -1.2193145126008016 -3.8700919974798094 -6
    endloop
  endfacet
  facet normal 0 0 1
    outer loop
      vertex -1.2193145126008016 -3.8700919974798094 -6
      vertex 0 -7.739113212153299 -6
      vertex 0 -3.75 -6
    endloop
  endfacet
  facet normal 0.8819212643483549 0.471396736825998 0
    outer loop
      vertex -5.196685076890907 -13.472313956372513 -6
      vertex -5.774247078195542 -12.39177145228181 -6
      vertex -5.774247078195542 -12.39177145228181 20
    endloop
  endfacet
  facet normal 0.9569403357322088 0.2902846772544626 0
    outer loop
      vertex -5.774247078195542 -12.39177145228181 -6
      vertex -6.129908002520191 -11.219314512600802 -6
      vertex -6.129908002520191 -11.219314512600802 20
    endloop
  endfacet
  facet normal 0.9951847266721969 0.09801714032956034 0
    outer loop
      vertex -6.129908002520191 -11.219314512600802 -6
      vertex -6.25 -10 -6
      vertex -6.25 -10 20
    endloop
  endfacet
  facet normal 0.8819212643483549 0.471396736825998 0
    outer loop
      vertex -5.196685076890907 -13.472313956372513 -6
      vertex -5.774247078195542 -12.39177145228181 20
      vertex -5.196685076890907 -13.472313956372513 20
    endloop
  endfacet
  facet normal 0.9569403357322088 0.2902846772544626 0
    outer loop
      vertex -5.774247078195542 -12.39177145228181 -6
      vertex -6.129908002520191 -11.219314512600802 20
      vertex -5.774247078195542 -12.39177145228181 20
    endloop
  endfacet
  facet normal 0.9951847266721969 0.09801714032956034 0
    outer loop
      vertex -6.129908002520191 -11.219314512600802 -6
      vertex -6.25 -10 20
      vertex -6.129908002520191 -11.219314512600802 20
    endloop
  endfacet
  facet normal 0.9951847266721969 -0.09801714032956034 0
    outer loop
      vertex -6.25 -10 -6
      vertex -6.129908002520191 -8.780685487399198 -6
      vertex -6.129908002520191 -8.780685487399198 20
    endloop
  endfacet
  facet normal 0.9569403357322088 -0.2902846772544626 0
    outer loop
      vertex -6.129908002520191 -8.780685487399198 -6
      vertex -5.774247078195542 -7.6082285477181895 -6
      vertex -5.774247078195542 -7.6082285477181895 20
    endloop
  endfacet
  facet normal 0.8819212643483549 -0.471396736825998 0
    outer loop
      vertex -5.774247078195542 -7.6082285477181895 -6
      vertex -5.196685076890907 -6.527686043627487 -6
      vertex -5.196685076890907 -6.527686043627487 20
    endloop
  endfacet
  facet normal 0.9951847266721969 -0.09801714032956034 0
    outer loop
      vertex -6.25 -10 -6
      vertex -6.129908002520191 -8.780685487399198 20
      vertex -6.25 -10 20
    endloop
  endfacet
  facet normal 0.9569403357322088 -0.2902846772544626 0
    outer loop
      vertex -6.129908002520191 -8.780685487399198 -6
      vertex -5.774247078195542 -7.6082285477181895 20
      vertex -6.129908002520191 -8.780685487399198 20
    endloop
  endfacet
  facet normal 0.8819212643483549 -0.471396736825998 0
    outer loop
      vertex -5.774247078195542 -7.6082285477181895 -6
      vertex -5.196685076890907 -6.527686043627487 20
      vertex -5.774247078195542 -7.6082285477181895 20
    endloop
  endfacet
  facet normal 0.47139673682599814 0.8819212643483548 0
    outer loop
      vertex -2.391771452281811 -15.774247078195543 -6
      vertex -3.4723139563725134 -15.196685076890908 -6
      vertex -3.4723139563725134 -15.196685076890908 20
    endloop
  endfacet
  facet normal 0.7730104533627373 0.634393284163645 0
    outer loop
      vertex -4.419417382415922 -14.419417382415922 -6
      vertex -5.196685076890907 -13.472313956372513 -6
      vertex -5.196685076890907 -13.472313956372513 20
    endloop
  endfacet
  facet normal 0.6343932841636455 0.7730104533627371 0
    outer loop
      vertex -4.419417382415922 -14.419417382415922 -6
      vertex -4.419417382415922 -14.419417382415922 20
      vertex -3.4723139563725134 -15.196685076890908 -6
    endloop
  endfacet
  facet normal 0.2902846772544605 0.9569403357322095 0
    outer loop
      vertex -2.391771452281811 -15.774247078195543 -6
      vertex -2.391771452281811 -15.774247078195543 20
      vertex -1.2193145126008016 -16.12990800252019 -6
    endloop
  endfacet
  facet normal 0.09801714032956178 0.9951847266721968 0
    outer loop
      vertex -1.2193145126008016 -16.12990800252019 -6
      vertex -1.2193145126008016 -16.12990800252019 20
      vertex 0 -16.25 -6
    endloop
  endfacet
  facet normal 0.47139673682599814 0.8819212643483548 0
    outer loop
      vertex -2.391771452281811 -15.774247078195543 -6
      vertex -3.4723139563725134 -15.196685076890908 20
      vertex -2.391771452281811 -15.774247078195543 20
    endloop
  endfacet
  facet normal 0.7730104533627373 0.634393284163645 0
    outer loop
      vertex -4.419417382415922 -14.419417382415922 -6
      vertex -5.196685076890907 -13.472313956372513 20
      vertex -4.419417382415922 -14.419417382415922 20
    endloop
  endfacet
  facet normal 0.6343932841636455 0.7730104533627371 0
    outer loop
      vertex -3.4723139563725134 -15.196685076890908 -6
      vertex -4.419417382415922 -14.419417382415922 20
      vertex -3.4723139563725134 -15.196685076890908 20
    endloop
  endfacet
  facet normal 0.2902846772544605 0.9569403357322095 0
    outer loop
      vertex -1.2193145126008016 -16.12990800252019 -6
      vertex -2.391771452281811 -15.774247078195543 20
      vertex -1.2193145126008016 -16.12990800252019 20
    endloop
  endfacet
  facet normal 0.09801714032956178 0.9951847266721968 0
    outer loop
      vertex 0 -16.25 -6
      vertex -1.2193145126008016 -16.12990800252019 20
      vertex 0 -16.25 20
    endloop
  endfacet
  facet normal 0.7730104533627373 -0.634393284163645 0
    outer loop
      vertex -5.196685076890907 -6.527686043627487 -6
      vertex -4.419417382415922 -5.580582617584078 -6
      vertex -4.419417382415922 -5.580582617584078 20
    endloop
  endfacet
  facet normal 0.634393284163645 -0.7730104533627373 0
    outer loop
      vertex -4.419417382415922 -5.580582617584078 -6
      vertex -3.4723139563725134 -4.803314923109093 -6
      vertex -3.4723139563725134 -4.803314923109093 20
    endloop
  endfacet
  facet normal 0.47139673682599814 -0.8819212643483548 0
    outer loop
      vertex -3.4723139563725134 -4.803314923109093 -6
      vertex -2.391771452281811 -4.225752921804458 -6
      vertex -2.391771452281811 -4.225752921804458 20
    endloop
  endfacet
  facet normal 0.2902846772544625 -0.9569403357322088 0
    outer loop
      vertex -2.391771452281811 -4.225752921804458 -6
      vertex -1.2193145126008016 -3.8700919974798094 -6
      vertex -1.2193145126008016 -3.8700919974798094 20
    endloop
  endfacet
  facet normal 0.09801714032956034 -0.9951847266721969 0
    outer loop
      vertex -1.2193145126008016 -3.8700919974798094 -6
      vertex 0 -3.75 -6
      vertex 0 -3.75 20
    endloop
  endfacet
  facet normal 0.7730104533627373 -0.634393284163645 0
    outer loop
      vertex -5.196685076890907 -6.527686043627487 -6
      vertex -4.419417382415922 -5.580582617584078 20
      vertex -5.196685076890907 -6.527686043627487 20
    endloop
  endfacet
  facet normal 0.634393284163645 -0.7730104533627373 0
    outer loop
      vertex -4.419417382415922 -5.580582617584078 -6
      vertex -3.4723139563725134 -4.803314923109093 20
      vertex -4.419417382415922 -5.580582617584078 20
    endloop
  endfacet
  facet normal 0.47139673682599814 -0.8819212643483548 0
    outer loop
      vertex -3.4723139563725134 -4.803314923109093 -6
      vertex -2.391771452281811 -4.225752921804458 20
      vertex -3.4723139563725134 -4.803314923109093 20
    endloop
  endfacet
  facet normal 0.2902846772544625 -0.9569403357322088 0
    outer loop
      vertex -2.391771452281811 -4.225752921804458 -6
      vertex -1.2193145126008016 -3.8700919974798094 20
      vertex -2.391771452281811 -4.225752921804458 20
    endloop
  endfacet
  facet normal 0.09801714032956034 -0.9951847266721969 0
    outer loop
      vertex -1.2193145126008016 -3.8700919974798094 -6
      vertex 0 -3.75 20
      vertex -1.2193145126008016 -3.8700919974798094 20
    endloop
  endfacet
  facet normal 0 0 1
    outer loop
      vertex 0 -16.25 -6
      vertex 1.2193145126008016 -16.12990800252019 -6
      vertex 0 -12.260886787846701 -6
    endloop
  endfacet
  facet normal 0 0 1
    outer loop
      vertex 1.2193145126008016 -16.12990800252019 -6
      vertex 0.44107713148302263 -12.217444482178184 -6
      vertex 0 -12.260886787846701 -6
    endloop
  endfacet
  facet normal 0 0 1
    outer loop
      vertex 1.2193145126008016 -16.12990800252019 -6
      vertex 0.8652039161620579 -12.088787028616753 -6
      vertex 0.44107713148302263 -12.217444482178184 -6
    endloop
  endfacet
  facet normal 0 0 1
    outer loop
      vertex 1.2193145126008016 -16.12990800252019 -6
      vertex 1.2560813995549314 -11.879858660950843 -6
      vertex 0.8652039161620579 -12.088787028616753 -6
    endloop
  endfacet
  facet normal 0 0 1
    outer loop
      vertex 1.2193145126008016 -16.12990800252019 -6
      vertex 2.391771452281811 -15.774247078195543 -6
      vertex 1.5986883791814732 -11.598688379181473 -6
    endloop
  endfacet
  facet normal 0 0 1
    outer loop
      vertex 1.2193145126008016 -16.12990800252019 -6
      vertex 1.5986883791814732 -11.598688379181473 -6
      vertex 1.2560813995549314 -11.879858660950843 -6
    endloop
  endfacet
  facet normal 0 0 1
    outer loop
      vertex 2.391771452281811 -15.774247078195543 -6
      vertex 1.879858660950843 -11.256081399554931 -6
      vertex 1.5986883791814732 -11.598688379181473 -6
    endloop
  endfacet
  facet normal 0 0 1
    outer loop
      vertex 2.391771452281811 -15.774247078195543 -6
      vertex 2.0887870286167542 -10.865203916162057 -6
      vertex 1.879858660950843 -11.256081399554931 -6
    endloop
  endfacet
  facet normal 0 0 1
    outer loop
      vertex 2.391771452281811 -15.774247078195543 -6
      vertex 2.217444482178185 -10.441077131483024 -6
      vertex 2.0887870286167542 -10.865203916162057 -6
    endloop
  endfacet
  facet normal 0 0 1
    outer loop
      vertex 2.391771452281811 -15.774247078195543 -6
      vertex 2.2608867878467005 -10 -6
      vertex 2.217444482178185 -10.441077131483024 -6
    endloop
  endfacet
  facet normal 0 0 1
    outer loop
      vertex 2.391771452281811 -15.774247078195543 -6
      vertex 3.4723139563725134 -15.196685076890908 -6
      vertex 3.4723139563725134 -4.803314923109093 -6
    endloop
  endfacet
  facet normal 0 0 1
    outer loop
      vertex 3.4723139563725134 -15.196685076890908 -6
      vertex 4.419417382415922 -14.419417382415922 -6
      vertex 4.419417382415922 -5.580582617584078 -6
    endloop
  endfacet
  facet normal 0 0 1
    outer loop
      vertex 4.419417382415922 -14.419417382415922 -6
      vertex 5.196685076890907 -13.472313956372513 -6
      vertex 5.196685076890907 -6.527686043627487 -6
    endloop
  endfacet
  facet normal 0 0 1
    outer loop
      vertex 0.44107713148302263 -7.782555517821815 -6
      vertex 1.2193145126008016 -3.8700919974798094 -6
      vertex 0 -7.739113212153299 -6
    endloop
  endfacet
  facet normal 0 0 1
    outer loop
      vertex 0 -7.739113212153299 -6
      vertex 1.2193145126008016 -3.8700919974798094 -6
      vertex 0 -3.75 -6
    endloop
  endfacet
  facet normal 0 0 1
    outer loop
      vertex 0.8652039161620579 -7.911212971383246 -6
      vertex 1.2193145126008016 -3.8700919974798094 -6
      vertex 0.44107713148302263 -7.782555517821815 -6
    endloop
  endfacet
  facet normal 0 0 1
    outer loop
      vertex 0.8652039161620579 -7.911212971383246 -6
      vertex 1.2560813995549314 -8.120141339049157 -6
      vertex 1.2193145126008016 -3.8700919974798094 -6
    endloop
  endfacet
  facet normal 0 0 1
    outer loop
      vertex 2.391771452281811 -15.774247078195543 -6
      vertex 2.391771452281811 -4.225752921804458 -6
      vertex 2.2608867878467005 -10 -6
    endloop
  endfacet
  facet normal 0 0 1
    outer loop
      vertex 2.2608867878467005 -10 -6
      vertex 2.391771452281811 -4.225752921804458 -6
      vertex 2.217444482178185 -9.558922868516976 -6
    endloop
  endfacet
  facet normal 0 0 1
    outer loop
      vertex 2.217444482178185 -9.558922868516976 -6
      vertex 2.391771452281811 -4.225752921804458 -6
      vertex 2.0887870286167542 -9.134796083837943 -6
    endloop
  endfacet
  facet normal 0 0 1
    outer loop
      vertex 1.5986883791814732 -8.401311620818527 -6
      vertex 2.391771452281811 -4.225752921804458 -6
      vertex 1.2560813995549314 -8.120141339049157 -6
    endloop
  endfacet
  facet normal 0 0 1
    outer loop
      vertex 1.2560813995549314 -8.120141339049157 -6
      vertex 2.391771452281811 -4.225752921804458 -6
      vertex 1.2193145126008016 -3.8700919974798094 -6
    endloop
  endfacet
  facet normal 0 0 1
    outer loop
      vertex 1.879858660950843 -8.743918600445069 -6
      vertex 2.391771452281811 -4.225752921804458 -6
      vertex 1.5986883791814732 -8.401311620818527 -6
    endloop
  endfacet
  facet normal 0 0 1
    outer loop
      vertex 1.879858660950843 -8.743918600445069 -6
      vertex 2.0887870286167542 -9.134796083837943 -6
      vertex 2.391771452281811 -4.225752921804458 -6
    endloop
  endfacet
  facet normal 0 0 1
    outer loop
      vertex 2.391771452281811 -15.774247078195543 -6
      vertex 3.4723139563725134 -4.803314923109093 -6
      vertex 2.391771452281811 -4.225752921804458 -6
    endloop
  endfacet
  facet normal 0 0 1
    outer loop
      vertex 3.4723139563725134 -15.196685076890908 -6
      vertex 4.419417382415922 -5.580582617584078 -6
      vertex 3.4723139563725134 -4.803314923109093 -6
    endloop
  endfacet
  facet normal 0 0 1
    outer loop
      vertex 4.419417382415922 -14.419417382415922 -6
      vertex 5.196685076890907 -6.527686043627487 -6
      vertex 4.419417382415922 -5.580582617584078 -6
    endloop
  endfacet
  facet normal 0 0 1
    outer loop
      vertex 5.196685076890907 -13.472313956372513 -6
      vertex 5.774247078195542 -12.39177145228181 -6
      vertex 5.774247078195542 -7.6082285477181895 -6
    endloop
  endfacet
  facet normal 0 0 1
    outer loop
      vertex 5.774247078195542 -12.39177145228181 -6
      vertex 6.129908002520191 -11.219314512600802 -6
      vertex 6.129908002520191 -8.780685487399198 -6
    endloop
  endfacet
  facet normal 0 0 1
    outer loop
      vertex 5.196685076890907 -13.472313956372513 -6
      vertex 5.774247078195542 -7.6082285477181895 -6
      vertex 5.196685076890907 -6.527686043627487 -6
    endloop
  endfacet
  facet normal 0 0 1
    outer loop
      vertex 5.774247078195542 -12.39177145228181 -6
      vertex 6.129908002520191 -8.780685487399198 -6
      vertex 5.774247078195542 -7.6082285477181895 -6
    endloop
  endfacet
  facet normal 0 0 1
    outer loop
      vertex 6.129908002520191 -11.219314512600802 -6
      vertex 6.25 -10 -6
      vertex 6.129908002520191 -8.780685487399198 -6
    endloop
  endfacet
  facet normal -0.09801714032956178 0.9951847266721968 0
    outer loop
      vertex 0 -16.25 -6
      vertex 0 -16.25 20
      vertex 1.2193145126008016 -16.12990800252019 -6
    endloop
  endfacet
  facet normal -0.2902846772544605 0.9569403357322095 0
    outer loop
      vertex 1.2193145126008016 -16.12990800252019 -6
      vertex 1.2193145126008016 -16.12990800252019 20
      vertex 2.391771452281811 -15.774247078195543 -6
    endloop
  endfacet
  facet normal -0.47139673682599814 0.8819212643483548 0
    outer loop
      vertex 2.391771452281811 -15.774247078195543 -6
      vertex 2.391771452281811 -15.774247078195543 20
      vertex 3.4723139563725134 -15.196685076890908 -6
    endloop
  endfacet
  facet normal -0.6343932841636455 0.7730104533627371 0
    outer loop
      vertex 3.4723139563725134 -15.196685076890908 -6
      vertex 3.4723139563725134 -15.196685076890908 20
      vertex 4.419417382415922 -14.419417382415922 -6
    endloop
  endfacet
  facet normal -0.7730104533627373 0.634393284163645 0
    outer loop
      vertex 4.419417382415922 -14.419417382415922 -6
      vertex 4.419417382415922 -14.419417382415922 20
      vertex 5.196685076890907 -13.472313956372513 -6
    endloop
  endfacet
  facet normal -0.09801714032956178 0.9951847266721968 0
    outer loop
      vertex 1.2193145126008016 -16.12990800252019 -6
      vertex 0 -16.25 20
      vertex 1.2193145126008016 -16.12990800252019 20
    endloop
  endfacet
  facet normal -0.2902846772544605 0.9569403357322095 0
    outer loop
      vertex 2.391771452281811 -15.774247078195543 -6
      vertex 1.2193145126008016 -16.12990800252019 20
      vertex 2.391771452281811 -15.774247078195543 20
    endloop
  endfacet
  facet normal -0.47139673682599814 0.8819212643483548 0
    outer loop
      vertex 3.4723139563725134 -15.196685076890908 -6
      vertex 2.391771452281811 -15.774247078195543 20
      vertex 3.4723139563725134 -15.196685076890908 20
    endloop
  endfacet
  facet normal -0.6343932841636455 0.7730104533627371 0
    outer loop
      vertex 4.419417382415922 -14.419417382415922 -6
      vertex 3.4723139563725134 -15.196685076890908 20
      vertex 4.419417382415922 -14.419417382415922 20
    endloop
  endfacet
  facet normal -0.7730104533627373 0.634393284163645 0
    outer loop
      vertex 5.196685076890907 -13.472313956372513 -6
      vertex 4.419417382415922 -14.419417382415922 20
      vertex 5.196685076890907 -13.472313956372513 20
    endloop
  endfacet
  facet normal -0.09801714032956034 -0.9951847266721969 0
    outer loop
      vertex 0 -3.75 -6
      vertex 1.2193145126008016 -3.8700919974798094 -6
      vertex 1.2193145126008016 -3.8700919974798094 20
    endloop
  endfacet
  facet normal -0.2902846772544625 -0.9569403357322088 0
    outer loop
      vertex 2.391771452281811 -4.225752921804458 -6
      vertex 2.391771452281811 -4.225752921804458 20
      vertex 1.2193145126008016 -3.8700919974798094 -6
    endloop
  endfacet
  facet normal -0.634393284163645 -0.7730104533627373 0
    outer loop
      vertex 3.4723139563725134 -4.803314923109093 -6
      vertex 4.419417382415922 -5.580582617584078 -6
      vertex 4.419417382415922 -5.580582617584078 20
    endloop
  endfacet
  facet normal -0.7730104533627373 -0.634393284163645 0
    outer loop
      vertex 5.196685076890907 -6.527686043627487 -6
      vertex 5.196685076890907 -6.527686043627487 20
      vertex 4.419417382415922 -5.580582617584078 -6
    endloop
  endfacet
  facet normal -0.47139673682599814 -0.8819212643483548 0
    outer loop
      vertex 3.4723139563725134 -4.803314923109093 -6
      vertex 3.4723139563725134 -4.803314923109093 20
      vertex 2.391771452281811 -4.225752921804458 -6
    endloop
  endfacet
  facet normal -0.09801714032956034 -0.9951847266721969 0
    outer loop
      vertex 0 -3.75 -6
      vertex 1.2193145126008016 -3.8700919974798094 20
      vertex 0 -3.75 20
    endloop
  endfacet
  facet normal -0.2902846772544625 -0.9569403357322088 0
    outer loop
      vertex 1.2193145126008016 -3.8700919974798094 -6
      vertex 2.391771452281811 -4.225752921804458 20
      vertex 1.2193145126008016 -3.8700919974798094 20
    endloop
  endfacet
  facet normal -0.634393284163645 -0.7730104533627373 0
    outer loop
      vertex 3.4723139563725134 -4.803314923109093 -6
      vertex 4.419417382415922 -5.580582617584078 20
      vertex 3.4723139563725134 -4.803314923109093 20
    endloop
  endfacet
  facet normal -0.7730104533627373 -0.634393284163645 0
    outer loop
      vertex 4.419417382415922 -5.580582617584078 -6
      vertex 5.196685076890907 -6.527686043627487 20
      vertex 4.419417382415922 -5.580582617584078 20
    endloop
  endfacet
  facet normal -0.47139673682599814 -0.8819212643483548 0
    outer loop
      vertex 2.391771452281811 -4.225752921804458 -6
      vertex 3.4723139563725134 -4.803314923109093 20
      vertex 2.391771452281811 -4.225752921804458 20
    endloop
  endfacet
  facet normal -0.8819212643483549 0.471396736825998 0
    outer loop
      vertex 5.196685076890907 -13.472313956372513 -6
      vertex 5.196685076890907 -13.472313956372513 20
      vertex 5.774247078195542 -12.39177145228181 -6
    endloop
  endfacet
  facet normal -0.9569403357322088 0.2902846772544626 0
    outer loop
      vertex 5.774247078195542 -12.39177145228181 -6
      vertex 5.774247078195542 -12.39177145228181 20
      vertex 6.129908002520191 -11.219314512600802 -6
    endloop
  endfacet
  facet normal -0.9951847266721969 0.09801714032956034 0
    outer loop
      vertex 6.129908002520191 -11.219314512600802 -6
      vertex 6.129908002520191 -11.219314512600802 20
      vertex 6.25 -10 -6
    endloop
  endfacet
  facet normal -0.8819212643483549 0.471396736825998 0
    outer loop
      vertex 5.774247078195542 -12.39177145228181 -6
      vertex 5.196685076890907 -13.472313956372513 20
      vertex 5.774247078195542 -12.39177145228181 20
    endloop
  endfacet
  facet normal -0.9569403357322088 0.2902846772544626 0
    outer loop
      vertex 6.129908002520191 -11.219314512600802 -6
      vertex 5.774247078195542 -12.39177145228181 20
      vertex 6.129908002520191 -11.219314512600802 20
    endloop
  endfacet
  facet normal -0.9951847266721969 0.09801714032956034 0
    outer loop
      vertex 6.25 -10 -6
      vertex 6.129908002520191 -11.219314512600802 20
      vertex 6.25 -10 20
    endloop
  endfacet
  facet normal -0.9951847266721969 -0.09801714032956034 0
    outer loop
      vertex 6.25 -10 -6
      vertex 6.25 -10 20
      vertex 6.129908002520191 -8.780685487399198 -6
    endloop
  endfacet
  facet normal -0.9569403357322088 -0.2902846772544626 0
    outer loop
      vertex 6.129908002520191 -8.780685487399198 -6
      vertex 6.129908002520191 -8.780685487399198 20
      vertex 5.774247078195542 -7.6082285477181895 -6
    endloop
  endfacet
  facet normal -0.8819212643483549 -0.471396736825998 0
    outer loop
      vertex 5.774247078195542 -7.6082285477181895 -6
      vertex 5.774247078195542 -7.6082285477181895 20
      vertex 5.196685076890907 -6.527686043627487 -6
    endloop
  endfacet
  facet normal -0.9951847266721969 -0.09801714032956034 0
    outer loop
      vertex 6.129908002520191 -8.780685487399198 -6
      vertex 6.25 -10 20
      vertex 6.129908002520191 -8.780685487399198 20
    endloop
  endfacet
  facet normal -0.9569403357322088 -0.2902846772544626 0
    outer loop
      vertex 5.774247078195542 -7.6082285477181895 -6
      vertex 6.129908002520191 -8.780685487399198 20
      vertex 5.774247078195542 -7.6082285477181895 20
    endloop
  endfacet
  facet normal -0.8819212643483549 -0.471396736825998 0
    outer loop
      vertex 5.196685076890907 -6.527686043627487 -6
      vertex 5.774247078195542 -7.6082285477181895 20
      vertex 5.196685076890907 -6.527686043627487 20
    endloop
  endfacet
  facet normal 1 0 0
    outer loop
      vertex 4 3.8700919974798094 8.780685487399198
      vertex 4 4.225752921804458 7.6082285477181895
      vertex 4 4.225752921804458 12.39177145228181
    endloop
  endfacet
  facet normal 1 0 0
    outer loop
      vertex 4 4.803314923109093 6.527686043627487
      vertex 4 4.803314923109093 13.472313956372513
      vertex 4 4.225752921804458 7.6082285477181895
    endloop
  endfacet
  facet normal 1 0 0
    outer loop
      vertex 4 6.527686043627487 4.803314923109093
      vertex 4 6.527686043627487 15.196685076890908
      vertex 4 5.580582617584078 5.580582617584078
    endloop
  endfacet
  facet normal 1 0 0
    outer loop
      vertex 4 4.803314923109093 6.527686043627487
      vertex 4 5.580582617584078 5.580582617584078
      vertex 4 5.580582617584078 14.419417382415922
    endloop
  endfacet
  facet normal 1 0 0
    outer loop
      vertex 4 6.527686043627487 4.803314923109093
      vertex 4 7.6082285477181895 4.225752921804458
      vertex 4 7.6082285477181895 15.774247078195543
    endloop
  endfacet
  facet normal 1 0 0
    outer loop
      vertex 4 7.6082285477181895 4.225752921804458
      vertex 4 8.780685487399198 3.8700919974798094
      vertex 4 8.743918600445069 8.120141339049157
    endloop
  endfacet
  facet normal 1 0 0
    outer loop
      vertex 4 7.6082285477181895 4.225752921804458
      vertex 4 8.401311620818527 8.401311620818527
      vertex 4 8.120141339049157 8.743918600445069
    endloop
  endfacet
  facet normal 1 0 0
    outer loop
      vertex 4 7.6082285477181895 4.225752921804458
      vertex 4 8.120141339049157 8.743918600445069
      vertex 4 7.911212971383246 9.134796083837943
    endloop
  endfacet
  facet normal 1 0 0
    outer loop
      vertex 4 7.6082285477181895 4.225752921804458
      vertex 4 8.743918600445069 8.120141339049157
      vertex 4 8.401311620818527 8.401311620818527
    endloop
  endfacet
  facet normal 1 0 0
    outer loop
      vertex 4 8.780685487399198 3.8700919974798094
      vertex 4 10 3.75
      vertex 4 10 7.739113212153299
    endloop
  endfacet
  facet normal 1 0 0
    outer loop
      vertex 4 8.780685487399198 3.8700919974798094
      vertex 4 9.134796083837943 7.911212971383246
      vertex 4 8.743918600445069 8.120141339049157
    endloop
  endfacet
  facet normal 1 0 0
    outer loop
      vertex 4 8.780685487399198 3.8700919974798094
      vertex 4 9.558922868516976 7.782555517821815
      vertex 4 9.134796083837943 7.911212971383246
    endloop
  endfacet
  facet normal 1 0 0
    outer loop
      vertex 4 8.780685487399198 3.8700919974798094
      vertex 4 10 7.739113212153299
      vertex 4 9.558922868516976 7.782555517821815
    endloop
  endfacet
  facet normal 1 0 0
    outer loop
      vertex 4 7.6082285477181895 4.225752921804458
      vertex 4 7.911212971383246 9.134796083837943
      vertex 4 7.782555517821815 9.558922868516976
    endloop
  endfacet
  facet normal 1 0 0
    outer loop
      vertex 4 7.6082285477181895 4.225752921804458
      vertex 4 7.782555517821815 9.558922868516976
      vertex 4 7.739113212153299 10
    endloop
  endfacet
  facet normal 1 0 0
    outer loop
      vertex 4 3.75 10
      vertex 4 3.8700919974798094 8.780685487399198
      vertex 4 3.8700919974798094 11.219314512600802
    endloop
  endfacet
  facet normal 1 0 0
    outer loop
      vertex 4 3.8700919974798094 8.780685487399198
      vertex 4 4.225752921804458 12.39177145228181
      vertex 4 3.8700919974798094 11.219314512600802
    endloop
  endfacet
  facet normal 1 0 0
    outer loop
      vertex 4 4.225752921804458 7.6082285477181895
      vertex 4 4.803314923109093 13.472313956372513
      vertex 4 4.225752921804458 12.39177145228181
    endloop
  endfacet
  facet normal 1 0 0
    outer loop
      vertex 4 4.803314923109093 6.527686043627487
      vertex 4 5.580582617584078 14.419417382415922
      vertex 4 4.803314923109093 13.472313956372513
    endloop
  endfacet
  facet normal 1 0 0
    outer loop
      vertex 4 5.580582617584078 5.580582617584078
      vertex 4 6.527686043627487 15.196685076890908
      vertex 4 5.580582617584078 14.419417382415922
    endloop
  endfacet
  facet normal 1 0 0
    outer loop
      vertex 4 6.527686043627487 4.803314923109093
      vertex 4 7.6082285477181895 15.774247078195543
      vertex 4 6.527686043627487 15.196685076890908
    endloop
  endfacet
  facet normal 1 0 0
    outer loop
      vertex 4 7.6082285477181895 4.225752921804458
      vertex 4 7.739113212153299 10
      vertex 4 7.6082285477181895 15.774247078195543
    endloop
  endfacet
  facet normal 1 0 0
    outer loop
      vertex 4 7.739113212153299 10
      vertex 4 7.782555517821815 10.441077131483024
      vertex 4 7.6082285477181895 15.774247078195543
    endloop
  endfacet
  facet normal 1 0 0
    outer loop
      vertex 4 7.782555517821815 10.441077131483024
      vertex 4 7.911212971383246 10.865203916162057
      vertex 4 7.6082285477181895 15.774247078195543
    endloop
  endfacet
  facet normal 1 0 0
    outer loop
      vertex 4 7.911212971383246 10.865203916162057
      vertex 4 8.120141339049157 11.256081399554931
      vertex 4 7.6082285477181895 15.774247078195543
    endloop
  endfacet
  facet normal 1 0 0
    outer loop
      vertex 4 8.120141339049157 11.256081399554931
      vertex 4 8.401311620818527 11.598688379181473
      vertex 4 7.6082285477181895 15.774247078195543
    endloop
  endfacet
  facet normal 1 0 0
    outer loop
      vertex 4 8.401311620818527 11.598688379181473
      vertex 4 8.743918600445069 11.879858660950843
      vertex 4 8.780685487399198 16.12990800252019
    endloop
  endfacet
  facet normal 1 0 0
    outer loop
      vertex 4 8.401311620818527 11.598688379181473
      vertex 4 8.780685487399198 16.12990800252019
      vertex 4 7.6082285477181895 15.774247078195543
    endloop
  endfacet
  facet normal 1 0 0
    outer loop
      vertex 4 8.743918600445069 11.879858660950843
      vertex 4 9.134796083837943 12.088787028616753
      vertex 4 8.780685487399198 16.12990800252019
    endloop
  endfacet
  facet normal 1 0 0
    outer loop
      vertex 4 9.134796083837943 12.088787028616753
      vertex 4 9.558922868516976 12.217444482178184
      vertex 4 8.780685487399198 16.12990800252019
    endloop
  endfacet
  facet normal 1 0 0
    outer loop
      vertex 4 9.558922868516976 12.217444482178184
      vertex 4 10 12.260886787846701
      vertex 4 8.780685487399198 16.12990800252019
    endloop
  endfacet
  facet normal 1 0 0
    outer loop
      vertex 4 10 12.260886787846701
      vertex 4 10 16.25
      vertex 4 8.780685487399198 16.12990800252019
    endloop
  endfacet
  facet normal 1 0 0
    outer loop
      vertex 4 10 3.75
      vertex 4 11.219314512600802 3.8700919974798094
      vertex 4 10 7.739113212153299
    endloop
  endfacet
  facet normal 1 0 0
    outer loop
      vertex 4 11.219314512600802 3.8700919974798094
      vertex 4 10.441077131483024 7.782555517821815
      vertex 4 10 7.739113212153299
    endloop
  endfacet
  facet normal 1 0 0
    outer loop
      vertex 4 11.219314512600802 3.8700919974798094
      vertex 4 10.865203916162057 7.911212971383246
      vertex 4 10.441077131483024 7.782555517821815
    endloop
  endfacet
  facet normal 1 0 0
    outer loop
      vertex 4 11.219314512600802 3.8700919974798094
      vertex 4 11.256081399554931 8.120141339049157
      vertex 4 10.865203916162057 7.911212971383246
    endloop
  endfacet
  facet normal 1 0 0
    outer loop
      vertex 4 11.219314512600802 3.8700919974798094
      vertex 4 12.39177145228181 4.225752921804458
      vertex 4 11.598688379181473 8.401311620818527
    endloop
  endfacet
  facet normal 1 0 0
    outer loop
      vertex 4 11.219314512600802 3.8700919974798094
      vertex 4 11.598688379181473 8.401311620818527
      vertex 4 11.256081399554931 8.120141339049157
    endloop
  endfacet
  facet normal 1 0 0
    outer loop
      vertex 4 11.598688379181473 8.401311620818527
      vertex 4 12.39177145228181 4.225752921804458
      vertex 4 11.879858660950843 8.743918600445069
    endloop
  endfacet
  facet normal 1 0 0
    outer loop
      vertex 4 11.879858660950843 8.743918600445069
      vertex 4 12.39177145228181 4.225752921804458
      vertex 4 12.088787028616753 9.134796083837943
    endloop
  endfacet
  facet normal 1 0 0
    outer loop
      vertex 4 12.088787028616753 9.134796083837943
      vertex 4 12.39177145228181 4.225752921804458
      vertex 4 12.217444482178184 9.558922868516976
    endloop
  endfacet
  facet normal 1 0 0
    outer loop
      vertex 4 12.39177145228181 4.225752921804458
      vertex 4 12.260886787846701 10
      vertex 4 12.217444482178184 9.558922868516976
    endloop
  endfacet
  facet normal 1 0 0
    outer loop
      vertex 4 12.39177145228181 4.225752921804458
      vertex 4 13.472313956372513 4.803314923109093
      vertex 4 13.472313956372513 15.196685076890908
    endloop
  endfacet
  facet normal 1 0 0
    outer loop
      vertex 4 13.472313956372513 4.803314923109093
      vertex 4 14.419417382415922 5.580582617584078
      vertex 4 14.419417382415922 14.419417382415922
    endloop
  endfacet
  facet normal 1 0 0
    outer loop
      vertex 4 14.419417382415922 5.580582617584078
      vertex 4 15.196685076890908 6.527686043627487
      vertex 4 15.196685076890908 13.472313956372513
    endloop
  endfacet
  facet normal 1 0 0
    outer loop
      vertex 4 15.196685076890908 6.527686043627487
      vertex 4 15.774247078195543 7.6082285477181895
      vertex 4 15.774247078195543 12.39177145228181
    endloop
  endfacet
  facet normal 1 0 0
    outer loop
      vertex 4 15.774247078195543 7.6082285477181895
      vertex 4 16.12990800252019 8.780685487399198
      vertex 4 16.12990800252019 11.219314512600802
    endloop
  endfacet
  facet normal 1 0 0
    outer loop
      vertex 4 12.39177145228181 4.225752921804458
      vertex 4 12.39177145228181 15.774247078195543
      vertex 4 12.260886787846701 10
    endloop
  endfacet
  facet normal 1 0 0
    outer loop
      vertex 4 12.260886787846701 10
      vertex 4 12.39177145228181 15.774247078195543
      vertex 4 12.217444482178184 10.441077131483024
    endloop
  endfacet
  facet normal 1 0 0
    outer loop
      vertex 4 12.088787028616753 10.865203916162057
      vertex 4 12.217444482178184 10.441077131483024
      vertex 4 12.39177145228181 15.774247078195543
    endloop
  endfacet
  facet normal 1 0 0
    outer loop
      vertex 4 10 12.260886787846701
      vertex 4 10.441077131483024 12.217444482178184
      vertex 4 11.219314512600802 16.12990800252019
    endloop
  endfacet
  facet normal 1 0 0
    outer loop
      vertex 4 10.441077131483024 12.217444482178184
      vertex 4 10.865203916162057 12.088787028616753
      vertex 4 11.219314512600802 16.12990800252019
    endloop
  endfacet
  facet normal 1 0 0
    outer loop
      vertex 4 10.865203916162057 12.088787028616753
      vertex 4 11.256081399554931 11.879858660950843
      vertex 4 11.219314512600802 16.12990800252019
    endloop
  endfacet
  facet normal 1 0 0
    outer loop
      vertex 4 10 12.260886787846701
      vertex 4 11.219314512600802 16.12990800252019
      vertex 4 10 16.25
    endloop
  endfacet
  facet normal 1 0 0
    outer loop
      vertex 4 11.256081399554931 11.879858660950843
      vertex 4 11.598688379181473 11.598688379181473
      vertex 4 12.39177145228181 15.774247078195543
    endloop
  endfacet
  facet normal 1 0 0
    outer loop
      vertex 4 12.088787028616753 10.865203916162057
      vertex 4 12.39177145228181 15.774247078195543
      vertex 4 11.879858660950843 11.256081399554931
    endloop
  endfacet
  facet normal 1 0 0
    outer loop
      vertex 4 11.598688379181473 11.598688379181473
      vertex 4 11.879858660950843 11.256081399554931
      vertex 4 12.39177145228181 15.774247078195543
    endloop
  endfacet
  facet normal 1 0 0
    outer loop
      vertex 4 11.256081399554931 11.879858660950843
      vertex 4 12.39177145228181 15.774247078195543
      vertex 4 11.219314512600802 16.12990800252019
    endloop
  endfacet
  facet normal 1 0 0
    outer loop
      vertex 4 12.39177145228181 4.225752921804458
      vertex 4 13.472313956372513 15.196685076890908
      vertex 4 12.39177145228181 15.774247078195543
    endloop
  endfacet
  facet normal 1 0 0
    outer loop
      vertex 4 14.419417382415922 5.580582617584078
      vertex 4 15.196685076890908 13.472313956372513
      vertex 4 14.419417382415922 14.419417382415922
    endloop
  endfacet
  facet normal 1 0 0
    outer loop
      vertex 4 13.472313956372513 4.803314923109093
      vertex 4 14.419417382415922 14.419417382415922
      vertex 4 13.472313956372513 15.196685076890908
    endloop
  endfacet
  facet normal 1 0 0
    outer loop
      vertex 4 15.196685076890908 6.527686043627487
      vertex 4 15.774247078195543 12.39177145228181
      vertex 4 15.196685076890908 13.472313956372513
    endloop
  endfacet
  facet normal 1 0 0
    outer loop
      vertex 4 15.774247078195543 7.6082285477181895
      vertex 4 16.12990800252019 11.219314512600802
      vertex 4 15.774247078195543 12.39177145228181
    endloop
  endfacet
  facet normal 1 0 0
    outer loop
      vertex 4 16.12990800252019 8.780685487399198
      vertex 4 16.25 10
      vertex 4 16.12990800252019 11.219314512600802
    endloop
  endfacet
  facet normal 0 0.8819212643483548 0.471396736825998
    outer loop
      vertex 4 4.803314923109093 6.527686043627487
      vertex 4 4.225752921804458 7.6082285477181895
      vertex 10 4.225752921804458 7.6082285477181895
    endloop
  endfacet
  facet normal 0 0.9569403357322088 0.2902846772544626
    outer loop
      vertex 4 3.8700919974798094 8.780685487399198
      vertex 10 3.8700919974798094 8.780685487399198
      vertex 4 4.225752921804458 7.6082285477181895
    endloop
  endfacet
  facet normal 0 0.9951847266721968 0.09801714032956034
    outer loop
      vertex 4 3.75 10
      vertex 10 3.75 10
      vertex 4 3.8700919974798094 8.780685487399198
    endloop
  endfacet
  facet normal 0 0.471396736825998 0.8819212643483548
    outer loop
      vertex 4 6.527686043627487 4.803314923109093
      vertex 10 6.527686043627487 4.803314923109093
      vertex 4 7.6082285477181895 4.225752921804458
    endloop
  endfacet
  facet normal 0 0.2902846772544626 0.9569403357322088
    outer loop
      vertex 4 7.6082285477181895 4.225752921804458
      vertex 10 7.6082285477181895 4.225752921804458
      vertex 4 8.780685487399198 3.8700919974798094
    endloop
  endfacet
  facet normal 0 0.09801714032956034 0.9951847266721968
    outer loop
      vertex 4 8.780685487399198 3.8700919974798094
      vertex 10 8.780685487399198 3.8700919974798094
      vertex 4 10 3.75
    endloop
  endfacet
  facet normal 0 0.7730104533627373 0.6343932841636449
    outer loop
      vertex 4 4.803314923109093 6.527686043627487
      vertex 10 4.803314923109093 6.527686043627487
      vertex 4 5.580582617584078 5.580582617584078
    endloop
  endfacet
  facet normal 0 0.6343932841636449 0.7730104533627373
    outer loop
      vertex 4 6.527686043627487 4.803314923109093
      vertex 4 5.580582617584078 5.580582617584078
      vertex 10 5.580582617584078 5.580582617584078
    endloop
  endfacet
  facet normal 0 0.8819212643483548 0.471396736825998
    outer loop
      vertex 4 4.803314923109093 6.527686043627487
      vertex 10 4.225752921804458 7.6082285477181895
      vertex 10 4.803314923109093 6.527686043627487
    endloop
  endfacet
  facet normal 0 0.9569403357322088 0.2902846772544626
    outer loop
      vertex 4 4.225752921804458 7.6082285477181895
      vertex 10 3.8700919974798094 8.780685487399198
      vertex 10 4.225752921804458 7.6082285477181895
    endloop
  endfacet
  facet normal 0 0.9951847266721968 0.09801714032956034
    outer loop
      vertex 4 3.8700919974798094 8.780685487399198
      vertex 10 3.75 10
      vertex 10 3.8700919974798094 8.780685487399198
    endloop
  endfacet
  facet normal 0 0.471396736825998 0.8819212643483548
    outer loop
      vertex 4 7.6082285477181895 4.225752921804458
      vertex 10 6.527686043627487 4.803314923109093
      vertex 10 7.6082285477181895 4.225752921804458
    endloop
  endfacet
  facet normal 0 0.2902846772544626 0.9569403357322088
    outer loop
      vertex 4 8.780685487399198 3.8700919974798094
      vertex 10 7.6082285477181895 4.225752921804458
      vertex 10 8.780685487399198 3.8700919974798094
    endloop
  endfacet
  facet normal 0 0.09801714032956034 0.9951847266721968
    outer loop
      vertex 4 10 3.75
      vertex 10 8.780685487399198 3.8700919974798094
      vertex 10 10 3.75
    endloop
  endfacet
  facet normal 0 0.7730104533627373 0.6343932841636449
    outer loop
      vertex 4 5.580582617584078 5.580582617584078
      vertex 10 4.803314923109093 6.527686043627487
      vertex 10 5.580582617584078 5.580582617584078
    endloop
  endfacet
  facet normal 0 0.6343932841636449 0.7730104533627373
    outer loop
      vertex 4 6.527686043627487 4.803314923109093
      vertex 10 5.580582617584078 5.580582617584078
      vertex 10 6.527686043627487 4.803314923109093
    endloop
  endfacet
  facet normal 0 0.9951847266721968 -0.09801714032956034
    outer loop
      vertex 4 3.75 10
      vertex 4 3.8700919974798094 11.219314512600802
      vertex 10 3.8700919974798094 11.219314512600802
    endloop
  endfacet
  facet normal 0 0.9569403357322088 -0.2902846772544626
    outer loop
      vertex 4 3.8700919974798094 11.219314512600802
      vertex 4 4.225752921804458 12.39177145228181
      vertex 10 4.225752921804458 12.39177145228181
    endloop
  endfacet
  facet normal 0 0.8819212643483548 -0.471396736825998
    outer loop
      vertex 4 4.225752921804458 12.39177145228181
      vertex 4 4.803314923109093 13.472313956372513
      vertex 10 4.803314923109093 13.472313956372513
    endloop
  endfacet
  facet normal 0 0.7730104533627373 -0.6343932841636449
    outer loop
      vertex 4 4.803314923109093 13.472313956372513
      vertex 4 5.580582617584078 14.419417382415922
      vertex 10 5.580582617584078 14.419417382415922
    endloop
  endfacet
  facet normal 0 0.6343932841636454 -0.773010453362737
    outer loop
      vertex 4 5.580582617584078 14.419417382415922
      vertex 4 6.527686043627487 15.196685076890908
      vertex 10 6.527686043627487 15.196685076890908
    endloop
  endfacet
  facet normal 0 0.471396736825998 -0.8819212643483548
    outer loop
      vertex 4 6.527686043627487 15.196685076890908
      vertex 4 7.6082285477181895 15.774247078195543
      vertex 10 7.6082285477181895 15.774247078195543
    endloop
  endfacet
  facet normal 0 0.2902846772544606 -0.9569403357322094
    outer loop
      vertex 4 7.6082285477181895 15.774247078195543
      vertex 4 8.780685487399198 16.12990800252019
      vertex 10 8.780685487399198 16.12990800252019
    endloop
  endfacet
  facet normal 0 0.09801714032956178 -0.9951847266721967
    outer loop
      vertex 4 8.780685487399198 16.12990800252019
      vertex 4 10 16.25
      vertex 10 10 16.25
    endloop
  endfacet
  facet normal 0 0.9951847266721968 -0.09801714032956034
    outer loop
      vertex 4 3.75 10
      vertex 10 3.8700919974798094 11.219314512600802
      vertex 10 3.75 10
    endloop
  endfacet
  facet normal 0 0.9569403357322088 -0.2902846772544626
    outer loop
      vertex 4 3.8700919974798094 11.219314512600802
      vertex 10 4.225752921804458 12.39177145228181
      vertex 10 3.8700919974798094 11.219314512600802
    endloop
  endfacet
  facet normal 0 0.8819212643483548 -0.471396736825998
    outer loop
      vertex 4 4.225752921804458 12.39177145228181
      vertex 10 4.803314923109093 13.472313956372513
      vertex 10 4.225752921804458 12.39177145228181
    endloop
  endfacet
  facet normal 0 0.7730104533627373 -0.6343932841636449
    outer loop
      vertex 4 4.803314923109093 13.472313956372513
      vertex 10 5.580582617584078 14.419417382415922
      vertex 10 4.803314923109093 13.472313956372513
    endloop
  endfacet
  facet normal 0 0.6343932841636454 -0.773010453362737
    outer loop
      vertex 4 5.580582617584078 14.419417382415922
      vertex 10 6.527686043627487 15.196685076890908
      vertex 10 5.580582617584078 14.419417382415922
    endloop
  endfacet
  facet normal 0 0.471396736825998 -0.8819212643483548
    outer loop
      vertex 4 6.527686043627487 15.196685076890908
      vertex 10 7.6082285477181895 15.774247078195543
      vertex 10 6.527686043627487 15.196685076890908
    endloop
  endfacet
  facet normal 0 0.2902846772544606 -0.9569403357322094
    outer loop
      vertex 4 7.6082285477181895 15.774247078195543
      vertex 10 8.780685487399198 16.12990800252019
      vertex 10 7.6082285477181895 15.774247078195543
    endloop
  endfacet
  facet normal 0 0.09801714032956178 -0.9951847266721967
    outer loop
      vertex 4 8.780685487399198 16.12990800252019
      vertex 10 10 16.25
      vertex 10 8.780685487399198 16.12990800252019
    endloop
  endfacet
  facet normal 0 -0.09801714032956034 0.9951847266721968
    outer loop
      vertex 4 10 3.75
      vertex 10 10 3.75
      vertex 4 11.219314512600802 3.8700919974798094
    endloop
  endfacet
  facet normal 0 -0.2902846772544626 0.9569403357322088
    outer loop
      vertex 4 11.219314512600802 3.8700919974798094
      vertex 10 11.219314512600802 3.8700919974798094
      vertex 4 12.39177145228181 4.225752921804458
    endloop
  endfacet
  facet normal 0 -0.471396736825998 0.8819212643483548
    outer loop
      vertex 4 12.39177145228181 4.225752921804458
      vertex 10 12.39177145228181 4.225752921804458
      vertex 4 13.472313956372513 4.803314923109093
    endloop
  endfacet
  facet normal 0 -0.6343932841636449 0.7730104533627373
    outer loop
      vertex 4 13.472313956372513 4.803314923109093
      vertex 10 13.472313956372513 4.803314923109093
      vertex 4 14.419417382415922 5.580582617584078
    endloop
  endfacet
  facet normal 0 -0.773010453362737 0.6343932841636454
    outer loop
      vertex 4 14.419417382415922 5.580582617584078
      vertex 10 14.419417382415922 5.580582617584078
      vertex 4 15.196685076890908 6.527686043627487
    endloop
  endfacet
  facet normal 0 -0.8819212643483548 0.471396736825998
    outer loop
      vertex 4 15.196685076890908 6.527686043627487
      vertex 10 15.196685076890908 6.527686043627487
      vertex 4 15.774247078195543 7.6082285477181895
    endloop
  endfacet
  facet normal 0 -0.9569403357322094 0.2902846772544606
    outer loop
      vertex 4 15.774247078195543 7.6082285477181895
      vertex 10 15.774247078195543 7.6082285477181895
      vertex 4 16.12990800252019 8.780685487399198
    endloop
  endfacet
  facet normal 0 -0.9951847266721967 0.09801714032956178
    outer loop
      vertex 4 16.12990800252019 8.780685487399198
      vertex 10 16.12990800252019 8.780685487399198
      vertex 4 16.25 10
    endloop
  endfacet
  facet normal 0 -0.09801714032956034 0.9951847266721968
    outer loop
      vertex 4 11.219314512600802 3.8700919974798094
      vertex 10 10 3.75
      vertex 10 11.219314512600802 3.8700919974798094
    endloop
  endfacet
  facet normal 0 -0.2902846772544626 0.9569403357322088
    outer loop
      vertex 4 12.39177145228181 4.225752921804458
      vertex 10 11.219314512600802 3.8700919974798094
      vertex 10 12.39177145228181 4.225752921804458
    endloop
  endfacet
  facet normal 0 -0.471396736825998 0.8819212643483548
    outer loop
      vertex 4 13.472313956372513 4.803314923109093
      vertex 10 12.39177145228181 4.225752921804458
      vertex 10 13.472313956372513 4.803314923109093
    endloop
  endfacet
  facet normal 0 -0.6343932841636449 0.7730104533627373
    outer loop
      vertex 4 14.419417382415922 5.580582617584078
      vertex 10 13.472313956372513 4.803314923109093
      vertex 10 14.419417382415922 5.580582617584078
    endloop
  endfacet
  facet normal 0 -0.773010453362737 0.6343932841636454
    outer loop
      vertex 4 15.196685076890908 6.527686043627487
      vertex 10 14.419417382415922 5.580582617584078
      vertex 10 15.196685076890908 6.527686043627487
    endloop
  endfacet
  facet normal 0 -0.8819212643483548 0.471396736825998
    outer loop
      vertex 4 15.774247078195543 7.6082285477181895
      vertex 10 15.196685076890908 6.527686043627487
      vertex 10 15.774247078195543 7.6082285477181895
    endloop
  endfacet
  facet normal 0 -0.9569403357322094 0.2902846772544606
    outer loop
      vertex 4 16.12990800252019 8.780685487399198
      vertex 10 15.774247078195543 7.6082285477181895
      vertex 10 16.12990800252019 8.780685487399198
    endloop
  endfacet
  facet normal 0 -0.9951847266721967 0.09801714032956178
    outer loop
      vertex 4 16.25 10
      vertex 10 16.12990800252019 8.780685487399198
      vertex 10 16.25 10
    endloop
  endfacet
  facet normal 0 -0.6343932841636454 -0.773010453362737
    outer loop
      vertex 4 14.419417382415922 14.419417382415922
      vertex 10 14.419417382415922 14.419417382415922
      vertex 4 13.472313956372513 15.196685076890908
    endloop
  endfacet
  facet normal 0 -0.773010453362737 -0.6343932841636454
    outer loop
      vertex 4 14.419417382415922 14.419417382415922
      vertex 4 15.196685076890908 13.472313956372513
      vertex 10 15.196685076890908 13.472313956372513
    endloop
  endfacet
  facet normal 0 -0.09801714032956178 -0.9951847266721967
    outer loop
      vertex 4 10 16.25
      vertex 4 11.219314512600802 16.12990800252019
      vertex 10 11.219314512600802 16.12990800252019
    endloop
  endfacet
  facet normal 0 -0.2902846772544606 -0.9569403357322094
    outer loop
      vertex 4 11.219314512600802 16.12990800252019
      vertex 4 12.39177145228181 15.774247078195543
      vertex 10 12.39177145228181 15.774247078195543
    endloop
  endfacet
  facet normal 0 -0.471396736825998 -0.8819212643483548
    outer loop
      vertex 4 12.39177145228181 15.774247078195543
      vertex 4 13.472313956372513 15.196685076890908
      vertex 10 13.472313956372513 15.196685076890908
    endloop
  endfacet
  facet normal 0 -0.9951847266721967 -0.09801714032956178
    outer loop
      vertex 4 16.25 10
      vertex 10 16.25 10
      vertex 4 16.12990800252019 11.219314512600802
    endloop
  endfacet
  facet normal 0 -0.9569403357322094 -0.2902846772544606
    outer loop
      vertex 4 16.12990800252019 11.219314512600802
      vertex 10 16.12990800252019 11.219314512600802
      vertex 4 15.774247078195543 12.39177145228181
    endloop
  endfacet
  facet normal 0 -0.8819212643483548 -0.471396736825998
    outer loop
      vertex 4 15.196685076890908 13.472313956372513
      vertex 4 15.774247078195543 12.39177145228181
      vertex 10 15.774247078195543 12.39177145228181
    endloop
  endfacet
  facet normal 0 -0.6343932841636454 -0.773010453362737
    outer loop
      vertex 4 13.472313956372513 15.196685076890908
      vertex 10 14.419417382415922 14.419417382415922
      vertex 10 13.472313956372513 15.196685076890908
    endloop
  endfacet
  facet normal 0 -0.773010453362737 -0.6343932841636454
    outer loop
      vertex 4 14.419417382415922 14.419417382415922
      vertex 10 15.196685076890908 13.472313956372513
      vertex 10 14.419417382415922 14.419417382415922
    endloop
  endfacet
  facet normal 0 -0.09801714032956178 -0.9951847266721967
    outer loop
      vertex 4 10 16.25
      vertex 10 11.219314512600802 16.12990800252019
      vertex 10 10 16.25
    endloop
  endfacet
  facet normal 0 -0.2902846772544606 -0.9569403357322094
    outer loop
      vertex 4 11.219314512600802 16.12990800252019
      vertex 10 12.39177145228181 15.774247078195543
      vertex 10 11.219314512600802 16.12990800252019
    endloop
  endfacet
  facet normal 0 -0.471396736825998 -0.8819212643483548
    outer loop
      vertex 4 12.39177145228181 15.774247078195543
      vertex 10 13.472313956372513 15.196685076890908
      vertex 10 12.39177145228181 15.774247078195543
    endloop
  endfacet
  facet normal 0 -0.9951847266721967 -0.09801714032956178
    outer loop
      vertex 4 16.12990800252019 11.219314512600802
      vertex 10 16.25 10
      vertex 10 16.12990800252019 11.219314512600802
    endloop
  endfacet
  facet normal 0 -0.9569403357322094 -0.2902846772544606
    outer loop
      vertex 4 15.774247078195543 12.39177145228181
      vertex 10 16.12990800252019 11.219314512600802
      vertex 10 15.774247078195543 12.39177145228181
    endloop
  endfacet
  facet normal 0 -0.8819212643483548 -0.471396736825998
    outer loop
      vertex 4 15.196685076890908 13.472313956372513
      vertex 10 15.774247078195543 12.39177145228181
      vertex 10 15.196685076890908 13.472313956372513
    endloop
  endfacet
  facet normal -0.5773502691896258 -0.5773502691896258 -0.5773502691896258
    outer loop
      vertex -10 -19 -19
      vertex -9 -19 -20
      vertex -9 -20 -19
    endloop
  endfacet
  facet normal -0.7071067811865475 -0.7071067811865475 0
    outer loop
      vertex -10 -19 -19
      vertex -9 -20 -19
      vertex -10 -19 19
    endloop
  endfacet
  facet normal -0.7071067811865475 0 -0.7071067811865475
    outer loop
      vertex -10 -19 -19
      vertex -10 19 -19
      vertex -9 -19 -20
    endloop
  endfacet
  facet normal -1 0 0
    outer loop
      vertex -10 -19 -19
      vertex -10 -19 19
      vertex -10 19 -19
    endloop
  endfacet
  facet normal 0 -0.7071067811865476 -0.7071067811865476
    outer loop
      vertex -9 -20 -19
      vertex -9 -19 -20
      vertex 9 -19 -20
    endloop
  endfacet
  facet normal 0 0 -1
    outer loop
      vertex -9 -19 -20
      vertex -2.2608867878467005 -10 -20
      vertex -2.217444482178185 -10.441077131483024 -20
    endloop
  endfacet
  facet normal 0 0 -1
    outer loop
      vertex -9 -19 -20
      vertex -2.217444482178185 -10.441077131483024 -20
      vertex -2.0887870286167542 -10.865203916162057 -20
    endloop
  endfacet
  facet normal 0 0 -1
    outer loop
      vertex -9 -19 -20
      vertex -2.217444482178185 -9.558922868516976 -20
      vertex -2.2608867878467005 -10 -20
    endloop
  endfacet
  facet normal 0 0 -1
    outer loop
      vertex -9 -19 -20
      vertex -2.0887870286167542 -9.134796083837943 -20
      vertex -2.217444482178185 -9.558922868516976 -20
    endloop
  endfacet
  facet normal 0 0 -1
    outer loop
      vertex -9 -19 -20
      vertex -1.879858660950843 -11.256081399554931 -20
      vertex -1.5986883791814732 -11.598688379181473 -20
    endloop
  endfacet
  facet normal 0 0 -1
    outer loop
      vertex -9 -19 -20
      vertex -1.5986883791814732 -11.598688379181473 -20
      vertex -1.2560813995549314 -11.879858660950843 -20
    endloop
  endfacet
  facet normal 0 0 -1
    outer loop
      vertex -9 -19 -20
      vertex -2.0887870286167542 -10.865203916162057 -20
      vertex -1.879858660950843 -11.256081399554931 -20
    endloop
  endfacet
  facet normal 0 0 -1
    outer loop
      vertex -9 -19 -20
      vertex -1.2560813995549314 -11.879858660950843 -20
      vertex -0.8652039161620579 -12.088787028616753 -20
    endloop
  endfacet
  facet normal 0 0 -1
    outer loop
      vertex -9 -19 -20
      vertex -0.8652039161620579 -12.088787028616753 -20
      vertex 9 -19 -20
    endloop
  endfacet
  facet normal 0 0 -1
    outer loop
      vertex -9 -19 -20
      vertex 9 19 -20
      vertex -2.0887870286167542 -9.134796083837943 -20
    endloop
  endfacet
  facet normal -0.7071067811865475 -0.7071067811865475 0
    outer loop
      vertex -9 -20 -19
      vertex -9 -20 19
      vertex -10 -19 19
    endloop
  endfacet
  facet normal -0.5773502691896258 -0.5773502691896258 0.5773502691896258
    outer loop
      vertex -10 -19 19
      vertex -9 -20 19
      vertex -9 -19 20
    endloop
  endfacet
  facet normal 0 0 1
    outer loop
      vertex -9 -19 20
      vertex -4.419417382415922 -14.419417382415922 20
      vertex -5.196685076890907 -13.472313956372513 20
    endloop
  endfacet
  facet normal 0 0 1
    outer loop
      vertex -9 -19 20
      vertex -3.4723139563725134 -15.196685076890908 20
      vertex -4.419417382415922 -14.419417382415922 20
    endloop
  endfacet
  facet normal 0 0 1
    outer loop
      vertex -9 -19 20
      vertex -5.774247078195542 -12.39177145228181 20
      vertex -6.129908002520191 -11.219314512600802 20
    endloop
  endfacet
  facet normal 0 0 1
    outer loop
      vertex -9 -19 20
      vertex -6.129908002520191 -11.219314512600802 20
      vertex -6.25 -10 20
    endloop
  endfacet
  facet normal 0 0 1
    outer loop
      vertex -9 -19 20
      vertex -5.196685076890907 -13.472313956372513 20
      vertex -5.774247078195542 -12.39177145228181 20
    endloop
  endfacet
  facet normal -0.7071067811865475 0 0.7071067811865475
    outer loop
      vertex -10 -19 19
      vertex -9 -19 20
      vertex -9 19 20
    endloop
  endfacet
  facet normal -1 0 0
    outer loop
      vertex -10 -19 19
      vertex -10 4.225752921804458 7.6082285477181895
      vertex -10 4.803314923109093 6.527686043627487
    endloop
  endfacet
  facet normal -1 0 0
    outer loop
      vertex -10 -19 19
      vertex -10 3.8700919974798094 8.780685487399198
      vertex -10 4.225752921804458 7.6082285477181895
    endloop
  endfacet
  facet normal -1 0 0
    outer loop
      vertex -10 -19 19
      vertex -10 3.75 10
      vertex -10 3.8700919974798094 8.780685487399198
    endloop
  endfacet
  facet normal -1 0 0
    outer loop
      vertex -10 -19 19
      vertex -10 3.8700919974798094 11.219314512600802
      vertex -10 3.75 10
    endloop
  endfacet
  facet normal -1 0 0
    outer loop
      vertex -10 -19 19
      vertex -10 4.225752921804458 12.39177145228181
      vertex -10 3.8700919974798094 11.219314512600802
    endloop
  endfacet
  facet normal -1 0 0
    outer loop
      vertex -10 -19 19
      vertex -10 4.803314923109093 13.472313956372513
      vertex -10 4.225752921804458 12.39177145228181
    endloop
  endfacet
  facet normal -1 0 0
    outer loop
      vertex -10 -19 19
      vertex -10 5.580582617584078 14.419417382415922
      vertex -10 4.803314923109093 13.472313956372513
    endloop
  endfacet
  facet normal -1 0 0
    outer loop
      vertex -10 -19 19
      vertex -10 6.527686043627487 15.196685076890908
      vertex -10 5.580582617584078 14.419417382415922
    endloop
  endfacet
  facet normal -1 0 0
    outer loop
      vertex -10 -19 19
      vertex -10 7.6082285477181895 15.774247078195543
      vertex -10 6.527686043627487 15.196685076890908
    endloop
  endfacet
  facet normal -1 0 0
    outer loop
      vertex -10 -19 19
      vertex -10 8.780685487399198 16.12990800252019
      vertex -10 7.6082285477181895 15.774247078195543
    endloop
  endfacet
  facet normal 0 0 1
    outer loop
      vertex -9 -19 20
      vertex -6.25 -10 20
      vertex -9 19 20
    endloop
  endfacet
  facet normal 0 -1 0
    outer loop
      vertex -9 -20 -19
      vertex 9 -20 19
      vertex -9 -20 19
    endloop
  endfacet
  facet normal 0 0 1
    outer loop
      vertex -9 -19 20
      vertex -2.391771452281811 -15.774247078195543 20
      vertex -3.4723139563725134 -15.196685076890908 20
    endloop
  endfacet
  facet normal 0 0 1
    outer loop
      vertex -9 -19 20
      vertex -1.2193145126008016 -16.12990800252019 20
      vertex -2.391771452281811 -15.774247078195543 20
    endloop
  endfacet
  facet normal 0 -0.7071067811865476 0.7071067811865476
    outer loop
      vertex -9 -20 19
      vertex 9 -20 19
      vertex -9 -19 20
    endloop
  endfacet
  facet normal 0 0 1
    outer loop
      vertex -9 -19 20
      vertex 0 -16.25 20
      vertex -1.2193145126008016 -16.12990800252019 20
    endloop
  endfacet
  facet normal 0 0 1
    outer loop
      vertex -9 -19 20
      vertex 1.2193145126008016 -16.12990800252019 20
      vertex 0 -16.25 20
    endloop
  endfacet
  facet normal -0.7071067811865475 0 -0.7071067811865475
    outer loop
      vertex -9 -19 -20
      vertex -10 19 -19
      vertex -9 19 -20
    endloop
  endfacet
  facet normal -1 0 0
    outer loop
      vertex -10 19 -19
      vertex -10 4.803314923109093 6.527686043627487
      vertex -10 5.580582617584078 5.580582617584078
    endloop
  endfacet
  facet normal -0.5773502691896258 0.5773502691896258 -0.5773502691896258
    outer loop
      vertex -10 19 -19
      vertex -9 20 -19
      vertex -9 19 -20
    endloop
  endfacet
  facet normal -1 0 0
    outer loop
      vertex -10 19 -19
      vertex -10 5.580582617584078 5.580582617584078
      vertex -10 6.527686043627487 4.803314923109093
    endloop
  endfacet
  facet normal -1 0 0
    outer loop
      vertex -10 19 -19
      vertex -10 6.527686043627487 4.803314923109093
      vertex -10 7.6082285477181895 4.225752921804458
    endloop
  endfacet
  facet normal -1 0 0
    outer loop
      vertex -10 19 -19
      vertex -10 7.6082285477181895 4.225752921804458
      vertex -10 8.780685487399198 3.8700919974798094
    endloop
  endfacet
  facet normal -1 0 0
    outer loop
      vertex -10 19 -19
      vertex -10 8.780685487399198 3.8700919974798094
      vertex -10 10 3.75
    endloop
  endfacet
  facet normal -1 0 0
    outer loop
      vertex -10 19 -19
      vertex -10 10 3.75
      vertex -10 11.219314512600802 3.8700919974798094
    endloop
  endfacet
  facet normal -1 0 0
    outer loop
      vertex -10 19 -19
      vertex -10 11.219314512600802 3.8700919974798094
      vertex -10 12.39177145228181 4.225752921804458
    endloop
  endfacet
  facet normal -1 0 0
    outer loop
      vertex -10 19 -19
      vertex -10 12.39177145228181 4.225752921804458
      vertex -10 13.472313956372513 4.803314923109093
    endloop
  endfacet
  facet normal -0.7071067811865475 0.7071067811865475 0
    outer loop
      vertex -10 19 -19
      vertex -10 19 19
      vertex -9 20 -19
    endloop
  endfacet
  facet normal -1 0 0
    outer loop
      vertex -10 19 -19
      vertex -10 13.472313956372513 4.803314923109093
      vertex -10 14.419417382415922 5.580582617584078
    endloop
  endfacet
  facet normal -1 0 0
    outer loop
      vertex -10 19 -19
      vertex -10 14.419417382415922 5.580582617584078
      vertex -10 15.196685076890908 6.527686043627487
    endloop
  endfacet
  facet normal -1 0 0
    outer loop
      vertex -10 19 -19
      vertex -10 15.196685076890908 6.527686043627487
      vertex -10 15.774247078195543 7.6082285477181895
    endloop
  endfacet
  facet normal -1 0 0
    outer loop
      vertex -10 19 -19
      vertex -10 15.774247078195543 7.6082285477181895
      vertex -10 16.12990800252019 8.780685487399198
    endloop
  endfacet
  facet normal 0 0 -1
    outer loop
      vertex -9 -19 -20
      vertex -9 19 -20
      vertex 9 19 -20
    endloop
  endfacet
  facet normal 0 0.7071067811865476 -0.7071067811865476
    outer loop
      vertex -9 19 -20
      vertex -9 20 -19
      vertex 9 19 -20
    endloop
  endfacet
  facet normal -1 0 0
    outer loop
      vertex -10 -19 19
      vertex -10 4.803314923109093 6.527686043627487
      vertex -10 19 -19
    endloop
  endfacet
  facet normal -1 0 0
    outer loop
      vertex -10 -19 19
      vertex -10 19 19
      vertex -10 8.780685487399198 16.12990800252019
    endloop
  endfacet
  facet normal -0.7071067811865475 0 0.7071067811865475
    outer loop
      vertex -10 -19 19
      vertex -9 19 20
      vertex -10 19 19
    endloop
  endfacet
  facet normal 0 0 1
    outer loop
      vertex -9 19 20
      vertex -6.25 -10 20
      vertex -6.129908002520191 -8.780685487399198 20
    endloop
  endfacet
  facet normal 0 0 1
    outer loop
      vertex -9 19 20
      vertex -6.129908002520191 -8.780685487399198 20
      vertex -5.774247078195542 -7.6082285477181895 20
    endloop
  endfacet
  facet normal 0 0 1
    outer loop
      vertex -9 19 20
      vertex -5.774247078195542 -7.6082285477181895 20
      vertex -5.196685076890907 -6.527686043627487 20
    endloop
  endfacet
  facet normal 0 0 1
    outer loop
      vertex -9 19 20
      vertex -5.196685076890907 -6.527686043627487 20
      vertex -4.419417382415922 -5.580582617584078 20
    endloop
  endfacet
  facet normal 0 0 1
    outer loop
      vertex -9 19 20
      vertex -4.419417382415922 -5.580582617584078 20
      vertex -3.4723139563725134 -4.803314923109093 20
    endloop
  endfacet
  facet normal -1 0 0
    outer loop
      vertex -10 19 -19
      vertex -10 16.12990800252019 8.780685487399198
      vertex -10 19 19
    endloop
  endfacet
  facet normal -0.7071067811865475 0.7071067811865475 0
    outer loop
      vertex -9 20 -19
      vertex -10 19 19
      vertex -9 20 19
    endloop
  endfacet
  facet normal -1 0 0
    outer loop
      vertex -10 19 19
      vertex -10 10 16.25
      vertex -10 8.780685487399198 16.12990800252019
    endloop
  endfacet
  facet normal -1 0 0
    outer loop
      vertex -10 19 19
      vertex -10 11.219314512600802 16.12990800252019
      vertex -10 10 16.25
    endloop
  endfacet
  facet normal -1 0 0
    outer loop
      vertex -10 19 19
      vertex -10 12.39177145228181 15.774247078195543
      vertex -10 11.219314512600802 16.12990800252019
    endloop
  endfacet
  facet normal -1 0 0
    outer loop
      vertex -10 19 19
      vertex -10 13.472313956372513 15.196685076890908
      vertex -10 12.39177145228181 15.774247078195543
    endloop
  endfacet
  facet normal -1 0 0
    outer loop
      vertex -10 19 19
      vertex -10 16.12990800252019 8.780685487399198
      vertex -10 16.25 10
    endloop
  endfacet
  facet normal -1 0 0
    outer loop
      vertex -10 19 19
      vertex -10 16.25 10
      vertex -10 16.12990800252019 11.219314512600802
    endloop
  endfacet
  facet normal -1 0 0
    outer loop
      vertex -10 19 19
      vertex -10 15.774247078195543 12.39177145228181
      vertex -10 15.196685076890908 13.472313956372513
    endloop
  endfacet
  facet normal -1 0 0
    outer loop
      vertex -10 19 19
      vertex -10 16.12990800252019 11.219314512600802
      vertex -10 15.774247078195543 12.39177145228181
    endloop
  endfacet
  facet normal -1 0 0
    outer loop
      vertex -10 19 19
      vertex -10 14.419417382415922 14.419417382415922
      vertex -10 13.472313956372513 15.196685076890908
    endloop
  endfacet
  facet normal -1 0 0
    outer loop
      vertex -10 19 19
      vertex -10 15.196685076890908 13.472313956372513
      vertex -10 14.419417382415922 14.419417382415922
    endloop
  endfacet
  facet normal -0.5773502691896258 0.5773502691896258 0.5773502691896258
    outer loop
      vertex -10 19 19
      vertex -9 19 20
      vertex -9 20 19
    endloop
  endfacet
  facet normal 0 0 1
    outer loop
      vertex -9 19 20
      vertex -3.4723139563725134 -4.803314923109093 20
      vertex -2.391771452281811 -4.225752921804458 20
    endloop
  endfacet
  facet normal 0 0 1
    outer loop
      vertex -9 19 20
      vertex -2.391771452281811 -4.225752921804458 20
      vertex -1.2193145126008016 -3.8700919974798094 20
    endloop
  endfacet
  facet normal 0 0 1
    outer loop
      vertex -9 19 20
      vertex -1.2193145126008016 -3.8700919974798094 20
      vertex 0 -3.75 20
    endloop
  endfacet
  facet normal 0 0 1
    outer loop
      vertex -9 19 20
      vertex 0 -3.75 20
      vertex 1.2193145126008016 -3.8700919974798094 20
    endloop
  endfacet
  facet normal 0 0 1
    outer loop
      vertex -9 19 20
      vertex 1.2193145126008016 -3.8700919974798094 20
      vertex 2.391771452281811 -4.225752921804458 20
    endloop
  endfacet
  facet normal 0 1 0
    outer loop
      vertex -9 20 -19
      vertex -9 20 19
      vertex 9 20 19
    endloop
  endfacet
  facet normal 0 0.7071067811865476 0.7071067811865476
    outer loop
      vertex -9 19 20
      vertex 9 19 20
      vertex -9 20 19
    endloop
  endfacet
  facet normal 0 -0.7071067811865476 -0.7071067811865476
    outer loop
      vertex -9 -20 -19
      vertex 9 -19 -20
      vertex 9 -20 -19
    endloop
  endfacet
  facet normal 0 0 -1
    outer loop
      vertex 9 -19 -20
      vertex -0.8652039161620579 -12.088787028616753 -20
      vertex -0.44107713148302263 -12.217444482178184 -20
    endloop
  endfacet
  facet normal 0 0 -1
    outer loop
      vertex 9 -19 -20
      vertex -0.44107713148302263 -12.217444482178184 -20
      vertex 0 -12.260886787846701 -20
    endloop
  endfacet
  facet normal 0 0 -1
    outer loop
      vertex 9 -19 -20
      vertex 0 -12.260886787846701 -20
      vertex 0.44107713148302263 -12.217444482178184 -20
    endloop
  endfacet
  facet normal 0 0 -1
    outer loop
      vertex 9 -19 -20
      vertex 0.44107713148302263 -12.217444482178184 -20
      vertex 0.8652039161620579 -12.088787028616753 -20
    endloop
  endfacet
  facet normal 0 0 -1
    outer loop
      vertex 9 -19 -20
      vertex 0.8652039161620579 -12.088787028616753 -20
      vertex 1.2560813995549314 -11.879858660950843 -20
    endloop
  endfacet
  facet normal 0 0 -1
    outer loop
      vertex 9 -19 -20
      vertex 1.2560813995549314 -11.879858660950843 -20
      vertex 1.5986883791814732 -11.598688379181473 -20
    endloop
  endfacet
  facet normal 0 0 -1
    outer loop
      vertex 9 -19 -20
      vertex 1.5986883791814732 -11.598688379181473 -20
      vertex 1.879858660950843 -11.256081399554931 -20
    endloop
  endfacet
  facet normal 0 0 -1
    outer loop
      vertex 9 -19 -20
      vertex 1.879858660950843 -11.256081399554931 -20
      vertex 2.0887870286167542 -10.865203916162057 -20
    endloop
  endfacet
  facet normal 0 0 -1
    outer loop
      vertex 9 -19 -20
      vertex 2.0887870286167542 -10.865203916162057 -20
      vertex 2.217444482178185 -10.441077131483024 -20
    endloop
  endfacet
  facet normal 0 -1 0
    outer loop
      vertex -9 -20 -19
      vertex 9 -20 -19
      vertex 9 -20 19
    endloop
  endfacet
  facet normal 0 0 -1
    outer loop
      vertex 9 19 -20
      vertex 2.217444482178185 -10.441077131483024 -20
      vertex 2.2608867878467005 -10 -20
    endloop
  endfacet
  facet normal 0 0 -1
    outer loop
      vertex 9 19 -20
      vertex 2.2608867878467005 -10 -20
      vertex 2.217444482178185 -9.558922868516976 -20
    endloop
  endfacet
  facet normal 0.5773502691896258 -0.5773502691896258 -0.5773502691896258
    outer loop
      vertex 9 -20 -19
      vertex 9 -19 -20
      vertex 10 -19 -19
    endloop
  endfacet
  facet normal 0.7071067811865475 -0.7071067811865475 0
    outer loop
      vertex 9 -20 -19
      vertex 10 -19 -19
      vertex 9 -20 19
    endloop
  endfacet
  facet normal 0 0 -1
    outer loop
      vertex 9 -19 -20
      vertex 2.217444482178185 -10.441077131483024 -20
      vertex 9 19 -20
    endloop
  endfacet
  facet normal 0.7071067811865475 0 -0.7071067811865475
    outer loop
      vertex 9 -19 -20
      vertex 9 19 -20
      vertex 10 -19 -19
    endloop
  endfacet
  facet normal 1 0 0
    outer loop
      vertex 10 -19 -19
      vertex 10 5.580582617584078 5.580582617584078
      vertex 10 4.803314923109093 6.527686043627487
    endloop
  endfacet
  facet normal 1 0 0
    outer loop
      vertex 10 -19 -19
      vertex 10 6.527686043627487 4.803314923109093
      vertex 10 5.580582617584078 5.580582617584078
    endloop
  endfacet
  facet normal 0 0 1
    outer loop
      vertex -9 -19 20
      vertex 9 -19 20
      vertex 1.2193145126008016 -16.12990800252019 20
    endloop
  endfacet
  facet normal 0 -0.7071067811865476 0.7071067811865476
    outer loop
      vertex -9 -19 20
      vertex 9 -20 19
      vertex 9 -19 20
    endloop
  endfacet
  facet normal 0 0 1
    outer loop
      vertex 9 -19 20
      vertex 2.391771452281811 -15.774247078195543 20
      vertex 1.2193145126008016 -16.12990800252019 20
    endloop
  endfacet
  facet normal 0 0 1
    outer loop
      vertex 9 -19 20
      vertex 3.4723139563725134 -15.196685076890908 20
      vertex 2.391771452281811 -15.774247078195543 20
    endloop
  endfacet
  facet normal 0.7071067811865475 -0.7071067811865475 0
    outer loop
      vertex 10 -19 -19
      vertex 10 -19 19
      vertex 9 -20 19
    endloop
  endfacet
  facet normal 1 0 0
    outer loop
      vertex 10 -19 -19
      vertex 10 4.803314923109093 6.527686043627487
      vertex 10 -19 19
    endloop
  endfacet
  facet normal 0 0 1
    outer loop
      vertex 9 -19 20
      vertex 4.419417382415922 -14.419417382415922 20
      vertex 3.4723139563725134 -15.196685076890908 20
    endloop
  endfacet
  facet normal 0 0 1
    outer loop
      vertex 9 -19 20
      vertex 5.196685076890907 -13.472313956372513 20
      vertex 4.419417382415922 -14.419417382415922 20
    endloop
  endfacet
  facet normal 0 0 1
    outer loop
      vertex 9 -19 20
      vertex 5.774247078195542 -12.39177145228181 20
      vertex 5.196685076890907 -13.472313956372513 20
    endloop
  endfacet
  facet normal 0 0 1
    outer loop
      vertex 9 -19 20
      vertex 6.129908002520191 -11.219314512600802 20
      vertex 5.774247078195542 -12.39177145228181 20
    endloop
  endfacet
  facet normal 0 0 1
    outer loop
      vertex 9 -19 20
      vertex 6.25 -10 20
      vertex 6.129908002520191 -11.219314512600802 20
    endloop
  endfacet
  facet normal 0.5773502691896258 -0.5773502691896258 0.5773502691896258
    outer loop
      vertex 9 -20 19
      vertex 10 -19 19
      vertex 9 -19 20
    endloop
  endfacet
  facet normal 0.7071067811865475 0 0.7071067811865475
    outer loop
      vertex 9 -19 20
      vertex 10 -19 19
      vertex 9 19 20
    endloop
  endfacet
  facet normal 1 0 0
    outer loop
      vertex 10 -19 19
      vertex 10 4.803314923109093 6.527686043627487
      vertex 10 4.225752921804458 7.6082285477181895
    endloop
  endfacet
  facet normal 1 0 0
    outer loop
      vertex 10 -19 19
      vertex 10 4.225752921804458 7.6082285477181895
      vertex 10 3.8700919974798094 8.780685487399198
    endloop
  endfacet
  facet normal 1 0 0
    outer loop
      vertex 10 -19 19
      vertex 10 3.8700919974798094 8.780685487399198
      vertex 10 3.75 10
    endloop
  endfacet
  facet normal 1 0 0
    outer loop
      vertex 10 -19 19
      vertex 10 3.75 10
      vertex 10 3.8700919974798094 11.219314512600802
    endloop
  endfacet
  facet normal 1 0 0
    outer loop
      vertex 10 -19 19
      vertex 10 3.8700919974798094 11.219314512600802
      vertex 10 4.225752921804458 12.39177145228181
    endloop
  endfacet
  facet normal 1 0 0
    outer loop
      vertex 10 -19 19
      vertex 10 4.225752921804458 12.39177145228181
      vertex 10 4.803314923109093 13.472313956372513
    endloop
  endfacet
  facet normal 0 0 1
    outer loop
      vertex 9 -19 20
      vertex 9 19 20
      vertex 6.25 -10 20
    endloop
  endfacet
  facet normal 1 0 0
    outer loop
      vertex 10 -19 19
      vertex 10 4.803314923109093 13.472313956372513
      vertex 10 5.580582617584078 14.419417382415922
    endloop
  endfacet
  facet normal 1 0 0
    outer loop
      vertex 10 -19 19
      vertex 10 5.580582617584078 14.419417382415922
      vertex 10 6.527686043627487 15.196685076890908
    endloop
  endfacet
  facet normal 1 0 0
    outer loop
      vertex 10 -19 19
      vertex 10 6.527686043627487 15.196685076890908
      vertex 10 7.6082285477181895 15.774247078195543
    endloop
  endfacet
  facet normal 1 0 0
    outer loop
      vertex 10 -19 19
      vertex 10 7.6082285477181895 15.774247078195543
      vertex 10 8.780685487399198 16.12990800252019
    endloop
  endfacet
  facet normal 1 0 0
    outer loop
      vertex 10 -19 19
      vertex 10 8.780685487399198 16.12990800252019
      vertex 10 10 16.25
    endloop
  endfacet
  facet normal 0 0 -1
    outer loop
      vertex 9 19 -20
      vertex -1.879858660950843 -8.743918600445069 -20
      vertex -2.0887870286167542 -9.134796083837943 -20
    endloop
  endfacet
  facet normal 0 0 -1
    outer loop
      vertex 9 19 -20
      vertex -1.5986883791814732 -8.401311620818527 -20
      vertex -1.879858660950843 -8.743918600445069 -20
    endloop
  endfacet
  facet normal 0 0 -1
    outer loop
      vertex 9 19 -20
      vertex -1.2560813995549314 -8.120141339049157 -20
      vertex -1.5986883791814732 -8.401311620818527 -20
    endloop
  endfacet
  facet normal 0 0 -1
    outer loop
      vertex 9 19 -20
      vertex -0.8652039161620579 -7.911212971383246 -20
      vertex -1.2560813995549314 -8.120141339049157 -20
    endloop
  endfacet
  facet normal 0 0 -1
    outer loop
      vertex 9 19 -20
      vertex -0.44107713148302263 -7.782555517821815 -20
      vertex -0.8652039161620579 -7.911212971383246 -20
    endloop
  endfacet
  facet normal 0 0 -1
    outer loop
      vertex 9 19 -20
      vertex 0 -7.739113212153299 -20
      vertex -0.44107713148302263 -7.782555517821815 -20
    endloop
  endfacet
  facet normal 0 0 -1
    outer loop
      vertex 9 19 -20
      vertex 0.44107713148302263 -7.782555517821815 -20
      vertex 0 -7.739113212153299 -20
    endloop
  endfacet
  facet normal 0 0 -1
    outer loop
      vertex 9 19 -20
      vertex 0.8652039161620579 -7.911212971383246 -20
      vertex 0.44107713148302263 -7.782555517821815 -20
    endloop
  endfacet
  facet normal 0 0 -1
    outer loop
      vertex 9 19 -20
      vertex 1.2560813995549314 -8.120141339049157 -20
      vertex 0.8652039161620579 -7.911212971383246 -20
    endloop
  endfacet
  facet normal 0 0 -1
    outer loop
      vertex 9 19 -20
      vertex 1.5986883791814732 -8.401311620818527 -20
      vertex 1.2560813995549314 -8.120141339049157 -20
    endloop
  endfacet
  facet normal 0 0 -1
    outer loop
      vertex 9 19 -20
      vertex 1.879858660950843 -8.743918600445069 -20
      vertex 1.5986883791814732 -8.401311620818527 -20
    endloop
  endfacet
  facet normal 0 0 -1
    outer loop
      vertex 9 19 -20
      vertex 2.0887870286167542 -9.134796083837943 -20
      vertex 1.879858660950843 -8.743918600445069 -20
    endloop
  endfacet
  facet normal 0 0 -1
    outer loop
      vertex 9 19 -20
      vertex 2.217444482178185 -9.558922868516976 -20
      vertex 2.0887870286167542 -9.134796083837943 -20
    endloop
  endfacet
  facet normal 0 0.7071067811865476 -0.7071067811865476
    outer loop
      vertex -9 20 -19
      vertex 9 20 -19
      vertex 9 19 -20
    endloop
  endfacet
  facet normal 0 1 0
    outer loop
      vertex -9 20 -19
      vertex 9 20 19
      vertex 9 20 -19
    endloop
  endfacet
  facet normal 1 0 0
    outer loop
      vertex 10 -19 -19
      vertex 10 19 -19
      vertex 10 6.527686043627487 4.803314923109093
    endloop
  endfacet
  facet normal 0.7071067811865475 0 -0.7071067811865475
    outer loop
      vertex 10 -19 -19
      vertex 9 19 -20
      vertex 10 19 -19
    endloop
  endfacet
  facet normal 0.5773502691896258 0.5773502691896258 -0.5773502691896258
    outer loop
      vertex 9 19 -20
      vertex 9 20 -19
      vertex 10 19 -19
    endloop
  endfacet
  facet normal 1 0 0
    outer loop
      vertex 10 19 -19
      vertex 10 7.6082285477181895 4.225752921804458
      vertex 10 6.527686043627487 4.803314923109093
    endloop
  endfacet
  facet normal 1 0 0
    outer loop
      vertex 10 19 -19
      vertex 10 8.780685487399198 3.8700919974798094
      vertex 10 7.6082285477181895 4.225752921804458
    endloop
  endfacet
  facet normal 1 0 0
    outer loop
      vertex 10 19 -19
      vertex 10 10 3.75
      vertex 10 8.780685487399198 3.8700919974798094
    endloop
  endfacet
  facet normal 1 0 0
    outer loop
      vertex 10 19 -19
      vertex 10 11.219314512600802 3.8700919974798094
      vertex 10 10 3.75
    endloop
  endfacet
  facet normal 1 0 0
    outer loop
      vertex 10 19 -19
      vertex 10 12.39177145228181 4.225752921804458
      vertex 10 11.219314512600802 3.8700919974798094
    endloop
  endfacet
  facet normal 1 0 0
    outer loop
      vertex 10 19 -19
      vertex 10 13.472313956372513 4.803314923109093
      vertex 10 12.39177145228181 4.225752921804458
    endloop
  endfacet
  facet normal 0.7071067811865475 0.7071067811865475 0
    outer loop
      vertex 9 20 -19
      vertex 10 19 19
      vertex 10 19 -19
    endloop
  endfacet
  facet normal 1 0 0
    outer loop
      vertex 10 19 -19
      vertex 10 14.419417382415922 5.580582617584078
      vertex 10 13.472313956372513 4.803314923109093
    endloop
  endfacet
  facet normal 1 0 0
    outer loop
      vertex 10 19 -19
      vertex 10 15.196685076890908 6.527686043627487
      vertex 10 14.419417382415922 5.580582617584078
    endloop
  endfacet
  facet normal 1 0 0
    outer loop
      vertex 10 19 -19
      vertex 10 15.774247078195543 7.6082285477181895
      vertex 10 15.196685076890908 6.527686043627487
    endloop
  endfacet
  facet normal 1 0 0
    outer loop
      vertex 10 19 -19
      vertex 10 16.12990800252019 8.780685487399198
      vertex 10 15.774247078195543 7.6082285477181895
    endloop
  endfacet
  facet normal 1 0 0
    outer loop
      vertex 10 19 -19
      vertex 10 16.25 10
      vertex 10 16.12990800252019 8.780685487399198
    endloop
  endfacet
  facet normal 0 0 1
    outer loop
      vertex 9 19 20
      vertex 2.391771452281811 -4.225752921804458 20
      vertex 3.4723139563725134 -4.803314923109093 20
    endloop
  endfacet
  facet normal 0 0 1
    outer loop
      vertex -9 19 20
      vertex 2.391771452281811 -4.225752921804458 20
      vertex 9 19 20
    endloop
  endfacet
  facet normal 0 0.7071067811865476 0.7071067811865476
    outer loop
      vertex -9 20 19
      vertex 9 19 20
      vertex 9 20 19
    endloop
  endfacet
  facet normal 0 0 1
    outer loop
      vertex 9 19 20
      vertex 4.419417382415922 -5.580582617584078 20
      vertex 5.196685076890907 -6.527686043627487 20
    endloop
  endfacet
  facet normal 0 0 1
    outer loop
      vertex 9 19 20
      vertex 3.4723139563725134 -4.803314923109093 20
      vertex 4.419417382415922 -5.580582617584078 20
    endloop
  endfacet
  facet normal 0 0 1
    outer loop
      vertex 9 19 20
      vertex 5.196685076890907 -6.527686043627487 20
      vertex 5.774247078195542 -7.6082285477181895 20
    endloop
  endfacet
  facet normal 0 0 1
    outer loop
      vertex 9 19 20
      vertex 6.129908002520191 -8.780685487399198 20
      vertex 6.25 -10 20
    endloop
  endfacet
  facet normal 0 0 1
    outer loop
      vertex 9 19 20
      vertex 5.774247078195542 -7.6082285477181895 20
      vertex 6.129908002520191 -8.780685487399198 20
    endloop
  endfacet
  facet normal 1 0 0
    outer loop
      vertex 10 -19 19
      vertex 10 10 16.25
      vertex 10 19 19
    endloop
  endfacet
  facet normal 0.7071067811865475 0 0.7071067811865475
    outer loop
      vertex 10 -19 19
      vertex 10 19 19
      vertex 9 19 20
    endloop
  endfacet
  facet normal 1 0 0
    outer loop
      vertex 10 19 -19
      vertex 10 19 19
      vertex 10 16.25 10
    endloop
  endfacet
  facet normal 0.7071067811865475 0.7071067811865475 0
    outer loop
      vertex 9 20 -19
      vertex 9 20 19
      vertex 10 19 19
    endloop
  endfacet
  facet normal 1 0 0
    outer loop
      vertex 10 19 19
      vertex 10 10 16.25
      vertex 10 11.219314512600802 16.12990800252019
    endloop
  endfacet
  facet normal 1 0 0
    outer loop
      vertex 10 19 19
      vertex 10 11.219314512600802 16.12990800252019
      vertex 10 12.39177145228181 15.774247078195543
    endloop
  endfacet
  facet normal 1 0 0
    outer loop
      vertex 10 19 19
      vertex 10 12.39177145228181 15.774247078195543
      vertex 10 13.472313956372513 15.196685076890908
    endloop
  endfacet
  facet normal 1 0 0
    outer loop
      vertex 10 19 19
      vertex 10 16.12990800252019 11.219314512600802
      vertex 10 16.25 10
    endloop
  endfacet
  facet normal 1 0 0
    outer loop
      vertex 10 19 19
      vertex 10 15.196685076890908 13.472313956372513
      vertex 10 15.774247078195543 12.39177145228181
    endloop
  endfacet
  facet normal 1 0 0
    outer loop
      vertex 10 19 19
      vertex 10 15.774247078195543 12.39177145228181
      vertex 10 16.12990800252019 11.219314512600802
    endloop
  endfacet
  facet normal 1 0 0
    outer loop
      vertex 10 19 19
      vertex 10 13.472313956372513 15.196685076890908
      vertex 10 14.419417382415922 14.419417382415922
    endloop
  endfacet
  facet normal 1 0 0
    outer loop
      vertex 10 19 19
      vertex 10 14.419417382415922 14.419417382415922
      vertex 10 15.196685076890908 13.472313956372513
    endloop
  endfacet
  facet normal 0.5773502691896258 0.5773502691896258 0.5773502691896258
    outer loop
      vertex 9 19 20
      vertex 10 19 19
      vertex 9 20 19
    endloop
  endfacet
endsolid OpenSCAD_Model
