solid OpenSCAD_Model
  facet normal 0.9951847266721968 0.09801714032956094 0
    outer loop
      vertex -2.2608867878467005 -10 -6
      vertex -2.217444482178185 -10.441077131483024 -20
      vertex -2.2608867878467005 -10 -20
    endloop
  endfacet
  facet normal 0.8819212643483555 0.4713967368259969 0
    outer loop
      vertex -2.0887870286167542 -10.865203916162057 -6
      vertex -1.879858660950843 -11.256081399554931 -20
      vertex -2.0887870286167542 -10.865203916162057 -20
    endloop
  endfacet
  facet normal 0.9569403357322087 0.290284677254463 0
    outer loop
      vertex -2.217444482178185 -10.441077131483024 -6
      vertex -2.0887870286167542 -10.865203916162057 -20
      vertex -2.217444482178185 -10.441077131483024 -20
    endloop
  endfacet
  facet normal 0.7730104533627369 0.6343932841636457 0
    outer loop
      vertex -1.879858660950843 -11.256081399554931 -6
      vertex -1.5986883791814732 -11.598688379181473 -20
      vertex -1.879858660950843 -11.256081399554931 -20
    endloop
  endfacet
  facet normal 0.6343932841636456 0.7730104533627368 0
    outer loop
      vertex -1.5986883791814732 -11.598688379181473 -6
      vertex -1.2560813995549314 -11.879858660950843 -20
      vertex -1.5986883791814732 -11.598688379181473 -20
    endloop
  endfacet
  facet normal 0.47139673682599575 0.881921264348356 0
    outer loop
      vertex -1.2560813995549314 -11.879858660950843 -6
      vertex -0.8652039161620579 -12.088787028616753 -20
      vertex -1.2560813995549314 -11.879858660950843 -20
    endloop
  endfacet
  facet normal 0.29028467725446216 0.956940335732209 0
    outer loop
      vertex -0.8652039161620579 -12.088787028616753 -6
      vertex -0.44107713148302263 -12.217444482178184 -20
      vertex -0.8652039161620579 -12.088787028616753 -20
    endloop
  endfacet
  facet normal 0.09801714032956411 0.9951847266721966 0
    outer loop
      vertex -0.44107713148302263 -12.217444482178184 -6
      vertex 0 -12.260886787846701 -20
      vertex -0.44107713148302263 -12.217444482178184 -20
    endloop
  endfacet
  facet normal 0.9951847266721968 0.09801714032956094 0
    outer loop
      vertex -2.217444482178185 -10.441077131483024 -6
      vertex -2.217444482178185 -10.441077131483024 -20
      vertex -2.2608867878467005 -10 -6
    endloop
  endfacet
  facet normal 0.9569403357322087 0.290284677254463 0
    outer loop
      vertex -2.217444482178185 -10.441077131483024 -6
      vertex -2.0887870286167542 -10.865203916162057 -6
      vertex -2.0887870286167542 -10.865203916162057 -20
    endloop
  endfacet
  facet normal 0.8819212643483555 0.4713967368259969 0
    outer loop
      vertex -2.0887870286167542 -10.865203916162057 -6
      vertex -1.879858660950843 -11.256081399554931 -6
      vertex -1.879858660950843 -11.256081399554931 -20
    endloop
  endfacet
  facet normal 0.7730104533627369 0.6343932841636457 0
    outer loop
      vertex -1.879858660950843 -11.256081399554931 -6
      vertex -1.5986883791814732 -11.598688379181473 -6
      vertex -1.5986883791814732 -11.598688379181473 -20
    endloop
  endfacet
  facet normal 0.6343932841636456 0.7730104533627368 0
    outer loop
      vertex -1.5986883791814732 -11.598688379181473 -6
      vertex -1.2560813995549314 -11.879858660950843 -6
      vertex -1.2560813995549314 -11.879858660950843 -20
    endloop
  endfacet
  facet normal 0.47139673682599575 0.881921264348356 0
    outer loop
      vertex -1.2560813995549314 -11.879858660950843 -6
      vertex -0.8652039161620579 -12.088787028616753 -6
      vertex -0.8652039161620579 -12.088787028616753 -20
    endloop
  endfacet
  facet normal 0.29028467725446216 0.956940335732209 0
    outer loop
      vertex -0.8652039161620579 -12.088787028616753 -6
      vertex -0.44107713148302263 -12.217444482178184 -6
      vertex -0.44107713148302263 -12.217444482178184 -20
    endloop
  endfacet
  facet normal 0.09801714032956411 0.9951847266721966 0
    outer loop
      vertex -0.44107713148302263 -12.217444482178184 -6
      vertex 0 -12.260886787846701 -6
      vertex 0 -12.260886787846701 -20
    endloop
  endfacet
  facet normal 0.9951847266721968 -0.09801714032956094 0
    outer loop
      vertex -2.217444482178185 -9.558922868516976 -6
      vertex -2.2608867878467005 -10 -20
      vertex -2.217444482178185 -9.558922868516976 -20
    endloop
  endfacet
  facet normal 0.9569403357322087 -0.290284677254463 0
    outer loop
      vertex -2.0887870286167542 -9.134796083837943 -6
      vertex -2.217444482178185 -9.558922868516976 -20
      vertex -2.0887870286167542 -9.134796083837943 -20
    endloop
  endfacet
  facet normal 0.8819212643483555 -0.4713967368259969 0
    outer loop
      vertex -1.879858660950843 -8.743918600445069 -6
      vertex -2.0887870286167542 -9.134796083837943 -20
      vertex -1.879858660950843 -8.743918600445069 -20
    endloop
  endfacet
  facet normal 0.7730104533627369 -0.6343932841636457 0
    outer loop
      vertex -1.5986883791814732 -8.401311620818527 -6
      vertex -1.879858660950843 -8.743918600445069 -20
      vertex -1.5986883791814732 -8.401311620818527 -20
    endloop
  endfacet
  facet normal 0.6343932841636456 -0.7730104533627368 0
    outer loop
      vertex -1.2560813995549314 -8.120141339049157 -6
      vertex -1.5986883791814732 -8.401311620818527 -20
      vertex -1.2560813995549314 -8.120141339049157 -20
    endloop
  endfacet
  facet normal 0.47139673682599725 -0.8819212643483552 0
    outer loop
      vertex -0.8652039161620579 -7.911212971383246 -6
      vertex -1.2560813995549314 -8.120141339049157 -20
      vertex -0.8652039161620579 -7.911212971383246 -20
    endloop
  endfacet
  facet normal 0.29028467725446216 -0.956940335732209 0
    outer loop
      vertex -0.44107713148302263 -7.782555517821815 -6
      vertex -0.8652039161620579 -7.911212971383246 -20
      vertex -0.44107713148302263 -7.782555517821815 -20
    endloop
  endfacet
  facet normal 0.09801714032956212 -0.9951847266721967 0
    outer loop
      vertex 0 -7.739113212153299 -6
      vertex -0.44107713148302263 -7.782555517821815 -20
      vertex 0 -7.739113212153299 -20
    endloop
  endfacet
  facet normal 0.9951847266721968 -0.09801714032956094 0
    outer loop
      vertex -2.2608867878467005 -10 -6
      vertex -2.2608867878467005 -10 -20
      vertex -2.217444482178185 -9.558922868516976 -6
    endloop
  endfacet
  facet normal 0.9569403357322087 -0.290284677254463 0
    outer loop
      vertex -2.217444482178185 -9.558922868516976 -6
      vertex -2.217444482178185 -9.558922868516976 -20
      vertex -2.0887870286167542 -9.134796083837943 -6
    endloop
  endfacet
  facet normal 0.8819212643483555 -0.4713967368259969 0
    outer loop
      vertex -2.0887870286167542 -9.134796083837943 -6
      vertex -2.0887870286167542 -9.134796083837943 -20
      vertex -1.879858660950843 -8.743918600445069 -6
    endloop
  endfacet
  facet normal 0.7730104533627369 -0.6343932841636457 0
    outer loop
      vertex -1.879858660950843 -8.743918600445069 -6
      vertex -1.879858660950843 -8.743918600445069 -20
      vertex -1.5986883791814732 -8.401311620818527 -6
    endloop
  endfacet
  facet normal 0.6343932841636456 -0.7730104533627368 0
    outer loop
      vertex -1.5986883791814732 -8.401311620818527 -6
      vertex -1.5986883791814732 -8.401311620818527 -20
      vertex -1.2560813995549314 -8.120141339049157 -6
    endloop
  endfacet
  facet normal 0.47139673682599725 -0.8819212643483552 0
    outer loop
      vertex -1.2560813995549314 -8.120141339049157 -6
      vertex -1.2560813995549314 -8.120141339049157 -20
      vertex -0.8652039161620579 -7.911212971383246 -6
    endloop
  endfacet
  facet normal 0.29028467725446216 -0.956940335732209 0
    outer loop
      vertex -0.8652039161620579 -7.911212971383246 -6
      vertex -0.8652039161620579 -7.911212971383246 -20
      vertex -0.44107713148302263 -7.782555517821815 -6
    endloop
  endfacet
  facet normal 0.09801714032956212 -0.9951847266721967 0
    outer loop
      vertex -0.44107713148302263 -7.782555517821815 -6
      vertex -0.44107713148302263 -7.782555517821815 -20
      vertex 0 -7.739113212153299 -6
    endloop
  endfacet
  facet normal -0.09801714032956411 0.9951847266721966 0
    outer loop
      vertex 0 -12.260886787846701 -6
      vertex 0.44107713148302263 -12.217444482178184 -20
      vertex 0 -12.260886787846701 -20
    endloop
  endfacet
  facet normal -0.29028467725446216 0.956940335732209 0
    outer loop
      vertex 0.44107713148302263 -12.217444482178184 -6
      vertex 0.8652039161620579 -12.088787028616753 -20
      vertex 0.44107713148302263 -12.217444482178184 -20
    endloop
  endfacet
  facet normal -0.47139673682599575 0.881921264348356 0
    outer loop
      vertex 0.8652039161620579 -12.088787028616753 -6
      vertex 1.2560813995549314 -11.879858660950843 -20
      vertex 0.8652039161620579 -12.088787028616753 -20
    endloop
  endfacet
  facet normal -0.6343932841636456 0.7730104533627368 0
    outer loop
      vertex 1.2560813995549314 -11.879858660950843 -6
      vertex 1.5986883791814732 -11.598688379181473 -20
      vertex 1.2560813995549314 -11.879858660950843 -20
    endloop
  endfacet
  facet normal -0.7730104533627369 0.6343932841636457 0
    outer loop
      vertex 1.5986883791814732 -11.598688379181473 -6
      vertex 1.879858660950843 -11.256081399554931 -20
      vertex 1.5986883791814732 -11.598688379181473 -20
    endloop
  endfacet
  facet normal -0.8819212643483555 0.4713967368259969 0
    outer loop
      vertex 1.879858660950843 -11.256081399554931 -6
      vertex 2.0887870286167542 -10.865203916162057 -20
      vertex 1.879858660950843 -11.256081399554931 -20
    endloop
  endfacet
  facet normal -0.9569403357322087 0.290284677254463 0
    outer loop
      vertex 2.0887870286167542 -10.865203916162057 -6
      vertex 2.217444482178185 -10.441077131483024 -20
      vertex 2.0887870286167542 -10.865203916162057 -20
    endloop
  endfacet
  facet normal -0.9951847266721968 0.09801714032956094 0
    outer loop
      vertex 2.217444482178185 -10.441077131483024 -6
      vertex 2.2608867878467005 -10 -20
      vertex 2.217444482178185 -10.441077131483024 -20
    endloop
  endfacet
  facet normal -0.09801714032956411 0.9951847266721966 0
    outer loop
      vertex 0 -12.260886787846701 -6
      vertex 0.44107713148302263 -12.217444482178184 -6
      vertex 0.44107713148302263 -12.217444482178184 -20
    endloop
  endfacet
  facet normal -0.29028467725446216 0.956940335732209 0
    outer loop
      vertex 0.44107713148302263 -12.217444482178184 -6
      vertex 0.8652039161620579 -12.088787028616753 -6
      vertex 0.8652039161620579 -12.088787028616753 -20
    endloop
  endfacet
  facet normal -0.47139673682599575 0.881921264348356 0
    outer loop
      vertex 0.8652039161620579 -12.088787028616753 -6
      vertex 1.2560813995549314 -11.879858660950843 -6
      vertex 1.2560813995549314 -11.879858660950843 -20
    endloop
  endfacet
  facet normal -0.6343932841636456 0.7730104533627368 0
    outer loop
      vertex 1.2560813995549314 -11.879858660950843 -6
      vertex 1.5986883791814732 -11.598688379181473 -6
      vertex 1.5986883791814732 -11.598688379181473 -20
    endloop
  endfacet
  facet normal -0.7730104533627369 0.6343932841636457 0
    outer loop
      vertex 1.5986883791814732 -11.598688379181473 -6
      vertex 1.879858660950843 -11.256081399554931 -6
      vertex 1.879858660950843 -11.256081399554931 -20
    endloop
  endfacet
  facet normal -0.8819212643483555 0.4713967368259969 0
    outer loop
      vertex 1.879858660950843 -11.256081399554931 -6
      vertex 2.0887870286167542 -10.865203916162057 -6
      vertex 2.0887870286167542 -10.865203916162057 -20
    endloop
  endfacet
  facet normal -0.9569403357322087 0.290284677254463 0
    outer loop
      vertex 2.0887870286167542 -10.865203916162057 -6
      vertex 2.217444482178185 -10.441077131483024 -6
      vertex 2.217444482178185 -10.441077131483024 -20
    endloop
  endfacet
  facet normal -0.9951847266721968 0.09801714032956094 0
    outer loop
      vertex 2.217444482178185 -10.441077131483024 -6
      vertex 2.2608867878467005 -10 -6
      vertex 2.2608867878467005 -10 -20
    endloop
  endfacet
  facet normal -0.09801714032956212 -0.9951847266721967 0
    outer loop
      vertex 0.44107713148302263 -7.782555517821815 -6
      vertex 0 -7.739113212153299 -20
      vertex 0.44107713148302263 -7.782555517821815 -20
    endloop
  endfacet
  facet normal -0.29028467725446216 -0.956940335732209 0
    outer loop
      vertex 0.8652039161620579 -7.911212971383246 -6
      vertex 0.44107713148302263 -7.782555517821815 -20
      vertex 0.8652039161620579 -7.911212971383246 -20
    endloop
  endfacet
  facet normal -0.47139673682599725 -0.8819212643483552 0
    outer loop
      vertex 1.2560813995549314 -8.120141339049157 -6
      vertex 0.8652039161620579 -7.911212971383246 -20
      vertex 1.2560813995549314 -8.120141339049157 -20
    endloop
  endfacet
  facet normal -0.6343932841636456 -0.7730104533627368 0
    outer loop
      vertex 1.5986883791814732 -8.401311620818527 -6
      vertex 1.2560813995549314 -8.120141339049157 -20
      vertex 1.5986883791814732 -8.401311620818527 -20
    endloop
  endfacet
  facet normal -0.7730104533627369 -0.6343932841636457 0
    outer loop
      vertex 1.879858660950843 -8.743918600445069 -6
      vertex 1.5986883791814732 -8.401311620818527 -20
      vertex 1.879858660950843 -8.743918600445069 -20
    endloop
  endfacet
  facet normal -0.9569403357322087 -0.290284677254463 0
    outer loop
      vertex 2.217444482178185 -9.558922868516976 -6
      vertex 2.0887870286167542 -9.134796083837943 -20
      vertex 2.217444482178185 -9.558922868516976 -20
    endloop
  endfacet
  facet normal -0.8819212643483555 -0.4713967368259969 0
    outer loop
      vertex 2.0887870286167542 -9.134796083837943 -6
      vertex 1.879858660950843 -8.743918600445069 -20
      vertex 2.0887870286167542 -9.134796083837943 -20
    endloop
  endfacet
  facet normal -0.9951847266721968 -0.09801714032956094 0
    outer loop
      vertex 2.2608867878467005 -10 -6
      vertex 2.217444482178185 -9.558922868516976 -20
      vertex 2.2608867878467005 -10 -20
    endloop
  endfacet
  facet normal -0.09801714032956212 -0.9951847266721967 0
    outer loop
      vertex 0 -7.739113212153299 -6
      vertex 0 -7.739113212153299 -20
      vertex 0.44107713148302263 -7.782555517821815 -6
    endloop
  endfacet
  facet normal -0.29028467725446216 -0.956940335732209 0
    outer loop
      vertex 0.44107713148302263 -7.782555517821815 -6
      vertex 0.44107713148302263 -7.782555517821815 -20
      vertex 0.8652039161620579 -7.911212971383246 -6
    endloop
  endfacet
  facet normal -0.47139673682599725 -0.8819212643483552 0
    outer loop
      vertex 0.8652039161620579 -7.911212971383246 -6
      vertex 0.8652039161620579 -7.911212971383246 -20
      vertex 1.2560813995549314 -8.120141339049157 -6
    endloop
  endfacet
  facet normal -0.6343932841636456 -0.7730104533627368 0
    outer loop
      vertex 1.2560813995549314 -8.120141339049157 -6
      vertex 1.2560813995549314 -8.120141339049157 -20
      vertex 1.5986883791814732 -8.401311620818527 -6
    endloop
  endfacet
  facet normal -0.7730104533627369 -0.6343932841636457 0
    outer loop
      vertex 1.5986883791814732 -8.401311620818527 -6
      vertex 1.5986883791814732 -8.401311620818527 -20
      vertex 1.879858660950843 -8.743918600445069 -6
    endloop
  endfacet
  facet normal -0.8819212643483555 -0.4713967368259969 0
    outer loop
      vertex 1.879858660950843 -8.743918600445069 -6
      vertex 1.879858660950843 -8.743918600445069 -20
      vertex 2.0887870286167542 -9.134796083837943 -6
    endloop
  endfacet
  facet normal -0.9569403357322087 -0.290284677254463 0
    outer loop
      vertex 2.0887870286167542 -9.134796083837943 -6
      vertex 2.0887870286167542 -9.134796083837943 -20
      vertex 2.217444482178185 -9.558922868516976 -6
    endloop
  endfacet
  facet normal -0.9951847266721968 -0.09801714032956094 0
    outer loop
      vertex 2.217444482178185 -9.558922868516976 -6
      vertex 2.217444482178185 -9.558922868516976 -20
      vertex 2.2608867878467005 -10 -6
    endloop
  endfacet
  facet normal 0.9951847266721968 0 0.09801714032956094
    outer loop
      vertex -2.2608867878467005 6 10
      vertex -2.217444482178185 6 9.558922868516976
      vertex -2.217444482178185 20 9.558922868516976
    endloop
  endfacet
  facet normal 0.9569403357322087 0 0.290284677254463
    outer loop
      vertex -2.217444482178185 6 9.558922868516976
      vertex -2.0887870286167542 6 9.134796083837943
      vertex -2.0887870286167542 20 9.134796083837943
    endloop
  endfacet
  facet normal 0.8819212643483555 0 0.4713967368259969
    outer loop
      vertex -2.0887870286167542 6 9.134796083837943
      vertex -1.879858660950843 6 8.743918600445069
      vertex -1.879858660950843 20 8.743918600445069
    endloop
  endfacet
  facet normal 0.7730104533627369 0 0.6343932841636457
    outer loop
      vertex -1.879858660950843 6 8.743918600445069
      vertex -1.5986883791814732 6 8.401311620818527
      vertex -1.5986883791814732 20 8.401311620818527
    endloop
  endfacet
  facet normal 0.6343932841636456 0 0.7730104533627368
    outer loop
      vertex -1.5986883791814732 6 8.401311620818527
      vertex -1.2560813995549314 6 8.120141339049157
      vertex -1.2560813995549314 20 8.120141339049157
    endloop
  endfacet
  facet normal 0.47139673682599725 0 0.8819212643483552
    outer loop
      vertex -1.2560813995549314 6 8.120141339049157
      vertex -0.8652039161620579 6 7.911212971383246
      vertex -0.8652039161620579 20 7.911212971383246
    endloop
  endfacet
  facet normal 0.29028467725446216 0 0.956940335732209
    outer loop
      vertex -0.8652039161620579 6 7.911212971383246
      vertex -0.44107713148302263 6 7.782555517821815
      vertex -0.44107713148302263 20 7.782555517821815
    endloop
  endfacet
  facet normal 0.09801714032956212 0 0.9951847266721967
    outer loop
      vertex -0.44107713148302263 6 7.782555517821815
      vertex 0 6 7.739113212153299
      vertex 0 20 7.739113212153299
    endloop
  endfacet
  facet normal 0.9951847266721968 0 0.09801714032956094
    outer loop
      vertex -2.2608867878467005 6 10
      vertex -2.217444482178185 20 9.558922868516976
      vertex -2.2608867878467005 20 10
    endloop
  endfacet
  facet normal 0.8819212643483555 0 0.4713967368259969
    outer loop
      vertex -2.0887870286167542 6 9.134796083837943
      vertex -1.879858660950843 20 8.743918600445069
      vertex -2.0887870286167542 20 9.134796083837943
    endloop
  endfacet
  facet normal 0.9569403357322087 0 0.290284677254463
    outer loop
      vertex -2.217444482178185 6 9.558922868516976
      vertex -2.0887870286167542 20 9.134796083837943
      vertex -2.217444482178185 20 9.558922868516976
    endloop
  endfacet
  facet normal 0.7730104533627369 0 0.6343932841636457
    outer loop
      vertex -1.879858660950843 6 8.743918600445069
      vertex -1.5986883791814732 20 8.401311620818527
      vertex -1.879858660950843 20 8.743918600445069
    endloop
  endfacet
  facet normal 0.6343932841636456 0 0.7730104533627368
    outer loop
      vertex -1.5986883791814732 6 8.401311620818527
      vertex -1.2560813995549314 20 8.120141339049157
      vertex -1.5986883791814732 20 8.401311620818527
    endloop
  endfacet
  facet normal 0.47139673682599725 0 0.8819212643483552
    outer loop
      vertex -1.2560813995549314 6 8.120141339049157
      vertex -0.8652039161620579 20 7.911212971383246
      vertex -1.2560813995549314 20 8.120141339049157
    endloop
  endfacet
  facet normal 0.29028467725446216 0 0.956940335732209
    outer loop
      vertex -0.8652039161620579 6 7.911212971383246
      vertex -0.44107713148302263 20 7.782555517821815
      vertex -0.8652039161620579 20 7.911212971383246
    endloop
  endfacet
  facet normal 0.09801714032956212 0 0.9951847266721967
    outer loop
      vertex -0.44107713148302263 6 7.782555517821815
      vertex 0 20 7.739113212153299
      vertex -0.44107713148302263 20 7.782555517821815
    endloop
  endfacet
  facet normal 0.9951847266721968 0 -0.09801714032956094
    outer loop
      vertex -2.2608867878467005 6 10
      vertex -2.2608867878467005 20 10
      vertex -2.217444482178185 6 10.441077131483024
    endloop
  endfacet
  facet normal 0.9569403357322087 0 -0.290284677254463
    outer loop
      vertex -2.217444482178185 6 10.441077131483024
      vertex -2.217444482178185 20 10.441077131483024
      vertex -2.0887870286167542 6 10.865203916162057
    endloop
  endfacet
  facet normal 0.8819212643483555 0 -0.4713967368259969
    outer loop
      vertex -2.0887870286167542 6 10.865203916162057
      vertex -2.0887870286167542 20 10.865203916162057
      vertex -1.879858660950843 6 11.256081399554931
    endloop
  endfacet
  facet normal 0.7730104533627369 0 -0.6343932841636457
    outer loop
      vertex -1.879858660950843 6 11.256081399554931
      vertex -1.879858660950843 20 11.256081399554931
      vertex -1.5986883791814732 6 11.598688379181473
    endloop
  endfacet
  facet normal 0.6343932841636456 0 -0.7730104533627368
    outer loop
      vertex -1.5986883791814732 6 11.598688379181473
      vertex -1.5986883791814732 20 11.598688379181473
      vertex -1.2560813995549314 6 11.879858660950843
    endloop
  endfacet
  facet normal 0.47139673682599575 0 -0.881921264348356
    outer loop
      vertex -1.2560813995549314 6 11.879858660950843
      vertex -1.2560813995549314 20 11.879858660950843
      vertex -0.8652039161620579 6 12.088787028616753
    endloop
  endfacet
  facet normal 0.29028467725446216 0 -0.956940335732209
    outer loop
      vertex -0.8652039161620579 6 12.088787028616753
      vertex -0.8652039161620579 20 12.088787028616753
      vertex -0.44107713148302263 6 12.217444482178184
    endloop
  endfacet
  facet normal 0.09801714032956411 0 -0.9951847266721966
    outer loop
      vertex -0.44107713148302263 6 12.217444482178184
      vertex -0.44107713148302263 20 12.217444482178184
      vertex 0 6 12.260886787846701
    endloop
  endfacet
  facet normal 0.9951847266721968 0 -0.09801714032956094
    outer loop
      vertex -2.217444482178185 6 10.441077131483024
      vertex -2.2608867878467005 20 10
      vertex -2.217444482178185 20 10.441077131483024
    endloop
  endfacet
  facet normal 0.9569403357322087 0 -0.290284677254463
    outer loop
      vertex -2.0887870286167542 6 10.865203916162057
      vertex -2.217444482178185 20 10.441077131483024
      vertex -2.0887870286167542 20 10.865203916162057
    endloop
  endfacet
  facet normal 0.8819212643483555 0 -0.4713967368259969
    outer loop
      vertex -1.879858660950843 6 11.256081399554931
      vertex -2.0887870286167542 20 10.865203916162057
      vertex -1.879858660950843 20 11.256081399554931
    endloop
  endfacet
  facet normal 0.7730104533627369 0 -0.6343932841636457
    outer loop
      vertex -1.5986883791814732 6 11.598688379181473
      vertex -1.879858660950843 20 11.256081399554931
      vertex -1.5986883791814732 20 11.598688379181473
    endloop
  endfacet
  facet normal 0.6343932841636456 0 -0.7730104533627368
    outer loop
      vertex -1.2560813995549314 6 11.879858660950843
      vertex -1.5986883791814732 20 11.598688379181473
      vertex -1.2560813995549314 20 11.879858660950843
    endloop
  endfacet
  facet normal 0.47139673682599575 0 -0.881921264348356
    outer loop
      vertex -0.8652039161620579 6 12.088787028616753
      vertex -1.2560813995549314 20 11.879858660950843
      vertex -0.8652039161620579 20 12.088787028616753
    endloop
  endfacet
  facet normal 0.29028467725446216 0 -0.956940335732209
    outer loop
      vertex -0.44107713148302263 6 12.217444482178184
      vertex -0.8652039161620579 20 12.088787028616753
      vertex -0.44107713148302263 20 12.217444482178184
    endloop
  endfacet
  facet normal 0.09801714032956411 0 -0.9951847266721966
    outer loop
      vertex 0 6 12.260886787846701
      vertex -0.44107713148302263 20 12.217444482178184
      vertex 0 20 12.260886787846701
    endloop
  endfacet
  facet normal -0.09801714032956212 0 0.9951847266721967
    outer loop
      vertex 0 6 7.739113212153299
      vertex 0.44107713148302263 6 7.782555517821815
      vertex 0.44107713148302263 20 7.782555517821815
    endloop
  endfacet
  facet normal -0.29028467725446216 0 0.956940335732209
    outer loop
      vertex 0.44107713148302263 6 7.782555517821815
      vertex 0.8652039161620579 6 7.911212971383246
      vertex 0.8652039161620579 20 7.911212971383246
    endloop
  endfacet
  facet normal -0.47139673682599725 0 0.8819212643483552
    outer loop
      vertex 0.8652039161620579 6 7.911212971383246
      vertex 1.2560813995549314 6 8.120141339049157
      vertex 1.2560813995549314 20 8.120141339049157
    endloop
  endfacet
  facet normal -0.6343932841636456 0 0.7730104533627368
    outer loop
      vertex 1.2560813995549314 6 8.120141339049157
      vertex 1.5986883791814732 6 8.401311620818527
      vertex 1.5986883791814732 20 8.401311620818527
    endloop
  endfacet
  facet normal -0.7730104533627369 0 0.6343932841636457
    outer loop
      vertex 1.5986883791814732 6 8.401311620818527
      vertex 1.879858660950843 6 8.743918600445069
      vertex 1.879858660950843 20 8.743918600445069
    endloop
  endfacet
  facet normal -0.8819212643483555 0 0.4713967368259969
    outer loop
      vertex 1.879858660950843 6 8.743918600445069
      vertex 2.0887870286167542 6 9.134796083837943
      vertex 2.0887870286167542 20 9.134796083837943
    endloop
  endfacet
  facet normal -0.9569403357322087 0 0.290284677254463
    outer loop
      vertex 2.0887870286167542 6 9.134796083837943
      vertex 2.217444482178185 6 9.558922868516976
      vertex 2.217444482178185 20 9.558922868516976
    endloop
  endfacet
  facet normal -0.9951847266721968 0 0.09801714032956094
    outer loop
      vertex 2.217444482178185 6 9.558922868516976
      vertex 2.2608867878467005 6 10
      vertex 2.2608867878467005 20 10
    endloop
  endfacet
  facet normal -0.09801714032956212 0 0.9951847266721967
    outer loop
      vertex 0 6 7.739113212153299
      vertex 0.44107713148302263 20 7.782555517821815
      vertex 0 20 7.739113212153299
    endloop
  endfacet
  facet normal -0.29028467725446216 0 0.956940335732209
    outer loop
      vertex 0.44107713148302263 6 7.782555517821815
      vertex 0.8652039161620579 20 7.911212971383246
      vertex 0.44107713148302263 20 7.782555517821815
    endloop
  endfacet
  facet normal -0.47139673682599725 0 0.8819212643483552
    outer loop
      vertex 0.8652039161620579 6 7.911212971383246
      vertex 1.2560813995549314 20 8.120141339049157
      vertex 0.8652039161620579 20 7.911212971383246
    endloop
  endfacet
  facet normal -0.6343932841636456 0 0.7730104533627368
    outer loop
      vertex 1.2560813995549314 6 8.120141339049157
      vertex 1.5986883791814732 20 8.401311620818527
      vertex 1.2560813995549314 20 8.120141339049157
    endloop
  endfacet
  facet normal -0.7730104533627369 0 0.6343932841636457
    outer loop
      vertex 1.5986883791814732 6 8.401311620818527
      vertex 1.879858660950843 20 8.743918600445069
      vertex 1.5986883791814732 20 8.401311620818527
    endloop
  endfacet
  facet normal -0.8819212643483555 0 0.4713967368259969
    outer loop
      vertex 1.879858660950843 6 8.743918600445069
      vertex 2.0887870286167542 20 9.134796083837943
      vertex 1.879858660950843 20 8.743918600445069
    endloop
  endfacet
  facet normal -0.9569403357322087 0 0.290284677254463
    outer loop
      vertex 2.0887870286167542 6 9.134796083837943
      vertex 2.217444482178185 20 9.558922868516976
      vertex 2.0887870286167542 20 9.134796083837943
    endloop
  endfacet
  facet normal -0.9951847266721968 0 0.09801714032956094
    outer loop
      vertex 2.217444482178185 6 9.558922868516976
      vertex 2.2608867878467005 20 10
      vertex 2.217444482178185 20 9.558922868516976
    endloop
  endfacet
  facet normal -0.09801714032956411 0 -0.9951847266721966
    outer loop
      vertex 0 6 12.260886787846701
      vertex 0 20 12.260886787846701
      vertex 0.44107713148302263 6 12.217444482178184
    endloop
  endfacet
  facet normal -0.29028467725446216 0 -0.956940335732209
    outer loop
      vertex 0.44107713148302263 6 12.217444482178184
      vertex 0.44107713148302263 20 12.217444482178184
      vertex 0.8652039161620579 6 12.088787028616753
    endloop
  endfacet
  facet normal -0.47139673682599575 0 -0.881921264348356
    outer loop
      vertex 0.8652039161620579 6 12.088787028616753
      vertex 0.8652039161620579 20 12.088787028616753
      vertex 1.2560813995549314 6 11.879858660950843
    endloop
  endfacet
  facet normal -0.6343932841636456 0 -0.7730104533627368
    outer loop
      vertex 1.2560813995549314 6 11.879858660950843
      vertex 1.2560813995549314 20 11.879858660950843
      vertex 1.5986883791814732 6 11.598688379181473
    endloop
  endfacet
  facet normal -0.7730104533627369 0 -0.6343932841636457
    outer loop
      vertex 1.5986883791814732 6 11.598688379181473
      vertex 1.5986883791814732 20 11.598688379181473
      vertex 1.879858660950843 6 11.256081399554931
    endloop
  endfacet
  facet normal -0.8819212643483555 0 -0.4713967368259969
    outer loop
      vertex 1.879858660950843 6 11.256081399554931
      vertex 1.879858660950843 20 11.256081399554931
      vertex 2.0887870286167542 6 10.865203916162057
    endloop
  endfacet
  facet normal -0.9569403357322087 0 -0.290284677254463
    outer loop
      vertex 2.0887870286167542 6 10.865203916162057
      vertex 2.0887870286167542 20 10.865203916162057
      vertex 2.217444482178185 6 10.441077131483024
    endloop
  endfacet
  facet normal -0.9951847266721968 0 -0.09801714032956094
    outer loop
      vertex 2.2608867878467005 6 10
      vertex 2.217444482178185 6 10.441077131483024
      vertex 2.217444482178185 20 10.441077131483024
    endloop
  endfacet
  facet normal -0.09801714032956411 0 -0.9951847266721966
    outer loop
      vertex 0.44107713148302263 6 12.217444482178184
      vertex 0 20 12.260886787846701
      vertex 0.44107713148302263 20 12.217444482178184
    endloop
  endfacet
  facet normal -0.29028467725446216 0 -0.956940335732209
    outer loop
      vertex 0.8652039161620579 6 12.088787028616753
      vertex 0.44107713148302263 20 12.217444482178184
      vertex 0.8652039161620579 20 12.088787028616753
    endloop
  endfacet
  facet normal -0.47139673682599575 0 -0.881921264348356
    outer loop
      vertex 1.2560813995549314 6 11.879858660950843
      vertex 0.8652039161620579 20 12.088787028616753
      vertex 1.2560813995549314 20 11.879858660950843
    endloop
  endfacet
  facet normal -0.6343932841636456 0 -0.7730104533627368
    outer loop
      vertex 1.5986883791814732 6 11.598688379181473
      vertex 1.2560813995549314 20 11.879858660950843
      vertex 1.5986883791814732 20 11.598688379181473
    endloop
  endfacet
  facet normal -0.7730104533627369 0 -0.6343932841636457
    outer loop
      vertex 1.879858660950843 6 11.256081399554931
      vertex 1.5986883791814732 20 11.598688379181473
      vertex 1.879858660950843 20 11.256081399554931
    endloop
  endfacet
  facet normal -0.9569403357322087 0 -0.290284677254463
    outer loop
      vertex 2.217444482178185 6 10.441077131483024
      vertex 2.0887870286167542 20 10.865203916162057
      vertex 2.217444482178185 20 10.441077131483024
    endloop
  endfacet
  facet normal -0.8819212643483555 0 -0.4713967368259969
    outer loop
      vertex 2.0887870286167542 6 10.865203916162057
      vertex 1.879858660950843 20 11.256081399554931
      vertex 2.0887870286167542 20 10.865203916162057
    endloop
  endfacet
  facet normal -0.9951847266721968 0 -0.09801714032956094
    outer loop
      vertex 2.2608867878467005 6 10
      vertex 2.217444482178185 20 10.441077131483024
      vertex 2.2608867878467005 20 10
    endloop
  endfacet
  facet normal 0 0 1
    outer loop
      vertex -6.129908002520191 -11.219314512600802 -6
      vertex -5.774247078195542 -12.39177145228181 -6
      vertex -5.774247078195542 -7.6082285477181895 -6
    endloop
  endfacet
  facet normal 0 0 1
    outer loop
      vertex -5.774247078195542 -12.39177145228181 -6
      vertex -5.196685076890907 -13.472313956372513 -6
      vertex -5.196685076890907 -6.527686043627487 -6
    endloop
  endfacet
  facet normal 0.8819212643483548 0.4713967368259979 0
    outer loop
      vertex -5.774247078195542 -12.39177145228181 -6
      vertex -5.774247078195542 -12.39177145228181 7.6082285477181895
      vertex -5.196685076890907 -13.472313956372513 -6
    endloop
  endfacet
  facet normal 0.9569403357322088 0.2902846772544626 0
    outer loop
      vertex -6.129908002520191 -11.219314512600802 -6
      vertex -6.129908002520191 -11.219314512600802 8.780685487399198
      vertex -5.774247078195542 -12.39177145228181 -6
    endloop
  endfacet
  facet normal 0.9951847266721968 0.09801714032956034 0
    outer loop
      vertex -6.129908002520191 -11.219314512600802 -6
      vertex -6.25 -10 -6
      vertex -6.25 -10 10
    endloop
  endfacet
  facet normal 0 0 1
    outer loop
      vertex -6.129908002520191 -11.219314512600802 -6
      vertex -6.129908002520191 -8.780685487399198 -6
      vertex -6.25 -10 -6
    endloop
  endfacet
  facet normal 0 0 1
    outer loop
      vertex -6.129908002520191 -11.219314512600802 -6
      vertex -5.774247078195542 -7.6082285477181895 -6
      vertex -6.129908002520191 -8.780685487399198 -6
    endloop
  endfacet
  facet normal 0 0 1
    outer loop
      vertex -5.774247078195542 -12.39177145228181 -6
      vertex -5.196685076890907 -6.527686043627487 -6
      vertex -5.774247078195542 -7.6082285477181895 -6
    endloop
  endfacet
  facet normal 0.9951847266721969 -0.09801714032956035 0
    outer loop
      vertex -6.25 -10 -6
      vertex -6.129908002520191 -8.780685487399198 -6
      vertex -6.129908002520191 -8.780685487399198 8.780685487399198
    endloop
  endfacet
  facet normal 0.9569403357322089 -0.2902846772544626 0
    outer loop
      vertex -6.129908002520191 -8.780685487399198 -6
      vertex -5.774247078195542 -7.6082285477181895 -6
      vertex -5.774247078195542 -7.6082285477181895 7.6082285477181895
    endloop
  endfacet
  facet normal 0.8819212643483548 -0.471396736825998 0
    outer loop
      vertex -5.774247078195542 -7.6082285477181895 -6
      vertex -5.196685076890907 -6.527686043627487 -6
      vertex -5.196685076890907 -6.527686043627487 6.527686043627487
    endloop
  endfacet
  facet normal 0.4713967368259981 0.8819212643483547 0
    outer loop
      vertex -3.4723139563725134 -15.196685076890908 -6
      vertex -2.391771452281811 -15.774247078195543 4.225752921804458
      vertex -2.391771452281811 -15.774247078195543 -6
    endloop
  endfacet
  facet normal 0 0 1
    outer loop
      vertex -5.196685076890907 -13.472313956372513 -6
      vertex -4.419417382415922 -14.419417382415922 -6
      vertex -4.419417382415922 -5.580582617584078 -6
    endloop
  endfacet
  facet normal 0 0 1
    outer loop
      vertex -3.4723139563725134 -15.196685076890908 -6
      vertex -3.4723139563725134 -4.803314923109093 -6
      vertex -4.419417382415922 -14.419417382415922 -6
    endloop
  endfacet
  facet normal 0 0 1
    outer loop
      vertex -3.4723139563725134 -15.196685076890908 -6
      vertex -2.391771452281811 -15.774247078195543 -6
      vertex -2.391771452281811 -4.225752921804458 -6
    endloop
  endfacet
  facet normal 0.7730104533627373 0.6343932841636449 0
    outer loop
      vertex -5.196685076890907 -13.472313956372513 -6
      vertex -5.196685076890907 -13.472313956372513 6.527686043627487
      vertex -4.419417382415922 -14.419417382415922 -6
    endloop
  endfacet
  facet normal 0.6343932841636454 0.773010453362737 0
    outer loop
      vertex -3.4723139563725134 -15.196685076890908 -6
      vertex -4.419417382415922 -14.419417382415922 -6
      vertex -3.4723139563725134 -15.196685076890908 4.803314923109093
    endloop
  endfacet
  facet normal 0.2902846772544605 0.9569403357322095 0
    outer loop
      vertex -2.391771452281811 -15.774247078195543 -6
      vertex -1.2193145126008016 -16.12990800252019 3.8700919974798094
      vertex -1.2193145126008016 -16.12990800252019 -6
    endloop
  endfacet
  facet normal 0.09801714032956178 0.9951847266721967 0
    outer loop
      vertex -1.2193145126008016 -16.12990800252019 -6
      vertex 0 -16.25 3.75
      vertex 0 -16.25 -6
    endloop
  endfacet
  facet normal 0 0 1
    outer loop
      vertex -2.391771452281811 -15.774247078195543 -6
      vertex -1.879858660950843 -11.256081399554931 -6
      vertex -2.0887870286167542 -10.865203916162057 -6
    endloop
  endfacet
  facet normal 0 0 1
    outer loop
      vertex -2.391771452281811 -15.774247078195543 -6
      vertex -1.5986883791814732 -11.598688379181473 -6
      vertex -1.879858660950843 -11.256081399554931 -6
    endloop
  endfacet
  facet normal 0 0 1
    outer loop
      vertex -2.391771452281811 -15.774247078195543 -6
      vertex -1.2193145126008016 -16.12990800252019 -6
      vertex -1.2560813995549314 -11.879858660950843 -6
    endloop
  endfacet
  facet normal 0 0 1
    outer loop
      vertex -2.391771452281811 -15.774247078195543 -6
      vertex -1.2560813995549314 -11.879858660950843 -6
      vertex -1.5986883791814732 -11.598688379181473 -6
    endloop
  endfacet
  facet normal 0 0 1
    outer loop
      vertex -2.391771452281811 -15.774247078195543 -6
      vertex -2.0887870286167542 -10.865203916162057 -6
      vertex -2.217444482178185 -10.441077131483024 -6
    endloop
  endfacet
  facet normal 0 0 1
    outer loop
      vertex -2.391771452281811 -15.774247078195543 -6
      vertex -2.217444482178185 -10.441077131483024 -6
      vertex -2.2608867878467005 -10 -6
    endloop
  endfacet
  facet normal 0 0 1
    outer loop
      vertex -1.2193145126008016 -16.12990800252019 -6
      vertex -0.8652039161620579 -12.088787028616753 -6
      vertex -1.2560813995549314 -11.879858660950843 -6
    endloop
  endfacet
  facet normal 0 0 1
    outer loop
      vertex -1.2193145126008016 -16.12990800252019 -6
      vertex -0.44107713148302263 -12.217444482178184 -6
      vertex -0.8652039161620579 -12.088787028616753 -6
    endloop
  endfacet
  facet normal 0 0 1
    outer loop
      vertex -1.2193145126008016 -16.12990800252019 -6
      vertex 0 -16.25 -6
      vertex 0 -12.260886787846701 -6
    endloop
  endfacet
  facet normal 0 0 1
    outer loop
      vertex -1.2193145126008016 -16.12990800252019 -6
      vertex 0 -12.260886787846701 -6
      vertex -0.44107713148302263 -12.217444482178184 -6
    endloop
  endfacet
  facet normal 0 0 1
    outer loop
      vertex -5.196685076890907 -13.472313956372513 -6
      vertex -4.419417382415922 -5.580582617584078 -6
      vertex -5.196685076890907 -6.527686043627487 -6
    endloop
  endfacet
  facet normal 0 0 1
    outer loop
      vertex -4.419417382415922 -14.419417382415922 -6
      vertex -3.4723139563725134 -4.803314923109093 -6
      vertex -4.419417382415922 -5.580582617584078 -6
    endloop
  endfacet
  facet normal 0 0 1
    outer loop
      vertex -3.4723139563725134 -15.196685076890908 -6
      vertex -2.391771452281811 -4.225752921804458 -6
      vertex -3.4723139563725134 -4.803314923109093 -6
    endloop
  endfacet
  facet normal 0.7730104533627374 -0.634393284163645 0
    outer loop
      vertex -5.196685076890907 -6.527686043627487 -6
      vertex -4.419417382415922 -5.580582617584078 -6
      vertex -4.419417382415922 -5.580582617584078 5.580582617584078
    endloop
  endfacet
  facet normal 0.634393284163645 -0.7730104533627374 0
    outer loop
      vertex -4.419417382415922 -5.580582617584078 -6
      vertex -3.4723139563725134 -4.803314923109093 -6
      vertex -3.4723139563725134 -4.803314923109093 4.803314923109093
    endloop
  endfacet
  facet normal 0.4713967368259981 -0.8819212643483547 0
    outer loop
      vertex -3.4723139563725134 -4.803314923109093 -6
      vertex -2.391771452281811 -4.225752921804458 -6
      vertex -2.391771452281811 -4.225752921804458 4.225752921804458
    endloop
  endfacet
  facet normal 0 0 1
    outer loop
      vertex -2.391771452281811 -15.774247078195543 -6
      vertex -2.2608867878467005 -10 -6
      vertex -2.391771452281811 -4.225752921804458 -6
    endloop
  endfacet
  facet normal 0 0 1
    outer loop
      vertex -2.2608867878467005 -10 -6
      vertex -2.217444482178185 -9.558922868516976 -6
      vertex -2.391771452281811 -4.225752921804458 -6
    endloop
  endfacet
  facet normal 0 0 1
    outer loop
      vertex -2.217444482178185 -9.558922868516976 -6
      vertex -2.0887870286167542 -9.134796083837943 -6
      vertex -2.391771452281811 -4.225752921804458 -6
    endloop
  endfacet
  facet normal 0 0 1
    outer loop
      vertex -2.0887870286167542 -9.134796083837943 -6
      vertex -1.879858660950843 -8.743918600445069 -6
      vertex -2.391771452281811 -4.225752921804458 -6
    endloop
  endfacet
  facet normal 0 0 1
    outer loop
      vertex -1.879858660950843 -8.743918600445069 -6
      vertex -1.5986883791814732 -8.401311620818527 -6
      vertex -2.391771452281811 -4.225752921804458 -6
    endloop
  endfacet
  facet normal 0 0 1
    outer loop
      vertex -1.5986883791814732 -8.401311620818527 -6
      vertex -1.2560813995549314 -8.120141339049157 -6
      vertex -1.2193145126008016 -3.8700919974798094 -6
    endloop
  endfacet
  facet normal 0 0 1
    outer loop
      vertex -1.5986883791814732 -8.401311620818527 -6
      vertex -1.2193145126008016 -3.8700919974798094 -6
      vertex -2.391771452281811 -4.225752921804458 -6
    endloop
  endfacet
  facet normal 0 0 1
    outer loop
      vertex -1.2560813995549314 -8.120141339049157 -6
      vertex -0.8652039161620579 -7.911212971383246 -6
      vertex -1.2193145126008016 -3.8700919974798094 -6
    endloop
  endfacet
  facet normal 0 0 1
    outer loop
      vertex -0.8652039161620579 -7.911212971383246 -6
      vertex -0.44107713148302263 -7.782555517821815 -6
      vertex -1.2193145126008016 -3.8700919974798094 -6
    endloop
  endfacet
  facet normal 0 0 1
    outer loop
      vertex -0.44107713148302263 -7.782555517821815 -6
      vertex 0 -7.739113212153299 -6
      vertex -1.2193145126008016 -3.8700919974798094 -6
    endloop
  endfacet
  facet normal 0 0 1
    outer loop
      vertex -1.2193145126008016 -3.8700919974798094 -6
      vertex 0 -7.739113212153299 -6
      vertex 0 -3.75 -6
    endloop
  endfacet
  facet normal 0.2902846772544625 -0.9569403357322088 0
    outer loop
      vertex -2.391771452281811 -4.225752921804458 -6
      vertex -1.2193145126008016 -3.8700919974798094 -6
      vertex -1.2193145126008016 -3.8700919974798094 3.8700919974798094
    endloop
  endfacet
  facet normal 0.09801714032956034 -0.9951847266721969 0
    outer loop
      vertex -1.2193145126008016 -3.8700919974798094 -6
      vertex 0 -3.75 -6
      vertex 0 -3.75 3.75
    endloop
  endfacet
  facet normal 0.8819212643483548 0.471396736825998 0
    outer loop
      vertex -5.196685076890907 -13.472313956372513 -6
      vertex -5.774247078195542 -12.39177145228181 7.6082285477181895
      vertex -5.196685076890907 -13.472313956372513 6.527686043627487
    endloop
  endfacet
  facet normal 0.9569403357322089 0.2902846772544626 0
    outer loop
      vertex -5.774247078195542 -12.39177145228181 -6
      vertex -6.129908002520191 -11.219314512600802 8.780685487399198
      vertex -5.774247078195542 -12.39177145228181 7.6082285477181895
    endloop
  endfacet
  facet normal 0.9951847266721969 0.09801714032956035 0
    outer loop
      vertex -6.129908002520191 -11.219314512600802 -6
      vertex -6.25 -10 10
      vertex -6.129908002520191 -11.219314512600802 8.780685487399198
    endloop
  endfacet
  facet normal 0.9569403357322087 0.29028467725446255 0
    outer loop
      vertex -6.129908002520191 -11.219314512600802 11.219314512600802
      vertex -6.129908002520191 -11.219314512600802 20
      vertex -5.774247078195542 -12.39177145228181 12.39177145228181
    endloop
  endfacet
  facet normal 0.9951847266721969 0.09801714032956034 0
    outer loop
      vertex -6.129908002520191 -11.219314512600802 11.219314512600802
      vertex -6.25 -10 10
      vertex -6.25 -10 20
    endloop
  endfacet
  facet normal 0.8819212643483549 0.471396736825998 0
    outer loop
      vertex -5.774247078195542 -12.39177145228181 12.39177145228181
      vertex -5.774247078195542 -12.39177145228181 20
      vertex -5.196685076890907 -13.472313956372513 13.472313956372513
    endloop
  endfacet
  facet normal 0.8819212643483549 0.471396736825998 0
    outer loop
      vertex -5.196685076890907 -13.472313956372513 13.472313956372513
      vertex -5.774247078195542 -12.39177145228181 20
      vertex -5.196685076890907 -13.472313956372513 20
    endloop
  endfacet
  facet normal 0.9569403357322088 0.2902846772544626 0
    outer loop
      vertex -5.774247078195542 -12.39177145228181 12.39177145228181
      vertex -6.129908002520191 -11.219314512600802 20
      vertex -5.774247078195542 -12.39177145228181 20
    endloop
  endfacet
  facet normal 0.9951847266721968 0.09801714032956034 0
    outer loop
      vertex -6.129908002520191 -11.219314512600802 11.219314512600802
      vertex -6.25 -10 20
      vertex -6.129908002520191 -11.219314512600802 20
    endloop
  endfacet
  facet normal 0.9951847266721968 -0.09801714032956034 0
    outer loop
      vertex -6.25 -10 -6
      vertex -6.129908002520191 -8.780685487399198 8.780685487399198
      vertex -6.25 -10 10
    endloop
  endfacet
  facet normal 0.9569403357322088 -0.2902846772544626 0
    outer loop
      vertex -6.129908002520191 -8.780685487399198 -6
      vertex -5.774247078195542 -7.6082285477181895 7.6082285477181895
      vertex -6.129908002520191 -8.780685487399198 8.780685487399198
    endloop
  endfacet
  facet normal 0.8819212643483548 -0.4713967368259979 0
    outer loop
      vertex -5.774247078195542 -7.6082285477181895 -6
      vertex -5.196685076890907 -6.527686043627487 6.527686043627487
      vertex -5.774247078195542 -7.6082285477181895 7.6082285477181895
    endloop
  endfacet
  facet normal 0.9951847266721968 -0.09801714032956034 0
    outer loop
      vertex -6.25 -10 10
      vertex -6.129908002520191 -8.780685487399198 11.219314512600802
      vertex -6.129908002520191 -8.780685487399198 20
    endloop
  endfacet
  facet normal 0.9569403357322088 -0.2902846772544626 0
    outer loop
      vertex -6.129908002520191 -8.780685487399198 11.219314512600802
      vertex -5.774247078195542 -7.6082285477181895 12.39177145228181
      vertex -5.774247078195542 -7.6082285477181895 20
    endloop
  endfacet
  facet normal 0.9951847266721969 -0.09801714032956034 0
    outer loop
      vertex -6.25 -10 10
      vertex -6.129908002520191 -8.780685487399198 20
      vertex -6.25 -10 20
    endloop
  endfacet
  facet normal 0.9569403357322087 -0.29028467725446255 0
    outer loop
      vertex -6.129908002520191 -8.780685487399198 11.219314512600802
      vertex -5.774247078195542 -7.6082285477181895 20
      vertex -6.129908002520191 -8.780685487399198 20
    endloop
  endfacet
  facet normal 0.8819212643483549 -0.471396736825998 0
    outer loop
      vertex -5.774247078195542 -7.6082285477181895 12.39177145228181
      vertex -5.196685076890907 -6.527686043627487 13.472313956372513
      vertex -5.196685076890907 -6.527686043627487 20
    endloop
  endfacet
  facet normal 0.8819212643483549 -0.471396736825998 0
    outer loop
      vertex -5.774247078195542 -7.6082285477181895 12.39177145228181
      vertex -5.196685076890907 -6.527686043627487 20
      vertex -5.774247078195542 -7.6082285477181895 20
    endloop
  endfacet
  facet normal 0.4713967368259982 0.8819212643483548 0
    outer loop
      vertex -3.4723139563725134 -15.196685076890908 -6
      vertex -3.4723139563725134 -15.196685076890908 4.803314923109093
      vertex -2.391771452281811 -15.774247078195543 4.225752921804458
    endloop
  endfacet
  facet normal 0.7730104533627374 0.634393284163645 0
    outer loop
      vertex -4.419417382415922 -14.419417382415922 -6
      vertex -5.196685076890907 -13.472313956372513 6.527686043627487
      vertex -4.419417382415922 -14.419417382415922 5.580582617584078
    endloop
  endfacet
  facet normal 0.6343932841636454 0.773010453362737 0
    outer loop
      vertex -3.4723139563725134 -15.196685076890908 4.803314923109093
      vertex -4.419417382415922 -14.419417382415922 -6
      vertex -4.419417382415922 -14.419417382415922 5.580582617584078
    endloop
  endfacet
  facet normal 0.2902846772544605 0.9569403357322095 0
    outer loop
      vertex -2.391771452281811 -15.774247078195543 -6
      vertex -2.391771452281811 -15.774247078195543 4.225752921804458
      vertex -1.2193145126008016 -16.12990800252019 3.8700919974798094
    endloop
  endfacet
  facet normal 0.09801714032956178 0.9951847266721967 0
    outer loop
      vertex -1.2193145126008016 -16.12990800252019 -6
      vertex -1.2193145126008016 -16.12990800252019 3.8700919974798094
      vertex 0 -16.25 3.75
    endloop
  endfacet
  facet normal 0.4713967368259981 0.8819212643483547 0
    outer loop
      vertex -3.4723139563725134 -15.196685076890908 15.196685076890908
      vertex -3.4723139563725134 -15.196685076890908 20
      vertex -2.391771452281811 -15.774247078195543 15.774247078195543
    endloop
  endfacet
  facet normal 0.4713967368259981 0.8819212643483548 0
    outer loop
      vertex -2.391771452281811 -15.774247078195543 15.774247078195543
      vertex -3.4723139563725134 -15.196685076890908 20
      vertex -2.391771452281811 -15.774247078195543 20
    endloop
  endfacet
  facet normal 0.7730104533627373 0.6343932841636449 0
    outer loop
      vertex -5.196685076890907 -13.472313956372513 13.472313956372513
      vertex -5.196685076890907 -13.472313956372513 20
      vertex -4.419417382415922 -14.419417382415922 14.419417382415922
    endloop
  endfacet
  facet normal 0.6343932841636455 0.7730104533627371 0
    outer loop
      vertex -3.4723139563725134 -15.196685076890908 15.196685076890908
      vertex -4.419417382415922 -14.419417382415922 14.419417382415922
      vertex -4.419417382415922 -14.419417382415922 20
    endloop
  endfacet
  facet normal 0.7730104533627373 0.6343932841636449 0
    outer loop
      vertex -4.419417382415922 -14.419417382415922 14.419417382415922
      vertex -5.196685076890907 -13.472313956372513 20
      vertex -4.419417382415922 -14.419417382415922 20
    endloop
  endfacet
  facet normal 0.6343932841636454 0.7730104533627371 0
    outer loop
      vertex -3.4723139563725134 -15.196685076890908 15.196685076890908
      vertex -4.419417382415922 -14.419417382415922 20
      vertex -3.4723139563725134 -15.196685076890908 20
    endloop
  endfacet
  facet normal 0.29028467725446044 0.9569403357322094 0
    outer loop
      vertex -2.391771452281811 -15.774247078195543 15.774247078195543
      vertex -2.391771452281811 -15.774247078195543 20
      vertex -1.2193145126008016 -16.12990800252019 16.12990800252019
    endloop
  endfacet
  facet normal 0.2902846772544605 0.9569403357322094 0
    outer loop
      vertex -1.2193145126008016 -16.12990800252019 16.12990800252019
      vertex -2.391771452281811 -15.774247078195543 20
      vertex -1.2193145126008016 -16.12990800252019 20
    endloop
  endfacet
  facet normal 0.0980171403295618 0.9951847266721968 0
    outer loop
      vertex -1.2193145126008016 -16.12990800252019 16.12990800252019
      vertex -1.2193145126008016 -16.12990800252019 20
      vertex 0 -16.25 16.25
    endloop
  endfacet
  facet normal 0.09801714032956178 0.9951847266721967 0
    outer loop
      vertex 0 -16.25 16.25
      vertex -1.2193145126008016 -16.12990800252019 20
      vertex 0 -16.25 20
    endloop
  endfacet
  facet normal 0.7730104533627373 -0.6343932841636449 0
    outer loop
      vertex -5.196685076890907 -6.527686043627487 -6
      vertex -4.419417382415922 -5.580582617584078 5.580582617584078
      vertex -5.196685076890907 -6.527686043627487 6.527686043627487
    endloop
  endfacet
  facet normal 0.634393284163645 -0.7730104533627374 0
    outer loop
      vertex -4.419417382415922 -5.580582617584078 -6
      vertex -3.4723139563725134 -4.803314923109093 4.803314923109093
      vertex -4.419417382415922 -5.580582617584078 5.580582617584078
    endloop
  endfacet
  facet normal 0.4713967368259982 -0.8819212643483548 0
    outer loop
      vertex -3.4723139563725134 -4.803314923109093 -6
      vertex -2.391771452281811 -4.225752921804458 4.225752921804458
      vertex -3.4723139563725134 -4.803314923109093 4.803314923109093
    endloop
  endfacet
  facet normal 0.29028467725446244 -0.9569403357322087 0
    outer loop
      vertex -2.391771452281811 -4.225752921804458 -6
      vertex -1.2193145126008016 -3.8700919974798094 3.8700919974798094
      vertex -2.391771452281811 -4.225752921804458 4.225752921804458
    endloop
  endfacet
  facet normal 0.09801714032956034 -0.9951847266721968 0
    outer loop
      vertex -1.2193145126008016 -3.8700919974798094 -6
      vertex 0 -3.75 3.75
      vertex -1.2193145126008016 -3.8700919974798094 3.8700919974798094
    endloop
  endfacet
  facet normal 0.7730104533627373 -0.6343932841636449 0
    outer loop
      vertex -5.196685076890907 -6.527686043627487 13.472313956372513
      vertex -4.419417382415922 -5.580582617584078 14.419417382415922
      vertex -4.419417382415922 -5.580582617584078 20
    endloop
  endfacet
  facet normal 0.6343932841636449 -0.7730104533627373 0
    outer loop
      vertex -4.419417382415922 -5.580582617584078 14.419417382415922
      vertex -3.4723139563725134 -4.803314923109093 15.196685076890908
      vertex -4.419417382415922 -5.580582617584078 20
    endloop
  endfacet
  facet normal 0.7730104533627373 -0.6343932841636449 0
    outer loop
      vertex -5.196685076890907 -6.527686043627487 13.472313956372513
      vertex -4.419417382415922 -5.580582617584078 20
      vertex -5.196685076890907 -6.527686043627487 20
    endloop
  endfacet
  facet normal 0.634393284163645 -0.7730104533627374 0
    outer loop
      vertex -3.4723139563725134 -4.803314923109093 15.196685076890908
      vertex -3.4723139563725134 -4.803314923109093 20
      vertex -4.419417382415922 -5.580582617584078 20
    endloop
  endfacet
  facet normal 0.4713967368259981 -0.8819212643483547 0
    outer loop
      vertex -3.4723139563725134 -4.803314923109093 15.196685076890908
      vertex -2.391771452281811 -4.225752921804458 15.774247078195543
      vertex -3.4723139563725134 -4.803314923109093 20
    endloop
  endfacet
  facet normal 0.4713967368259981 -0.8819212643483548 0
    outer loop
      vertex -2.391771452281811 -4.225752921804458 15.774247078195543
      vertex -2.391771452281811 -4.225752921804458 20
      vertex -3.4723139563725134 -4.803314923109093 20
    endloop
  endfacet
  facet normal 0.29028467725446244 -0.9569403357322087 0
    outer loop
      vertex -2.391771452281811 -4.225752921804458 15.774247078195543
      vertex -1.2193145126008016 -3.8700919974798094 16.12990800252019
      vertex -2.391771452281811 -4.225752921804458 20
    endloop
  endfacet
  facet normal 0.2902846772544625 -0.9569403357322088 0
    outer loop
      vertex -1.2193145126008016 -3.8700919974798094 16.12990800252019
      vertex -1.2193145126008016 -3.8700919974798094 20
      vertex -2.391771452281811 -4.225752921804458 20
    endloop
  endfacet
  facet normal 0.09801714032956035 -0.9951847266721968 0
    outer loop
      vertex -1.2193145126008016 -3.8700919974798094 16.12990800252019
      vertex 0 -3.75 16.25
      vertex -1.2193145126008016 -3.8700919974798094 20
    endloop
  endfacet
  facet normal 0.09801714032956035 -0.9951847266721969 0
    outer loop
      vertex 0 -3.75 16.25
      vertex 0 -3.75 20
      vertex -1.2193145126008016 -3.8700919974798094 20
    endloop
  endfacet
  facet normal -0.09801714032956178 0.9951847266721967 0
    outer loop
      vertex 0 -16.25 -6
      vertex 0 -16.25 3.75
      vertex 1.2193145126008016 -16.12990800252019 -6
    endloop
  endfacet
  facet normal -0.2902846772544605 0.9569403357322095 0
    outer loop
      vertex 1.2193145126008016 -16.12990800252019 -6
      vertex 1.2193145126008016 -16.12990800252019 3.8700919974798094
      vertex 2.391771452281811 -15.774247078195543 -6
    endloop
  endfacet
  facet normal 0 0 1
    outer loop
      vertex 0 -16.25 -6
      vertex 1.2193145126008016 -16.12990800252019 -6
      vertex 0 -12.260886787846701 -6
    endloop
  endfacet
  facet normal 0 0 1
    outer loop
      vertex 1.2193145126008016 -16.12990800252019 -6
      vertex 0.44107713148302263 -12.217444482178184 -6
      vertex 0 -12.260886787846701 -6
    endloop
  endfacet
  facet normal 0 0 1
    outer loop
      vertex 1.2193145126008016 -16.12990800252019 -6
      vertex 0.8652039161620579 -12.088787028616753 -6
      vertex 0.44107713148302263 -12.217444482178184 -6
    endloop
  endfacet
  facet normal 0 0 1
    outer loop
      vertex 1.2193145126008016 -16.12990800252019 -6
      vertex 1.2560813995549314 -11.879858660950843 -6
      vertex 0.8652039161620579 -12.088787028616753 -6
    endloop
  endfacet
  facet normal 0 0 1
    outer loop
      vertex 1.2193145126008016 -16.12990800252019 -6
      vertex 2.391771452281811 -15.774247078195543 -6
      vertex 1.5986883791814732 -11.598688379181473 -6
    endloop
  endfacet
  facet normal 0 0 1
    outer loop
      vertex 1.2193145126008016 -16.12990800252019 -6
      vertex 1.5986883791814732 -11.598688379181473 -6
      vertex 1.2560813995549314 -11.879858660950843 -6
    endloop
  endfacet
  facet normal 0 0 1
    outer loop
      vertex 2.391771452281811 -15.774247078195543 -6
      vertex 1.879858660950843 -11.256081399554931 -6
      vertex 1.5986883791814732 -11.598688379181473 -6
    endloop
  endfacet
  facet normal 0 0 1
    outer loop
      vertex 2.391771452281811 -15.774247078195543 -6
      vertex 2.0887870286167542 -10.865203916162057 -6
      vertex 1.879858660950843 -11.256081399554931 -6
    endloop
  endfacet
  facet normal 0 0 1
    outer loop
      vertex 2.391771452281811 -15.774247078195543 -6
      vertex 2.217444482178185 -10.441077131483024 -6
      vertex 2.0887870286167542 -10.865203916162057 -6
    endloop
  endfacet
  facet normal 0 0 1
    outer loop
      vertex 2.391771452281811 -15.774247078195543 -6
      vertex 2.2608867878467005 -10 -6
      vertex 2.217444482178185 -10.441077131483024 -6
    endloop
  endfacet
  facet normal -0.4713967368259981 0.8819212643483547 0
    outer loop
      vertex 2.391771452281811 -15.774247078195543 -6
      vertex 2.391771452281811 -15.774247078195543 4.225752921804458
      vertex 3.4723139563725134 -15.196685076890908 -6
    endloop
  endfacet
  facet normal 0 0 1
    outer loop
      vertex 2.391771452281811 -15.774247078195543 -6
      vertex 3.4723139563725134 -15.196685076890908 -6
      vertex 3.4723139563725134 -4.803314923109093 -6
    endloop
  endfacet
  facet normal 0 0 1
    outer loop
      vertex 3.4723139563725134 -15.196685076890908 -6
      vertex 4.419417382415922 -14.419417382415922 -6
      vertex 4.419417382415922 -5.580582617584078 -6
    endloop
  endfacet
  facet normal 0 0 1
    outer loop
      vertex 4.419417382415922 -14.419417382415922 -6
      vertex 5.196685076890907 -13.472313956372513 -6
      vertex 5.196685076890907 -6.527686043627487 -6
    endloop
  endfacet
  facet normal -0.6343932841636454 0.773010453362737 0
    outer loop
      vertex 3.4723139563725134 -15.196685076890908 -6
      vertex 3.4723139563725134 -15.196685076890908 4.803314923109093
      vertex 4.419417382415922 -14.419417382415922 -6
    endloop
  endfacet
  facet normal -0.7730104533627374 0.634393284163645 0
    outer loop
      vertex 4.419417382415922 -14.419417382415922 -6
      vertex 4.419417382415922 -14.419417382415922 5.580582617584078
      vertex 5.196685076890907 -13.472313956372513 -6
    endloop
  endfacet
  facet normal 0 0 1
    outer loop
      vertex 0 -7.739113212153299 -6
      vertex 0.44107713148302263 -7.782555517821815 -6
      vertex 1.2193145126008016 -3.8700919974798094 -6
    endloop
  endfacet
  facet normal 0 0 1
    outer loop
      vertex 0 -7.739113212153299 -6
      vertex 1.2193145126008016 -3.8700919974798094 -6
      vertex 0 -3.75 -6
    endloop
  endfacet
  facet normal 0 0 1
    outer loop
      vertex 0.44107713148302263 -7.782555517821815 -6
      vertex 0.8652039161620579 -7.911212971383246 -6
      vertex 1.2193145126008016 -3.8700919974798094 -6
    endloop
  endfacet
  facet normal 0 0 1
    outer loop
      vertex 0.8652039161620579 -7.911212971383246 -6
      vertex 1.2560813995549314 -8.120141339049157 -6
      vertex 1.2193145126008016 -3.8700919974798094 -6
    endloop
  endfacet
  facet normal 0 0 1
    outer loop
      vertex 2.391771452281811 -15.774247078195543 -6
      vertex 2.391771452281811 -4.225752921804458 -6
      vertex 2.2608867878467005 -10 -6
    endloop
  endfacet
  facet normal 0 0 1
    outer loop
      vertex 2.217444482178185 -9.558922868516976 -6
      vertex 2.2608867878467005 -10 -6
      vertex 2.391771452281811 -4.225752921804458 -6
    endloop
  endfacet
  facet normal 0 0 1
    outer loop
      vertex 2.0887870286167542 -9.134796083837943 -6
      vertex 2.217444482178185 -9.558922868516976 -6
      vertex 2.391771452281811 -4.225752921804458 -6
    endloop
  endfacet
  facet normal 0 0 1
    outer loop
      vertex 1.2560813995549314 -8.120141339049157 -6
      vertex 1.5986883791814732 -8.401311620818527 -6
      vertex 2.391771452281811 -4.225752921804458 -6
    endloop
  endfacet
  facet normal 0 0 1
    outer loop
      vertex 1.2560813995549314 -8.120141339049157 -6
      vertex 2.391771452281811 -4.225752921804458 -6
      vertex 1.2193145126008016 -3.8700919974798094 -6
    endloop
  endfacet
  facet normal 0 0 1
    outer loop
      vertex 1.5986883791814732 -8.401311620818527 -6
      vertex 1.879858660950843 -8.743918600445069 -6
      vertex 2.391771452281811 -4.225752921804458 -6
    endloop
  endfacet
  facet normal 0 0 1
    outer loop
      vertex 1.879858660950843 -8.743918600445069 -6
      vertex 2.0887870286167542 -9.134796083837943 -6
      vertex 2.391771452281811 -4.225752921804458 -6
    endloop
  endfacet
  facet normal -0.09801714032956034 -0.9951847266721969 0
    outer loop
      vertex 0 -3.75 -6
      vertex 1.2193145126008016 -3.8700919974798094 -6
      vertex 0 -3.75 3.75
    endloop
  endfacet
  facet normal -0.2902846772544625 -0.9569403357322088 0
    outer loop
      vertex 1.2193145126008016 -3.8700919974798094 -6
      vertex 2.391771452281811 -4.225752921804458 -6
      vertex 1.2193145126008016 -3.8700919974798094 3.8700919974798094
    endloop
  endfacet
  facet normal 0 0 1
    outer loop
      vertex 2.391771452281811 -15.774247078195543 -6
      vertex 3.4723139563725134 -4.803314923109093 -6
      vertex 2.391771452281811 -4.225752921804458 -6
    endloop
  endfacet
  facet normal 0 0 1
    outer loop
      vertex 3.4723139563725134 -15.196685076890908 -6
      vertex 4.419417382415922 -5.580582617584078 -6
      vertex 3.4723139563725134 -4.803314923109093 -6
    endloop
  endfacet
  facet normal 0 0 1
    outer loop
      vertex 4.419417382415922 -14.419417382415922 -6
      vertex 5.196685076890907 -6.527686043627487 -6
      vertex 4.419417382415922 -5.580582617584078 -6
    endloop
  endfacet
  facet normal -0.634393284163645 -0.7730104533627374 0
    outer loop
      vertex 4.419417382415922 -5.580582617584078 -6
      vertex 3.4723139563725134 -4.803314923109093 4.803314923109093
      vertex 3.4723139563725134 -4.803314923109093 -6
    endloop
  endfacet
  facet normal -0.7730104533627373 -0.6343932841636449 0
    outer loop
      vertex 4.419417382415922 -5.580582617584078 -6
      vertex 5.196685076890907 -6.527686043627487 -6
      vertex 5.196685076890907 -6.527686043627487 6.527686043627487
    endloop
  endfacet
  facet normal -0.4713967368259981 -0.8819212643483547 0
    outer loop
      vertex 2.391771452281811 -4.225752921804458 -6
      vertex 3.4723139563725134 -4.803314923109093 -6
      vertex 2.391771452281811 -4.225752921804458 4.225752921804458
    endloop
  endfacet
  facet normal 0 0 1
    outer loop
      vertex 5.196685076890907 -13.472313956372513 -6
      vertex 5.774247078195542 -12.39177145228181 -6
      vertex 5.774247078195542 -7.6082285477181895 -6
    endloop
  endfacet
  facet normal 0 0 1
    outer loop
      vertex 5.774247078195542 -12.39177145228181 -6
      vertex 6.129908002520191 -11.219314512600802 -6
      vertex 6.129908002520191 -8.780685487399198 -6
    endloop
  endfacet
  facet normal -0.8819212643483548 0.471396736825998 0
    outer loop
      vertex 5.196685076890907 -13.472313956372513 -6
      vertex 5.196685076890907 -13.472313956372513 6.527686043627487
      vertex 5.774247078195542 -12.39177145228181 -6
    endloop
  endfacet
  facet normal -0.9569403357322089 0.2902846772544626 0
    outer loop
      vertex 5.774247078195542 -12.39177145228181 -6
      vertex 5.774247078195542 -12.39177145228181 7.6082285477181895
      vertex 6.129908002520191 -11.219314512600802 -6
    endloop
  endfacet
  facet normal -0.9951847266721969 0.09801714032956035 0
    outer loop
      vertex 6.129908002520191 -11.219314512600802 -6
      vertex 6.129908002520191 -11.219314512600802 8.780685487399198
      vertex 6.25 -10 -6
    endloop
  endfacet
  facet normal 0 0 1
    outer loop
      vertex 5.196685076890907 -13.472313956372513 -6
      vertex 5.774247078195542 -7.6082285477181895 -6
      vertex 5.196685076890907 -6.527686043627487 -6
    endloop
  endfacet
  facet normal 0 0 1
    outer loop
      vertex 5.774247078195542 -12.39177145228181 -6
      vertex 6.129908002520191 -8.780685487399198 -6
      vertex 5.774247078195542 -7.6082285477181895 -6
    endloop
  endfacet
  facet normal 0 0 1
    outer loop
      vertex 6.129908002520191 -11.219314512600802 -6
      vertex 6.25 -10 -6
      vertex 6.129908002520191 -8.780685487399198 -6
    endloop
  endfacet
  facet normal -0.9951847266721968 -0.09801714032956034 0
    outer loop
      vertex 6.129908002520191 -8.780685487399198 -6
      vertex 6.25 -10 -6
      vertex 6.25 -10 10
    endloop
  endfacet
  facet normal -0.9569403357322088 -0.2902846772544626 0
    outer loop
      vertex 5.774247078195542 -7.6082285477181895 -6
      vertex 6.129908002520191 -8.780685487399198 -6
      vertex 6.129908002520191 -8.780685487399198 8.780685487399198
    endloop
  endfacet
  facet normal -0.8819212643483548 -0.4713967368259979 0
    outer loop
      vertex 5.196685076890907 -6.527686043627487 -6
      vertex 5.774247078195542 -7.6082285477181895 -6
      vertex 5.774247078195542 -7.6082285477181895 7.6082285477181895
    endloop
  endfacet
  facet normal -0.09801714032956178 0.9951847266721967 0
    outer loop
      vertex 1.2193145126008016 -16.12990800252019 -6
      vertex 0 -16.25 3.75
      vertex 1.2193145126008016 -16.12990800252019 3.8700919974798094
    endloop
  endfacet
  facet normal -0.2902846772544605 0.9569403357322095 0
    outer loop
      vertex 2.391771452281811 -15.774247078195543 -6
      vertex 1.2193145126008016 -16.12990800252019 3.8700919974798094
      vertex 2.391771452281811 -15.774247078195543 4.225752921804458
    endloop
  endfacet
  facet normal -0.4713967368259981 0.8819212643483548 0
    outer loop
      vertex 2.391771452281811 -15.774247078195543 4.225752921804458
      vertex 3.4723139563725134 -15.196685076890908 4.803314923109093
      vertex 3.4723139563725134 -15.196685076890908 -6
    endloop
  endfacet
  facet normal -0.6343932841636454 0.773010453362737 0
    outer loop
      vertex 3.4723139563725134 -15.196685076890908 4.803314923109093
      vertex 4.419417382415922 -14.419417382415922 5.580582617584078
      vertex 4.419417382415922 -14.419417382415922 -6
    endloop
  endfacet
  facet normal -0.7730104533627373 0.6343932841636449 0
    outer loop
      vertex 5.196685076890907 -13.472313956372513 -6
      vertex 4.419417382415922 -14.419417382415922 5.580582617584078
      vertex 5.196685076890907 -13.472313956372513 6.527686043627487
    endloop
  endfacet
  facet normal -0.0980171403295618 0.9951847266721968 0
    outer loop
      vertex 0 -16.25 16.25
      vertex 1.2193145126008016 -16.12990800252019 20
      vertex 1.2193145126008016 -16.12990800252019 16.12990800252019
    endloop
  endfacet
  facet normal -0.09801714032956178 0.9951847266721967 0
    outer loop
      vertex 0 -16.25 16.25
      vertex 0 -16.25 20
      vertex 1.2193145126008016 -16.12990800252019 20
    endloop
  endfacet
  facet normal -0.29028467725446044 0.9569403357322094 0
    outer loop
      vertex 1.2193145126008016 -16.12990800252019 16.12990800252019
      vertex 2.391771452281811 -15.774247078195543 20
      vertex 2.391771452281811 -15.774247078195543 15.774247078195543
    endloop
  endfacet
  facet normal -0.2902846772544605 0.9569403357322094 0
    outer loop
      vertex 1.2193145126008016 -16.12990800252019 16.12990800252019
      vertex 1.2193145126008016 -16.12990800252019 20
      vertex 2.391771452281811 -15.774247078195543 20
    endloop
  endfacet
  facet normal -0.4713967368259981 0.8819212643483548 0
    outer loop
      vertex 2.391771452281811 -15.774247078195543 15.774247078195543
      vertex 3.4723139563725134 -15.196685076890908 20
      vertex 3.4723139563725134 -15.196685076890908 15.196685076890908
    endloop
  endfacet
  facet normal -0.4713967368259981 0.8819212643483548 0
    outer loop
      vertex 2.391771452281811 -15.774247078195543 15.774247078195543
      vertex 2.391771452281811 -15.774247078195543 20
      vertex 3.4723139563725134 -15.196685076890908 20
    endloop
  endfacet
  facet normal -0.6343932841636455 0.7730104533627371 0
    outer loop
      vertex 3.4723139563725134 -15.196685076890908 15.196685076890908
      vertex 4.419417382415922 -14.419417382415922 20
      vertex 4.419417382415922 -14.419417382415922 14.419417382415922
    endloop
  endfacet
  facet normal -0.7730104533627373 0.6343932841636449 0
    outer loop
      vertex 4.419417382415922 -14.419417382415922 14.419417382415922
      vertex 4.419417382415922 -14.419417382415922 20
      vertex 5.196685076890907 -13.472313956372513 13.472313956372513
    endloop
  endfacet
  facet normal -0.6343932841636454 0.7730104533627371 0
    outer loop
      vertex 3.4723139563725134 -15.196685076890908 15.196685076890908
      vertex 3.4723139563725134 -15.196685076890908 20
      vertex 4.419417382415922 -14.419417382415922 20
    endloop
  endfacet
  facet normal -0.7730104533627373 0.6343932841636449 0
    outer loop
      vertex 5.196685076890907 -13.472313956372513 13.472313956372513
      vertex 4.419417382415922 -14.419417382415922 20
      vertex 5.196685076890907 -13.472313956372513 20
    endloop
  endfacet
  facet normal -0.09801714032956034 -0.9951847266721968 0
    outer loop
      vertex 1.2193145126008016 -3.8700919974798094 -6
      vertex 1.2193145126008016 -3.8700919974798094 3.8700919974798094
      vertex 0 -3.75 3.75
    endloop
  endfacet
  facet normal -0.29028467725446244 -0.9569403357322087 0
    outer loop
      vertex 2.391771452281811 -4.225752921804458 -6
      vertex 2.391771452281811 -4.225752921804458 4.225752921804458
      vertex 1.2193145126008016 -3.8700919974798094 3.8700919974798094
    endloop
  endfacet
  facet normal -0.634393284163645 -0.7730104533627374 0
    outer loop
      vertex 4.419417382415922 -5.580582617584078 -6
      vertex 4.419417382415922 -5.580582617584078 5.580582617584078
      vertex 3.4723139563725134 -4.803314923109093 4.803314923109093
    endloop
  endfacet
  facet normal -0.7730104533627374 -0.634393284163645 0
    outer loop
      vertex 4.419417382415922 -5.580582617584078 -6
      vertex 5.196685076890907 -6.527686043627487 6.527686043627487
      vertex 4.419417382415922 -5.580582617584078 5.580582617584078
    endloop
  endfacet
  facet normal -0.4713967368259981 -0.8819212643483548 0
    outer loop
      vertex 2.391771452281811 -4.225752921804458 4.225752921804458
      vertex 3.4723139563725134 -4.803314923109093 -6
      vertex 3.4723139563725134 -4.803314923109093 4.803314923109093
    endloop
  endfacet
  facet normal -0.09801714032956035 -0.9951847266721968 0
    outer loop
      vertex 0 -3.75 16.25
      vertex 1.2193145126008016 -3.8700919974798094 16.12990800252019
      vertex 1.2193145126008016 -3.8700919974798094 20
    endloop
  endfacet
  facet normal -0.09801714032956035 -0.9951847266721969 0
    outer loop
      vertex 0 -3.75 16.25
      vertex 1.2193145126008016 -3.8700919974798094 20
      vertex 0 -3.75 20
    endloop
  endfacet
  facet normal -0.29028467725446244 -0.9569403357322087 0
    outer loop
      vertex 1.2193145126008016 -3.8700919974798094 16.12990800252019
      vertex 2.391771452281811 -4.225752921804458 15.774247078195543
      vertex 2.391771452281811 -4.225752921804458 20
    endloop
  endfacet
  facet normal -0.2902846772544625 -0.9569403357322088 0
    outer loop
      vertex 1.2193145126008016 -3.8700919974798094 16.12990800252019
      vertex 2.391771452281811 -4.225752921804458 20
      vertex 1.2193145126008016 -3.8700919974798094 20
    endloop
  endfacet
  facet normal -0.6343932841636449 -0.7730104533627373 0
    outer loop
      vertex 4.419417382415922 -5.580582617584078 14.419417382415922
      vertex 4.419417382415922 -5.580582617584078 20
      vertex 3.4723139563725134 -4.803314923109093 15.196685076890908
    endloop
  endfacet
  facet normal -0.7730104533627373 -0.6343932841636449 0
    outer loop
      vertex 4.419417382415922 -5.580582617584078 14.419417382415922
      vertex 5.196685076890907 -6.527686043627487 13.472313956372513
      vertex 5.196685076890907 -6.527686043627487 20
    endloop
  endfacet
  facet normal -0.634393284163645 -0.7730104533627374 0
    outer loop
      vertex 3.4723139563725134 -4.803314923109093 15.196685076890908
      vertex 4.419417382415922 -5.580582617584078 20
      vertex 3.4723139563725134 -4.803314923109093 20
    endloop
  endfacet
  facet normal -0.7730104533627373 -0.6343932841636449 0
    outer loop
      vertex 4.419417382415922 -5.580582617584078 14.419417382415922
      vertex 5.196685076890907 -6.527686043627487 20
      vertex 4.419417382415922 -5.580582617584078 20
    endloop
  endfacet
  facet normal -0.4713967368259981 -0.8819212643483548 0
    outer loop
      vertex 2.391771452281811 -4.225752921804458 15.774247078195543
      vertex 3.4723139563725134 -4.803314923109093 15.196685076890908
      vertex 3.4723139563725134 -4.803314923109093 20
    endloop
  endfacet
  facet normal -0.4713967368259981 -0.8819212643483548 0
    outer loop
      vertex 2.391771452281811 -4.225752921804458 15.774247078195543
      vertex 3.4723139563725134 -4.803314923109093 20
      vertex 2.391771452281811 -4.225752921804458 20
    endloop
  endfacet
  facet normal -0.8819212643483548 0.4713967368259979 0
    outer loop
      vertex 5.774247078195542 -12.39177145228181 -6
      vertex 5.196685076890907 -13.472313956372513 6.527686043627487
      vertex 5.774247078195542 -12.39177145228181 7.6082285477181895
    endloop
  endfacet
  facet normal -0.9569403357322088 0.2902846772544626 0
    outer loop
      vertex 6.129908002520191 -11.219314512600802 -6
      vertex 5.774247078195542 -12.39177145228181 7.6082285477181895
      vertex 6.129908002520191 -11.219314512600802 8.780685487399198
    endloop
  endfacet
  facet normal -0.9951847266721968 0.09801714032956034 0
    outer loop
      vertex 6.25 -10 -6
      vertex 6.129908002520191 -11.219314512600802 8.780685487399198
      vertex 6.25 -10 10
    endloop
  endfacet
  facet normal -0.9569403357322088 0.2902846772544626 0
    outer loop
      vertex 5.774247078195542 -12.39177145228181 12.39177145228181
      vertex 5.774247078195542 -12.39177145228181 20
      vertex 6.129908002520191 -11.219314512600802 11.219314512600802
    endloop
  endfacet
  facet normal -0.9951847266721968 0.09801714032956034 0
    outer loop
      vertex 6.129908002520191 -11.219314512600802 11.219314512600802
      vertex 6.129908002520191 -11.219314512600802 20
      vertex 6.25 -10 10
    endloop
  endfacet
  facet normal -0.8819212643483549 0.471396736825998 0
    outer loop
      vertex 5.196685076890907 -13.472313956372513 13.472313956372513
      vertex 5.196685076890907 -13.472313956372513 20
      vertex 5.774247078195542 -12.39177145228181 12.39177145228181
    endloop
  endfacet
  facet normal -0.8819212643483549 0.471396736825998 0
    outer loop
      vertex 5.774247078195542 -12.39177145228181 12.39177145228181
      vertex 5.196685076890907 -13.472313956372513 20
      vertex 5.774247078195542 -12.39177145228181 20
    endloop
  endfacet
  facet normal -0.9569403357322087 0.29028467725446255 0
    outer loop
      vertex 6.129908002520191 -11.219314512600802 11.219314512600802
      vertex 5.774247078195542 -12.39177145228181 20
      vertex 6.129908002520191 -11.219314512600802 20
    endloop
  endfacet
  facet normal -0.9951847266721969 0.09801714032956034 0
    outer loop
      vertex 6.25 -10 10
      vertex 6.129908002520191 -11.219314512600802 20
      vertex 6.25 -10 20
    endloop
  endfacet
  facet normal -0.9951847266721969 -0.09801714032956035 0
    outer loop
      vertex 6.129908002520191 -8.780685487399198 -6
      vertex 6.25 -10 10
      vertex 6.129908002520191 -8.780685487399198 8.780685487399198
    endloop
  endfacet
  facet normal -0.9569403357322089 -0.2902846772544626 0
    outer loop
      vertex 5.774247078195542 -7.6082285477181895 -6
      vertex 6.129908002520191 -8.780685487399198 8.780685487399198
      vertex 5.774247078195542 -7.6082285477181895 7.6082285477181895
    endloop
  endfacet
  facet normal -0.8819212643483548 -0.471396736825998 0
    outer loop
      vertex 5.196685076890907 -6.527686043627487 -6
      vertex 5.774247078195542 -7.6082285477181895 7.6082285477181895
      vertex 5.196685076890907 -6.527686043627487 6.527686043627487
    endloop
  endfacet
  facet normal -0.9951847266721969 -0.09801714032956034 0
    outer loop
      vertex 6.25 -10 10
      vertex 6.25 -10 20
      vertex 6.129908002520191 -8.780685487399198 11.219314512600802
    endloop
  endfacet
  facet normal -0.9569403357322087 -0.29028467725446255 0
    outer loop
      vertex 5.774247078195542 -7.6082285477181895 12.39177145228181
      vertex 6.129908002520191 -8.780685487399198 11.219314512600802
      vertex 6.129908002520191 -8.780685487399198 20
    endloop
  endfacet
  facet normal -0.9951847266721968 -0.09801714032956034 0
    outer loop
      vertex 6.129908002520191 -8.780685487399198 11.219314512600802
      vertex 6.25 -10 20
      vertex 6.129908002520191 -8.780685487399198 20
    endloop
  endfacet
  facet normal -0.9569403357322088 -0.2902846772544626 0
    outer loop
      vertex 5.774247078195542 -7.6082285477181895 12.39177145228181
      vertex 6.129908002520191 -8.780685487399198 20
      vertex 5.774247078195542 -7.6082285477181895 20
    endloop
  endfacet
  facet normal -0.8819212643483548 -0.471396736825998 0
    outer loop
      vertex 5.196685076890907 -6.527686043627487 13.472313956372513
      vertex 5.774247078195542 -7.6082285477181895 12.39177145228181
      vertex 5.774247078195542 -7.6082285477181895 20
    endloop
  endfacet
  facet normal -0.8819212643483549 -0.471396736825998 0
    outer loop
      vertex 5.196685076890907 -6.527686043627487 13.472313956372513
      vertex 5.774247078195542 -7.6082285477181895 20
      vertex 5.196685076890907 -6.527686043627487 20
    endloop
  endfacet
  facet normal 0.8819212643483549 0 0.471396736825998
    outer loop
      vertex -5.196685076890907 -13.472313956372513 6.527686043627487
      vertex -5.774247078195542 -20 7.6082285477181895
      vertex -5.196685076890907 -20 6.527686043627487
    endloop
  endfacet
  facet normal 0.8819212643483549 0 0.471396736825998
    outer loop
      vertex -5.774247078195542 -12.39177145228181 7.6082285477181895
      vertex -5.774247078195542 -20 7.6082285477181895
      vertex -5.196685076890907 -13.472313956372513 6.527686043627487
    endloop
  endfacet
  facet normal 0.9569403357322088 0 0.2902846772544626
    outer loop
      vertex -5.774247078195542 -12.39177145228181 7.6082285477181895
      vertex -6.129908002520191 -20 8.780685487399198
      vertex -5.774247078195542 -20 7.6082285477181895
    endloop
  endfacet
  facet normal 0.9951847266721968 0 0.09801714032956034
    outer loop
      vertex -6.129908002520191 -11.219314512600802 8.780685487399198
      vertex -6.25 -20 10
      vertex -6.129908002520191 -20 8.780685487399198
    endloop
  endfacet
  facet normal 0.9569403357322087 0 0.29028467725446255
    outer loop
      vertex -6.129908002520191 -11.219314512600802 8.780685487399198
      vertex -6.129908002520191 -20 8.780685487399198
      vertex -5.774247078195542 -12.39177145228181 7.6082285477181895
    endloop
  endfacet
  facet normal 0.9951847266721969 0 0.09801714032956034
    outer loop
      vertex -6.129908002520191 -11.219314512600802 8.780685487399198
      vertex -6.25 -10 10
      vertex -6.25 -20 10
    endloop
  endfacet
  facet normal 0.8819212643483549 0 -0.471396736825998
    outer loop
      vertex -5.196685076890907 -13.472313956372513 13.472313956372513
      vertex -5.196685076890907 -20 13.472313956372513
      vertex -5.774247078195542 -20 12.39177145228181
    endloop
  endfacet
  facet normal 0.9951847266721968 0 -0.09801714032956034
    outer loop
      vertex -6.129908002520191 -11.219314512600802 11.219314512600802
      vertex -6.129908002520191 -20 11.219314512600802
      vertex -6.25 -20 10
    endloop
  endfacet
  facet normal 0.9569403357322088 0 -0.2902846772544626
    outer loop
      vertex -5.774247078195542 -12.39177145228181 12.39177145228181
      vertex -5.774247078195542 -20 12.39177145228181
      vertex -6.129908002520191 -20 11.219314512600802
    endloop
  endfacet
  facet normal 0.8819212643483549 0 -0.471396736825998
    outer loop
      vertex -5.774247078195542 -12.39177145228181 12.39177145228181
      vertex -5.196685076890907 -13.472313956372513 13.472313956372513
      vertex -5.774247078195542 -20 12.39177145228181
    endloop
  endfacet
  facet normal 0.9569403357322087 0 -0.29028467725446255
    outer loop
      vertex -6.129908002520191 -11.219314512600802 11.219314512600802
      vertex -5.774247078195542 -12.39177145228181 12.39177145228181
      vertex -6.129908002520191 -20 11.219314512600802
    endloop
  endfacet
  facet normal 0.9951847266721969 0 -0.09801714032956034
    outer loop
      vertex -6.129908002520191 -11.219314512600802 11.219314512600802
      vertex -6.25 -20 10
      vertex -6.25 -10 10
    endloop
  endfacet
  facet normal 0.8819212643483548 0 0.4713967368259979
    outer loop
      vertex -5.774247078195542 -7.6082285477181895 7.6082285477181895
      vertex -5.196685076890907 -6.527686043627487 6.527686043627487
      vertex -5.774247078195542 6 7.6082285477181895
    endloop
  endfacet
  facet normal 0.9951847266721968 0 0.09801714032956034
    outer loop
      vertex -6.25 -10 10
      vertex -6.129908002520191 -8.780685487399198 8.780685487399198
      vertex -6.25 6 10
    endloop
  endfacet
  facet normal 0.9569403357322088 0 0.2902846772544626
    outer loop
      vertex -6.129908002520191 -8.780685487399198 8.780685487399198
      vertex -5.774247078195542 -7.6082285477181895 7.6082285477181895
      vertex -6.129908002520191 6 8.780685487399198
    endloop
  endfacet
  facet normal 0.9951847266721968 0 -0.09801714032956034
    outer loop
      vertex -6.25 -10 10
      vertex -6.25 6 10
      vertex -6.129908002520191 -8.780685487399198 11.219314512600802
    endloop
  endfacet
  facet normal 0.9569403357322088 0 -0.2902846772544626
    outer loop
      vertex -6.129908002520191 -8.780685487399198 11.219314512600802
      vertex -6.129908002520191 6 11.219314512600802
      vertex -5.774247078195542 -7.6082285477181895 12.39177145228181
    endloop
  endfacet
  facet normal 0.8819212643483548 0 -0.4713967368259979
    outer loop
      vertex -5.774247078195542 -7.6082285477181895 12.39177145228181
      vertex -5.774247078195542 6 12.39177145228181
      vertex -5.196685076890907 -6.527686043627487 13.472313956372513
    endloop
  endfacet
  facet normal 0.4713967368259981 0 0.8819212643483548
    outer loop
      vertex -2.391771452281811 -15.774247078195543 4.225752921804458
      vertex -3.4723139563725134 -20 4.803314923109093
      vertex -2.391771452281811 -20 4.225752921804458
    endloop
  endfacet
  facet normal 0.4713967368259981 0 0.8819212643483547
    outer loop
      vertex -3.4723139563725134 -15.196685076890908 4.803314923109093
      vertex -3.4723139563725134 -20 4.803314923109093
      vertex -2.391771452281811 -15.774247078195543 4.225752921804458
    endloop
  endfacet
  facet normal 0.7730104533627373 0 0.6343932841636449
    outer loop
      vertex -4.419417382415922 -14.419417382415922 5.580582617584078
      vertex -5.196685076890907 -20 6.527686043627487
      vertex -4.419417382415922 -20 5.580582617584078
    endloop
  endfacet
  facet normal 0.634393284163645 0 0.7730104533627374
    outer loop
      vertex -3.4723139563725134 -15.196685076890908 4.803314923109093
      vertex -4.419417382415922 -20 5.580582617584078
      vertex -3.4723139563725134 -20 4.803314923109093
    endloop
  endfacet
  facet normal 0.7730104533627373 0 0.6343932841636449
    outer loop
      vertex -5.196685076890907 -13.472313956372513 6.527686043627487
      vertex -5.196685076890907 -20 6.527686043627487
      vertex -4.419417382415922 -14.419417382415922 5.580582617584078
    endloop
  endfacet
  facet normal 0.6343932841636449 0 0.7730104533627373
    outer loop
      vertex -3.4723139563725134 -15.196685076890908 4.803314923109093
      vertex -4.419417382415922 -14.419417382415922 5.580582617584078
      vertex -4.419417382415922 -20 5.580582617584078
    endloop
  endfacet
  facet normal 0.2902846772544625 0 0.9569403357322088
    outer loop
      vertex -1.2193145126008016 -16.12990800252019 3.8700919974798094
      vertex -2.391771452281811 -20 4.225752921804458
      vertex -1.2193145126008016 -20 3.8700919974798094
    endloop
  endfacet
  facet normal 0.29028467725446244 0 0.9569403357322087
    outer loop
      vertex -2.391771452281811 -15.774247078195543 4.225752921804458
      vertex -2.391771452281811 -20 4.225752921804458
      vertex -1.2193145126008016 -16.12990800252019 3.8700919974798094
    endloop
  endfacet
  facet normal 0.09801714032956035 0 0.9951847266721969
    outer loop
      vertex 0 -16.25 3.75
      vertex -1.2193145126008016 -20 3.8700919974798094
      vertex 0 -20 3.75
    endloop
  endfacet
  facet normal 0.09801714032956035 0 0.9951847266721968
    outer loop
      vertex -1.2193145126008016 -16.12990800252019 3.8700919974798094
      vertex -1.2193145126008016 -20 3.8700919974798094
      vertex 0 -16.25 3.75
    endloop
  endfacet
  facet normal 0.7730104533627373 0 -0.6343932841636449
    outer loop
      vertex -4.419417382415922 -14.419417382415922 14.419417382415922
      vertex -4.419417382415922 -20 14.419417382415922
      vertex -5.196685076890907 -20 13.472313956372513
    endloop
  endfacet
  facet normal 0.6343932841636454 0 -0.7730104533627371
    outer loop
      vertex -3.4723139563725134 -15.196685076890908 15.196685076890908
      vertex -3.4723139563725134 -20 15.196685076890908
      vertex -4.419417382415922 -20 14.419417382415922
    endloop
  endfacet
  facet normal 0.7730104533627373 0 -0.6343932841636449
    outer loop
      vertex -5.196685076890907 -13.472313956372513 13.472313956372513
      vertex -4.419417382415922 -14.419417382415922 14.419417382415922
      vertex -5.196685076890907 -20 13.472313956372513
    endloop
  endfacet
  facet normal 0.6343932841636455 0 -0.7730104533627371
    outer loop
      vertex -3.4723139563725134 -15.196685076890908 15.196685076890908
      vertex -4.419417382415922 -20 14.419417382415922
      vertex -4.419417382415922 -14.419417382415922 14.419417382415922
    endloop
  endfacet
  facet normal 0.4713967368259981 0 -0.8819212643483548
    outer loop
      vertex -2.391771452281811 -15.774247078195543 15.774247078195543
      vertex -2.391771452281811 -20 15.774247078195543
      vertex -3.4723139563725134 -20 15.196685076890908
    endloop
  endfacet
  facet normal 0.4713967368259981 0 -0.8819212643483547
    outer loop
      vertex -3.4723139563725134 -15.196685076890908 15.196685076890908
      vertex -2.391771452281811 -15.774247078195543 15.774247078195543
      vertex -3.4723139563725134 -20 15.196685076890908
    endloop
  endfacet
  facet normal 0.2902846772544605 0 -0.9569403357322094
    outer loop
      vertex -1.2193145126008016 -16.12990800252019 16.12990800252019
      vertex -1.2193145126008016 -20 16.12990800252019
      vertex -2.391771452281811 -20 15.774247078195543
    endloop
  endfacet
  facet normal 0.29028467725446044 0 -0.9569403357322094
    outer loop
      vertex -2.391771452281811 -15.774247078195543 15.774247078195543
      vertex -1.2193145126008016 -16.12990800252019 16.12990800252019
      vertex -2.391771452281811 -20 15.774247078195543
    endloop
  endfacet
  facet normal 0.09801714032956178 0 -0.9951847266721967
    outer loop
      vertex 0 -16.25 16.25
      vertex 0 -20 16.25
      vertex -1.2193145126008016 -20 16.12990800252019
    endloop
  endfacet
  facet normal 0.0980171403295618 0 -0.9951847266721968
    outer loop
      vertex -1.2193145126008016 -16.12990800252019 16.12990800252019
      vertex 0 -16.25 16.25
      vertex -1.2193145126008016 -20 16.12990800252019
    endloop
  endfacet
  facet normal 0.4713967368259982 0 0.8819212643483548
    outer loop
      vertex -3.4723139563725134 -4.803314923109093 4.803314923109093
      vertex -2.391771452281811 -4.225752921804458 4.225752921804458
      vertex -3.4723139563725134 6 4.803314923109093
    endloop
  endfacet
  facet normal 0.7730104533627373 0 0.6343932841636449
    outer loop
      vertex -5.196685076890907 -6.527686043627487 6.527686043627487
      vertex -4.419417382415922 -5.580582617584078 5.580582617584078
      vertex -5.196685076890907 6 6.527686043627487
    endloop
  endfacet
  facet normal 0.634393284163645 0 0.7730104533627374
    outer loop
      vertex -4.419417382415922 -5.580582617584078 5.580582617584078
      vertex -3.4723139563725134 -4.803314923109093 4.803314923109093
      vertex -4.419417382415922 6 5.580582617584078
    endloop
  endfacet
  facet normal 0.29028467725446244 0 0.9569403357322087
    outer loop
      vertex -2.391771452281811 -4.225752921804458 4.225752921804458
      vertex -1.2193145126008016 -3.8700919974798094 3.8700919974798094
      vertex -2.391771452281811 6 4.225752921804458
    endloop
  endfacet
  facet normal 0.09801714032956034 0 0.9951847266721968
    outer loop
      vertex -1.2193145126008016 -3.8700919974798094 3.8700919974798094
      vertex 0 -3.75 3.75
      vertex -1.2193145126008016 6 3.8700919974798094
    endloop
  endfacet
  facet normal 0.7730104533627373 0 -0.6343932841636449
    outer loop
      vertex -5.196685076890907 -6.527686043627487 13.472313956372513
      vertex -5.196685076890907 6 13.472313956372513
      vertex -4.419417382415922 -5.580582617584078 14.419417382415922
    endloop
  endfacet
  facet normal 0.6343932841636455 0 -0.773010453362737
    outer loop
      vertex -4.419417382415922 -5.580582617584078 14.419417382415922
      vertex -3.4723139563725134 6 15.196685076890908
      vertex -3.4723139563725134 -4.803314923109093 15.196685076890908
    endloop
  endfacet
  facet normal 0.4713967368259982 0 -0.8819212643483547
    outer loop
      vertex -3.4723139563725134 -4.803314923109093 15.196685076890908
      vertex -2.391771452281811 6 15.774247078195543
      vertex -2.391771452281811 -4.225752921804458 15.774247078195543
    endloop
  endfacet
  facet normal 0.2902846772544605 0 -0.9569403357322094
    outer loop
      vertex -2.391771452281811 -4.225752921804458 15.774247078195543
      vertex -1.2193145126008016 6 16.12990800252019
      vertex -1.2193145126008016 -3.8700919974798094 16.12990800252019
    endloop
  endfacet
  facet normal 0.09801714032956178 0 -0.9951847266721967
    outer loop
      vertex -1.2193145126008016 -3.8700919974798094 16.12990800252019
      vertex 0 6 16.25
      vertex 0 -3.75 16.25
    endloop
  endfacet
  facet normal 0.8819212643483548 0 0.471396736825998
    outer loop
      vertex -5.196685076890907 -6.527686043627487 6.527686043627487
      vertex -5.196685076890907 6 6.527686043627487
      vertex -5.774247078195542 6 7.6082285477181895
    endloop
  endfacet
  facet normal 0.9951847266721969 0 0.09801714032956035
    outer loop
      vertex -6.129908002520191 -8.780685487399198 8.780685487399198
      vertex -6.129908002520191 6 8.780685487399198
      vertex -6.25 6 10
    endloop
  endfacet
  facet normal 0.9569403357322089 0 0.2902846772544626
    outer loop
      vertex -5.774247078195542 -7.6082285477181895 7.6082285477181895
      vertex -5.774247078195542 6 7.6082285477181895
      vertex -6.129908002520191 6 8.780685487399198
    endloop
  endfacet
  facet normal 0 -1 0
    outer loop
      vertex -6.129908002520191 6 8.780685487399198
      vertex -5.774247078195542 6 7.6082285477181895
      vertex -5.774247078195542 6 12.39177145228181
    endloop
  endfacet
  facet normal 0 -1 0
    outer loop
      vertex -5.774247078195542 6 7.6082285477181895
      vertex -5.196685076890907 6 6.527686043627487
      vertex -5.196685076890907 6 13.472313956372513
    endloop
  endfacet
  facet normal 0.9951847266721969 0 -0.09801714032956035
    outer loop
      vertex -6.129908002520191 -8.780685487399198 11.219314512600802
      vertex -6.25 6 10
      vertex -6.129908002520191 6 11.219314512600802
    endloop
  endfacet
  facet normal 0.9569403357322089 0 -0.2902846772544626
    outer loop
      vertex -5.774247078195542 -7.6082285477181895 12.39177145228181
      vertex -6.129908002520191 6 11.219314512600802
      vertex -5.774247078195542 6 12.39177145228181
    endloop
  endfacet
  facet normal 0.8819212643483548 0 -0.471396736825998
    outer loop
      vertex -5.196685076890907 -6.527686043627487 13.472313956372513
      vertex -5.774247078195542 6 12.39177145228181
      vertex -5.196685076890907 6 13.472313956372513
    endloop
  endfacet
  facet normal 0 -1 0
    outer loop
      vertex -6.25 6 10
      vertex -6.129908002520191 6 8.780685487399198
      vertex -6.129908002520191 6 11.219314512600802
    endloop
  endfacet
  facet normal 0 -1 0
    outer loop
      vertex -6.129908002520191 6 8.780685487399198
      vertex -5.774247078195542 6 12.39177145228181
      vertex -6.129908002520191 6 11.219314512600802
    endloop
  endfacet
  facet normal 0 -1 0
    outer loop
      vertex -5.774247078195542 6 7.6082285477181895
      vertex -5.196685076890907 6 13.472313956372513
      vertex -5.774247078195542 6 12.39177145228181
    endloop
  endfacet
  facet normal 0.4713967368259981 0 0.8819212643483547
    outer loop
      vertex -3.4723139563725134 6 4.803314923109093
      vertex -2.391771452281811 -4.225752921804458 4.225752921804458
      vertex -2.391771452281811 6 4.225752921804458
    endloop
  endfacet
  facet normal 0.7730104533627374 0 0.634393284163645
    outer loop
      vertex -4.419417382415922 -5.580582617584078 5.580582617584078
      vertex -4.419417382415922 6 5.580582617584078
      vertex -5.196685076890907 6 6.527686043627487
    endloop
  endfacet
  facet normal 0.634393284163645 0 0.7730104533627374
    outer loop
      vertex -3.4723139563725134 -4.803314923109093 4.803314923109093
      vertex -3.4723139563725134 6 4.803314923109093
      vertex -4.419417382415922 6 5.580582617584078
    endloop
  endfacet
  facet normal 0 -1 0
    outer loop
      vertex -5.196685076890907 6 6.527686043627487
      vertex -4.419417382415922 6 5.580582617584078
      vertex -4.419417382415922 6 14.419417382415922
    endloop
  endfacet
  facet normal 0 -1 0
    outer loop
      vertex -3.4723139563725134 6 4.803314923109093
      vertex -3.4723139563725134 6 15.196685076890908
      vertex -4.419417382415922 6 5.580582617584078
    endloop
  endfacet
  facet normal 0 -1 0
    outer loop
      vertex -3.4723139563725134 6 4.803314923109093
      vertex -2.391771452281811 6 4.225752921804458
      vertex -2.391771452281811 6 15.774247078195543
    endloop
  endfacet
  facet normal 0.2902846772544625 0 0.9569403357322088
    outer loop
      vertex -1.2193145126008016 -3.8700919974798094 3.8700919974798094
      vertex -1.2193145126008016 6 3.8700919974798094
      vertex -2.391771452281811 6 4.225752921804458
    endloop
  endfacet
  facet normal 0.09801714032956034 0 0.9951847266721969
    outer loop
      vertex -1.2193145126008016 6 3.8700919974798094
      vertex 0 -3.75 3.75
      vertex 0 6 3.75
    endloop
  endfacet
  facet normal 0 -1 0
    outer loop
      vertex -2.391771452281811 6 4.225752921804458
      vertex -1.879858660950843 6 8.743918600445069
      vertex -2.0887870286167542 6 9.134796083837943
    endloop
  endfacet
  facet normal 0 -1 0
    outer loop
      vertex -2.391771452281811 6 4.225752921804458
      vertex -1.5986883791814732 6 8.401311620818527
      vertex -1.879858660950843 6 8.743918600445069
    endloop
  endfacet
  facet normal 0 -1 0
    outer loop
      vertex -2.391771452281811 6 4.225752921804458
      vertex -1.2193145126008016 6 3.8700919974798094
      vertex -1.2560813995549314 6 8.120141339049157
    endloop
  endfacet
  facet normal 0 -1 0
    outer loop
      vertex -2.391771452281811 6 4.225752921804458
      vertex -1.2560813995549314 6 8.120141339049157
      vertex -1.5986883791814732 6 8.401311620818527
    endloop
  endfacet
  facet normal 0 -1 0
    outer loop
      vertex -2.391771452281811 6 4.225752921804458
      vertex -2.0887870286167542 6 9.134796083837943
      vertex -2.217444482178185 6 9.558922868516976
    endloop
  endfacet
  facet normal 0 -1 0
    outer loop
      vertex -2.391771452281811 6 4.225752921804458
      vertex -2.217444482178185 6 9.558922868516976
      vertex -2.2608867878467005 6 10
    endloop
  endfacet
  facet normal 0 -1 0
    outer loop
      vertex -1.2193145126008016 6 3.8700919974798094
      vertex -0.8652039161620579 6 7.911212971383246
      vertex -1.2560813995549314 6 8.120141339049157
    endloop
  endfacet
  facet normal 0 -1 0
    outer loop
      vertex -1.2193145126008016 6 3.8700919974798094
      vertex -0.44107713148302263 6 7.782555517821815
      vertex -0.8652039161620579 6 7.911212971383246
    endloop
  endfacet
  facet normal 0 -1 0
    outer loop
      vertex -1.2193145126008016 6 3.8700919974798094
      vertex 0 6 3.75
      vertex 0 6 7.739113212153299
    endloop
  endfacet
  facet normal 0 -1 0
    outer loop
      vertex -1.2193145126008016 6 3.8700919974798094
      vertex 0 6 7.739113212153299
      vertex -0.44107713148302263 6 7.782555517821815
    endloop
  endfacet
  facet normal 0.7730104533627374 0 -0.634393284163645
    outer loop
      vertex -4.419417382415922 -5.580582617584078 14.419417382415922
      vertex -5.196685076890907 6 13.472313956372513
      vertex -4.419417382415922 6 14.419417382415922
    endloop
  endfacet
  facet normal 0.6343932841636455 0 -0.773010453362737
    outer loop
      vertex -4.419417382415922 -5.580582617584078 14.419417382415922
      vertex -4.419417382415922 6 14.419417382415922
      vertex -3.4723139563725134 6 15.196685076890908
    endloop
  endfacet
  facet normal 0.4713967368259982 0 -0.8819212643483548
    outer loop
      vertex -3.4723139563725134 -4.803314923109093 15.196685076890908
      vertex -3.4723139563725134 6 15.196685076890908
      vertex -2.391771452281811 6 15.774247078195543
    endloop
  endfacet
  facet normal 0 -1 0
    outer loop
      vertex -5.196685076890907 6 6.527686043627487
      vertex -4.419417382415922 6 14.419417382415922
      vertex -5.196685076890907 6 13.472313956372513
    endloop
  endfacet
  facet normal 0 -1 0
    outer loop
      vertex -4.419417382415922 6 5.580582617584078
      vertex -3.4723139563725134 6 15.196685076890908
      vertex -4.419417382415922 6 14.419417382415922
    endloop
  endfacet
  facet normal 0 -1 0
    outer loop
      vertex -3.4723139563725134 6 4.803314923109093
      vertex -2.391771452281811 6 15.774247078195543
      vertex -3.4723139563725134 6 15.196685076890908
    endloop
  endfacet
  facet normal 0.2902846772544605 0 -0.9569403357322095
    outer loop
      vertex -2.391771452281811 -4.225752921804458 15.774247078195543
      vertex -2.391771452281811 6 15.774247078195543
      vertex -1.2193145126008016 6 16.12990800252019
    endloop
  endfacet
  facet normal 0.09801714032956178 0 -0.9951847266721967
    outer loop
      vertex -1.2193145126008016 -3.8700919974798094 16.12990800252019
      vertex -1.2193145126008016 6 16.12990800252019
      vertex 0 6 16.25
    endloop
  endfacet
  facet normal 0 -1 0
    outer loop
      vertex -2.391771452281811 6 4.225752921804458
      vertex -2.2608867878467005 6 10
      vertex -2.391771452281811 6 15.774247078195543
    endloop
  endfacet
  facet normal 0 -1 0
    outer loop
      vertex -2.2608867878467005 6 10
      vertex -2.217444482178185 6 10.441077131483024
      vertex -2.391771452281811 6 15.774247078195543
    endloop
  endfacet
  facet normal 0 -1 0
    outer loop
      vertex -2.217444482178185 6 10.441077131483024
      vertex -2.0887870286167542 6 10.865203916162057
      vertex -2.391771452281811 6 15.774247078195543
    endloop
  endfacet
  facet normal 0 -1 0
    outer loop
      vertex -2.0887870286167542 6 10.865203916162057
      vertex -1.879858660950843 6 11.256081399554931
      vertex -2.391771452281811 6 15.774247078195543
    endloop
  endfacet
  facet normal 0 -1 0
    outer loop
      vertex -1.879858660950843 6 11.256081399554931
      vertex -1.5986883791814732 6 11.598688379181473
      vertex -2.391771452281811 6 15.774247078195543
    endloop
  endfacet
  facet normal 0 -1 0
    outer loop
      vertex -1.5986883791814732 6 11.598688379181473
      vertex -1.2560813995549314 6 11.879858660950843
      vertex -1.2193145126008016 6 16.12990800252019
    endloop
  endfacet
  facet normal 0 -1 0
    outer loop
      vertex -1.5986883791814732 6 11.598688379181473
      vertex -1.2193145126008016 6 16.12990800252019
      vertex -2.391771452281811 6 15.774247078195543
    endloop
  endfacet
  facet normal 0 -1 0
    outer loop
      vertex -1.2560813995549314 6 11.879858660950843
      vertex -0.8652039161620579 6 12.088787028616753
      vertex -1.2193145126008016 6 16.12990800252019
    endloop
  endfacet
  facet normal 0 -1 0
    outer loop
      vertex -0.8652039161620579 6 12.088787028616753
      vertex -0.44107713148302263 6 12.217444482178184
      vertex -1.2193145126008016 6 16.12990800252019
    endloop
  endfacet
  facet normal 0 -1 0
    outer loop
      vertex -0.44107713148302263 6 12.217444482178184
      vertex 0 6 12.260886787846701
      vertex -1.2193145126008016 6 16.12990800252019
    endloop
  endfacet
  facet normal 0 -1 0
    outer loop
      vertex -1.2193145126008016 6 16.12990800252019
      vertex 0 6 12.260886787846701
      vertex 0 6 16.25
    endloop
  endfacet
  facet normal -0.09801714032956035 0 0.9951847266721969
    outer loop
      vertex 0 -16.25 3.75
      vertex 0 -20 3.75
      vertex 1.2193145126008016 -20 3.8700919974798094
    endloop
  endfacet
  facet normal -0.09801714032956035 0 0.9951847266721968
    outer loop
      vertex 0 -16.25 3.75
      vertex 1.2193145126008016 -20 3.8700919974798094
      vertex 1.2193145126008016 -16.12990800252019 3.8700919974798094
    endloop
  endfacet
  facet normal -0.2902846772544625 0 0.9569403357322088
    outer loop
      vertex 1.2193145126008016 -16.12990800252019 3.8700919974798094
      vertex 1.2193145126008016 -20 3.8700919974798094
      vertex 2.391771452281811 -20 4.225752921804458
    endloop
  endfacet
  facet normal -0.29028467725446244 0 0.9569403357322087
    outer loop
      vertex 1.2193145126008016 -16.12990800252019 3.8700919974798094
      vertex 2.391771452281811 -20 4.225752921804458
      vertex 2.391771452281811 -15.774247078195543 4.225752921804458
    endloop
  endfacet
  facet normal -0.4713967368259981 0 0.8819212643483548
    outer loop
      vertex 2.391771452281811 -15.774247078195543 4.225752921804458
      vertex 2.391771452281811 -20 4.225752921804458
      vertex 3.4723139563725134 -20 4.803314923109093
    endloop
  endfacet
  facet normal -0.4713967368259981 0 0.8819212643483548
    outer loop
      vertex 2.391771452281811 -15.774247078195543 4.225752921804458
      vertex 3.4723139563725134 -20 4.803314923109093
      vertex 3.4723139563725134 -15.196685076890908 4.803314923109093
    endloop
  endfacet
  facet normal -0.634393284163645 0 0.7730104533627374
    outer loop
      vertex 3.4723139563725134 -15.196685076890908 4.803314923109093
      vertex 3.4723139563725134 -20 4.803314923109093
      vertex 4.419417382415922 -20 5.580582617584078
    endloop
  endfacet
  facet normal -0.7730104533627373 0 0.6343932841636449
    outer loop
      vertex 4.419417382415922 -14.419417382415922 5.580582617584078
      vertex 4.419417382415922 -20 5.580582617584078
      vertex 5.196685076890907 -20 6.527686043627487
    endloop
  endfacet
  facet normal -0.6343932841636449 0 0.7730104533627373
    outer loop
      vertex 3.4723139563725134 -15.196685076890908 4.803314923109093
      vertex 4.419417382415922 -20 5.580582617584078
      vertex 4.419417382415922 -14.419417382415922 5.580582617584078
    endloop
  endfacet
  facet normal -0.7730104533627373 0 0.6343932841636449
    outer loop
      vertex 4.419417382415922 -14.419417382415922 5.580582617584078
      vertex 5.196685076890907 -20 6.527686043627487
      vertex 5.196685076890907 -13.472313956372513 6.527686043627487
    endloop
  endfacet
  facet normal -0.09801714032956178 0 -0.9951847266721967
    outer loop
      vertex 0 -16.25 16.25
      vertex 1.2193145126008016 -20 16.12990800252019
      vertex 0 -20 16.25
    endloop
  endfacet
  facet normal -0.0980171403295618 0 -0.9951847266721968
    outer loop
      vertex 0 -16.25 16.25
      vertex 1.2193145126008016 -16.12990800252019 16.12990800252019
      vertex 1.2193145126008016 -20 16.12990800252019
    endloop
  endfacet
  facet normal -0.2902846772544605 0 -0.9569403357322094
    outer loop
      vertex 1.2193145126008016 -16.12990800252019 16.12990800252019
      vertex 2.391771452281811 -20 15.774247078195543
      vertex 1.2193145126008016 -20 16.12990800252019
    endloop
  endfacet
  facet normal -0.29028467725446044 0 -0.9569403357322094
    outer loop
      vertex 1.2193145126008016 -16.12990800252019 16.12990800252019
      vertex 2.391771452281811 -15.774247078195543 15.774247078195543
      vertex 2.391771452281811 -20 15.774247078195543
    endloop
  endfacet
  facet normal -0.6343932841636454 0 -0.7730104533627371
    outer loop
      vertex 3.4723139563725134 -15.196685076890908 15.196685076890908
      vertex 4.419417382415922 -20 14.419417382415922
      vertex 3.4723139563725134 -20 15.196685076890908
    endloop
  endfacet
  facet normal -0.7730104533627373 0 -0.6343932841636449
    outer loop
      vertex 4.419417382415922 -14.419417382415922 14.419417382415922
      vertex 5.196685076890907 -20 13.472313956372513
      vertex 4.419417382415922 -20 14.419417382415922
    endloop
  endfacet
  facet normal -0.6343932841636455 0 -0.7730104533627371
    outer loop
      vertex 3.4723139563725134 -15.196685076890908 15.196685076890908
      vertex 4.419417382415922 -14.419417382415922 14.419417382415922
      vertex 4.419417382415922 -20 14.419417382415922
    endloop
  endfacet
  facet normal -0.7730104533627373 0 -0.6343932841636449
    outer loop
      vertex 4.419417382415922 -14.419417382415922 14.419417382415922
      vertex 5.196685076890907 -13.472313956372513 13.472313956372513
      vertex 5.196685076890907 -20 13.472313956372513
    endloop
  endfacet
  facet normal -0.4713967368259981 0 -0.8819212643483548
    outer loop
      vertex 2.391771452281811 -15.774247078195543 15.774247078195543
      vertex 3.4723139563725134 -20 15.196685076890908
      vertex 2.391771452281811 -20 15.774247078195543
    endloop
  endfacet
  facet normal -0.4713967368259981 0 -0.8819212643483548
    outer loop
      vertex 2.391771452281811 -15.774247078195543 15.774247078195543
      vertex 3.4723139563725134 -15.196685076890908 15.196685076890908
      vertex 3.4723139563725134 -20 15.196685076890908
    endloop
  endfacet
  facet normal -0.09801714032956034 0 0.9951847266721969
    outer loop
      vertex 0 -3.75 3.75
      vertex 1.2193145126008016 -3.8700919974798094 3.8700919974798094
      vertex 0 6 3.75
    endloop
  endfacet
  facet normal -0.2902846772544625 0 0.9569403357322088
    outer loop
      vertex 1.2193145126008016 -3.8700919974798094 3.8700919974798094
      vertex 2.391771452281811 -4.225752921804458 4.225752921804458
      vertex 1.2193145126008016 6 3.8700919974798094
    endloop
  endfacet
  facet normal -0.4713967368259981 0 0.8819212643483547
    outer loop
      vertex 2.391771452281811 -4.225752921804458 4.225752921804458
      vertex 3.4723139563725134 -4.803314923109093 4.803314923109093
      vertex 2.391771452281811 6 4.225752921804458
    endloop
  endfacet
  facet normal -0.634393284163645 0 0.7730104533627374
    outer loop
      vertex 4.419417382415922 -5.580582617584078 5.580582617584078
      vertex 3.4723139563725134 6 4.803314923109093
      vertex 3.4723139563725134 -4.803314923109093 4.803314923109093
    endloop
  endfacet
  facet normal -0.7730104533627373 0 0.6343932841636449
    outer loop
      vertex 4.419417382415922 -5.580582617584078 5.580582617584078
      vertex 5.196685076890907 -6.527686043627487 6.527686043627487
      vertex 5.196685076890907 6 6.527686043627487
    endloop
  endfacet
  facet normal -0.09801714032956178 0 -0.9951847266721967
    outer loop
      vertex 0 -3.75 16.25
      vertex 1.2193145126008016 6 16.12990800252019
      vertex 1.2193145126008016 -3.8700919974798094 16.12990800252019
    endloop
  endfacet
  facet normal -0.2902846772544605 0 -0.9569403357322095
    outer loop
      vertex 1.2193145126008016 -3.8700919974798094 16.12990800252019
      vertex 2.391771452281811 6 15.774247078195543
      vertex 2.391771452281811 -4.225752921804458 15.774247078195543
    endloop
  endfacet
  facet normal -0.6343932841636455 0 -0.773010453362737
    outer loop
      vertex 4.419417382415922 -5.580582617584078 14.419417382415922
      vertex 3.4723139563725134 -4.803314923109093 15.196685076890908
      vertex 4.419417382415922 6 14.419417382415922
    endloop
  endfacet
  facet normal -0.7730104533627373 0 -0.6343932841636449
    outer loop
      vertex 4.419417382415922 -5.580582617584078 14.419417382415922
      vertex 5.196685076890907 6 13.472313956372513
      vertex 5.196685076890907 -6.527686043627487 13.472313956372513
    endloop
  endfacet
  facet normal -0.4713967368259981 0 -0.8819212643483548
    outer loop
      vertex 2.391771452281811 -4.225752921804458 15.774247078195543
      vertex 3.4723139563725134 6 15.196685076890908
      vertex 3.4723139563725134 -4.803314923109093 15.196685076890908
    endloop
  endfacet
  facet normal -0.8819212643483549 0 0.471396736825998
    outer loop
      vertex 5.196685076890907 -13.472313956372513 6.527686043627487
      vertex 5.196685076890907 -20 6.527686043627487
      vertex 5.774247078195542 -20 7.6082285477181895
    endloop
  endfacet
  facet normal -0.8819212643483548 0 0.471396736825998
    outer loop
      vertex 5.196685076890907 -13.472313956372513 6.527686043627487
      vertex 5.774247078195542 -20 7.6082285477181895
      vertex 5.774247078195542 -12.39177145228181 7.6082285477181895
    endloop
  endfacet
  facet normal -0.9569403357322088 0 0.2902846772544626
    outer loop
      vertex 5.774247078195542 -12.39177145228181 7.6082285477181895
      vertex 5.774247078195542 -20 7.6082285477181895
      vertex 6.129908002520191 -20 8.780685487399198
    endloop
  endfacet
  facet normal -0.9951847266721968 0 0.09801714032956034
    outer loop
      vertex 6.129908002520191 -11.219314512600802 8.780685487399198
      vertex 6.129908002520191 -20 8.780685487399198
      vertex 6.25 -20 10
    endloop
  endfacet
  facet normal -0.9569403357322087 0 0.29028467725446255
    outer loop
      vertex 5.774247078195542 -12.39177145228181 7.6082285477181895
      vertex 6.129908002520191 -20 8.780685487399198
      vertex 6.129908002520191 -11.219314512600802 8.780685487399198
    endloop
  endfacet
  facet normal -0.9951847266721969 0 0.09801714032956034
    outer loop
      vertex 6.129908002520191 -11.219314512600802 8.780685487399198
      vertex 6.25 -20 10
      vertex 6.25 -10 10
    endloop
  endfacet
  facet normal -0.8819212643483549 0 -0.471396736825998
    outer loop
      vertex 5.196685076890907 -13.472313956372513 13.472313956372513
      vertex 5.774247078195542 -20 12.39177145228181
      vertex 5.196685076890907 -20 13.472313956372513
    endloop
  endfacet
  facet normal -0.9951847266721968 0 -0.09801714032956034
    outer loop
      vertex 6.129908002520191 -11.219314512600802 11.219314512600802
      vertex 6.25 -20 10
      vertex 6.129908002520191 -20 11.219314512600802
    endloop
  endfacet
  facet normal -0.9569403357322088 0 -0.2902846772544626
    outer loop
      vertex 5.774247078195542 -12.39177145228181 12.39177145228181
      vertex 6.129908002520191 -20 11.219314512600802
      vertex 5.774247078195542 -20 12.39177145228181
    endloop
  endfacet
  facet normal -0.8819212643483548 0 -0.471396736825998
    outer loop
      vertex 5.196685076890907 -13.472313956372513 13.472313956372513
      vertex 5.774247078195542 -12.39177145228181 12.39177145228181
      vertex 5.774247078195542 -20 12.39177145228181
    endloop
  endfacet
  facet normal -0.9569403357322087 0 -0.29028467725446255
    outer loop
      vertex 5.774247078195542 -12.39177145228181 12.39177145228181
      vertex 6.129908002520191 -11.219314512600802 11.219314512600802
      vertex 6.129908002520191 -20 11.219314512600802
    endloop
  endfacet
  facet normal -0.9951847266721969 0 -0.09801714032956034
    outer loop
      vertex 6.129908002520191 -11.219314512600802 11.219314512600802
      vertex 6.25 -10 10
      vertex 6.25 -20 10
    endloop
  endfacet
  facet normal -0.8819212643483549 0 0.47139673682599803
    outer loop
      vertex 5.196685076890907 -6.527686043627487 6.527686043627487
      vertex 5.774247078195542 -7.6082285477181895 7.6082285477181895
      vertex 5.774247078195542 6 7.6082285477181895
    endloop
  endfacet
  facet normal -0.9951847266721968 0 0.09801714032956034
    outer loop
      vertex 6.129908002520191 -8.780685487399198 8.780685487399198
      vertex 6.25 -10 10
      vertex 6.25 6 10
    endloop
  endfacet
  facet normal -0.9569403357322088 0 0.2902846772544626
    outer loop
      vertex 5.774247078195542 -7.6082285477181895 7.6082285477181895
      vertex 6.129908002520191 -8.780685487399198 8.780685487399198
      vertex 6.129908002520191 6 8.780685487399198
    endloop
  endfacet
  facet normal -0.9951847266721968 0 -0.09801714032956034
    outer loop
      vertex 6.25 -10 10
      vertex 6.129908002520191 -8.780685487399198 11.219314512600802
      vertex 6.25 6 10
    endloop
  endfacet
  facet normal -0.9569403357322088 0 -0.2902846772544626
    outer loop
      vertex 5.774247078195542 -7.6082285477181895 12.39177145228181
      vertex 6.129908002520191 6 11.219314512600802
      vertex 6.129908002520191 -8.780685487399198 11.219314512600802
    endloop
  endfacet
  facet normal -0.8819212643483549 0 -0.47139673682599803
    outer loop
      vertex 5.196685076890907 -6.527686043627487 13.472313956372513
      vertex 5.774247078195542 6 12.39177145228181
      vertex 5.774247078195542 -7.6082285477181895 12.39177145228181
    endloop
  endfacet
  facet normal -0.09801714032956034 0 0.9951847266721968
    outer loop
      vertex 1.2193145126008016 -3.8700919974798094 3.8700919974798094
      vertex 1.2193145126008016 6 3.8700919974798094
      vertex 0 6 3.75
    endloop
  endfacet
  facet normal -0.29028467725446244 0 0.9569403357322087
    outer loop
      vertex 2.391771452281811 -4.225752921804458 4.225752921804458
      vertex 2.391771452281811 6 4.225752921804458
      vertex 1.2193145126008016 6 3.8700919974798094
    endloop
  endfacet
  facet normal 0 -1 0
    outer loop
      vertex 0 6 3.75
      vertex 1.2193145126008016 6 3.8700919974798094
      vertex 0 6 7.739113212153299
    endloop
  endfacet
  facet normal 0 -1 0
    outer loop
      vertex 1.2193145126008016 6 3.8700919974798094
      vertex 0.44107713148302263 6 7.782555517821815
      vertex 0 6 7.739113212153299
    endloop
  endfacet
  facet normal 0 -1 0
    outer loop
      vertex 1.2193145126008016 6 3.8700919974798094
      vertex 0.8652039161620579 6 7.911212971383246
      vertex 0.44107713148302263 6 7.782555517821815
    endloop
  endfacet
  facet normal 0 -1 0
    outer loop
      vertex 1.2193145126008016 6 3.8700919974798094
      vertex 1.2560813995549314 6 8.120141339049157
      vertex 0.8652039161620579 6 7.911212971383246
    endloop
  endfacet
  facet normal 0 -1 0
    outer loop
      vertex 1.2193145126008016 6 3.8700919974798094
      vertex 2.391771452281811 6 4.225752921804458
      vertex 1.5986883791814732 6 8.401311620818527
    endloop
  endfacet
  facet normal 0 -1 0
    outer loop
      vertex 1.2193145126008016 6 3.8700919974798094
      vertex 1.5986883791814732 6 8.401311620818527
      vertex 1.2560813995549314 6 8.120141339049157
    endloop
  endfacet
  facet normal 0 -1 0
    outer loop
      vertex 2.391771452281811 6 4.225752921804458
      vertex 1.879858660950843 6 8.743918600445069
      vertex 1.5986883791814732 6 8.401311620818527
    endloop
  endfacet
  facet normal 0 -1 0
    outer loop
      vertex 2.391771452281811 6 4.225752921804458
      vertex 2.0887870286167542 6 9.134796083837943
      vertex 1.879858660950843 6 8.743918600445069
    endloop
  endfacet
  facet normal 0 -1 0
    outer loop
      vertex 2.391771452281811 6 4.225752921804458
      vertex 2.217444482178185 6 9.558922868516976
      vertex 2.0887870286167542 6 9.134796083837943
    endloop
  endfacet
  facet normal 0 -1 0
    outer loop
      vertex 2.391771452281811 6 4.225752921804458
      vertex 2.2608867878467005 6 10
      vertex 2.217444482178185 6 9.558922868516976
    endloop
  endfacet
  facet normal -0.4713967368259982 0 0.8819212643483548
    outer loop
      vertex 2.391771452281811 6 4.225752921804458
      vertex 3.4723139563725134 -4.803314923109093 4.803314923109093
      vertex 3.4723139563725134 6 4.803314923109093
    endloop
  endfacet
  facet normal -0.634393284163645 0 0.7730104533627374
    outer loop
      vertex 4.419417382415922 -5.580582617584078 5.580582617584078
      vertex 4.419417382415922 6 5.580582617584078
      vertex 3.4723139563725134 6 4.803314923109093
    endloop
  endfacet
  facet normal -0.7730104533627374 0 0.634393284163645
    outer loop
      vertex 4.419417382415922 -5.580582617584078 5.580582617584078
      vertex 5.196685076890907 6 6.527686043627487
      vertex 4.419417382415922 6 5.580582617584078
    endloop
  endfacet
  facet normal 0 -1 0
    outer loop
      vertex 2.391771452281811 6 4.225752921804458
      vertex 3.4723139563725134 6 4.803314923109093
      vertex 3.4723139563725134 6 15.196685076890908
    endloop
  endfacet
  facet normal 0 -1 0
    outer loop
      vertex 3.4723139563725134 6 4.803314923109093
      vertex 4.419417382415922 6 5.580582617584078
      vertex 4.419417382415922 6 14.419417382415922
    endloop
  endfacet
  facet normal 0 -1 0
    outer loop
      vertex 4.419417382415922 6 5.580582617584078
      vertex 5.196685076890907 6 6.527686043627487
      vertex 5.196685076890907 6 13.472313956372513
    endloop
  endfacet
  facet normal -0.09801714032956178 0 -0.9951847266721967
    outer loop
      vertex 0 -3.75 16.25
      vertex 0 6 16.25
      vertex 1.2193145126008016 6 16.12990800252019
    endloop
  endfacet
  facet normal -0.2902846772544605 0 -0.9569403357322095
    outer loop
      vertex 1.2193145126008016 -3.8700919974798094 16.12990800252019
      vertex 1.2193145126008016 6 16.12990800252019
      vertex 2.391771452281811 6 15.774247078195543
    endloop
  endfacet
  facet normal 0 -1 0
    outer loop
      vertex 0 6 12.260886787846701
      vertex 0.44107713148302263 6 12.217444482178184
      vertex 1.2193145126008016 6 16.12990800252019
    endloop
  endfacet
  facet normal 0 -1 0
    outer loop
      vertex 0 6 12.260886787846701
      vertex 1.2193145126008016 6 16.12990800252019
      vertex 0 6 16.25
    endloop
  endfacet
  facet normal 0 -1 0
    outer loop
      vertex 0.44107713148302263 6 12.217444482178184
      vertex 0.8652039161620579 6 12.088787028616753
      vertex 1.2193145126008016 6 16.12990800252019
    endloop
  endfacet
  facet normal 0 -1 0
    outer loop
      vertex 0.8652039161620579 6 12.088787028616753
      vertex 1.2560813995549314 6 11.879858660950843
      vertex 1.2193145126008016 6 16.12990800252019
    endloop
  endfacet
  facet normal 0 -1 0
    outer loop
      vertex 2.391771452281811 6 4.225752921804458
      vertex 2.391771452281811 6 15.774247078195543
      vertex 2.2608867878467005 6 10
    endloop
  endfacet
  facet normal 0 -1 0
    outer loop
      vertex 2.2608867878467005 6 10
      vertex 2.391771452281811 6 15.774247078195543
      vertex 2.217444482178185 6 10.441077131483024
    endloop
  endfacet
  facet normal 0 -1 0
    outer loop
      vertex 2.0887870286167542 6 10.865203916162057
      vertex 2.217444482178185 6 10.441077131483024
      vertex 2.391771452281811 6 15.774247078195543
    endloop
  endfacet
  facet normal 0 -1 0
    outer loop
      vertex 1.2560813995549314 6 11.879858660950843
      vertex 1.5986883791814732 6 11.598688379181473
      vertex 2.391771452281811 6 15.774247078195543
    endloop
  endfacet
  facet normal 0 -1 0
    outer loop
      vertex 1.2560813995549314 6 11.879858660950843
      vertex 2.391771452281811 6 15.774247078195543
      vertex 1.2193145126008016 6 16.12990800252019
    endloop
  endfacet
  facet normal 0 -1 0
    outer loop
      vertex 1.5986883791814732 6 11.598688379181473
      vertex 1.879858660950843 6 11.256081399554931
      vertex 2.391771452281811 6 15.774247078195543
    endloop
  endfacet
  facet normal 0 -1 0
    outer loop
      vertex 1.879858660950843 6 11.256081399554931
      vertex 2.0887870286167542 6 10.865203916162057
      vertex 2.391771452281811 6 15.774247078195543
    endloop
  endfacet
  facet normal -0.6343932841636454 0 -0.773010453362737
    outer loop
      vertex 4.419417382415922 6 14.419417382415922
      vertex 3.4723139563725134 -4.803314923109093 15.196685076890908
      vertex 3.4723139563725134 6 15.196685076890908
    endloop
  endfacet
  facet normal -0.7730104533627374 0 -0.634393284163645
    outer loop
      vertex 4.419417382415922 -5.580582617584078 14.419417382415922
      vertex 4.419417382415922 6 14.419417382415922
      vertex 5.196685076890907 6 13.472313956372513
    endloop
  endfacet
  facet normal -0.4713967368259981 0 -0.8819212643483547
    outer loop
      vertex 2.391771452281811 -4.225752921804458 15.774247078195543
      vertex 2.391771452281811 6 15.774247078195543
      vertex 3.4723139563725134 6 15.196685076890908
    endloop
  endfacet
  facet normal 0 -1 0
    outer loop
      vertex 2.391771452281811 6 4.225752921804458
      vertex 3.4723139563725134 6 15.196685076890908
      vertex 2.391771452281811 6 15.774247078195543
    endloop
  endfacet
  facet normal 0 -1 0
    outer loop
      vertex 3.4723139563725134 6 4.803314923109093
      vertex 4.419417382415922 6 14.419417382415922
      vertex 3.4723139563725134 6 15.196685076890908
    endloop
  endfacet
  facet normal 0 -1 0
    outer loop
      vertex 4.419417382415922 6 5.580582617584078
      vertex 5.196685076890907 6 13.472313956372513
      vertex 4.419417382415922 6 14.419417382415922
    endloop
  endfacet
  facet normal -0.8819212643483548 0 0.471396736825998
    outer loop
      vertex 5.196685076890907 -6.527686043627487 6.527686043627487
      vertex 5.774247078195542 6 7.6082285477181895
      vertex 5.196685076890907 6 6.527686043627487
    endloop
  endfacet
  facet normal -0.9951847266721969 0 0.09801714032956035
    outer loop
      vertex 6.129908002520191 -8.780685487399198 8.780685487399198
      vertex 6.25 6 10
      vertex 6.129908002520191 6 8.780685487399198
    endloop
  endfacet
  facet normal -0.9569403357322089 0 0.2902846772544626
    outer loop
      vertex 5.774247078195542 -7.6082285477181895 7.6082285477181895
      vertex 6.129908002520191 6 8.780685487399198
      vertex 5.774247078195542 6 7.6082285477181895
    endloop
  endfacet
  facet normal 0 -1 0
    outer loop
      vertex 5.196685076890907 6 6.527686043627487
      vertex 5.774247078195542 6 7.6082285477181895
      vertex 5.774247078195542 6 12.39177145228181
    endloop
  endfacet
  facet normal 0 -1 0
    outer loop
      vertex 5.774247078195542 6 7.6082285477181895
      vertex 6.129908002520191 6 8.780685487399198
      vertex 6.129908002520191 6 11.219314512600802
    endloop
  endfacet
  facet normal -0.9951847266721969 0 -0.09801714032956035
    outer loop
      vertex 6.129908002520191 -8.780685487399198 11.219314512600802
      vertex 6.129908002520191 6 11.219314512600802
      vertex 6.25 6 10
    endloop
  endfacet
  facet normal -0.9569403357322089 0 -0.2902846772544626
    outer loop
      vertex 5.774247078195542 -7.6082285477181895 12.39177145228181
      vertex 5.774247078195542 6 12.39177145228181
      vertex 6.129908002520191 6 11.219314512600802
    endloop
  endfacet
  facet normal -0.8819212643483548 0 -0.471396736825998
    outer loop
      vertex 5.196685076890907 -6.527686043627487 13.472313956372513
      vertex 5.196685076890907 6 13.472313956372513
      vertex 5.774247078195542 6 12.39177145228181
    endloop
  endfacet
  facet normal 0 -1 0
    outer loop
      vertex 5.196685076890907 6 6.527686043627487
      vertex 5.774247078195542 6 12.39177145228181
      vertex 5.196685076890907 6 13.472313956372513
    endloop
  endfacet
  facet normal 0 -1 0
    outer loop
      vertex 5.774247078195542 6 7.6082285477181895
      vertex 6.129908002520191 6 11.219314512600802
      vertex 5.774247078195542 6 12.39177145228181
    endloop
  endfacet
  facet normal 0 -1 0
    outer loop
      vertex 6.129908002520191 6 8.780685487399198
      vertex 6.25 6 10
      vertex 6.129908002520191 6 11.219314512600802
    endloop
  endfacet
  facet normal -0.5773502691896258 -0.5773502691896258 -0.5773502691896258
    outer loop
      vertex -10 -19 -19
      vertex -9 -19 -20
      vertex -9 -20 -19
    endloop
  endfacet
  facet normal -0.7071067811865475 -0.7071067811865475 0
    outer loop
      vertex -10 -19 -19
      vertex -9 -20 -19
      vertex -10 -19 19
    endloop
  endfacet
  facet normal 0 -1 0
    outer loop
      vertex -9 -20 -19
      vertex -5.774247078195542 -20 7.6082285477181895
      vertex -6.129908002520191 -20 8.780685487399198
    endloop
  endfacet
  facet normal 0 -1 0
    outer loop
      vertex -9 -20 -19
      vertex -6.129908002520191 -20 8.780685487399198
      vertex -6.25 -20 10
    endloop
  endfacet
  facet normal 0 -1 0
    outer loop
      vertex -9 -20 -19
      vertex -5.196685076890907 -20 6.527686043627487
      vertex -5.774247078195542 -20 7.6082285477181895
    endloop
  endfacet
  facet normal 0 -1 0
    outer loop
      vertex -9 -20 -19
      vertex -3.4723139563725134 -20 4.803314923109093
      vertex -4.419417382415922 -20 5.580582617584078
    endloop
  endfacet
  facet normal 0 -1 0
    outer loop
      vertex -9 -20 -19
      vertex -4.419417382415922 -20 5.580582617584078
      vertex -5.196685076890907 -20 6.527686043627487
    endloop
  endfacet
  facet normal -0.7071067811865475 0 -0.7071067811865475
    outer loop
      vertex -10 -19 -19
      vertex -10 19 -19
      vertex -9 -19 -20
    endloop
  endfacet
  facet normal -1 0 0
    outer loop
      vertex -10 -19 -19
      vertex -10 -19 19
      vertex -10 19 -19
    endloop
  endfacet
  facet normal 0 -0.7071067811865476 -0.7071067811865476
    outer loop
      vertex -9 -20 -19
      vertex -9 -19 -20
      vertex 9 -19 -20
    endloop
  endfacet
  facet normal 0 0 -1
    outer loop
      vertex -9 -19 -20
      vertex -2.2608867878467005 -10 -20
      vertex -2.217444482178185 -10.441077131483024 -20
    endloop
  endfacet
  facet normal 0 0 -1
    outer loop
      vertex -9 -19 -20
      vertex -2.217444482178185 -10.441077131483024 -20
      vertex -2.0887870286167542 -10.865203916162057 -20
    endloop
  endfacet
  facet normal 0 0 -1
    outer loop
      vertex -9 -19 -20
      vertex -2.217444482178185 -9.558922868516976 -20
      vertex -2.2608867878467005 -10 -20
    endloop
  endfacet
  facet normal 0 0 -1
    outer loop
      vertex -9 -19 -20
      vertex -2.0887870286167542 -9.134796083837943 -20
      vertex -2.217444482178185 -9.558922868516976 -20
    endloop
  endfacet
  facet normal 0 0 -1
    outer loop
      vertex -9 -19 -20
      vertex -1.879858660950843 -11.256081399554931 -20
      vertex -1.5986883791814732 -11.598688379181473 -20
    endloop
  endfacet
  facet normal 0 0 -1
    outer loop
      vertex -9 -19 -20
      vertex -1.5986883791814732 -11.598688379181473 -20
      vertex -1.2560813995549314 -11.879858660950843 -20
    endloop
  endfacet
  facet normal 0 0 -1
    outer loop
      vertex -9 -19 -20
      vertex -2.0887870286167542 -10.865203916162057 -20
      vertex -1.879858660950843 -11.256081399554931 -20
    endloop
  endfacet
  facet normal 0 0 -1
    outer loop
      vertex -9 -19 -20
      vertex -1.2560813995549314 -11.879858660950843 -20
      vertex -0.8652039161620579 -12.088787028616753 -20
    endloop
  endfacet
  facet normal 0 0 -1
    outer loop
      vertex -9 -19 -20
      vertex -0.8652039161620579 -12.088787028616753 -20
      vertex 9 -19 -20
    endloop
  endfacet
  facet normal 0 -1 0
    outer loop
      vertex -9 -20 -19
      vertex -2.391771452281811 -20 4.225752921804458
      vertex -3.4723139563725134 -20 4.803314923109093
    endloop
  endfacet
  facet normal 0 -1 0
    outer loop
      vertex -9 -20 -19
      vertex -1.2193145126008016 -20 3.8700919974798094
      vertex -2.391771452281811 -20 4.225752921804458
    endloop
  endfacet
  facet normal 0 -1 0
    outer loop
      vertex -9 -20 -19
      vertex 0 -20 3.75
      vertex -1.2193145126008016 -20 3.8700919974798094
    endloop
  endfacet
  facet normal 0 -1 0
    outer loop
      vertex -9 -20 -19
      vertex 1.2193145126008016 -20 3.8700919974798094
      vertex 0 -20 3.75
    endloop
  endfacet
  facet normal 0 0 -1
    outer loop
      vertex -9 -19 -20
      vertex 9 19 -20
      vertex -2.0887870286167542 -9.134796083837943 -20
    endloop
  endfacet
  facet normal 0 -1 0
    outer loop
      vertex -9 -20 -19
      vertex -6.25 -20 10
      vertex -9 -20 19
    endloop
  endfacet
  facet normal -0.7071067811865475 -0.7071067811865475 0
    outer loop
      vertex -9 -20 -19
      vertex -9 -20 19
      vertex -10 -19 19
    endloop
  endfacet
  facet normal -0.5773502691896258 -0.5773502691896258 0.5773502691896258
    outer loop
      vertex -10 -19 19
      vertex -9 -20 19
      vertex -9 -19 20
    endloop
  endfacet
  facet normal 0 -1 0
    outer loop
      vertex -9 -20 19
      vertex -6.25 -20 10
      vertex -6.129908002520191 -20 11.219314512600802
    endloop
  endfacet
  facet normal 0 -1 0
    outer loop
      vertex -9 -20 19
      vertex -6.129908002520191 -20 11.219314512600802
      vertex -5.774247078195542 -20 12.39177145228181
    endloop
  endfacet
  facet normal 0 -1 0
    outer loop
      vertex -9 -20 19
      vertex -5.774247078195542 -20 12.39177145228181
      vertex -5.196685076890907 -20 13.472313956372513
    endloop
  endfacet
  facet normal 0 -1 0
    outer loop
      vertex -9 -20 19
      vertex -5.196685076890907 -20 13.472313956372513
      vertex -4.419417382415922 -20 14.419417382415922
    endloop
  endfacet
  facet normal 0 -1 0
    outer loop
      vertex -9 -20 19
      vertex -4.419417382415922 -20 14.419417382415922
      vertex -3.4723139563725134 -20 15.196685076890908
    endloop
  endfacet
  facet normal 0 0 1
    outer loop
      vertex -9 -19 20
      vertex -4.419417382415922 -14.419417382415922 20
      vertex -5.196685076890907 -13.472313956372513 20
    endloop
  endfacet
  facet normal 0 0 1
    outer loop
      vertex -9 -19 20
      vertex -3.4723139563725134 -15.196685076890908 20
      vertex -4.419417382415922 -14.419417382415922 20
    endloop
  endfacet
  facet normal 0 0 1
    outer loop
      vertex -9 -19 20
      vertex -5.774247078195542 -12.39177145228181 20
      vertex -6.129908002520191 -11.219314512600802 20
    endloop
  endfacet
  facet normal 0 0 1
    outer loop
      vertex -9 -19 20
      vertex -6.129908002520191 -11.219314512600802 20
      vertex -6.25 -10 20
    endloop
  endfacet
  facet normal 0 0 1
    outer loop
      vertex -9 -19 20
      vertex -5.196685076890907 -13.472313956372513 20
      vertex -5.774247078195542 -12.39177145228181 20
    endloop
  endfacet
  facet normal -0.7071067811865475 0 0.7071067811865475
    outer loop
      vertex -10 -19 19
      vertex -9 -19 20
      vertex -9 19 20
    endloop
  endfacet
  facet normal 0 0 1
    outer loop
      vertex -9 -19 20
      vertex -6.25 -10 20
      vertex -9 19 20
    endloop
  endfacet
  facet normal 0 -1 0
    outer loop
      vertex -9 -20 19
      vertex -3.4723139563725134 -20 15.196685076890908
      vertex -2.391771452281811 -20 15.774247078195543
    endloop
  endfacet
  facet normal 0 -1 0
    outer loop
      vertex -9 -20 19
      vertex -2.391771452281811 -20 15.774247078195543
      vertex -1.2193145126008016 -20 16.12990800252019
    endloop
  endfacet
  facet normal 0 0 1
    outer loop
      vertex -9 -19 20
      vertex -2.391771452281811 -15.774247078195543 20
      vertex -3.4723139563725134 -15.196685076890908 20
    endloop
  endfacet
  facet normal 0 0 1
    outer loop
      vertex -9 -19 20
      vertex -1.2193145126008016 -16.12990800252019 20
      vertex -2.391771452281811 -15.774247078195543 20
    endloop
  endfacet
  facet normal 0 -1 0
    outer loop
      vertex -9 -20 19
      vertex -1.2193145126008016 -20 16.12990800252019
      vertex 0 -20 16.25
    endloop
  endfacet
  facet normal 0 -1 0
    outer loop
      vertex -9 -20 19
      vertex 0 -20 16.25
      vertex 1.2193145126008016 -20 16.12990800252019
    endloop
  endfacet
  facet normal 0 -0.7071067811865476 0.7071067811865476
    outer loop
      vertex -9 -20 19
      vertex 9 -20 19
      vertex -9 -19 20
    endloop
  endfacet
  facet normal 0 0 1
    outer loop
      vertex -9 -19 20
      vertex 0 -16.25 20
      vertex -1.2193145126008016 -16.12990800252019 20
    endloop
  endfacet
  facet normal 0 0 1
    outer loop
      vertex -9 -19 20
      vertex 1.2193145126008016 -16.12990800252019 20
      vertex 0 -16.25 20
    endloop
  endfacet
  facet normal -0.7071067811865475 0 -0.7071067811865475
    outer loop
      vertex -9 -19 -20
      vertex -10 19 -19
      vertex -9 19 -20
    endloop
  endfacet
  facet normal -0.5773502691896258 0.5773502691896258 -0.5773502691896258
    outer loop
      vertex -10 19 -19
      vertex -9 20 -19
      vertex -9 19 -20
    endloop
  endfacet
  facet normal -0.7071067811865475 0.7071067811865475 0
    outer loop
      vertex -10 19 -19
      vertex -10 19 19
      vertex -9 20 -19
    endloop
  endfacet
  facet normal 0 0 -1
    outer loop
      vertex -9 -19 -20
      vertex -9 19 -20
      vertex 9 19 -20
    endloop
  endfacet
  facet normal 0 0.7071067811865476 -0.7071067811865476
    outer loop
      vertex -9 19 -20
      vertex -9 20 -19
      vertex 9 19 -20
    endloop
  endfacet
  facet normal 0 1 0
    outer loop
      vertex -9 20 -19
      vertex -2.217444482178185 20 9.558922868516976
      vertex -2.0887870286167542 20 9.134796083837943
    endloop
  endfacet
  facet normal 0 1 0
    outer loop
      vertex -9 20 -19
      vertex -2.0887870286167542 20 9.134796083837943
      vertex -1.879858660950843 20 8.743918600445069
    endloop
  endfacet
  facet normal 0 1 0
    outer loop
      vertex -9 20 -19
      vertex -1.879858660950843 20 8.743918600445069
      vertex -1.5986883791814732 20 8.401311620818527
    endloop
  endfacet
  facet normal 0 1 0
    outer loop
      vertex -9 20 -19
      vertex -1.5986883791814732 20 8.401311620818527
      vertex -1.2560813995549314 20 8.120141339049157
    endloop
  endfacet
  facet normal 0 1 0
    outer loop
      vertex -9 20 -19
      vertex -1.2560813995549314 20 8.120141339049157
      vertex -0.8652039161620579 20 7.911212971383246
    endloop
  endfacet
  facet normal 0 1 0
    outer loop
      vertex -9 20 -19
      vertex -0.8652039161620579 20 7.911212971383246
      vertex -0.44107713148302263 20 7.782555517821815
    endloop
  endfacet
  facet normal 0 1 0
    outer loop
      vertex -9 20 -19
      vertex -0.44107713148302263 20 7.782555517821815
      vertex 0 20 7.739113212153299
    endloop
  endfacet
  facet normal 0 1 0
    outer loop
      vertex -9 20 -19
      vertex 0 20 7.739113212153299
      vertex 0.44107713148302263 20 7.782555517821815
    endloop
  endfacet
  facet normal 0 1 0
    outer loop
      vertex -9 20 -19
      vertex 0.44107713148302263 20 7.782555517821815
      vertex 0.8652039161620579 20 7.911212971383246
    endloop
  endfacet
  facet normal 0 1 0
    outer loop
      vertex -9 20 -19
      vertex 0.8652039161620579 20 7.911212971383246
      vertex 1.2560813995549314 20 8.120141339049157
    endloop
  endfacet
  facet normal 0 1 0
    outer loop
      vertex -9 20 -19
      vertex 1.2560813995549314 20 8.120141339049157
      vertex 1.5986883791814732 20 8.401311620818527
    endloop
  endfacet
  facet normal 0 1 0
    outer loop
      vertex -9 20 -19
      vertex 1.5986883791814732 20 8.401311620818527
      vertex 1.879858660950843 20 8.743918600445069
    endloop
  endfacet
  facet normal 0 1 0
    outer loop
      vertex -9 20 -19
      vertex 1.879858660950843 20 8.743918600445069
      vertex 2.0887870286167542 20 9.134796083837943
    endloop
  endfacet
  facet normal -1 0 0
    outer loop
      vertex -10 -19 19
      vertex -10 19 19
      vertex -10 19 -19
    endloop
  endfacet
  facet normal -0.7071067811865475 0 0.7071067811865475
    outer loop
      vertex -10 -19 19
      vertex -9 19 20
      vertex -10 19 19
    endloop
  endfacet
  facet normal 0 0 1
    outer loop
      vertex -9 19 20
      vertex -6.25 -10 20
      vertex -6.129908002520191 -8.780685487399198 20
    endloop
  endfacet
  facet normal 0 0 1
    outer loop
      vertex -9 19 20
      vertex -6.129908002520191 -8.780685487399198 20
      vertex -5.774247078195542 -7.6082285477181895 20
    endloop
  endfacet
  facet normal 0 0 1
    outer loop
      vertex -9 19 20
      vertex -5.774247078195542 -7.6082285477181895 20
      vertex -5.196685076890907 -6.527686043627487 20
    endloop
  endfacet
  facet normal 0 0 1
    outer loop
      vertex -9 19 20
      vertex -5.196685076890907 -6.527686043627487 20
      vertex -4.419417382415922 -5.580582617584078 20
    endloop
  endfacet
  facet normal 0 0 1
    outer loop
      vertex -9 19 20
      vertex -4.419417382415922 -5.580582617584078 20
      vertex -3.4723139563725134 -4.803314923109093 20
    endloop
  endfacet
  facet normal -0.7071067811865475 0.7071067811865475 0
    outer loop
      vertex -9 20 -19
      vertex -10 19 19
      vertex -9 20 19
    endloop
  endfacet
  facet normal 0 1 0
    outer loop
      vertex -9 20 -19
      vertex -9 20 19
      vertex -2.217444482178185 20 10.441077131483024
    endloop
  endfacet
  facet normal -0.5773502691896258 0.5773502691896258 0.5773502691896258
    outer loop
      vertex -10 19 19
      vertex -9 19 20
      vertex -9 20 19
    endloop
  endfacet
  facet normal 0 0 1
    outer loop
      vertex -9 19 20
      vertex -3.4723139563725134 -4.803314923109093 20
      vertex -2.391771452281811 -4.225752921804458 20
    endloop
  endfacet
  facet normal 0 0 1
    outer loop
      vertex -9 19 20
      vertex -2.391771452281811 -4.225752921804458 20
      vertex -1.2193145126008016 -3.8700919974798094 20
    endloop
  endfacet
  facet normal 0 0 1
    outer loop
      vertex -9 19 20
      vertex -1.2193145126008016 -3.8700919974798094 20
      vertex 0 -3.75 20
    endloop
  endfacet
  facet normal 0 0 1
    outer loop
      vertex -9 19 20
      vertex 0 -3.75 20
      vertex 1.2193145126008016 -3.8700919974798094 20
    endloop
  endfacet
  facet normal 0 0 1
    outer loop
      vertex -9 19 20
      vertex 1.2193145126008016 -3.8700919974798094 20
      vertex 2.391771452281811 -4.225752921804458 20
    endloop
  endfacet
  facet normal 0 1 0
    outer loop
      vertex -9 20 -19
      vertex -2.2608867878467005 20 10
      vertex -2.217444482178185 20 9.558922868516976
    endloop
  endfacet
  facet normal 0 1 0
    outer loop
      vertex -9 20 -19
      vertex -2.217444482178185 20 10.441077131483024
      vertex -2.2608867878467005 20 10
    endloop
  endfacet
  facet normal 0 1 0
    outer loop
      vertex -9 20 19
      vertex -2.0887870286167542 20 10.865203916162057
      vertex -2.217444482178185 20 10.441077131483024
    endloop
  endfacet
  facet normal 0 1 0
    outer loop
      vertex -9 20 19
      vertex -1.879858660950843 20 11.256081399554931
      vertex -2.0887870286167542 20 10.865203916162057
    endloop
  endfacet
  facet normal 0 1 0
    outer loop
      vertex -9 20 19
      vertex -1.5986883791814732 20 11.598688379181473
      vertex -1.879858660950843 20 11.256081399554931
    endloop
  endfacet
  facet normal 0 1 0
    outer loop
      vertex -9 20 19
      vertex -1.2560813995549314 20 11.879858660950843
      vertex -1.5986883791814732 20 11.598688379181473
    endloop
  endfacet
  facet normal 0 1 0
    outer loop
      vertex -9 20 19
      vertex -0.8652039161620579 20 12.088787028616753
      vertex -1.2560813995549314 20 11.879858660950843
    endloop
  endfacet
  facet normal 0 1 0
    outer loop
      vertex -9 20 19
      vertex -0.44107713148302263 20 12.217444482178184
      vertex -0.8652039161620579 20 12.088787028616753
    endloop
  endfacet
  facet normal 0 1 0
    outer loop
      vertex -9 20 19
      vertex 0 20 12.260886787846701
      vertex -0.44107713148302263 20 12.217444482178184
    endloop
  endfacet
  facet normal 0 0.7071067811865476 0.7071067811865476
    outer loop
      vertex -9 19 20
      vertex 9 19 20
      vertex -9 20 19
    endloop
  endfacet
  facet normal 0 -1 0
    outer loop
      vertex -9 -20 -19
      vertex 9 -20 -19
      vertex 1.2193145126008016 -20 3.8700919974798094
    endloop
  endfacet
  facet normal 0 -0.7071067811865476 -0.7071067811865476
    outer loop
      vertex -9 -20 -19
      vertex 9 -19 -20
      vertex 9 -20 -19
    endloop
  endfacet
  facet normal 0 0 -1
    outer loop
      vertex 9 -19 -20
      vertex -0.8652039161620579 -12.088787028616753 -20
      vertex -0.44107713148302263 -12.217444482178184 -20
    endloop
  endfacet
  facet normal 0 0 -1
    outer loop
      vertex 9 -19 -20
      vertex -0.44107713148302263 -12.217444482178184 -20
      vertex 0 -12.260886787846701 -20
    endloop
  endfacet
  facet normal 0 0 -1
    outer loop
      vertex 9 -19 -20
      vertex 0 -12.260886787846701 -20
      vertex 0.44107713148302263 -12.217444482178184 -20
    endloop
  endfacet
  facet normal 0 0 -1
    outer loop
      vertex 9 -19 -20
      vertex 0.44107713148302263 -12.217444482178184 -20
      vertex 0.8652039161620579 -12.088787028616753 -20
    endloop
  endfacet
  facet normal 0 0 -1
    outer loop
      vertex 9 -19 -20
      vertex 0.8652039161620579 -12.088787028616753 -20
      vertex 1.2560813995549314 -11.879858660950843 -20
    endloop
  endfacet
  facet normal 0 0 -1
    outer loop
      vertex 9 -19 -20
      vertex 1.2560813995549314 -11.879858660950843 -20
      vertex 1.5986883791814732 -11.598688379181473 -20
    endloop
  endfacet
  facet normal 0 0 -1
    outer loop
      vertex 9 -19 -20
      vertex 1.5986883791814732 -11.598688379181473 -20
      vertex 1.879858660950843 -11.256081399554931 -20
    endloop
  endfacet
  facet normal 0 0 -1
    outer loop
      vertex 9 -19 -20
      vertex 1.879858660950843 -11.256081399554931 -20
      vertex 2.0887870286167542 -10.865203916162057 -20
    endloop
  endfacet
  facet normal 0 0 -1
    outer loop
      vertex 9 -19 -20
      vertex 2.0887870286167542 -10.865203916162057 -20
      vertex 2.217444482178185 -10.441077131483024 -20
    endloop
  endfacet
  facet normal 0 -1 0
    outer loop
      vertex 9 -20 -19
      vertex 2.391771452281811 -20 4.225752921804458
      vertex 1.2193145126008016 -20 3.8700919974798094
    endloop
  endfacet
  facet normal 0 -1 0
    outer loop
      vertex 9 -20 -19
      vertex 3.4723139563725134 -20 4.803314923109093
      vertex 2.391771452281811 -20 4.225752921804458
    endloop
  endfacet
  facet normal 0 0 -1
    outer loop
      vertex 9 19 -20
      vertex 2.217444482178185 -10.441077131483024 -20
      vertex 2.2608867878467005 -10 -20
    endloop
  endfacet
  facet normal 0 0 -1
    outer loop
      vertex 9 19 -20
      vertex 2.2608867878467005 -10 -20
      vertex 2.217444482178185 -9.558922868516976 -20
    endloop
  endfacet
  facet normal 0.5773502691896258 -0.5773502691896258 -0.5773502691896258
    outer loop
      vertex 9 -20 -19
      vertex 9 -19 -20
      vertex 10 -19 -19
    endloop
  endfacet
  facet normal 0 -1 0
    outer loop
      vertex 9 -20 -19
      vertex 4.419417382415922 -20 5.580582617584078
      vertex 3.4723139563725134 -20 4.803314923109093
    endloop
  endfacet
  facet normal 0 -1 0
    outer loop
      vertex 9 -20 -19
      vertex 5.196685076890907 -20 6.527686043627487
      vertex 4.419417382415922 -20 5.580582617584078
    endloop
  endfacet
  facet normal 0 -1 0
    outer loop
      vertex 9 -20 -19
      vertex 5.774247078195542 -20 7.6082285477181895
      vertex 5.196685076890907 -20 6.527686043627487
    endloop
  endfacet
  facet normal 0 -1 0
    outer loop
      vertex 9 -20 -19
      vertex 6.129908002520191 -20 8.780685487399198
      vertex 5.774247078195542 -20 7.6082285477181895
    endloop
  endfacet
  facet normal 0 -1 0
    outer loop
      vertex 9 -20 -19
      vertex 6.25 -20 10
      vertex 6.129908002520191 -20 8.780685487399198
    endloop
  endfacet
  facet normal 0.7071067811865475 -0.7071067811865475 0
    outer loop
      vertex 9 -20 -19
      vertex 10 -19 -19
      vertex 9 -20 19
    endloop
  endfacet
  facet normal 0 0 -1
    outer loop
      vertex 9 -19 -20
      vertex 2.217444482178185 -10.441077131483024 -20
      vertex 9 19 -20
    endloop
  endfacet
  facet normal 0.7071067811865475 0 -0.7071067811865475
    outer loop
      vertex 9 -19 -20
      vertex 9 19 -20
      vertex 10 -19 -19
    endloop
  endfacet
  facet normal 0 -1 0
    outer loop
      vertex -9 -20 19
      vertex 1.2193145126008016 -20 16.12990800252019
      vertex 9 -20 19
    endloop
  endfacet
  facet normal 0 0 1
    outer loop
      vertex -9 -19 20
      vertex 9 -19 20
      vertex 1.2193145126008016 -16.12990800252019 20
    endloop
  endfacet
  facet normal 0 -0.7071067811865476 0.7071067811865476
    outer loop
      vertex -9 -19 20
      vertex 9 -20 19
      vertex 9 -19 20
    endloop
  endfacet
  facet normal 0 -1 0
    outer loop
      vertex 9 -20 19
      vertex 1.2193145126008016 -20 16.12990800252019
      vertex 2.391771452281811 -20 15.774247078195543
    endloop
  endfacet
  facet normal 0 -1 0
    outer loop
      vertex 9 -20 19
      vertex 2.391771452281811 -20 15.774247078195543
      vertex 3.4723139563725134 -20 15.196685076890908
    endloop
  endfacet
  facet normal 0 0 1
    outer loop
      vertex 9 -19 20
      vertex 2.391771452281811 -15.774247078195543 20
      vertex 1.2193145126008016 -16.12990800252019 20
    endloop
  endfacet
  facet normal 0 0 1
    outer loop
      vertex 9 -19 20
      vertex 3.4723139563725134 -15.196685076890908 20
      vertex 2.391771452281811 -15.774247078195543 20
    endloop
  endfacet
  facet normal 0 -1 0
    outer loop
      vertex 9 -20 -19
      vertex 9 -20 19
      vertex 6.25 -20 10
    endloop
  endfacet
  facet normal 0.7071067811865475 -0.7071067811865475 0
    outer loop
      vertex 10 -19 -19
      vertex 10 -19 19
      vertex 9 -20 19
    endloop
  endfacet
  facet normal 0 -1 0
    outer loop
      vertex 9 -20 19
      vertex 5.196685076890907 -20 13.472313956372513
      vertex 5.774247078195542 -20 12.39177145228181
    endloop
  endfacet
  facet normal 0 -1 0
    outer loop
      vertex 9 -20 19
      vertex 6.129908002520191 -20 11.219314512600802
      vertex 6.25 -20 10
    endloop
  endfacet
  facet normal 0 -1 0
    outer loop
      vertex 9 -20 19
      vertex 5.774247078195542 -20 12.39177145228181
      vertex 6.129908002520191 -20 11.219314512600802
    endloop
  endfacet
  facet normal 0 -1 0
    outer loop
      vertex 9 -20 19
      vertex 3.4723139563725134 -20 15.196685076890908
      vertex 4.419417382415922 -20 14.419417382415922
    endloop
  endfacet
  facet normal 0 -1 0
    outer loop
      vertex 9 -20 19
      vertex 4.419417382415922 -20 14.419417382415922
      vertex 5.196685076890907 -20 13.472313956372513
    endloop
  endfacet
  facet normal 0 0 1
    outer loop
      vertex 9 -19 20
      vertex 4.419417382415922 -14.419417382415922 20
      vertex 3.4723139563725134 -15.196685076890908 20
    endloop
  endfacet
  facet normal 0 0 1
    outer loop
      vertex 9 -19 20
      vertex 5.196685076890907 -13.472313956372513 20
      vertex 4.419417382415922 -14.419417382415922 20
    endloop
  endfacet
  facet normal 0 0 1
    outer loop
      vertex 9 -19 20
      vertex 5.774247078195542 -12.39177145228181 20
      vertex 5.196685076890907 -13.472313956372513 20
    endloop
  endfacet
  facet normal 0 0 1
    outer loop
      vertex 9 -19 20
      vertex 6.129908002520191 -11.219314512600802 20
      vertex 5.774247078195542 -12.39177145228181 20
    endloop
  endfacet
  facet normal 0 0 1
    outer loop
      vertex 9 -19 20
      vertex 6.25 -10 20
      vertex 6.129908002520191 -11.219314512600802 20
    endloop
  endfacet
  facet normal 0 0 1
    outer loop
      vertex 9 -19 20
      vertex 6.129908002520191 -8.780685487399198 20
      vertex 6.25 -10 20
    endloop
  endfacet
  facet normal 0.5773502691896258 -0.5773502691896258 0.5773502691896258
    outer loop
      vertex 9 -20 19
      vertex 10 -19 19
      vertex 9 -19 20
    endloop
  endfacet
  facet normal 1 0 0
    outer loop
      vertex 10 -19 -19
      vertex 10 19 19
      vertex 10 -19 19
    endloop
  endfacet
  facet normal 0.7071067811865475 0 0.7071067811865475
    outer loop
      vertex 9 -19 20
      vertex 10 -19 19
      vertex 9 19 20
    endloop
  endfacet
  facet normal 0 0 1
    outer loop
      vertex 9 -19 20
      vertex 9 19 20
      vertex 6.129908002520191 -8.780685487399198 20
    endloop
  endfacet
  facet normal 0 0 -1
    outer loop
      vertex 9 19 -20
      vertex -1.879858660950843 -8.743918600445069 -20
      vertex -2.0887870286167542 -9.134796083837943 -20
    endloop
  endfacet
  facet normal 0 0 -1
    outer loop
      vertex 9 19 -20
      vertex -1.5986883791814732 -8.401311620818527 -20
      vertex -1.879858660950843 -8.743918600445069 -20
    endloop
  endfacet
  facet normal 0 0 -1
    outer loop
      vertex 9 19 -20
      vertex -1.2560813995549314 -8.120141339049157 -20
      vertex -1.5986883791814732 -8.401311620818527 -20
    endloop
  endfacet
  facet normal 0 0 -1
    outer loop
      vertex 9 19 -20
      vertex -0.8652039161620579 -7.911212971383246 -20
      vertex -1.2560813995549314 -8.120141339049157 -20
    endloop
  endfacet
  facet normal 0 0 -1
    outer loop
      vertex 9 19 -20
      vertex -0.44107713148302263 -7.782555517821815 -20
      vertex -0.8652039161620579 -7.911212971383246 -20
    endloop
  endfacet
  facet normal 0 0 -1
    outer loop
      vertex 9 19 -20
      vertex 0 -7.739113212153299 -20
      vertex -0.44107713148302263 -7.782555517821815 -20
    endloop
  endfacet
  facet normal 0 0 -1
    outer loop
      vertex 9 19 -20
      vertex 0.44107713148302263 -7.782555517821815 -20
      vertex 0 -7.739113212153299 -20
    endloop
  endfacet
  facet normal 0 0 -1
    outer loop
      vertex 9 19 -20
      vertex 0.8652039161620579 -7.911212971383246 -20
      vertex 0.44107713148302263 -7.782555517821815 -20
    endloop
  endfacet
  facet normal 0 0 -1
    outer loop
      vertex 9 19 -20
      vertex 1.2560813995549314 -8.120141339049157 -20
      vertex 0.8652039161620579 -7.911212971383246 -20
    endloop
  endfacet
  facet normal 0 0 -1
    outer loop
      vertex 9 19 -20
      vertex 1.5986883791814732 -8.401311620818527 -20
      vertex 1.2560813995549314 -8.120141339049157 -20
    endloop
  endfacet
  facet normal 0 0 -1
    outer loop
      vertex 9 19 -20
      vertex 1.879858660950843 -8.743918600445069 -20
      vertex 1.5986883791814732 -8.401311620818527 -20
    endloop
  endfacet
  facet normal 0 0 -1
    outer loop
      vertex 9 19 -20
      vertex 2.0887870286167542 -9.134796083837943 -20
      vertex 1.879858660950843 -8.743918600445069 -20
    endloop
  endfacet
  facet normal 0 0 -1
    outer loop
      vertex 9 19 -20
      vertex 2.217444482178185 -9.558922868516976 -20
      vertex 2.0887870286167542 -9.134796083837943 -20
    endloop
  endfacet
  facet normal 0 0.7071067811865476 -0.7071067811865476
    outer loop
      vertex -9 20 -19
      vertex 9 20 -19
      vertex 9 19 -20
    endloop
  endfacet
  facet normal 0 1 0
    outer loop
      vertex -9 20 -19
      vertex 9 20 19
      vertex 9 20 -19
    endloop
  endfacet
  facet normal 0.7071067811865475 0 -0.7071067811865475
    outer loop
      vertex 10 -19 -19
      vertex 9 19 -20
      vertex 10 19 -19
    endloop
  endfacet
  facet normal 1 0 0
    outer loop
      vertex 10 -19 -19
      vertex 10 19 -19
      vertex 10 19 19
    endloop
  endfacet
  facet normal 0.5773502691896258 0.5773502691896258 -0.5773502691896258
    outer loop
      vertex 9 19 -20
      vertex 9 20 -19
      vertex 10 19 -19
    endloop
  endfacet
  facet normal 0.7071067811865475 0.7071067811865475 0
    outer loop
      vertex 9 20 -19
      vertex 10 19 19
      vertex 10 19 -19
    endloop
  endfacet
  facet normal 0 0 1
    outer loop
      vertex 9 19 20
      vertex 2.391771452281811 -4.225752921804458 20
      vertex 3.4723139563725134 -4.803314923109093 20
    endloop
  endfacet
  facet normal 0 1 0
    outer loop
      vertex -9 20 -19
      vertex 2.0887870286167542 20 9.134796083837943
      vertex 9 20 19
    endloop
  endfacet
  facet normal 0 0 1
    outer loop
      vertex -9 19 20
      vertex 2.391771452281811 -4.225752921804458 20
      vertex 9 19 20
    endloop
  endfacet
  facet normal 0 1 0
    outer loop
      vertex -9 20 19
      vertex 9 20 19
      vertex 0 20 12.260886787846701
    endloop
  endfacet
  facet normal 0 1 0
    outer loop
      vertex 9 20 19
      vertex 0.44107713148302263 20 12.217444482178184
      vertex 0 20 12.260886787846701
    endloop
  endfacet
  facet normal 0 1 0
    outer loop
      vertex 9 20 19
      vertex 0.8652039161620579 20 12.088787028616753
      vertex 0.44107713148302263 20 12.217444482178184
    endloop
  endfacet
  facet normal 0 1 0
    outer loop
      vertex 9 20 19
      vertex 1.2560813995549314 20 11.879858660950843
      vertex 0.8652039161620579 20 12.088787028616753
    endloop
  endfacet
  facet normal 0 1 0
    outer loop
      vertex 9 20 19
      vertex 2.0887870286167542 20 10.865203916162057
      vertex 1.879858660950843 20 11.256081399554931
    endloop
  endfacet
  facet normal 0 1 0
    outer loop
      vertex 9 20 19
      vertex 1.5986883791814732 20 11.598688379181473
      vertex 1.2560813995549314 20 11.879858660950843
    endloop
  endfacet
  facet normal 0 1 0
    outer loop
      vertex 9 20 19
      vertex 1.879858660950843 20 11.256081399554931
      vertex 1.5986883791814732 20 11.598688379181473
    endloop
  endfacet
  facet normal 0 1 0
    outer loop
      vertex 9 20 19
      vertex 2.0887870286167542 20 9.134796083837943
      vertex 2.217444482178185 20 9.558922868516976
    endloop
  endfacet
  facet normal 0 1 0
    outer loop
      vertex 9 20 19
      vertex 2.217444482178185 20 9.558922868516976
      vertex 2.2608867878467005 20 10
    endloop
  endfacet
  facet normal 0 1 0
    outer loop
      vertex 9 20 19
      vertex 2.217444482178185 20 10.441077131483024
      vertex 2.0887870286167542 20 10.865203916162057
    endloop
  endfacet
  facet normal 0 1 0
    outer loop
      vertex 9 20 19
      vertex 2.2608867878467005 20 10
      vertex 2.217444482178185 20 10.441077131483024
    endloop
  endfacet
  facet normal 0 0.7071067811865476 0.7071067811865476
    outer loop
      vertex -9 20 19
      vertex 9 19 20
      vertex 9 20 19
    endloop
  endfacet
  facet normal 0 0 1
    outer loop
      vertex 9 19 20
      vertex 4.419417382415922 -5.580582617584078 20
      vertex 5.196685076890907 -6.527686043627487 20
    endloop
  endfacet
  facet normal 0 0 1
    outer loop
      vertex 9 19 20
      vertex 3.4723139563725134 -4.803314923109093 20
      vertex 4.419417382415922 -5.580582617584078 20
    endloop
  endfacet
  facet normal 0 0 1
    outer loop
      vertex 9 19 20
      vertex 5.196685076890907 -6.527686043627487 20
      vertex 5.774247078195542 -7.6082285477181895 20
    endloop
  endfacet
  facet normal 0 0 1
    outer loop
      vertex 9 19 20
      vertex 5.774247078195542 -7.6082285477181895 20
      vertex 6.129908002520191 -8.780685487399198 20
    endloop
  endfacet
  facet normal 0.7071067811865475 0 0.7071067811865475
    outer loop
      vertex 10 -19 19
      vertex 10 19 19
      vertex 9 19 20
    endloop
  endfacet
  facet normal 0.7071067811865475 0.7071067811865475 0
    outer loop
      vertex 9 20 -19
      vertex 9 20 19
      vertex 10 19 19
    endloop
  endfacet
  facet normal 0.5773502691896258 0.5773502691896258 0.5773502691896258
    outer loop
      vertex 9 19 20
      vertex 10 19 19
      vertex 9 20 19
    endloop
  endfacet
endsolid OpenSCAD_Model
