solid OpenSCAD_Model
  facet normal 0.6343932841636457 0 0.7730104533627368
    outer loop
      vertex -1.5986883791814732 -4 -11.598688379181473
      vertex -1.2560813995549314 -4 -11.879858660950843
      vertex -1.2560813995549314 4 -11.879858660950843
    endloop
  endfacet
  facet normal 0.47139673682599575 0 0.881921264348356
    outer loop
      vertex -1.2560813995549314 -4 -11.879858660950843
      vertex -0.8652039161620579 -4 -12.088787028616753
      vertex -0.8652039161620579 4 -12.088787028616753
    endloop
  endfacet
  facet normal 0.29028467725446216 0 0.9569403357322089
    outer loop
      vertex -0.8652039161620579 -4 -12.088787028616753
      vertex -0.44107713148302263 -4 -12.217444482178184
      vertex -0.44107713148302263 4 -12.217444482178184
    endloop
  endfacet
  facet normal 0.09801714032956411 0 0.9951847266721966
    outer loop
      vertex -0.44107713148302263 -4 -12.217444482178184
      vertex 0 -4 -12.260886787846701
      vertex 0 4 -12.260886787846701
    endloop
  endfacet
  facet normal 0.9951847266721968 -4.403235756744398e-18 0.09801714032956094
    outer loop
      vertex -2.217444482178185 -4 -10.441077131483024
      vertex -2.242595290723115 4 -10.18571668694022
      vertex -2.2608867878467005 -4 -10
    endloop
  endfacet
  facet normal 0.9951847266721968 -1.3943579896357218e-17 -0.0980171403295608
    outer loop
      vertex -2.242595290723115 -4 -9.81428331305978
      vertex -2.2357359793017704 4 -9.744639555457198
      vertex -2.217444482178185 -4 -9.558922868516976
    endloop
  endfacet
  facet normal 0.9569403357322087 0 0.290284677254463
    outer loop
      vertex -2.217444482178185 -4 -10.441077131483024
      vertex -2.0887870286167542 -4 -10.865203916162057
      vertex -2.0887870286167542 4 -10.865203916162057
    endloop
  endfacet
  facet normal 0.8819212643483554 0 0.47139673682599686
    outer loop
      vertex -1.879858660950843 -4 -11.256081399554931
      vertex -1.879858660950843 4 -11.256081399554931
      vertex -2.0887870286167542 -4 -10.865203916162057
    endloop
  endfacet
  facet normal 0.9569403357322087 0 -0.290284677254463
    outer loop
      vertex -2.217444482178185 -4 -9.558922868516976
      vertex -2.217444482178185 4 -9.558922868516976
      vertex -2.0887870286167542 -4 -9.134796083837943
    endloop
  endfacet
  facet normal 0.8819212643483554 0 -0.47139673682599686
    outer loop
      vertex -2.0887870286167542 -4 -9.134796083837943
      vertex -2.0887870286167542 4 -9.134796083837943
      vertex -1.879858660950843 -4 -8.743918600445069
    endloop
  endfacet
  facet normal 0.7730104533627369 0 0.6343932841636456
    outer loop
      vertex -1.879858660950843 -4 -11.256081399554931
      vertex -1.5986883791814732 -4 -11.598688379181473
      vertex -1.5986883791814732 4 -11.598688379181473
    endloop
  endfacet
  facet normal 0.7730104533627369 0 -0.6343932841636456
    outer loop
      vertex -1.879858660950843 -4 -8.743918600445069
      vertex -1.879858660950843 4 -8.743918600445069
      vertex -1.5986883791814732 -4 -8.401311620818527
    endloop
  endfacet
  facet normal 0.6343932841636457 0 -0.7730104533627368
    outer loop
      vertex -1.5986883791814732 -4 -8.401311620818527
      vertex -1.5986883791814732 4 -8.401311620818527
      vertex -1.2560813995549314 -4 -8.120141339049157
    endloop
  endfacet
  facet normal 0.4713967368259973 0 -0.8819212643483552
    outer loop
      vertex -1.2560813995549314 -4 -8.120141339049157
      vertex -1.2560813995549314 4 -8.120141339049157
      vertex -0.8652039161620579 -4 -7.911212971383246
    endloop
  endfacet
  facet normal 0.29028467725446216 0 -0.9569403357322089
    outer loop
      vertex -0.8652039161620579 -4 -7.911212971383246
      vertex -0.8652039161620579 4 -7.911212971383246
      vertex -0.44107713148302263 -4 -7.782555517821815
    endloop
  endfacet
  facet normal 0.09801714032956212 0 -0.9951847266721967
    outer loop
      vertex -0.44107713148302263 -4 -7.782555517821815
      vertex -0.44107713148302263 4 -7.782555517821815
      vertex 0 -4 -7.739113212153299
    endloop
  endfacet
  facet normal 0.6343932841636457 0 0.7730104533627368
    outer loop
      vertex -1.5986883791814732 -4 -11.598688379181473
      vertex -1.2560813995549314 4 -11.879858660950843
      vertex -1.5986883791814732 4 -11.598688379181473
    endloop
  endfacet
  facet normal 0.47139673682599575 0 0.881921264348356
    outer loop
      vertex -1.2560813995549314 -4 -11.879858660950843
      vertex -0.8652039161620579 4 -12.088787028616753
      vertex -1.2560813995549314 4 -11.879858660950843
    endloop
  endfacet
  facet normal 0.29028467725446216 0 0.9569403357322089
    outer loop
      vertex -0.8652039161620579 -4 -12.088787028616753
      vertex -0.44107713148302263 4 -12.217444482178184
      vertex -0.8652039161620579 4 -12.088787028616753
    endloop
  endfacet
  facet normal 0.09801714032956411 0 0.9951847266721966
    outer loop
      vertex -0.44107713148302263 -4 -12.217444482178184
      vertex 0 4 -12.260886787846701
      vertex -0.44107713148302263 4 -12.217444482178184
    endloop
  endfacet
  facet normal 0.9951847266721968 0 0.0980171403295608
    outer loop
      vertex -2.217444482178185 -4 -10.441077131483024
      vertex -2.217444482178185 4 -10.441077131483024
      vertex -2.242595290723115 4 -10.18571668694022
    endloop
  endfacet
  facet normal 0.9951847266721969 0 -0.0980171403295602
    outer loop
      vertex -2.217444482178185 -4 -9.558922868516976
      vertex -2.2357359793017704 4 -9.744639555457198
      vertex -2.217444482178185 4 -9.558922868516976
    endloop
  endfacet
  facet normal 0.9569403357322087 0 0.290284677254463
    outer loop
      vertex -2.217444482178185 -4 -10.441077131483024
      vertex -2.0887870286167542 4 -10.865203916162057
      vertex -2.217444482178185 4 -10.441077131483024
    endloop
  endfacet
  facet normal 0.8819212643483554 0 0.47139673682599686
    outer loop
      vertex -2.0887870286167542 -4 -10.865203916162057
      vertex -1.879858660950843 4 -11.256081399554931
      vertex -2.0887870286167542 4 -10.865203916162057
    endloop
  endfacet
  facet normal 0.9569403357322087 0 -0.290284677254463
    outer loop
      vertex -2.0887870286167542 -4 -9.134796083837943
      vertex -2.217444482178185 4 -9.558922868516976
      vertex -2.0887870286167542 4 -9.134796083837943
    endloop
  endfacet
  facet normal 0.8819212643483554 0 -0.47139673682599686
    outer loop
      vertex -1.879858660950843 -4 -8.743918600445069
      vertex -2.0887870286167542 4 -9.134796083837943
      vertex -1.879858660950843 4 -8.743918600445069
    endloop
  endfacet
  facet normal 0.7730104533627369 0 0.6343932841636456
    outer loop
      vertex -1.879858660950843 -4 -11.256081399554931
      vertex -1.5986883791814732 4 -11.598688379181473
      vertex -1.879858660950843 4 -11.256081399554931
    endloop
  endfacet
  facet normal 0.7730104533627369 0 -0.6343932841636456
    outer loop
      vertex -1.5986883791814732 -4 -8.401311620818527
      vertex -1.879858660950843 4 -8.743918600445069
      vertex -1.5986883791814732 4 -8.401311620818527
    endloop
  endfacet
  facet normal 0.6343932841636457 0 -0.7730104533627368
    outer loop
      vertex -1.2560813995549314 -4 -8.120141339049157
      vertex -1.5986883791814732 4 -8.401311620818527
      vertex -1.2560813995549314 4 -8.120141339049157
    endloop
  endfacet
  facet normal 0.4713967368259973 0 -0.8819212643483552
    outer loop
      vertex -0.8652039161620579 -4 -7.911212971383246
      vertex -1.2560813995549314 4 -8.120141339049157
      vertex -0.8652039161620579 4 -7.911212971383246
    endloop
  endfacet
  facet normal 0.29028467725446216 0 -0.9569403357322089
    outer loop
      vertex -0.44107713148302263 -4 -7.782555517821815
      vertex -0.8652039161620579 4 -7.911212971383246
      vertex -0.44107713148302263 4 -7.782555517821815
    endloop
  endfacet
  facet normal 0.09801714032956212 0 -0.9951847266721967
    outer loop
      vertex -0.44107713148302263 4 -7.782555517821815
      vertex 0 4 -7.739113212153299
      vertex 0 -4 -7.739113212153299
    endloop
  endfacet
  facet normal -0.09801714032956411 0 0.9951847266721966
    outer loop
      vertex 0 -4 -12.260886787846701
      vertex 0.44107713148302263 -4 -12.217444482178184
      vertex 0.44107713148302263 4 -12.217444482178184
    endloop
  endfacet
  facet normal -0.29028467725446216 0 0.9569403357322089
    outer loop
      vertex 0.44107713148302263 -4 -12.217444482178184
      vertex 0.8652039161620579 -4 -12.088787028616753
      vertex 0.8652039161620579 4 -12.088787028616753
    endloop
  endfacet
  facet normal -0.47139673682599575 0 0.881921264348356
    outer loop
      vertex 0.8652039161620579 -4 -12.088787028616753
      vertex 1.2560813995549314 -4 -11.879858660950843
      vertex 1.2560813995549314 4 -11.879858660950843
    endloop
  endfacet
  facet normal -0.6343932841636457 0 0.7730104533627368
    outer loop
      vertex 1.2560813995549314 -4 -11.879858660950843
      vertex 1.5986883791814732 -4 -11.598688379181473
      vertex 1.5986883791814732 4 -11.598688379181473
    endloop
  endfacet
  facet normal -0.09801714032956212 0 -0.9951847266721967
    outer loop
      vertex 0 -4 -7.739113212153299
      vertex 0 4 -7.739113212153299
      vertex 0.44107713148302263 -4 -7.782555517821815
    endloop
  endfacet
  facet normal -0.29028467725446216 0 -0.9569403357322089
    outer loop
      vertex 0.44107713148302263 -4 -7.782555517821815
      vertex 0.44107713148302263 4 -7.782555517821815
      vertex 0.8652039161620579 -4 -7.911212971383246
    endloop
  endfacet
  facet normal -0.4713967368259973 0 -0.8819212643483552
    outer loop
      vertex 0.8652039161620579 -4 -7.911212971383246
      vertex 0.8652039161620579 4 -7.911212971383246
      vertex 1.2560813995549314 -4 -8.120141339049157
    endloop
  endfacet
  facet normal -0.7730104533627369 0 0.6343932841636456
    outer loop
      vertex 1.5986883791814732 -4 -11.598688379181473
      vertex 1.879858660950843 -4 -11.256081399554931
      vertex 1.879858660950843 4 -11.256081399554931
    endloop
  endfacet
  facet normal -0.6343932841636457 0 -0.7730104533627368
    outer loop
      vertex 1.2560813995549314 -4 -8.120141339049157
      vertex 1.2560813995549314 4 -8.120141339049157
      vertex 1.5986883791814732 -4 -8.401311620818527
    endloop
  endfacet
  facet normal -0.7730104533627369 0 -0.6343932841636456
    outer loop
      vertex 1.5986883791814732 -4 -8.401311620818527
      vertex 1.5986883791814732 4 -8.401311620818527
      vertex 1.879858660950843 -4 -8.743918600445069
    endloop
  endfacet
  facet normal -0.8819212643483554 0 0.47139673682599686
    outer loop
      vertex 1.879858660950843 -4 -11.256081399554931
      vertex 2.0887870286167542 -4 -10.865203916162057
      vertex 2.0887870286167542 4 -10.865203916162057
    endloop
  endfacet
  facet normal -0.9569403357322087 0 0.290284677254463
    outer loop
      vertex 2.0887870286167542 -4 -10.865203916162057
      vertex 2.217444482178185 -4 -10.441077131483024
      vertex 2.217444482178185 4 -10.441077131483024
    endloop
  endfacet
  facet normal -0.9951847266721968 0 0.09801714032956094
    outer loop
      vertex 2.217444482178185 -4 -10.441077131483024
      vertex 2.2608867878467005 -4 -10
      vertex 2.2608867878467005 4 -10
    endloop
  endfacet
  facet normal -0.9951847266721968 -4.403235756744398e-18 -0.09801714032956094
    outer loop
      vertex 2.2608867878467005 -4 -10
      vertex 2.217444482178185 -4 -9.558922868516976
      vertex 2.242595290723115 4 -9.81428331305978
    endloop
  endfacet
  facet normal -0.8819212643483554 0 -0.47139673682599686
    outer loop
      vertex 2.0887870286167542 -4 -9.134796083837943
      vertex 1.879858660950843 -4 -8.743918600445069
      vertex 1.879858660950843 4 -8.743918600445069
    endloop
  endfacet
  facet normal -0.9569403357322087 0 -0.290284677254463
    outer loop
      vertex 2.0887870286167542 -4 -9.134796083837943
      vertex 2.0887870286167542 4 -9.134796083837943
      vertex 2.217444482178185 -4 -9.558922868516976
    endloop
  endfacet
  facet normal -0.09801714032956411 0 0.9951847266721966
    outer loop
      vertex 0 -4 -12.260886787846701
      vertex 0.44107713148302263 4 -12.217444482178184
      vertex 0 4 -12.260886787846701
    endloop
  endfacet
  facet normal -0.29028467725446216 0 0.9569403357322089
    outer loop
      vertex 0.44107713148302263 -4 -12.217444482178184
      vertex 0.8652039161620579 4 -12.088787028616753
      vertex 0.44107713148302263 4 -12.217444482178184
    endloop
  endfacet
  facet normal -0.47139673682599575 0 0.881921264348356
    outer loop
      vertex 0.8652039161620579 -4 -12.088787028616753
      vertex 1.2560813995549314 4 -11.879858660950843
      vertex 0.8652039161620579 4 -12.088787028616753
    endloop
  endfacet
  facet normal -0.6343932841636457 0 0.7730104533627368
    outer loop
      vertex 1.2560813995549314 -4 -11.879858660950843
      vertex 1.5986883791814732 4 -11.598688379181473
      vertex 1.2560813995549314 4 -11.879858660950843
    endloop
  endfacet
  facet normal -0.09801714032956212 0 -0.9951847266721967
    outer loop
      vertex 0.44107713148302263 -4 -7.782555517821815
      vertex 0 4 -7.739113212153299
      vertex 0.44107713148302263 4 -7.782555517821815
    endloop
  endfacet
  facet normal -0.29028467725446216 0 -0.9569403357322089
    outer loop
      vertex 0.8652039161620579 -4 -7.911212971383246
      vertex 0.44107713148302263 4 -7.782555517821815
      vertex 0.8652039161620579 4 -7.911212971383246
    endloop
  endfacet
  facet normal -0.4713967368259973 0 -0.8819212643483552
    outer loop
      vertex 1.2560813995549314 -4 -8.120141339049157
      vertex 0.8652039161620579 4 -7.911212971383246
      vertex 1.2560813995549314 4 -8.120141339049157
    endloop
  endfacet
  facet normal -0.7730104533627369 0 0.6343932841636456
    outer loop
      vertex 1.5986883791814732 -4 -11.598688379181473
      vertex 1.879858660950843 4 -11.256081399554931
      vertex 1.5986883791814732 4 -11.598688379181473
    endloop
  endfacet
  facet normal -0.6343932841636457 0 -0.7730104533627368
    outer loop
      vertex 1.5986883791814732 -4 -8.401311620818527
      vertex 1.2560813995549314 4 -8.120141339049157
      vertex 1.5986883791814732 4 -8.401311620818527
    endloop
  endfacet
  facet normal -0.7730104533627369 0 -0.6343932841636456
    outer loop
      vertex 1.879858660950843 -4 -8.743918600445069
      vertex 1.5986883791814732 4 -8.401311620818527
      vertex 1.879858660950843 4 -8.743918600445069
    endloop
  endfacet
  facet normal -0.8819212643483554 0 0.47139673682599686
    outer loop
      vertex 1.879858660950843 -4 -11.256081399554931
      vertex 2.0887870286167542 4 -10.865203916162057
      vertex 1.879858660950843 4 -11.256081399554931
    endloop
  endfacet
  facet normal -0.9569403357322087 0 0.290284677254463
    outer loop
      vertex 2.0887870286167542 -4 -10.865203916162057
      vertex 2.217444482178185 4 -10.441077131483024
      vertex 2.0887870286167542 4 -10.865203916162057
    endloop
  endfacet
  facet normal -0.9951847266721968 0 0.09801714032956094
    outer loop
      vertex 2.217444482178185 -4 -10.441077131483024
      vertex 2.2608867878467005 4 -10
      vertex 2.217444482178185 4 -10.441077131483024
    endloop
  endfacet
  facet normal -0.9951847266721968 0 -0.0980171403295608
    outer loop
      vertex 2.217444482178185 -4 -9.558922868516976
      vertex 2.217444482178185 4 -9.558922868516976
      vertex 2.242595290723115 4 -9.81428331305978
    endloop
  endfacet
  facet normal -0.8819212643483554 0 -0.47139673682599686
    outer loop
      vertex 2.0887870286167542 -4 -9.134796083837943
      vertex 1.879858660950843 4 -8.743918600445069
      vertex 2.0887870286167542 4 -9.134796083837943
    endloop
  endfacet
  facet normal -0.9569403357322087 0 -0.290284677254463
    outer loop
      vertex 2.217444482178185 -4 -9.558922868516976
      vertex 2.0887870286167542 4 -9.134796083837943
      vertex 2.217444482178185 4 -9.558922868516976
    endloop
  endfacet
  facet normal 0.9951847266721969 0 -0.09801714032956113
    outer loop
      vertex -2.2608867878467005 -4 -10
      vertex -2.2608867878467005 4 -10
      vertex -2.242595290723115 -4 -9.81428331305978
    endloop
  endfacet
  facet normal 0.9951847266721969 0 0.09801714032956113
    outer loop
      vertex -2.2608867878467005 -4 -10
      vertex -2.242595290723115 4 -10.18571668694022
      vertex -2.2608867878467005 4 -10
    endloop
  endfacet
  facet normal 0.9951847266721968 -8.028121758508756e-18 -0.09801714032956148
    outer loop
      vertex -2.242595290723115 -4 -9.81428331305978
      vertex -2.2608867878467005 4 -10
      vertex -2.2357359793017704 4 -9.744639555457198
    endloop
  endfacet
  facet normal -0.9951847266721969 0 -0.09801714032956113
    outer loop
      vertex 2.2608867878467005 -4 -10
      vertex 2.242595290723115 4 -9.81428331305978
      vertex 2.2608867878467005 4 -10
    endloop
  endfacet
  facet normal 0.9569403357322086 -0.2052622637611793 0.20526226376117948
    outer loop
      vertex -2.0887870286167542 -20.500906815980745 30.701916942757414
      vertex -2.0887870286167542 -14.844052566488363 36.35877119224979
      vertex -2.217444482178185 -20.800809741510136 31.001819868286805
    endloop
  endfacet
  facet normal 0.9951847266721968 0.06930858459954643 -0.0693085845995465
    outer loop
      vertex -2.242595290723115 -21.24401990092302 31.44503002769969
      vertex -2.2357359793017704 -15.636411224698739 37.151129850460165
      vertex -2.217444482178185 -21.424587002906048 31.625597129682717
    endloop
  endfacet
  facet normal 0.9951847266721968 -0.0693085845995461 0.06930858459954607
    outer loop
      vertex -2.2608867878467005 -21.112698372208094 31.31370849898476
      vertex -2.217444482178185 -20.800809741510136 31.001819868286805
      vertex -2.242595290723115 -15.324522594000783 36.839241219762215
    endloop
  endfacet
  facet normal 0.9569403357322086 0.20526226376117943 -0.20526226376117931
    outer loop
      vertex -2.0887870286167542 -21.72448992843544 31.925500055212108
      vertex -2.217444482178185 -21.424587002906048 31.625597129682717
      vertex -2.217444482178185 -15.767732753413668 37.2824513791751
    endloop
  endfacet
  facet normal 0.8819212643483566 0.333327829238871 -0.333327829238871
    outer loop
      vertex -2.0887870286167542 -21.72448992843544 31.925500055212108
      vertex -2.0887870286167542 -16.06763567894306 37.58235430470449
      vertex -1.879858660950843 -22.000882047555674 32.20189217433234
    endloop
  endfacet
  facet normal 0.7730104533627362 0.44858379317131863 -0.44858379317131886
    outer loop
      vertex -1.879858660950843 -22.000882047555674 32.20189217433234
      vertex -1.879858660950843 -16.344027798063294 37.85874642382472
      vertex -1.5986883791814732 -22.243141766131444 32.44415189290811
    endloop
  endfacet
  facet normal 0.6343932841636447 0.5466009335008791 -0.5466009335008791
    outer loop
      vertex -1.5986883791814732 -22.243141766131444 32.44415189290811
      vertex -1.5986883791814732 -16.58628751663906 38.10100614240049
      vertex -1.2560813995549314 -22.441959179038697 32.64296930581536
    endloop
  endfacet
  facet normal 0.8819212643483566 -0.333327829238871 0.3333278292388711
    outer loop
      vertex -2.0887870286167542 -20.500906815980745 30.701916942757414
      vertex -1.879858660950843 -20.22451469686051 30.42552482363718
      vertex -1.879858660950843 -14.56766044736813 36.08237907312956
    endloop
  endfacet
  facet normal 0.9951847266721969 -0.06930858459954574 0.06930858459954574
    outer loop
      vertex -2.217444482178185 -20.800809741510136 31.001819868286805
      vertex -2.217444482178185 -15.143955492017756 36.658674117779185
      vertex -2.242595290723115 -15.324522594000783 36.839241219762215
    endloop
  endfacet
  facet normal 0.9569403357322093 -0.20526226376117773 0.20526226376117773
    outer loop
      vertex -2.217444482178185 -20.800809741510136 31.001819868286805
      vertex -2.0887870286167542 -14.844052566488363 36.35877119224979
      vertex -2.217444482178185 -15.143955492017756 36.658674117779185
    endloop
  endfacet
  facet normal 0.8819212643483549 -0.33332782923887305 0.3333278292388734
    outer loop
      vertex -2.0887870286167542 -20.500906815980745 30.701916942757414
      vertex -1.879858660950843 -14.56766044736813 36.08237907312956
      vertex -2.0887870286167542 -14.844052566488363 36.35877119224979
    endloop
  endfacet
  facet normal 0.7730104533627363 -0.4485837931713189 0.4485837931713187
    outer loop
      vertex -1.879858660950843 -20.22451469686051 30.42552482363718
      vertex -1.5986883791814732 -19.982254978284743 30.18326510506141
      vertex -1.5986883791814732 -14.325400728792362 35.84011935455379
    endloop
  endfacet
  facet normal 0.6343932841636447 -0.5466009335008792 0.5466009335008791
    outer loop
      vertex -1.5986883791814732 -19.982254978284743 30.18326510506141
      vertex -1.2560813995549314 -19.78343756537749 29.984447692154156
      vertex -1.2560813995549314 -14.126583315885107 35.64130194164654
    endloop
  endfacet
  facet normal 0.7730104533627352 -0.4485837931713196 0.4485837931713196
    outer loop
      vertex -1.879858660950843 -20.22451469686051 30.42552482363718
      vertex -1.5986883791814732 -14.325400728792362 35.84011935455379
      vertex -1.879858660950843 -14.56766044736813 36.08237907312956
    endloop
  endfacet
  facet normal 0.6343932841636467 -0.546600933500878 0.5466009335008779
    outer loop
      vertex -1.5986883791814732 -19.982254978284743 30.18326510506141
      vertex -1.2560813995549314 -14.126583315885107 35.64130194164654
      vertex -1.5986883791814732 -14.325400728792362 35.84011935455379
    endloop
  endfacet
  facet normal 0.9951847266721972 0.06930858459954417 -0.06930858459954413
    outer loop
      vertex -2.217444482178185 -21.424587002906048 31.625597129682717
      vertex -2.2357359793017704 -15.636411224698739 37.151129850460165
      vertex -2.217444482178185 -15.767732753413668 37.2824513791751
    endloop
  endfacet
  facet normal 0.8819212643483555 0.3333278292388725 -0.3333278292388727
    outer loop
      vertex -1.879858660950843 -22.000882047555674 32.20189217433234
      vertex -2.0887870286167542 -16.06763567894306 37.58235430470449
      vertex -1.879858660950843 -16.344027798063294 37.85874642382472
    endloop
  endfacet
  facet normal 0.956940335732208 0.20526226376118048 -0.20526226376118048
    outer loop
      vertex -2.0887870286167542 -21.72448992843544 31.925500055212108
      vertex -2.217444482178185 -15.767732753413668 37.2824513791751
      vertex -2.0887870286167542 -16.06763567894306 37.58235430470449
    endloop
  endfacet
  facet normal 0.7730104533627382 0.44858379317131697 -0.44858379317131697
    outer loop
      vertex -1.5986883791814732 -22.243141766131444 32.44415189290811
      vertex -1.879858660950843 -16.344027798063294 37.85874642382472
      vertex -1.5986883791814732 -16.58628751663906 38.10100614240049
    endloop
  endfacet
  facet normal 0.6343932841636455 0.5466009335008788 -0.5466009335008788
    outer loop
      vertex -1.2560813995549314 -22.441959179038697 32.64296930581536
      vertex -1.5986883791814732 -16.58628751663906 38.10100614240049
      vertex -1.2560813995549314 -16.785104929546314 38.299823555307746
    endloop
  endfacet
  facet normal 0.47139673682599414 0.623612506493337 -0.623612506493337
    outer loop
      vertex -1.2560813995549314 -22.441959179038697 32.64296930581536
      vertex -1.2560813995549314 -16.785104929546314 38.299823555307746
      vertex -0.8652039161620579 -22.589693844597498 32.790703971374164
    endloop
  endfacet
  facet normal 0.290284677254467 0.6766590005871755 -0.6766590005871751
    outer loop
      vertex -0.8652039161620579 -22.589693844597498 32.790703971374164
      vertex -0.8652039161620579 -16.93283959510512 38.44755822086655
      vertex -0.44107713148302263 -22.68066840246098 32.88167852923765
    endloop
  endfacet
  facet normal 0.09801714032956005 0.7037018687631912 -0.7037018687631912
    outer loop
      vertex -0.44107713148302263 -22.68066840246098 32.88167852923765
      vertex -0.44107713148302263 -17.023814152968598 38.53853277873003
      vertex 0 -22.711386751389565 32.912396878166234
    endloop
  endfacet
  facet normal 0.4713967368259981 0.6236125064933357 -0.6236125064933353
    outer loop
      vertex -0.8652039161620579 -22.589693844597498 32.790703971374164
      vertex -1.2560813995549314 -16.785104929546314 38.299823555307746
      vertex -0.8652039161620579 -16.93283959510512 38.44755822086655
    endloop
  endfacet
  facet normal 0.2902846772544611 0.6766590005871767 -0.6766590005871767
    outer loop
      vertex -0.44107713148302263 -22.68066840246098 32.88167852923765
      vertex -0.8652039161620579 -16.93283959510512 38.44755822086655
      vertex -0.44107713148302263 -17.023814152968598 38.53853277873003
    endloop
  endfacet
  facet normal 0.09801714032956567 0.7037018687631912 -0.7037018687631906
    outer loop
      vertex -0.44107713148302263 -17.023814152968598 38.53853277873003
      vertex 0 -17.054532501897185 38.56925112765862
      vertex 0 -22.711386751389565 32.912396878166234
    endloop
  endfacet
  facet normal 0.4713967368259985 -0.6236125064933355 0.623612506493335
    outer loop
      vertex -1.2560813995549314 -19.78343756537749 29.984447692154156
      vertex -0.8652039161620579 -19.635702899818686 29.836713026595355
      vertex -0.8652039161620579 -13.978848650326306 35.49356727608774
    endloop
  endfacet
  facet normal 0.2902846772544619 -0.6766590005871765 0.6766590005871763
    outer loop
      vertex -0.8652039161620579 -19.635702899818686 29.836713026595355
      vertex -0.44107713148302263 -19.544728341955206 29.745738468731872
      vertex -0.44107713148302263 -13.887874092462825 35.402592718224255
    endloop
  endfacet
  facet normal 0.09801714032956005 -0.7037018687631913 0.7037018687631912
    outer loop
      vertex -0.44107713148302263 -19.544728341955206 29.745738468731872
      vertex 0 -19.51400999302662 29.715020119803288
      vertex 0 -13.85715574353424 35.37187436929567
    endloop
  endfacet
  facet normal 0.47139673682599326 -0.6236125064933372 0.6236125064933372
    outer loop
      vertex -1.2560813995549314 -19.78343756537749 29.984447692154156
      vertex -0.8652039161620579 -13.978848650326306 35.49356727608774
      vertex -1.2560813995549314 -14.126583315885107 35.64130194164654
    endloop
  endfacet
  facet normal 0.29028467725446483 -0.676659000587176 0.6766590005871755
    outer loop
      vertex -0.8652039161620579 -19.635702899818686 29.836713026595355
      vertex -0.44107713148302263 -13.887874092462825 35.402592718224255
      vertex -0.8652039161620579 -13.978848650326306 35.49356727608774
    endloop
  endfacet
  facet normal 0.09801714032956207 -0.7037018687631912 0.703701868763191
    outer loop
      vertex -0.44107713148302263 -19.544728341955206 29.745738468731872
      vertex 0 -13.85715574353424 35.37187436929567
      vertex -0.44107713148302263 -13.887874092462825 35.402592718224255
    endloop
  endfacet
  facet normal -0.09801714032956005 0.7037018687631915 -0.703701868763191
    outer loop
      vertex 0 -22.711386751389565 32.912396878166234
      vertex 0 -17.054532501897185 38.56925112765862
      vertex 0.44107713148302263 -22.68066840246098 32.88167852923765
    endloop
  endfacet
  facet normal -0.29028467725446705 0.6766590005871753 -0.6766590005871753
    outer loop
      vertex 0.44107713148302263 -22.68066840246098 32.88167852923765
      vertex 0.44107713148302263 -17.023814152968598 38.53853277873003
      vertex 0.8652039161620579 -22.589693844597498 32.790703971374164
    endloop
  endfacet
  facet normal -0.47139673682599414 0.6236125064933371 -0.6236125064933368
    outer loop
      vertex 0.8652039161620579 -22.589693844597498 32.790703971374164
      vertex 0.8652039161620579 -16.93283959510512 38.44755822086655
      vertex 1.2560813995549314 -22.441959179038697 32.64296930581536
    endloop
  endfacet
  facet normal -0.09801714032956503 0.7037018687631909 -0.7037018687631909
    outer loop
      vertex 0.44107713148302263 -22.68066840246098 32.88167852923765
      vertex 0 -17.054532501897185 38.56925112765862
      vertex 0.44107713148302263 -17.023814152968598 38.53853277873003
    endloop
  endfacet
  facet normal -0.29028467725446117 0.6766590005871768 -0.6766590005871764
    outer loop
      vertex 0.8652039161620579 -22.589693844597498 32.790703971374164
      vertex 0.44107713148302263 -17.023814152968598 38.53853277873003
      vertex 0.8652039161620579 -16.93283959510512 38.44755822086655
    endloop
  endfacet
  facet normal -0.47139673682599786 0.6236125064933354 -0.6236125064933354
    outer loop
      vertex 1.2560813995549314 -22.441959179038697 32.64296930581536
      vertex 0.8652039161620579 -16.93283959510512 38.44755822086655
      vertex 1.2560813995549314 -16.785104929546314 38.299823555307746
    endloop
  endfacet
  facet normal -0.09801714032956006 -0.7037018687631914 0.7037018687631912
    outer loop
      vertex 0 -19.51400999302662 29.715020119803288
      vertex 0.44107713148302263 -19.544728341955206 29.745738468731872
      vertex 0.44107713148302263 -13.887874092462825 35.402592718224255
    endloop
  endfacet
  facet normal -0.29028467725446194 -0.6766590005871767 0.6766590005871763
    outer loop
      vertex 0.44107713148302263 -19.544728341955206 29.745738468731872
      vertex 0.8652039161620579 -19.635702899818686 29.836713026595355
      vertex 0.8652039161620579 -13.978848650326306 35.49356727608774
    endloop
  endfacet
  facet normal -0.4713967368259985 -0.6236125064933352 0.6236125064933353
    outer loop
      vertex 0.8652039161620579 -19.635702899818686 29.836713026595355
      vertex 1.2560813995549314 -19.78343756537749 29.984447692154156
      vertex 1.2560813995549314 -14.126583315885107 35.64130194164654
    endloop
  endfacet
  facet normal -0.6343932841636447 0.5466009335008791 -0.5466009335008791
    outer loop
      vertex 1.2560813995549314 -22.441959179038697 32.64296930581536
      vertex 1.2560813995549314 -16.785104929546314 38.299823555307746
      vertex 1.5986883791814732 -22.243141766131444 32.44415189290811
    endloop
  endfacet
  facet normal -0.7730104533627362 0.44858379317131875 -0.44858379317131875
    outer loop
      vertex 1.5986883791814732 -22.243141766131444 32.44415189290811
      vertex 1.5986883791814732 -16.58628751663906 38.10100614240049
      vertex 1.879858660950843 -22.000882047555674 32.20189217433234
    endloop
  endfacet
  facet normal -0.8819212643483567 0.333327829238871 -0.33332782923887116
    outer loop
      vertex 2.0887870286167542 -21.72448992843544 31.925500055212108
      vertex 1.879858660950843 -22.000882047555674 32.20189217433234
      vertex 1.879858660950843 -16.344027798063294 37.85874642382472
    endloop
  endfacet
  facet normal -0.9569403357322086 -0.2052622637611794 0.2052622637611794
    outer loop
      vertex 2.0887870286167542 -20.500906815980745 30.701916942757414
      vertex 2.217444482178185 -20.800809741510136 31.001819868286805
      vertex 2.217444482178185 -15.143955492017756 36.658674117779185
    endloop
  endfacet
  facet normal -0.9569403357322086 0.2052622637611794 -0.2052622637611794
    outer loop
      vertex 2.0887870286167542 -21.72448992843544 31.925500055212108
      vertex 2.0887870286167542 -16.06763567894306 37.58235430470449
      vertex 2.217444482178185 -21.424587002906048 31.625597129682717
    endloop
  endfacet
  facet normal -0.9951847266721968 0.06930858459954609 -0.06930858459954609
    outer loop
      vertex 2.2608867878467005 -21.112698372208094 31.31370849898476
      vertex 2.217444482178185 -21.424587002906048 31.625597129682717
      vertex 2.242595290723115 -15.58716565143064 37.10188427719207
    endloop
  endfacet
  facet normal -0.9951847266721968 -0.0693085845995461 0.06930858459954609
    outer loop
      vertex 2.2608867878467005 -21.112698372208094 31.31370849898476
      vertex 2.2608867878467005 -15.455844122715712 36.97056274847714
      vertex 2.217444482178185 -20.800809741510136 31.001819868286805
    endloop
  endfacet
  facet normal -0.6343932841636448 -0.5466009335008792 0.5466009335008791
    outer loop
      vertex 1.2560813995549314 -19.78343756537749 29.984447692154156
      vertex 1.5986883791814732 -19.982254978284743 30.18326510506141
      vertex 1.5986883791814732 -14.325400728792362 35.84011935455379
    endloop
  endfacet
  facet normal -0.7730104533627363 -0.44858379317131875 0.44858379317131875
    outer loop
      vertex 1.5986883791814732 -19.982254978284743 30.18326510506141
      vertex 1.879858660950843 -20.22451469686051 30.42552482363718
      vertex 1.879858660950843 -14.56766044736813 36.08237907312956
    endloop
  endfacet
  facet normal -0.6343932841636467 -0.546600933500878 0.546600933500878
    outer loop
      vertex 1.2560813995549314 -19.78343756537749 29.984447692154156
      vertex 1.5986883791814732 -14.325400728792362 35.84011935455379
      vertex 1.2560813995549314 -14.126583315885107 35.64130194164654
    endloop
  endfacet
  facet normal -0.7730104533627354 -0.44858379317131947 0.4485837931713193
    outer loop
      vertex 1.5986883791814732 -19.982254978284743 30.18326510506141
      vertex 1.879858660950843 -14.56766044736813 36.08237907312956
      vertex 1.5986883791814732 -14.325400728792362 35.84011935455379
    endloop
  endfacet
  facet normal -0.8819212643483567 -0.333327829238871 0.3333278292388712
    outer loop
      vertex 1.879858660950843 -20.22451469686051 30.42552482363718
      vertex 2.0887870286167542 -20.500906815980745 30.701916942757414
      vertex 2.0887870286167542 -14.844052566488363 36.35877119224979
    endloop
  endfacet
  facet normal -0.9569403357322093 -0.20526226376117782 0.205262263761178
    outer loop
      vertex 2.0887870286167542 -20.500906815980745 30.701916942757414
      vertex 2.217444482178185 -15.143955492017756 36.658674117779185
      vertex 2.0887870286167542 -14.844052566488363 36.35877119224979
    endloop
  endfacet
  facet normal -0.8819212643483549 -0.3333278292388732 0.3333278292388732
    outer loop
      vertex 1.879858660950843 -20.22451469686051 30.42552482363718
      vertex 2.0887870286167542 -14.844052566488363 36.35877119224979
      vertex 1.879858660950843 -14.56766044736813 36.08237907312956
    endloop
  endfacet
  facet normal -0.9951847266721969 -0.0693085845995459 0.0693085845995459
    outer loop
      vertex 2.217444482178185 -20.800809741510136 31.001819868286805
      vertex 2.2608867878467005 -15.455844122715712 36.97056274847714
      vertex 2.217444482178185 -15.143955492017756 36.658674117779185
    endloop
  endfacet
  facet normal -0.6343932841636455 0.5466009335008788 -0.5466009335008788
    outer loop
      vertex 1.5986883791814732 -22.243141766131444 32.44415189290811
      vertex 1.2560813995549314 -16.785104929546314 38.299823555307746
      vertex 1.5986883791814732 -16.58628751663906 38.10100614240049
    endloop
  endfacet
  facet normal -0.7730104533627381 0.4485837931713169 -0.4485837931713172
    outer loop
      vertex 1.879858660950843 -22.000882047555674 32.20189217433234
      vertex 1.5986883791814732 -16.58628751663906 38.10100614240049
      vertex 1.879858660950843 -16.344027798063294 37.85874642382472
    endloop
  endfacet
  facet normal -0.8819212643483554 0.33332782923887266 -0.33332782923887266
    outer loop
      vertex 2.0887870286167542 -21.72448992843544 31.925500055212108
      vertex 1.879858660950843 -16.344027798063294 37.85874642382472
      vertex 2.0887870286167542 -16.06763567894306 37.58235430470449
    endloop
  endfacet
  facet normal -0.9569403357322082 0.2052622637611804 -0.20526226376118029
    outer loop
      vertex 2.217444482178185 -21.424587002906048 31.625597129682717
      vertex 2.0887870286167542 -16.06763567894306 37.58235430470449
      vertex 2.217444482178185 -15.767732753413668 37.2824513791751
    endloop
  endfacet
  facet normal -0.9951847266721969 0.06930858459954554 -0.0693085845995455
    outer loop
      vertex 2.217444482178185 -21.424587002906048 31.625597129682717
      vertex 2.217444482178185 -15.767732753413668 37.2824513791751
      vertex 2.242595290723115 -15.58716565143064 37.10188427719207
    endloop
  endfacet
  facet normal -0.09801714032956411 -0.703701868763191 0.703701868763191
    outer loop
      vertex 0 -19.51400999302662 29.715020119803288
      vertex 0.44107713148302263 -13.887874092462825 35.402592718224255
      vertex 0 -13.85715574353424 35.37187436929567
    endloop
  endfacet
  facet normal -0.29028467725446483 -0.676659000587176 0.6766590005871757
    outer loop
      vertex 0.44107713148302263 -19.544728341955206 29.745738468731872
      vertex 0.8652039161620579 -13.978848650326306 35.49356727608774
      vertex 0.44107713148302263 -13.887874092462825 35.402592718224255
    endloop
  endfacet
  facet normal -0.47139673682599337 -0.6236125064933374 0.6236125064933371
    outer loop
      vertex 0.8652039161620579 -19.635702899818686 29.836713026595355
      vertex 1.2560813995549314 -14.126583315885107 35.64130194164654
      vertex 0.8652039161620579 -13.978848650326306 35.49356727608774
    endloop
  endfacet
  facet normal 0.9951847266721969 0.06930858459954559 -0.06930858459954556
    outer loop
      vertex -2.242595290723115 -21.24401990092302 31.44503002769969
      vertex -2.2608867878467005 -21.112698372208094 31.31370849898476
      vertex -2.2608867878467005 -15.455844122715712 36.97056274847714
    endloop
  endfacet
  facet normal 0.9951847266721968 0.06930858459954715 -0.06930858459954721
    outer loop
      vertex -2.242595290723115 -21.24401990092302 31.44503002769969
      vertex -2.2608867878467005 -15.455844122715712 36.97056274847714
      vertex -2.2357359793017704 -15.636411224698739 37.151129850460165
    endloop
  endfacet
  facet normal 0.9951847266721969 -0.06930858459954614 0.06930858459954613
    outer loop
      vertex -2.2608867878467005 -21.112698372208094 31.31370849898476
      vertex -2.242595290723115 -15.324522594000783 36.839241219762215
      vertex -2.2608867878467005 -15.455844122715712 36.97056274847714
    endloop
  endfacet
  facet normal -0.9951847266721967 0.06930858459954646 -0.06930858459954645
    outer loop
      vertex 2.2608867878467005 -21.112698372208094 31.31370849898476
      vertex 2.242595290723115 -15.58716565143064 37.10188427719207
      vertex 2.2608867878467005 -15.455844122715712 36.97056274847714
    endloop
  endfacet
  facet normal 0.9569403357322088 0 0.2902846772544626
    outer loop
      vertex -5.774247078195542 -10 -12.39177145228181
      vertex -5.774247078195542 -4 -12.39177145228181
      vertex -6.129908002520191 -10 -11.219314512600802
    endloop
  endfacet
  facet normal 0.9569403357322088 0 0.2902846772544626
    outer loop
      vertex -6.129908002520191 -10 -11.219314512600802
      vertex -5.774247078195542 -4 -12.39177145228181
      vertex -6.129908002520191 -4 -11.219314512600802
    endloop
  endfacet
  facet normal 0.8819212643483548 0 0.471396736825998
    outer loop
      vertex -5.196685076890907 -10 -13.472313956372513
      vertex -5.196685076890907 -4 -13.472313956372513
      vertex -5.774247078195542 -10 -12.39177145228181
    endloop
  endfacet
  facet normal 0.8819212643483548 0 0.471396736825998
    outer loop
      vertex -5.774247078195542 -10 -12.39177145228181
      vertex -5.196685076890907 -4 -13.472313956372513
      vertex -5.774247078195542 -4 -12.39177145228181
    endloop
  endfacet
  facet normal 0.9951847266721968 0 0.09801714032956034
    outer loop
      vertex -6.129908002520191 -10 -11.219314512600802
      vertex -6.129908002520191 -4 -11.219314512600802
      vertex -6.25 -10 -10
    endloop
  endfacet
  facet normal 0.9951847266721968 0 -0.09801714032956034
    outer loop
      vertex -6.25 -10 -10
      vertex -6.25 -4 -10
      vertex -6.129908002520191 -10 -8.780685487399198
    endloop
  endfacet
  facet normal 0.9569403357322088 0 -0.2902846772544626
    outer loop
      vertex -6.129908002520191 -10 -8.780685487399198
      vertex -6.129908002520191 -4 -8.780685487399198
      vertex -5.774247078195542 -10 -7.6082285477181895
    endloop
  endfacet
  facet normal 0.9951847266721968 0 0.09801714032956034
    outer loop
      vertex -6.25 -10 -10
      vertex -6.129908002520191 -4 -11.219314512600802
      vertex -6.25 -4 -10
    endloop
  endfacet
  facet normal 0.9951847266721968 0 -0.09801714032956034
    outer loop
      vertex -6.129908002520191 -10 -8.780685487399198
      vertex -6.25 -4 -10
      vertex -6.129908002520191 -4 -8.780685487399198
    endloop
  endfacet
  facet normal 0.9569403357322088 0 -0.2902846772544626
    outer loop
      vertex -5.774247078195542 -10 -7.6082285477181895
      vertex -6.129908002520191 -4 -8.780685487399198
      vertex -5.774247078195542 -4 -7.6082285477181895
    endloop
  endfacet
  facet normal 0.8819212643483548 0 -0.471396736825998
    outer loop
      vertex -5.774247078195542 -10 -7.6082285477181895
      vertex -5.774247078195542 -4 -7.6082285477181895
      vertex -5.196685076890907 -10 -6.527686043627487
    endloop
  endfacet
  facet normal 0.8819212643483548 0 -0.471396736825998
    outer loop
      vertex -5.196685076890907 -10 -6.527686043627487
      vertex -5.774247078195542 -4 -7.6082285477181895
      vertex -5.196685076890907 -4 -6.527686043627487
    endloop
  endfacet
  facet normal 0 -1 0
    outer loop
      vertex -6.129908002520191 -4 -11.219314512600802
      vertex -6.129908002520191 -4 -8.780685487399198
      vertex -6.25 -4 -10
    endloop
  endfacet
  facet normal 0 -1 0
    outer loop
      vertex -5.774247078195542 -4 -12.39177145228181
      vertex -5.774247078195542 -4 -7.6082285477181895
      vertex -6.129908002520191 -4 -11.219314512600802
    endloop
  endfacet
  facet normal 0 -1 0
    outer loop
      vertex -6.129908002520191 -4 -11.219314512600802
      vertex -5.774247078195542 -4 -7.6082285477181895
      vertex -6.129908002520191 -4 -8.780685487399198
    endloop
  endfacet
  facet normal 0 -1 0
    outer loop
      vertex -5.196685076890907 -4 -13.472313956372513
      vertex -5.196685076890907 -4 -6.527686043627487
      vertex -5.774247078195542 -4 -12.39177145228181
    endloop
  endfacet
  facet normal 0 -1 0
    outer loop
      vertex -5.774247078195542 -4 -12.39177145228181
      vertex -5.196685076890907 -4 -6.527686043627487
      vertex -5.774247078195542 -4 -7.6082285477181895
    endloop
  endfacet
  facet normal 0.7730104533627373 0 0.6343932841636449
    outer loop
      vertex -5.196685076890907 -10 -13.472313956372513
      vertex -4.419417382415922 -10 -14.419417382415922
      vertex -4.419417382415922 -4 -14.419417382415922
    endloop
  endfacet
  facet normal 0.7730104533627373 0 0.6343932841636449
    outer loop
      vertex -5.196685076890907 -10 -13.472313956372513
      vertex -4.419417382415922 -4 -14.419417382415922
      vertex -5.196685076890907 -4 -13.472313956372513
    endloop
  endfacet
  facet normal 0.6343932841636454 0 0.773010453362737
    outer loop
      vertex -3.4723139563725134 -10 -15.196685076890908
      vertex -3.4723139563725134 -4 -15.196685076890908
      vertex -4.419417382415922 -10 -14.419417382415922
    endloop
  endfacet
  facet normal 0.6343932841636454 0 0.773010453362737
    outer loop
      vertex -4.419417382415922 -10 -14.419417382415922
      vertex -3.4723139563725134 -4 -15.196685076890908
      vertex -4.419417382415922 -4 -14.419417382415922
    endloop
  endfacet
  facet normal 0.47139673682599814 0 0.8819212643483548
    outer loop
      vertex -3.4723139563725134 -10 -15.196685076890908
      vertex -2.391771452281811 -10 -15.774247078195543
      vertex -2.391771452281811 -4 -15.774247078195543
    endloop
  endfacet
  facet normal 0.47139673682599814 0 0.8819212643483548
    outer loop
      vertex -3.4723139563725134 -10 -15.196685076890908
      vertex -2.391771452281811 -4 -15.774247078195543
      vertex -3.4723139563725134 -4 -15.196685076890908
    endloop
  endfacet
  facet normal 0.7730104533627373 0 -0.6343932841636449
    outer loop
      vertex -5.196685076890907 -10 -6.527686043627487
      vertex -5.196685076890907 -4 -6.527686043627487
      vertex -4.419417382415922 -10 -5.580582617584078
    endloop
  endfacet
  facet normal 0.7730104533627373 0 -0.6343932841636449
    outer loop
      vertex -5.196685076890907 -4 -6.527686043627487
      vertex -4.419417382415922 -4 -5.580582617584078
      vertex -4.419417382415922 -10 -5.580582617584078
    endloop
  endfacet
  facet normal 0.6343932841636449 0 -0.7730104533627373
    outer loop
      vertex -4.419417382415922 -10 -5.580582617584078
      vertex -4.419417382415922 -4 -5.580582617584078
      vertex -3.4723139563725134 -10 -4.803314923109093
    endloop
  endfacet
  facet normal 0.6343932841636449 0 -0.7730104533627373
    outer loop
      vertex -3.4723139563725134 -10 -4.803314923109093
      vertex -4.419417382415922 -4 -5.580582617584078
      vertex -3.4723139563725134 -4 -4.803314923109093
    endloop
  endfacet
  facet normal 0.47139673682599814 0 -0.8819212643483548
    outer loop
      vertex -3.4723139563725134 -10 -4.803314923109093
      vertex -3.4723139563725134 -4 -4.803314923109093
      vertex -2.391771452281811 -10 -4.225752921804458
    endloop
  endfacet
  facet normal 0.47139673682599814 0 -0.8819212643483548
    outer loop
      vertex -2.391771452281811 -10 -4.225752921804458
      vertex -3.4723139563725134 -4 -4.803314923109093
      vertex -2.391771452281811 -4 -4.225752921804458
    endloop
  endfacet
  facet normal 0 -1 0
    outer loop
      vertex -3.4723139563725134 -4 -15.196685076890908
      vertex -2.391771452281811 -4 -15.774247078195543
      vertex -2.391771452281811 -4 -4.225752921804458
    endloop
  endfacet
  facet normal 0 -1 0
    outer loop
      vertex -5.196685076890907 -4 -13.472313956372513
      vertex -4.419417382415922 -4 -14.419417382415922
      vertex -4.419417382415922 -4 -5.580582617584078
    endloop
  endfacet
  facet normal 0 -1 0
    outer loop
      vertex -5.196685076890907 -4 -13.472313956372513
      vertex -4.419417382415922 -4 -5.580582617584078
      vertex -5.196685076890907 -4 -6.527686043627487
    endloop
  endfacet
  facet normal 0 -1 0
    outer loop
      vertex -3.4723139563725134 -4 -15.196685076890908
      vertex -3.4723139563725134 -4 -4.803314923109093
      vertex -4.419417382415922 -4 -14.419417382415922
    endloop
  endfacet
  facet normal 0 -1 0
    outer loop
      vertex -4.419417382415922 -4 -14.419417382415922
      vertex -3.4723139563725134 -4 -4.803314923109093
      vertex -4.419417382415922 -4 -5.580582617584078
    endloop
  endfacet
  facet normal 0 -1 0
    outer loop
      vertex -3.4723139563725134 -4 -15.196685076890908
      vertex -2.391771452281811 -4 -4.225752921804458
      vertex -3.4723139563725134 -4 -4.803314923109093
    endloop
  endfacet
  facet normal 0.2902846772544605 0 0.9569403357322094
    outer loop
      vertex -2.391771452281811 -10 -15.774247078195543
      vertex -1.2193145126008016 -4 -16.12990800252019
      vertex -2.391771452281811 -4 -15.774247078195543
    endloop
  endfacet
  facet normal 0.2902846772544605 0 0.9569403357322094
    outer loop
      vertex -2.391771452281811 -10 -15.774247078195543
      vertex -1.2193145126008016 -10 -16.12990800252019
      vertex -1.2193145126008016 -4 -16.12990800252019
    endloop
  endfacet
  facet normal 0.09801714032956178 0 0.9951847266721967
    outer loop
      vertex -1.2193145126008016 -10 -16.12990800252019
      vertex 0 -4 -16.25
      vertex -1.2193145126008016 -4 -16.12990800252019
    endloop
  endfacet
  facet normal 0.09801714032956178 0 0.9951847266721967
    outer loop
      vertex -1.2193145126008016 -10 -16.12990800252019
      vertex 0 -10 -16.25
      vertex 0 -4 -16.25
    endloop
  endfacet
  facet normal 0.2902846772544625 0 -0.9569403357322088
    outer loop
      vertex -2.391771452281811 -10 -4.225752921804458
      vertex -2.391771452281811 -4 -4.225752921804458
      vertex -1.2193145126008016 -10 -3.8700919974798094
    endloop
  endfacet
  facet normal 0.2902846772544625 0 -0.9569403357322088
    outer loop
      vertex -1.2193145126008016 -10 -3.8700919974798094
      vertex -2.391771452281811 -4 -4.225752921804458
      vertex -1.2193145126008016 -4 -3.8700919974798094
    endloop
  endfacet
  facet normal 0.09801714032956034 0 -0.9951847266721968
    outer loop
      vertex -1.2193145126008016 -10 -3.8700919974798094
      vertex -1.2193145126008016 -4 -3.8700919974798094
      vertex 0 -10 -3.75
    endloop
  endfacet
  facet normal 0.09801714032956034 0 -0.9951847266721968
    outer loop
      vertex -1.2193145126008016 -4 -3.8700919974798094
      vertex 0 -4 -3.75
      vertex 0 -10 -3.75
    endloop
  endfacet
  facet normal 0 -1 0
    outer loop
      vertex -2.391771452281811 -4 -15.774247078195543
      vertex -2.0887870286167542 -4 -10.865203916162057
      vertex -2.217444482178185 -4 -10.441077131483024
    endloop
  endfacet
  facet normal 0 -1 0
    outer loop
      vertex -2.391771452281811 -4 -15.774247078195543
      vertex -2.217444482178185 -4 -10.441077131483024
      vertex -2.2608867878467005 -4 -10
    endloop
  endfacet
  facet normal 0 -1 0
    outer loop
      vertex -2.391771452281811 -4 -15.774247078195543
      vertex -1.879858660950843 -4 -11.256081399554931
      vertex -2.0887870286167542 -4 -10.865203916162057
    endloop
  endfacet
  facet normal 0 -1 0
    outer loop
      vertex -2.391771452281811 -4 -15.774247078195543
      vertex -1.5986883791814732 -4 -11.598688379181473
      vertex -1.879858660950843 -4 -11.256081399554931
    endloop
  endfacet
  facet normal 0 -1 0
    outer loop
      vertex -2.391771452281811 -4 -15.774247078195543
      vertex -1.2193145126008016 -4 -16.12990800252019
      vertex -1.2560813995549314 -4 -11.879858660950843
    endloop
  endfacet
  facet normal 0 -1 0
    outer loop
      vertex -2.391771452281811 -4 -15.774247078195543
      vertex -1.2560813995549314 -4 -11.879858660950843
      vertex -1.5986883791814732 -4 -11.598688379181473
    endloop
  endfacet
  facet normal 0 -1 0
    outer loop
      vertex -1.2193145126008016 -4 -16.12990800252019
      vertex -0.8652039161620579 -4 -12.088787028616753
      vertex -1.2560813995549314 -4 -11.879858660950843
    endloop
  endfacet
  facet normal 0 -1 0
    outer loop
      vertex -1.2193145126008016 -4 -16.12990800252019
      vertex -0.44107713148302263 -4 -12.217444482178184
      vertex -0.8652039161620579 -4 -12.088787028616753
    endloop
  endfacet
  facet normal 0 -1 0
    outer loop
      vertex -1.2193145126008016 -4 -16.12990800252019
      vertex 0 -4 -16.25
      vertex 0 -4 -12.260886787846701
    endloop
  endfacet
  facet normal 0 -1 0
    outer loop
      vertex -1.2193145126008016 -4 -16.12990800252019
      vertex 0 -4 -12.260886787846701
      vertex -0.44107713148302263 -4 -12.217444482178184
    endloop
  endfacet
  facet normal 0 -1 0
    outer loop
      vertex -2.391771452281811 -4 -15.774247078195543
      vertex -2.2608867878467005 -4 -10
      vertex -2.391771452281811 -4 -4.225752921804458
    endloop
  endfacet
  facet normal 0 -1 0
    outer loop
      vertex -2.2608867878467005 -4 -10
      vertex -2.242595290723115 -4 -9.81428331305978
      vertex -2.391771452281811 -4 -4.225752921804458
    endloop
  endfacet
  facet normal 0 -1 0
    outer loop
      vertex -2.242595290723115 -4 -9.81428331305978
      vertex -2.217444482178185 -4 -9.558922868516976
      vertex -2.391771452281811 -4 -4.225752921804458
    endloop
  endfacet
  facet normal 0 -1 0
    outer loop
      vertex -2.217444482178185 -4 -9.558922868516976
      vertex -2.0887870286167542 -4 -9.134796083837943
      vertex -2.391771452281811 -4 -4.225752921804458
    endloop
  endfacet
  facet normal 0 -1 0
    outer loop
      vertex -2.0887870286167542 -4 -9.134796083837943
      vertex -1.879858660950843 -4 -8.743918600445069
      vertex -2.391771452281811 -4 -4.225752921804458
    endloop
  endfacet
  facet normal 0 -1 0
    outer loop
      vertex -1.879858660950843 -4 -8.743918600445069
      vertex -1.5986883791814732 -4 -8.401311620818527
      vertex -2.391771452281811 -4 -4.225752921804458
    endloop
  endfacet
  facet normal 0 -1 0
    outer loop
      vertex -1.5986883791814732 -4 -8.401311620818527
      vertex -1.2193145126008016 -4 -3.8700919974798094
      vertex -2.391771452281811 -4 -4.225752921804458
    endloop
  endfacet
  facet normal 0 -1 0
    outer loop
      vertex -1.5986883791814732 -4 -8.401311620818527
      vertex -1.2560813995549314 -4 -8.120141339049157
      vertex -1.2193145126008016 -4 -3.8700919974798094
    endloop
  endfacet
  facet normal 0 -1 0
    outer loop
      vertex -1.2560813995549314 -4 -8.120141339049157
      vertex -0.8652039161620579 -4 -7.911212971383246
      vertex -1.2193145126008016 -4 -3.8700919974798094
    endloop
  endfacet
  facet normal 0 -1 0
    outer loop
      vertex -0.8652039161620579 -4 -7.911212971383246
      vertex -0.44107713148302263 -4 -7.782555517821815
      vertex -1.2193145126008016 -4 -3.8700919974798094
    endloop
  endfacet
  facet normal 0 -1 0
    outer loop
      vertex -0.44107713148302263 -4 -7.782555517821815
      vertex 0 -4 -7.739113212153299
      vertex -1.2193145126008016 -4 -3.8700919974798094
    endloop
  endfacet
  facet normal 0 -1 0
    outer loop
      vertex -1.2193145126008016 -4 -3.8700919974798094
      vertex 0 -4 -7.739113212153299
      vertex 0 -4 -3.75
    endloop
  endfacet
  facet normal -0.09801714032956178 0 0.9951847266721967
    outer loop
      vertex 0 -10 -16.25
      vertex 1.2193145126008016 -4 -16.12990800252019
      vertex 0 -4 -16.25
    endloop
  endfacet
  facet normal -0.09801714032956178 0 0.9951847266721967
    outer loop
      vertex 0 -10 -16.25
      vertex 1.2193145126008016 -10 -16.12990800252019
      vertex 1.2193145126008016 -4 -16.12990800252019
    endloop
  endfacet
  facet normal -0.2902846772544605 0 0.9569403357322094
    outer loop
      vertex 1.2193145126008016 -10 -16.12990800252019
      vertex 2.391771452281811 -4 -15.774247078195543
      vertex 1.2193145126008016 -4 -16.12990800252019
    endloop
  endfacet
  facet normal -0.2902846772544605 0 0.9569403357322094
    outer loop
      vertex 1.2193145126008016 -10 -16.12990800252019
      vertex 2.391771452281811 -10 -15.774247078195543
      vertex 2.391771452281811 -4 -15.774247078195543
    endloop
  endfacet
  facet normal -0.09801714032956034 0 -0.9951847266721968
    outer loop
      vertex 0 -10 -3.75
      vertex 0 -4 -3.75
      vertex 1.2193145126008016 -10 -3.8700919974798094
    endloop
  endfacet
  facet normal -0.09801714032956034 0 -0.9951847266721968
    outer loop
      vertex 1.2193145126008016 -10 -3.8700919974798094
      vertex 0 -4 -3.75
      vertex 1.2193145126008016 -4 -3.8700919974798094
    endloop
  endfacet
  facet normal -0.2902846772544625 0 -0.9569403357322088
    outer loop
      vertex 1.2193145126008016 -10 -3.8700919974798094
      vertex 1.2193145126008016 -4 -3.8700919974798094
      vertex 2.391771452281811 -10 -4.225752921804458
    endloop
  endfacet
  facet normal -0.2902846772544625 0 -0.9569403357322088
    outer loop
      vertex 2.391771452281811 -10 -4.225752921804458
      vertex 1.2193145126008016 -4 -3.8700919974798094
      vertex 2.391771452281811 -4 -4.225752921804458
    endloop
  endfacet
  facet normal 0 -1 0
    outer loop
      vertex 0 -4 -16.25
      vertex 1.2193145126008016 -4 -16.12990800252019
      vertex 0 -4 -12.260886787846701
    endloop
  endfacet
  facet normal 0 -1 0
    outer loop
      vertex 1.2193145126008016 -4 -16.12990800252019
      vertex 0.44107713148302263 -4 -12.217444482178184
      vertex 0 -4 -12.260886787846701
    endloop
  endfacet
  facet normal 0 -1 0
    outer loop
      vertex 1.2193145126008016 -4 -16.12990800252019
      vertex 0.8652039161620579 -4 -12.088787028616753
      vertex 0.44107713148302263 -4 -12.217444482178184
    endloop
  endfacet
  facet normal 0 -1 0
    outer loop
      vertex 1.2193145126008016 -4 -16.12990800252019
      vertex 1.2560813995549314 -4 -11.879858660950843
      vertex 0.8652039161620579 -4 -12.088787028616753
    endloop
  endfacet
  facet normal 0 -1 0
    outer loop
      vertex 1.2193145126008016 -4 -16.12990800252019
      vertex 2.391771452281811 -4 -15.774247078195543
      vertex 1.5986883791814732 -4 -11.598688379181473
    endloop
  endfacet
  facet normal 0 -1 0
    outer loop
      vertex 1.2193145126008016 -4 -16.12990800252019
      vertex 1.5986883791814732 -4 -11.598688379181473
      vertex 1.2560813995549314 -4 -11.879858660950843
    endloop
  endfacet
  facet normal 0 -1 0
    outer loop
      vertex 2.391771452281811 -4 -15.774247078195543
      vertex 1.879858660950843 -4 -11.256081399554931
      vertex 1.5986883791814732 -4 -11.598688379181473
    endloop
  endfacet
  facet normal 0 -1 0
    outer loop
      vertex 2.391771452281811 -4 -15.774247078195543
      vertex 2.0887870286167542 -4 -10.865203916162057
      vertex 1.879858660950843 -4 -11.256081399554931
    endloop
  endfacet
  facet normal 0 -1 0
    outer loop
      vertex 2.391771452281811 -4 -15.774247078195543
      vertex 2.217444482178185 -4 -10.441077131483024
      vertex 2.0887870286167542 -4 -10.865203916162057
    endloop
  endfacet
  facet normal 0 -1 0
    outer loop
      vertex 2.391771452281811 -4 -15.774247078195543
      vertex 2.2608867878467005 -4 -10
      vertex 2.217444482178185 -4 -10.441077131483024
    endloop
  endfacet
  facet normal 0 -1 0
    outer loop
      vertex 0 -4 -7.739113212153299
      vertex 0.44107713148302263 -4 -7.782555517821815
      vertex 1.2193145126008016 -4 -3.8700919974798094
    endloop
  endfacet
  facet normal 0 -1 0
    outer loop
      vertex 0 -4 -7.739113212153299
      vertex 1.2193145126008016 -4 -3.8700919974798094
      vertex 0 -4 -3.75
    endloop
  endfacet
  facet normal 0 -1 0
    outer loop
      vertex 0.44107713148302263 -4 -7.782555517821815
      vertex 0.8652039161620579 -4 -7.911212971383246
      vertex 1.2193145126008016 -4 -3.8700919974798094
    endloop
  endfacet
  facet normal 0 -1 0
    outer loop
      vertex 0.8652039161620579 -4 -7.911212971383246
      vertex 1.2560813995549314 -4 -8.120141339049157
      vertex 1.2193145126008016 -4 -3.8700919974798094
    endloop
  endfacet
  facet normal 0 -1 0
    outer loop
      vertex 2.391771452281811 -4 -15.774247078195543
      vertex 2.391771452281811 -4 -4.225752921804458
      vertex 2.2608867878467005 -4 -10
    endloop
  endfacet
  facet normal 0 -1 0
    outer loop
      vertex 2.0887870286167542 -4 -9.134796083837943
      vertex 2.391771452281811 -4 -4.225752921804458
      vertex 1.879858660950843 -4 -8.743918600445069
    endloop
  endfacet
  facet normal 0 -1 0
    outer loop
      vertex 2.2608867878467005 -4 -10
      vertex 2.391771452281811 -4 -4.225752921804458
      vertex 2.217444482178185 -4 -9.558922868516976
    endloop
  endfacet
  facet normal 0 -1 0
    outer loop
      vertex 2.0887870286167542 -4 -9.134796083837943
      vertex 2.217444482178185 -4 -9.558922868516976
      vertex 2.391771452281811 -4 -4.225752921804458
    endloop
  endfacet
  facet normal 0 -1 0
    outer loop
      vertex 1.2560813995549314 -4 -8.120141339049157
      vertex 1.5986883791814732 -4 -8.401311620818527
      vertex 2.391771452281811 -4 -4.225752921804458
    endloop
  endfacet
  facet normal 0 -1 0
    outer loop
      vertex 1.2560813995549314 -4 -8.120141339049157
      vertex 2.391771452281811 -4 -4.225752921804458
      vertex 1.2193145126008016 -4 -3.8700919974798094
    endloop
  endfacet
  facet normal 0 -1 0
    outer loop
      vertex 1.5986883791814732 -4 -8.401311620818527
      vertex 1.879858660950843 -4 -8.743918600445069
      vertex 2.391771452281811 -4 -4.225752921804458
    endloop
  endfacet
  facet normal -0.47139673682599814 0 0.8819212643483548
    outer loop
      vertex 2.391771452281811 -10 -15.774247078195543
      vertex 3.4723139563725134 -10 -15.196685076890908
      vertex 3.4723139563725134 -4 -15.196685076890908
    endloop
  endfacet
  facet normal -0.47139673682599814 0 0.8819212643483548
    outer loop
      vertex 2.391771452281811 -10 -15.774247078195543
      vertex 3.4723139563725134 -4 -15.196685076890908
      vertex 2.391771452281811 -4 -15.774247078195543
    endloop
  endfacet
  facet normal -0.6343932841636454 0 0.773010453362737
    outer loop
      vertex 3.4723139563725134 -10 -15.196685076890908
      vertex 4.419417382415922 -10 -14.419417382415922
      vertex 4.419417382415922 -4 -14.419417382415922
    endloop
  endfacet
  facet normal -0.6343932841636454 0 0.773010453362737
    outer loop
      vertex 3.4723139563725134 -10 -15.196685076890908
      vertex 4.419417382415922 -4 -14.419417382415922
      vertex 3.4723139563725134 -4 -15.196685076890908
    endloop
  endfacet
  facet normal -0.7730104533627373 0 0.6343932841636449
    outer loop
      vertex 4.419417382415922 -10 -14.419417382415922
      vertex 5.196685076890907 -10 -13.472313956372513
      vertex 5.196685076890907 -4 -13.472313956372513
    endloop
  endfacet
  facet normal -0.7730104533627373 0 0.6343932841636449
    outer loop
      vertex 4.419417382415922 -10 -14.419417382415922
      vertex 5.196685076890907 -4 -13.472313956372513
      vertex 4.419417382415922 -4 -14.419417382415922
    endloop
  endfacet
  facet normal -0.47139673682599814 0 -0.8819212643483548
    outer loop
      vertex 2.391771452281811 -10 -4.225752921804458
      vertex 2.391771452281811 -4 -4.225752921804458
      vertex 3.4723139563725134 -10 -4.803314923109093
    endloop
  endfacet
  facet normal -0.47139673682599814 0 -0.8819212643483548
    outer loop
      vertex 3.4723139563725134 -10 -4.803314923109093
      vertex 2.391771452281811 -4 -4.225752921804458
      vertex 3.4723139563725134 -4 -4.803314923109093
    endloop
  endfacet
  facet normal -0.6343932841636449 0 -0.7730104533627373
    outer loop
      vertex 4.419417382415922 -10 -5.580582617584078
      vertex 3.4723139563725134 -10 -4.803314923109093
      vertex 3.4723139563725134 -4 -4.803314923109093
    endloop
  endfacet
  facet normal -0.6343932841636449 0 -0.7730104533627373
    outer loop
      vertex 4.419417382415922 -10 -5.580582617584078
      vertex 3.4723139563725134 -4 -4.803314923109093
      vertex 4.419417382415922 -4 -5.580582617584078
    endloop
  endfacet
  facet normal -0.7730104533627373 0 -0.6343932841636449
    outer loop
      vertex 4.419417382415922 -10 -5.580582617584078
      vertex 4.419417382415922 -4 -5.580582617584078
      vertex 5.196685076890907 -10 -6.527686043627487
    endloop
  endfacet
  facet normal -0.7730104533627373 0 -0.6343932841636449
    outer loop
      vertex 4.419417382415922 -4 -5.580582617584078
      vertex 5.196685076890907 -4 -6.527686043627487
      vertex 5.196685076890907 -10 -6.527686043627487
    endloop
  endfacet
  facet normal 0 -1 0
    outer loop
      vertex 2.391771452281811 -4 -15.774247078195543
      vertex 3.4723139563725134 -4 -15.196685076890908
      vertex 3.4723139563725134 -4 -4.803314923109093
    endloop
  endfacet
  facet normal 0 -1 0
    outer loop
      vertex 3.4723139563725134 -4 -15.196685076890908
      vertex 4.419417382415922 -4 -14.419417382415922
      vertex 4.419417382415922 -4 -5.580582617584078
    endloop
  endfacet
  facet normal 0 -1 0
    outer loop
      vertex 2.391771452281811 -4 -15.774247078195543
      vertex 3.4723139563725134 -4 -4.803314923109093
      vertex 2.391771452281811 -4 -4.225752921804458
    endloop
  endfacet
  facet normal 0 -1 0
    outer loop
      vertex 3.4723139563725134 -4 -15.196685076890908
      vertex 4.419417382415922 -4 -5.580582617584078
      vertex 3.4723139563725134 -4 -4.803314923109093
    endloop
  endfacet
  facet normal 0 -1 0
    outer loop
      vertex 4.419417382415922 -4 -14.419417382415922
      vertex 5.196685076890907 -4 -13.472313956372513
      vertex 5.196685076890907 -4 -6.527686043627487
    endloop
  endfacet
  facet normal 0 -1 0
    outer loop
      vertex 4.419417382415922 -4 -14.419417382415922
      vertex 5.196685076890907 -4 -6.527686043627487
      vertex 4.419417382415922 -4 -5.580582617584078
    endloop
  endfacet
  facet normal -0.8819212643483548 0 0.471396736825998
    outer loop
      vertex 5.196685076890907 -10 -13.472313956372513
      vertex 5.774247078195542 -10 -12.39177145228181
      vertex 5.774247078195542 -4 -12.39177145228181
    endloop
  endfacet
  facet normal -0.8819212643483548 0 0.471396736825998
    outer loop
      vertex 5.196685076890907 -10 -13.472313956372513
      vertex 5.774247078195542 -4 -12.39177145228181
      vertex 5.196685076890907 -4 -13.472313956372513
    endloop
  endfacet
  facet normal -0.9569403357322088 0 0.2902846772544626
    outer loop
      vertex 5.774247078195542 -10 -12.39177145228181
      vertex 6.129908002520191 -10 -11.219314512600802
      vertex 6.129908002520191 -4 -11.219314512600802
    endloop
  endfacet
  facet normal -0.9569403357322088 0 0.2902846772544626
    outer loop
      vertex 5.774247078195542 -10 -12.39177145228181
      vertex 6.129908002520191 -4 -11.219314512600802
      vertex 5.774247078195542 -4 -12.39177145228181
    endloop
  endfacet
  facet normal -0.9951847266721968 0 0.09801714032956034
    outer loop
      vertex 6.129908002520191 -10 -11.219314512600802
      vertex 6.25 -10 -10
      vertex 6.25 -4 -10
    endloop
  endfacet
  facet normal -0.9569403357322088 0 -0.2902846772544626
    outer loop
      vertex 6.129908002520191 -10 -8.780685487399198
      vertex 5.774247078195542 -10 -7.6082285477181895
      vertex 5.774247078195542 -4 -7.6082285477181895
    endloop
  endfacet
  facet normal -0.9951847266721968 0 -0.09801714032956034
    outer loop
      vertex 6.129908002520191 -10 -8.780685487399198
      vertex 6.129908002520191 -4 -8.780685487399198
      vertex 6.25 -10 -10
    endloop
  endfacet
  facet normal -0.9951847266721968 0 0.09801714032956034
    outer loop
      vertex 6.129908002520191 -10 -11.219314512600802
      vertex 6.25 -4 -10
      vertex 6.129908002520191 -4 -11.219314512600802
    endloop
  endfacet
  facet normal -0.9951847266721968 0 -0.09801714032956034
    outer loop
      vertex 6.25 -10 -10
      vertex 6.129908002520191 -4 -8.780685487399198
      vertex 6.25 -4 -10
    endloop
  endfacet
  facet normal -0.9569403357322088 0 -0.2902846772544626
    outer loop
      vertex 6.129908002520191 -10 -8.780685487399198
      vertex 5.774247078195542 -4 -7.6082285477181895
      vertex 6.129908002520191 -4 -8.780685487399198
    endloop
  endfacet
  facet normal -0.8819212643483548 0 -0.471396736825998
    outer loop
      vertex 5.774247078195542 -10 -7.6082285477181895
      vertex 5.196685076890907 -10 -6.527686043627487
      vertex 5.196685076890907 -4 -6.527686043627487
    endloop
  endfacet
  facet normal -0.8819212643483548 0 -0.471396736825998
    outer loop
      vertex 5.774247078195542 -10 -7.6082285477181895
      vertex 5.196685076890907 -4 -6.527686043627487
      vertex 5.774247078195542 -4 -7.6082285477181895
    endloop
  endfacet
  facet normal 0 -1 0
    outer loop
      vertex 5.196685076890907 -4 -13.472313956372513
      vertex 5.774247078195542 -4 -12.39177145228181
      vertex 5.774247078195542 -4 -7.6082285477181895
    endloop
  endfacet
  facet normal 0 -1 0
    outer loop
      vertex 5.196685076890907 -4 -13.472313956372513
      vertex 5.774247078195542 -4 -7.6082285477181895
      vertex 5.196685076890907 -4 -6.527686043627487
    endloop
  endfacet
  facet normal 0 -1 0
    outer loop
      vertex 5.774247078195542 -4 -12.39177145228181
      vertex 6.129908002520191 -4 -8.780685487399198
      vertex 5.774247078195542 -4 -7.6082285477181895
    endloop
  endfacet
  facet normal 0 -1 0
    outer loop
      vertex 5.774247078195542 -4 -12.39177145228181
      vertex 6.129908002520191 -4 -11.219314512600802
      vertex 6.129908002520191 -4 -8.780685487399198
    endloop
  endfacet
  facet normal 0 -1 0
    outer loop
      vertex 6.129908002520191 -4 -11.219314512600802
      vertex 6.25 -4 -10
      vertex 6.129908002520191 -4 -8.780685487399198
    endloop
  endfacet
  facet normal 0 1 0
    outer loop
      vertex -5.774247078195542 4 -12.39177145228181
      vertex -6.129908002520191 4 -11.219314512600802
      vertex -6.129908002520191 4 -8.780685487399198
    endloop
  endfacet
  facet normal 0 1 0
    outer loop
      vertex -6.129908002520191 4 -11.219314512600802
      vertex -6.25 4 -10
      vertex -6.129908002520191 4 -8.780685487399198
    endloop
  endfacet
  facet normal 0 1 0
    outer loop
      vertex -5.774247078195542 4 -12.39177145228181
      vertex -6.129908002520191 4 -8.780685487399198
      vertex -5.774247078195542 4 -7.6082285477181895
    endloop
  endfacet
  facet normal 0 1 0
    outer loop
      vertex -5.196685076890907 4 -13.472313956372513
      vertex -5.774247078195542 4 -12.39177145228181
      vertex -5.774247078195542 4 -7.6082285477181895
    endloop
  endfacet
  facet normal 0 1 0
    outer loop
      vertex -5.196685076890907 4 -13.472313956372513
      vertex -5.774247078195542 4 -7.6082285477181895
      vertex -5.196685076890907 4 -6.527686043627487
    endloop
  endfacet
  facet normal 0.9569403357322088 0 0.2902846772544626
    outer loop
      vertex -5.774247078195542 4 -12.39177145228181
      vertex -5.774247078195542 10 -12.39177145228181
      vertex -6.129908002520191 4 -11.219314512600802
    endloop
  endfacet
  facet normal 0.8819212643483548 0 0.471396736825998
    outer loop
      vertex -5.196685076890907 4 -13.472313956372513
      vertex -5.196685076890907 10 -13.472313956372513
      vertex -5.774247078195542 4 -12.39177145228181
    endloop
  endfacet
  facet normal 0.9569403357322088 0 0.2902846772544626
    outer loop
      vertex -6.129908002520191 4 -11.219314512600802
      vertex -5.774247078195542 10 -12.39177145228181
      vertex -6.129908002520191 10 -11.219314512600802
    endloop
  endfacet
  facet normal 0.8819212643483548 0 0.471396736825998
    outer loop
      vertex -5.774247078195542 4 -12.39177145228181
      vertex -5.196685076890907 10 -13.472313956372513
      vertex -5.774247078195542 10 -12.39177145228181
    endloop
  endfacet
  facet normal 0.9951847266721968 0 0.09801714032956034
    outer loop
      vertex -6.129908002520191 4 -11.219314512600802
      vertex -6.129908002520191 10 -11.219314512600802
      vertex -6.25 4 -10
    endloop
  endfacet
  facet normal 0.9951847266721968 0 -0.09801714032956034
    outer loop
      vertex -6.25 4 -10
      vertex -6.25 10 -10
      vertex -6.129908002520191 4 -8.780685487399198
    endloop
  endfacet
  facet normal 0.9569403357322088 0 -0.2902846772544626
    outer loop
      vertex -6.129908002520191 4 -8.780685487399198
      vertex -6.129908002520191 10 -8.780685487399198
      vertex -5.774247078195542 4 -7.6082285477181895
    endloop
  endfacet
  facet normal 0.8819212643483548 0 -0.471396736825998
    outer loop
      vertex -5.774247078195542 4 -7.6082285477181895
      vertex -5.774247078195542 10 -7.6082285477181895
      vertex -5.196685076890907 4 -6.527686043627487
    endloop
  endfacet
  facet normal 0.9951847266721968 0 0.09801714032956034
    outer loop
      vertex -6.25 4 -10
      vertex -6.129908002520191 10 -11.219314512600802
      vertex -6.25 10 -10
    endloop
  endfacet
  facet normal 0.9951847266721968 0 -0.09801714032956034
    outer loop
      vertex -6.129908002520191 4 -8.780685487399198
      vertex -6.25 10 -10
      vertex -6.129908002520191 10 -8.780685487399198
    endloop
  endfacet
  facet normal 0.9569403357322088 0 -0.2902846772544626
    outer loop
      vertex -5.774247078195542 4 -7.6082285477181895
      vertex -6.129908002520191 10 -8.780685487399198
      vertex -5.774247078195542 10 -7.6082285477181895
    endloop
  endfacet
  facet normal 0.8819212643483548 0 -0.471396736825998
    outer loop
      vertex -5.196685076890907 4 -6.527686043627487
      vertex -5.774247078195542 10 -7.6082285477181895
      vertex -5.196685076890907 10 -6.527686043627487
    endloop
  endfacet
  facet normal 0 1 0
    outer loop
      vertex -3.4723139563725134 4 -15.196685076890908
      vertex -4.419417382415922 4 -14.419417382415922
      vertex -4.419417382415922 4 -5.580582617584078
    endloop
  endfacet
  facet normal 0 1 0
    outer loop
      vertex -3.4723139563725134 4 -15.196685076890908
      vertex -3.4723139563725134 4 -4.803314923109093
      vertex -2.391771452281811 4 -15.774247078195543
    endloop
  endfacet
  facet normal 0 1 0
    outer loop
      vertex -5.196685076890907 4 -13.472313956372513
      vertex -5.196685076890907 4 -6.527686043627487
      vertex -4.419417382415922 4 -14.419417382415922
    endloop
  endfacet
  facet normal 0 1 0
    outer loop
      vertex -5.196685076890907 4 -6.527686043627487
      vertex -4.419417382415922 4 -5.580582617584078
      vertex -4.419417382415922 4 -14.419417382415922
    endloop
  endfacet
  facet normal 0 1 0
    outer loop
      vertex -3.4723139563725134 4 -15.196685076890908
      vertex -4.419417382415922 4 -5.580582617584078
      vertex -3.4723139563725134 4 -4.803314923109093
    endloop
  endfacet
  facet normal 0 1 0
    outer loop
      vertex -2.391771452281811 4 -15.774247078195543
      vertex -3.4723139563725134 4 -4.803314923109093
      vertex -2.391771452281811 4 -4.225752921804458
    endloop
  endfacet
  facet normal 0.7730104533627373 0 0.6343932841636449
    outer loop
      vertex -5.196685076890907 4 -13.472313956372513
      vertex -4.419417382415922 4 -14.419417382415922
      vertex -4.419417382415922 10 -14.419417382415922
    endloop
  endfacet
  facet normal 0.6343932841636454 0 0.773010453362737
    outer loop
      vertex -3.4723139563725134 4 -15.196685076890908
      vertex -3.4723139563725134 10 -15.196685076890908
      vertex -4.419417382415922 4 -14.419417382415922
    endloop
  endfacet
  facet normal 0.7730104533627373 0 0.6343932841636449
    outer loop
      vertex -5.196685076890907 4 -13.472313956372513
      vertex -4.419417382415922 10 -14.419417382415922
      vertex -5.196685076890907 10 -13.472313956372513
    endloop
  endfacet
  facet normal 0.6343932841636454 0 0.773010453362737
    outer loop
      vertex -4.419417382415922 4 -14.419417382415922
      vertex -3.4723139563725134 10 -15.196685076890908
      vertex -4.419417382415922 10 -14.419417382415922
    endloop
  endfacet
  facet normal 0.47139673682599814 0 0.8819212643483548
    outer loop
      vertex -3.4723139563725134 4 -15.196685076890908
      vertex -2.391771452281811 4 -15.774247078195543
      vertex -2.391771452281811 10 -15.774247078195543
    endloop
  endfacet
  facet normal 0.47139673682599814 0 0.8819212643483548
    outer loop
      vertex -3.4723139563725134 4 -15.196685076890908
      vertex -2.391771452281811 10 -15.774247078195543
      vertex -3.4723139563725134 10 -15.196685076890908
    endloop
  endfacet
  facet normal 0.7730104533627373 0 -0.6343932841636449
    outer loop
      vertex -5.196685076890907 4 -6.527686043627487
      vertex -5.196685076890907 10 -6.527686043627487
      vertex -4.419417382415922 4 -5.580582617584078
    endloop
  endfacet
  facet normal 0.6343932841636449 0 -0.7730104533627373
    outer loop
      vertex -4.419417382415922 4 -5.580582617584078
      vertex -4.419417382415922 10 -5.580582617584078
      vertex -3.4723139563725134 4 -4.803314923109093
    endloop
  endfacet
  facet normal 0.7730104533627373 0 -0.6343932841636449
    outer loop
      vertex -5.196685076890907 10 -6.527686043627487
      vertex -4.419417382415922 10 -5.580582617584078
      vertex -4.419417382415922 4 -5.580582617584078
    endloop
  endfacet
  facet normal 0.6343932841636449 0 -0.7730104533627373
    outer loop
      vertex -3.4723139563725134 4 -4.803314923109093
      vertex -4.419417382415922 10 -5.580582617584078
      vertex -3.4723139563725134 10 -4.803314923109093
    endloop
  endfacet
  facet normal 0.47139673682599814 0 -0.8819212643483548
    outer loop
      vertex -3.4723139563725134 4 -4.803314923109093
      vertex -3.4723139563725134 10 -4.803314923109093
      vertex -2.391771452281811 4 -4.225752921804458
    endloop
  endfacet
  facet normal 0.47139673682599814 0 -0.8819212643483548
    outer loop
      vertex -2.391771452281811 4 -4.225752921804458
      vertex -3.4723139563725134 10 -4.803314923109093
      vertex -2.391771452281811 10 -4.225752921804458
    endloop
  endfacet
  facet normal 0 1 0
    outer loop
      vertex -2.391771452281811 4 -15.774247078195543
      vertex -2.242595290723115 4 -10.18571668694022
      vertex -2.217444482178185 4 -10.441077131483024
    endloop
  endfacet
  facet normal 0 1 0
    outer loop
      vertex -2.391771452281811 4 -15.774247078195543
      vertex -2.217444482178185 4 -10.441077131483024
      vertex -2.0887870286167542 4 -10.865203916162057
    endloop
  endfacet
  facet normal 0 1 0
    outer loop
      vertex -2.391771452281811 4 -15.774247078195543
      vertex -2.2608867878467005 4 -10
      vertex -2.242595290723115 4 -10.18571668694022
    endloop
  endfacet
  facet normal 0 1 0
    outer loop
      vertex -2.391771452281811 4 -15.774247078195543
      vertex -2.0887870286167542 4 -10.865203916162057
      vertex -1.879858660950843 4 -11.256081399554931
    endloop
  endfacet
  facet normal 0 1 0
    outer loop
      vertex -2.391771452281811 4 -15.774247078195543
      vertex -1.879858660950843 4 -11.256081399554931
      vertex -1.5986883791814732 4 -11.598688379181473
    endloop
  endfacet
  facet normal 0 1 0
    outer loop
      vertex -2.391771452281811 4 -15.774247078195543
      vertex -1.5986883791814732 4 -11.598688379181473
      vertex -1.2193145126008016 4 -16.12990800252019
    endloop
  endfacet
  facet normal 0 1 0
    outer loop
      vertex -1.2193145126008016 4 -16.12990800252019
      vertex -1.5986883791814732 4 -11.598688379181473
      vertex -1.2560813995549314 4 -11.879858660950843
    endloop
  endfacet
  facet normal 0 1 0
    outer loop
      vertex -1.2193145126008016 4 -16.12990800252019
      vertex -1.2560813995549314 4 -11.879858660950843
      vertex -0.8652039161620579 4 -12.088787028616753
    endloop
  endfacet
  facet normal 0 1 0
    outer loop
      vertex -1.2193145126008016 4 -16.12990800252019
      vertex -0.8652039161620579 4 -12.088787028616753
      vertex -0.44107713148302263 4 -12.217444482178184
    endloop
  endfacet
  facet normal 0 1 0
    outer loop
      vertex -1.2193145126008016 4 -16.12990800252019
      vertex 0 4 -12.260886787846701
      vertex 0 4 -16.25
    endloop
  endfacet
  facet normal 0 1 0
    outer loop
      vertex -1.2193145126008016 4 -16.12990800252019
      vertex -0.44107713148302263 4 -12.217444482178184
      vertex 0 4 -12.260886787846701
    endloop
  endfacet
  facet normal 0 1 0
    outer loop
      vertex -2.391771452281811 4 -15.774247078195543
      vertex -2.391771452281811 4 -4.225752921804458
      vertex -2.2608867878467005 4 -10
    endloop
  endfacet
  facet normal 0 1 0
    outer loop
      vertex -2.2608867878467005 4 -10
      vertex -2.391771452281811 4 -4.225752921804458
      vertex -2.2357359793017704 4 -9.744639555457198
    endloop
  endfacet
  facet normal 0 1 0
    outer loop
      vertex -2.2357359793017704 4 -9.744639555457198
      vertex -2.391771452281811 4 -4.225752921804458
      vertex -2.217444482178185 4 -9.558922868516976
    endloop
  endfacet
  facet normal 0 1 0
    outer loop
      vertex -2.217444482178185 4 -9.558922868516976
      vertex -2.391771452281811 4 -4.225752921804458
      vertex -2.0887870286167542 4 -9.134796083837943
    endloop
  endfacet
  facet normal 0 1 0
    outer loop
      vertex -2.0887870286167542 4 -9.134796083837943
      vertex -2.391771452281811 4 -4.225752921804458
      vertex -1.879858660950843 4 -8.743918600445069
    endloop
  endfacet
  facet normal 0 1 0
    outer loop
      vertex -1.879858660950843 4 -8.743918600445069
      vertex -2.391771452281811 4 -4.225752921804458
      vertex -1.5986883791814732 4 -8.401311620818527
    endloop
  endfacet
  facet normal 0 1 0
    outer loop
      vertex -1.5986883791814732 4 -8.401311620818527
      vertex -2.391771452281811 4 -4.225752921804458
      vertex -1.2560813995549314 4 -8.120141339049157
    endloop
  endfacet
  facet normal 0 1 0
    outer loop
      vertex -1.2560813995549314 4 -8.120141339049157
      vertex -2.391771452281811 4 -4.225752921804458
      vertex -1.2193145126008016 4 -3.8700919974798094
    endloop
  endfacet
  facet normal 0 1 0
    outer loop
      vertex -1.2560813995549314 4 -8.120141339049157
      vertex -1.2193145126008016 4 -3.8700919974798094
      vertex -0.8652039161620579 4 -7.911212971383246
    endloop
  endfacet
  facet normal 0 1 0
    outer loop
      vertex -0.8652039161620579 4 -7.911212971383246
      vertex -1.2193145126008016 4 -3.8700919974798094
      vertex -0.44107713148302263 4 -7.782555517821815
    endloop
  endfacet
  facet normal 0 1 0
    outer loop
      vertex -0.44107713148302263 4 -7.782555517821815
      vertex -1.2193145126008016 4 -3.8700919974798094
      vertex 0 4 -7.739113212153299
    endloop
  endfacet
  facet normal 0 1 0
    outer loop
      vertex -1.2193145126008016 4 -3.8700919974798094
      vertex 0 4 -3.75
      vertex 0 4 -7.739113212153299
    endloop
  endfacet
  facet normal 0.2902846772544605 0 0.9569403357322094
    outer loop
      vertex -2.391771452281811 4 -15.774247078195543
      vertex -1.2193145126008016 4 -16.12990800252019
      vertex -1.2193145126008016 10 -16.12990800252019
    endloop
  endfacet
  facet normal 0.2902846772544605 0 0.9569403357322094
    outer loop
      vertex -2.391771452281811 4 -15.774247078195543
      vertex -1.2193145126008016 10 -16.12990800252019
      vertex -2.391771452281811 10 -15.774247078195543
    endloop
  endfacet
  facet normal 0.09801714032956178 0 0.9951847266721967
    outer loop
      vertex -1.2193145126008016 4 -16.12990800252019
      vertex 0 4 -16.25
      vertex 0 10 -16.25
    endloop
  endfacet
  facet normal 0.09801714032956178 0 0.9951847266721967
    outer loop
      vertex -1.2193145126008016 4 -16.12990800252019
      vertex 0 10 -16.25
      vertex -1.2193145126008016 10 -16.12990800252019
    endloop
  endfacet
  facet normal 0.2902846772544625 0 -0.9569403357322088
    outer loop
      vertex -2.391771452281811 4 -4.225752921804458
      vertex -2.391771452281811 10 -4.225752921804458
      vertex -1.2193145126008016 4 -3.8700919974798094
    endloop
  endfacet
  facet normal 0.2902846772544625 0 -0.9569403357322088
    outer loop
      vertex -1.2193145126008016 4 -3.8700919974798094
      vertex -2.391771452281811 10 -4.225752921804458
      vertex -1.2193145126008016 10 -3.8700919974798094
    endloop
  endfacet
  facet normal 0.09801714032956034 0 -0.9951847266721968
    outer loop
      vertex -1.2193145126008016 4 -3.8700919974798094
      vertex -1.2193145126008016 10 -3.8700919974798094
      vertex 0 4 -3.75
    endloop
  endfacet
  facet normal 0.09801714032956034 0 -0.9951847266721968
    outer loop
      vertex -1.2193145126008016 10 -3.8700919974798094
      vertex 0 10 -3.75
      vertex 0 4 -3.75
    endloop
  endfacet
  facet normal 0 1 0
    outer loop
      vertex 0 4 -16.25
      vertex 0 4 -12.260886787846701
      vertex 1.2193145126008016 4 -16.12990800252019
    endloop
  endfacet
  facet normal 0 1 0
    outer loop
      vertex 1.2193145126008016 4 -16.12990800252019
      vertex 0 4 -12.260886787846701
      vertex 0.44107713148302263 4 -12.217444482178184
    endloop
  endfacet
  facet normal 0 1 0
    outer loop
      vertex 1.2193145126008016 4 -16.12990800252019
      vertex 0.44107713148302263 4 -12.217444482178184
      vertex 0.8652039161620579 4 -12.088787028616753
    endloop
  endfacet
  facet normal 0 1 0
    outer loop
      vertex 1.2193145126008016 4 -16.12990800252019
      vertex 0.8652039161620579 4 -12.088787028616753
      vertex 1.2560813995549314 4 -11.879858660950843
    endloop
  endfacet
  facet normal 0 1 0
    outer loop
      vertex 1.2193145126008016 4 -16.12990800252019
      vertex 1.2560813995549314 4 -11.879858660950843
      vertex 2.391771452281811 4 -15.774247078195543
    endloop
  endfacet
  facet normal 0 1 0
    outer loop
      vertex 2.391771452281811 4 -15.774247078195543
      vertex 1.2560813995549314 4 -11.879858660950843
      vertex 1.5986883791814732 4 -11.598688379181473
    endloop
  endfacet
  facet normal 0 1 0
    outer loop
      vertex 2.391771452281811 4 -15.774247078195543
      vertex 1.5986883791814732 4 -11.598688379181473
      vertex 1.879858660950843 4 -11.256081399554931
    endloop
  endfacet
  facet normal 0 1 0
    outer loop
      vertex 2.391771452281811 4 -15.774247078195543
      vertex 1.879858660950843 4 -11.256081399554931
      vertex 2.0887870286167542 4 -10.865203916162057
    endloop
  endfacet
  facet normal 0 1 0
    outer loop
      vertex 2.391771452281811 4 -15.774247078195543
      vertex 2.0887870286167542 4 -10.865203916162057
      vertex 2.217444482178185 4 -10.441077131483024
    endloop
  endfacet
  facet normal 0 1 0
    outer loop
      vertex 2.391771452281811 4 -15.774247078195543
      vertex 2.217444482178185 4 -10.441077131483024
      vertex 2.2608867878467005 4 -10
    endloop
  endfacet
  facet normal 0 1 0
    outer loop
      vertex 0 4 -7.739113212153299
      vertex 1.2193145126008016 4 -3.8700919974798094
      vertex 0.44107713148302263 4 -7.782555517821815
    endloop
  endfacet
  facet normal 0 1 0
    outer loop
      vertex 0 4 -7.739113212153299
      vertex 0 4 -3.75
      vertex 1.2193145126008016 4 -3.8700919974798094
    endloop
  endfacet
  facet normal 0 1 0
    outer loop
      vertex 0.44107713148302263 4 -7.782555517821815
      vertex 1.2193145126008016 4 -3.8700919974798094
      vertex 0.8652039161620579 4 -7.911212971383246
    endloop
  endfacet
  facet normal 0 1 0
    outer loop
      vertex 0.8652039161620579 4 -7.911212971383246
      vertex 1.2193145126008016 4 -3.8700919974798094
      vertex 1.2560813995549314 4 -8.120141339049157
    endloop
  endfacet
  facet normal 0 1 0
    outer loop
      vertex 2.391771452281811 4 -15.774247078195543
      vertex 2.2608867878467005 4 -10
      vertex 2.391771452281811 4 -4.225752921804458
    endloop
  endfacet
  facet normal 0 1 0
    outer loop
      vertex 2.0887870286167542 4 -9.134796083837943
      vertex 1.879858660950843 4 -8.743918600445069
      vertex 2.391771452281811 4 -4.225752921804458
    endloop
  endfacet
  facet normal 0 1 0
    outer loop
      vertex 2.2608867878467005 4 -10
      vertex 2.242595290723115 4 -9.81428331305978
      vertex 2.391771452281811 4 -4.225752921804458
    endloop
  endfacet
  facet normal 0 1 0
    outer loop
      vertex 2.242595290723115 4 -9.81428331305978
      vertex 2.217444482178185 4 -9.558922868516976
      vertex 2.391771452281811 4 -4.225752921804458
    endloop
  endfacet
  facet normal 0 1 0
    outer loop
      vertex 2.0887870286167542 4 -9.134796083837943
      vertex 2.391771452281811 4 -4.225752921804458
      vertex 2.217444482178185 4 -9.558922868516976
    endloop
  endfacet
  facet normal 0 1 0
    outer loop
      vertex 1.2560813995549314 4 -8.120141339049157
      vertex 1.2193145126008016 4 -3.8700919974798094
      vertex 1.5986883791814732 4 -8.401311620818527
    endloop
  endfacet
  facet normal 0 1 0
    outer loop
      vertex 1.5986883791814732 4 -8.401311620818527
      vertex 1.2193145126008016 4 -3.8700919974798094
      vertex 2.391771452281811 4 -4.225752921804458
    endloop
  endfacet
  facet normal 0 1 0
    outer loop
      vertex 1.5986883791814732 4 -8.401311620818527
      vertex 2.391771452281811 4 -4.225752921804458
      vertex 1.879858660950843 4 -8.743918600445069
    endloop
  endfacet
  facet normal -0.09801714032956178 0 0.9951847266721967
    outer loop
      vertex 0 4 -16.25
      vertex 1.2193145126008016 4 -16.12990800252019
      vertex 1.2193145126008016 10 -16.12990800252019
    endloop
  endfacet
  facet normal -0.09801714032956178 0 0.9951847266721967
    outer loop
      vertex 0 4 -16.25
      vertex 1.2193145126008016 10 -16.12990800252019
      vertex 0 10 -16.25
    endloop
  endfacet
  facet normal -0.2902846772544605 0 0.9569403357322094
    outer loop
      vertex 1.2193145126008016 4 -16.12990800252019
      vertex 2.391771452281811 4 -15.774247078195543
      vertex 2.391771452281811 10 -15.774247078195543
    endloop
  endfacet
  facet normal -0.2902846772544605 0 0.9569403357322094
    outer loop
      vertex 1.2193145126008016 4 -16.12990800252019
      vertex 2.391771452281811 10 -15.774247078195543
      vertex 1.2193145126008016 10 -16.12990800252019
    endloop
  endfacet
  facet normal -0.09801714032956034 0 -0.9951847266721968
    outer loop
      vertex 0 4 -3.75
      vertex 0 10 -3.75
      vertex 1.2193145126008016 4 -3.8700919974798094
    endloop
  endfacet
  facet normal -0.09801714032956034 0 -0.9951847266721968
    outer loop
      vertex 1.2193145126008016 4 -3.8700919974798094
      vertex 0 10 -3.75
      vertex 1.2193145126008016 10 -3.8700919974798094
    endloop
  endfacet
  facet normal -0.2902846772544625 0 -0.9569403357322088
    outer loop
      vertex 1.2193145126008016 4 -3.8700919974798094
      vertex 1.2193145126008016 10 -3.8700919974798094
      vertex 2.391771452281811 4 -4.225752921804458
    endloop
  endfacet
  facet normal -0.2902846772544625 0 -0.9569403357322088
    outer loop
      vertex 2.391771452281811 4 -4.225752921804458
      vertex 1.2193145126008016 10 -3.8700919974798094
      vertex 2.391771452281811 10 -4.225752921804458
    endloop
  endfacet
  facet normal 0 1 0
    outer loop
      vertex 2.391771452281811 4 -15.774247078195543
      vertex 2.391771452281811 4 -4.225752921804458
      vertex 3.4723139563725134 4 -15.196685076890908
    endloop
  endfacet
  facet normal 0 1 0
    outer loop
      vertex 3.4723139563725134 4 -15.196685076890908
      vertex 2.391771452281811 4 -4.225752921804458
      vertex 3.4723139563725134 4 -4.803314923109093
    endloop
  endfacet
  facet normal 0 1 0
    outer loop
      vertex 3.4723139563725134 4 -15.196685076890908
      vertex 3.4723139563725134 4 -4.803314923109093
      vertex 4.419417382415922 4 -14.419417382415922
    endloop
  endfacet
  facet normal 0 1 0
    outer loop
      vertex 4.419417382415922 4 -14.419417382415922
      vertex 3.4723139563725134 4 -4.803314923109093
      vertex 4.419417382415922 4 -5.580582617584078
    endloop
  endfacet
  facet normal 0 1 0
    outer loop
      vertex 4.419417382415922 4 -14.419417382415922
      vertex 4.419417382415922 4 -5.580582617584078
      vertex 5.196685076890907 4 -13.472313956372513
    endloop
  endfacet
  facet normal 0 1 0
    outer loop
      vertex 4.419417382415922 4 -5.580582617584078
      vertex 5.196685076890907 4 -6.527686043627487
      vertex 5.196685076890907 4 -13.472313956372513
    endloop
  endfacet
  facet normal -0.47139673682599814 0 0.8819212643483548
    outer loop
      vertex 2.391771452281811 4 -15.774247078195543
      vertex 3.4723139563725134 4 -15.196685076890908
      vertex 3.4723139563725134 10 -15.196685076890908
    endloop
  endfacet
  facet normal -0.47139673682599814 0 0.8819212643483548
    outer loop
      vertex 2.391771452281811 4 -15.774247078195543
      vertex 3.4723139563725134 10 -15.196685076890908
      vertex 2.391771452281811 10 -15.774247078195543
    endloop
  endfacet
  facet normal -0.6343932841636454 0 0.773010453362737
    outer loop
      vertex 3.4723139563725134 4 -15.196685076890908
      vertex 4.419417382415922 4 -14.419417382415922
      vertex 4.419417382415922 10 -14.419417382415922
    endloop
  endfacet
  facet normal -0.7730104533627373 0 0.6343932841636449
    outer loop
      vertex 4.419417382415922 4 -14.419417382415922
      vertex 5.196685076890907 4 -13.472313956372513
      vertex 5.196685076890907 10 -13.472313956372513
    endloop
  endfacet
  facet normal -0.6343932841636454 0 0.773010453362737
    outer loop
      vertex 3.4723139563725134 4 -15.196685076890908
      vertex 4.419417382415922 10 -14.419417382415922
      vertex 3.4723139563725134 10 -15.196685076890908
    endloop
  endfacet
  facet normal -0.7730104533627373 0 0.6343932841636449
    outer loop
      vertex 4.419417382415922 4 -14.419417382415922
      vertex 5.196685076890907 10 -13.472313956372513
      vertex 4.419417382415922 10 -14.419417382415922
    endloop
  endfacet
  facet normal -0.47139673682599814 0 -0.8819212643483548
    outer loop
      vertex 2.391771452281811 4 -4.225752921804458
      vertex 2.391771452281811 10 -4.225752921804458
      vertex 3.4723139563725134 4 -4.803314923109093
    endloop
  endfacet
  facet normal -0.47139673682599814 0 -0.8819212643483548
    outer loop
      vertex 3.4723139563725134 4 -4.803314923109093
      vertex 2.391771452281811 10 -4.225752921804458
      vertex 3.4723139563725134 10 -4.803314923109093
    endloop
  endfacet
  facet normal -0.6343932841636449 0 -0.7730104533627373
    outer loop
      vertex 4.419417382415922 4 -5.580582617584078
      vertex 3.4723139563725134 4 -4.803314923109093
      vertex 3.4723139563725134 10 -4.803314923109093
    endloop
  endfacet
  facet normal -0.7730104533627373 0 -0.6343932841636449
    outer loop
      vertex 4.419417382415922 4 -5.580582617584078
      vertex 4.419417382415922 10 -5.580582617584078
      vertex 5.196685076890907 4 -6.527686043627487
    endloop
  endfacet
  facet normal -0.6343932841636449 0 -0.7730104533627373
    outer loop
      vertex 4.419417382415922 4 -5.580582617584078
      vertex 3.4723139563725134 10 -4.803314923109093
      vertex 4.419417382415922 10 -5.580582617584078
    endloop
  endfacet
  facet normal -0.7730104533627373 0 -0.6343932841636449
    outer loop
      vertex 4.419417382415922 10 -5.580582617584078
      vertex 5.196685076890907 10 -6.527686043627487
      vertex 5.196685076890907 4 -6.527686043627487
    endloop
  endfacet
  facet normal 0 1 0
    outer loop
      vertex 5.196685076890907 4 -13.472313956372513
      vertex 5.196685076890907 4 -6.527686043627487
      vertex 5.774247078195542 4 -12.39177145228181
    endloop
  endfacet
  facet normal 0 1 0
    outer loop
      vertex 5.774247078195542 4 -12.39177145228181
      vertex 5.196685076890907 4 -6.527686043627487
      vertex 5.774247078195542 4 -7.6082285477181895
    endloop
  endfacet
  facet normal 0 1 0
    outer loop
      vertex 5.774247078195542 4 -12.39177145228181
      vertex 5.774247078195542 4 -7.6082285477181895
      vertex 6.129908002520191 4 -11.219314512600802
    endloop
  endfacet
  facet normal 0 1 0
    outer loop
      vertex 6.129908002520191 4 -11.219314512600802
      vertex 6.129908002520191 4 -8.780685487399198
      vertex 6.25 4 -10
    endloop
  endfacet
  facet normal 0 1 0
    outer loop
      vertex 6.129908002520191 4 -11.219314512600802
      vertex 5.774247078195542 4 -7.6082285477181895
      vertex 6.129908002520191 4 -8.780685487399198
    endloop
  endfacet
  facet normal -0.8819212643483548 0 0.471396736825998
    outer loop
      vertex 5.196685076890907 4 -13.472313956372513
      vertex 5.774247078195542 4 -12.39177145228181
      vertex 5.774247078195542 10 -12.39177145228181
    endloop
  endfacet
  facet normal -0.9569403357322088 0 0.2902846772544626
    outer loop
      vertex 5.774247078195542 4 -12.39177145228181
      vertex 6.129908002520191 4 -11.219314512600802
      vertex 6.129908002520191 10 -11.219314512600802
    endloop
  endfacet
  facet normal -0.8819212643483548 0 0.471396736825998
    outer loop
      vertex 5.196685076890907 4 -13.472313956372513
      vertex 5.774247078195542 10 -12.39177145228181
      vertex 5.196685076890907 10 -13.472313956372513
    endloop
  endfacet
  facet normal -0.9569403357322088 0 0.2902846772544626
    outer loop
      vertex 5.774247078195542 4 -12.39177145228181
      vertex 6.129908002520191 10 -11.219314512600802
      vertex 5.774247078195542 10 -12.39177145228181
    endloop
  endfacet
  facet normal -0.9951847266721968 0 0.09801714032956034
    outer loop
      vertex 6.129908002520191 4 -11.219314512600802
      vertex 6.25 4 -10
      vertex 6.25 10 -10
    endloop
  endfacet
  facet normal -0.9569403357322088 0 -0.2902846772544626
    outer loop
      vertex 6.129908002520191 4 -8.780685487399198
      vertex 5.774247078195542 4 -7.6082285477181895
      vertex 5.774247078195542 10 -7.6082285477181895
    endloop
  endfacet
  facet normal -0.9951847266721968 0 -0.09801714032956034
    outer loop
      vertex 6.129908002520191 4 -8.780685487399198
      vertex 6.129908002520191 10 -8.780685487399198
      vertex 6.25 4 -10
    endloop
  endfacet
  facet normal -0.8819212643483548 0 -0.471396736825998
    outer loop
      vertex 5.774247078195542 4 -7.6082285477181895
      vertex 5.196685076890907 4 -6.527686043627487
      vertex 5.196685076890907 10 -6.527686043627487
    endloop
  endfacet
  facet normal -0.9951847266721968 0 0.09801714032956034
    outer loop
      vertex 6.129908002520191 4 -11.219314512600802
      vertex 6.25 10 -10
      vertex 6.129908002520191 10 -11.219314512600802
    endloop
  endfacet
  facet normal -0.9951847266721968 0 -0.09801714032956034
    outer loop
      vertex 6.25 4 -10
      vertex 6.129908002520191 10 -8.780685487399198
      vertex 6.25 10 -10
    endloop
  endfacet
  facet normal -0.9569403357322088 0 -0.2902846772544626
    outer loop
      vertex 6.129908002520191 4 -8.780685487399198
      vertex 5.774247078195542 10 -7.6082285477181895
      vertex 6.129908002520191 10 -8.780685487399198
    endloop
  endfacet
  facet normal -0.8819212643483548 0 -0.471396736825998
    outer loop
      vertex 5.774247078195542 4 -7.6082285477181895
      vertex 5.196685076890907 10 -6.527686043627487
      vertex 5.774247078195542 10 -7.6082285477181895
    endloop
  endfacet
  facet normal 0.9569403357322085 0.20526226376117968 -0.20526226376117981
    outer loop
      vertex -5.774247078195542 -27.04657687228424 28.76230562482234
      vertex -6.129908002520191 -26.217524619586577 27.933253372124675
      vertex -6.129908002520191 -21.97488393246729 32.17589405924396
    endloop
  endfacet
  facet normal 0.995184726672197 0.06930858459954536 -0.06930858459954535
    outer loop
      vertex -6.129908002520191 -26.217524619586577 27.933253372124675
      vertex -6.25 -25.355339059327378 27.071067811865476
      vertex -6.25 -21.112698372208094 31.31370849898476
    endloop
  endfacet
  facet normal 0.8819212643483559 0.33332782923887216 -0.33332782923887216
    outer loop
      vertex -5.774247078195542 -27.04657687228424 28.76230562482234
      vertex -5.774247078195542 -22.803936185164957 33.00494631194162
      vertex -5.196685076890907 -27.810635804287074 29.526364556825172
    endloop
  endfacet
  facet normal 0.8819212643483558 -0.3333278292388723 0.333327829238872
    outer loop
      vertex -5.774247078195542 -23.664101246370514 25.379829998908612
      vertex -5.196685076890907 -22.90004231436768 24.61577106690578
      vertex -5.196685076890907 -18.657401627248397 28.858411754025067
    endloop
  endfacet
  facet normal 0.9951847266721969 -0.06930858459954539 0.06930858459954532
    outer loop
      vertex -6.129908002520191 -24.49315349906818 26.208882251606276
      vertex -6.129908002520191 -20.250512811948894 30.451522938725564
      vertex -6.25 -25.355339059327378 27.071067811865476
    endloop
  endfacet
  facet normal 0.9951847266721969 0.06930858459954548 -0.06930858459954553
    outer loop
      vertex -6.129908002520191 -26.217524619586577 27.933253372124675
      vertex -6.25 -21.112698372208094 31.31370849898476
      vertex -6.129908002520191 -21.97488393246729 32.17589405924396
    endloop
  endfacet
  facet normal 0.9569403357322085 -0.20526226376117968 0.20526226376117981
    outer loop
      vertex -6.129908002520191 -24.49315349906818 26.208882251606276
      vertex -5.774247078195542 -23.664101246370514 25.379829998908612
      vertex -5.774247078195542 -19.421460559251226 29.622470686027896
    endloop
  endfacet
  facet normal 0.9951847266721968 -0.06930858459954549 0.06930858459954549
    outer loop
      vertex -6.25 -25.355339059327378 27.071067811865476
      vertex -6.129908002520191 -20.250512811948894 30.451522938725564
      vertex -6.25 -21.112698372208094 31.31370849898476
    endloop
  endfacet
  facet normal 0.9569403357322087 -0.20526226376117906 0.20526226376117887
    outer loop
      vertex -6.129908002520191 -24.49315349906818 26.208882251606276
      vertex -5.774247078195542 -19.421460559251226 29.622470686027896
      vertex -6.129908002520191 -20.250512811948894 30.451522938725564
    endloop
  endfacet
  facet normal 0.9569403357322085 0.20526226376117934 -0.20526226376117934
    outer loop
      vertex -5.774247078195542 -27.04657687228424 28.76230562482234
      vertex -6.129908002520191 -21.97488393246729 32.17589405924396
      vertex -5.774247078195542 -22.803936185164957 33.00494631194162
    endloop
  endfacet
  facet normal 0.8819212643483554 0.33332782923887255 -0.33332782923887283
    outer loop
      vertex -5.196685076890907 -27.810635804287074 29.526364556825172
      vertex -5.774247078195542 -22.803936185164957 33.00494631194162
      vertex -5.196685076890907 -23.567995117167786 33.769005243944456
    endloop
  endfacet
  facet normal -7.168303181197725e-15 -0.7071067811865476 -0.7071067811865476
    outer loop
      vertex -6.129908002520191 -21.97488393246729 32.17589405924396
      vertex -6.129908002520191 -20.250512811948894 30.451522938725564
      vertex -5.774247078195542 -22.803936185164957 33.00494631194162
    endloop
  endfacet
  facet normal 5.304395217569358e-15 -0.7071067811865471 -0.7071067811865478
    outer loop
      vertex -5.774247078195542 -22.803936185164957 33.00494631194162
      vertex -5.774247078195542 -19.421460559251226 29.622470686027896
      vertex -5.196685076890907 -23.567995117167786 33.769005243944456
    endloop
  endfacet
  facet normal 0.8819212643483549 -0.3333278292388732 0.3333278292388735
    outer loop
      vertex -5.774247078195542 -23.664101246370514 25.379829998908612
      vertex -5.196685076890907 -18.657401627248397 28.858411754025067
      vertex -5.774247078195542 -19.421460559251226 29.622470686027896
    endloop
  endfacet
  facet normal 2.0471241541214455e-14 -0.7071067811865475 -0.7071067811865475
    outer loop
      vertex -6.129908002520191 -21.97488393246729 32.17589405924396
      vertex -6.25 -21.112698372208094 31.31370849898476
      vertex -6.129908002520191 -20.250512811948894 30.451522938725564
    endloop
  endfacet
  facet normal -2.0882110122587915e-15 -0.7071067811865471 -0.7071067811865479
    outer loop
      vertex -5.774247078195542 -22.803936185164957 33.00494631194162
      vertex -6.129908002520191 -20.250512811948894 30.451522938725564
      vertex -5.774247078195542 -19.421460559251226 29.622470686027896
    endloop
  endfacet
  facet normal 0 -0.7071067811865475 -0.7071067811865475
    outer loop
      vertex -5.196685076890907 -23.567995117167786 33.769005243944456
      vertex -5.774247078195542 -19.421460559251226 29.622470686027896
      vertex -5.196685076890907 -18.657401627248397 28.858411754025067
    endloop
  endfacet
  facet normal 0.7730104533627362 0.4485837931713185 -0.4485837931713189
    outer loop
      vertex -5.196685076890907 -27.810635804287074 29.526364556825172
      vertex -5.196685076890907 -23.567995117167786 33.769005243944456
      vertex -4.419417382415922 -28.480339059327378 30.196067811865476
    endloop
  endfacet
  facet normal 0.6343932841636454 0.5466009335008788 -0.5466009335008788
    outer loop
      vertex -4.419417382415922 -28.480339059327378 30.196067811865476
      vertex -4.419417382415922 -24.237698372208094 34.43870849898476
      vertex -3.4723139563725134 -29.029950316887874 30.74567906942597
    endloop
  endfacet
  facet normal 0.4713967368260003 0.6236125064933347 -0.6236125064933347
    outer loop
      vertex -3.4723139563725134 -29.029950316887874 30.74567906942597
      vertex -3.4723139563725134 -24.787309629768586 34.98831975654526
      vertex -2.391771452281811 -29.438348324566057 31.154077077104155
    endloop
  endfacet
  facet normal 0.7730104533627371 0.44858379317131797 -0.4485837931713181
    outer loop
      vertex -5.196685076890907 -23.567995117167786 33.769005243944456
      vertex -4.419417382415922 -24.237698372208094 34.43870849898476
      vertex -4.419417382415922 -28.480339059327378 30.196067811865476
    endloop
  endfacet
  facet normal 0.6343932841636453 0.5466009335008789 -0.5466009335008789
    outer loop
      vertex -3.4723139563725134 -29.029950316887874 30.74567906942597
      vertex -4.419417382415922 -24.237698372208094 34.43870849898476
      vertex -3.4723139563725134 -24.787309629768586 34.98831975654526
    endloop
  endfacet
  facet normal -3.208597413455459e-15 -0.7071067811865476 -0.7071067811865476
    outer loop
      vertex -5.196685076890907 -23.567995117167786 33.769005243944456
      vertex -5.196685076890907 -18.657401627248397 28.858411754025067
      vertex -4.419417382415922 -24.237698372208094 34.43870849898476
    endloop
  endfacet
  facet normal 5.304907288507476e-15 -0.7071067811865476 -0.7071067811865476
    outer loop
      vertex -4.419417382415922 -24.237698372208094 34.43870849898476
      vertex -4.419417382415922 -17.987698372208094 28.18870849898476
      vertex -3.4723139563725134 -24.787309629768586 34.98831975654526
    endloop
  endfacet
  facet normal 0.4713967368259988 0.623612506493335 -0.6236125064933355
    outer loop
      vertex -3.4723139563725134 -24.787309629768586 34.98831975654526
      vertex -2.391771452281811 -25.19570763744677 35.39671776422344
      vertex -2.391771452281811 -29.438348324566057 31.154077077104155
    endloop
  endfacet
  facet normal -2.4516793044045896e-15 -0.7071067811865477 -0.7071067811865472
    outer loop
      vertex -3.4723139563725134 -24.787309629768586 34.98831975654526
      vertex -3.4723139563725134 -17.438087114647598 27.639097241424267
      vertex -2.391771452281811 -25.19570763744677 35.39671776422344
    endloop
  endfacet
  facet normal 0.2902846772544612 0.6766590005871764 -0.6766590005871769
    outer loop
      vertex -2.391771452281811 -29.438348324566057 31.154077077104155
      vertex -2.391771452281811 -25.19570763744677 35.39671776422344
      vertex -1.2193145126008016 -29.68983857595909 31.405567328497188
    endloop
  endfacet
  facet normal 0.29028467725446305 0.6766590005871762 -0.6766590005871762
    outer loop
      vertex -1.2193145126008016 -29.68983857595909 31.405567328497188
      vertex -2.391771452281811 -25.19570763744677 35.39671776422344
      vertex -1.2193145126008016 -25.447197888839803 35.648208015616476
    endloop
  endfacet
  facet normal 0.09801714032955873 0.7037018687631913 -0.7037018687631913
    outer loop
      vertex -1.2193145126008016 -29.68983857595909 31.405567328497188
      vertex -1.2193145126008016 -25.447197888839803 35.648208015616476
      vertex 0 -29.7747564417433 31.490485194281398
    endloop
  endfacet
  facet normal 0.09801714032955873 0.7037018687631913 -0.7037018687631913
    outer loop
      vertex -1.2193145126008016 -25.447197888839803 35.648208015616476
      vertex 0 -25.532115754624016 35.73312588140068
      vertex 0 -29.7747564417433 31.490485194281398
    endloop
  endfacet
  facet normal 1.8440350057080658e-15 -0.7071067811865483 -0.7071067811865468
    outer loop
      vertex -2.391771452281811 -25.19570763744677 35.39671776422344
      vertex -1.5986883791814732 -22.243141766131444 32.44415189290811
      vertex -1.2193145126008016 -25.447197888839803 35.648208015616476
    endloop
  endfacet
  facet normal 0 -0.7071067811865476 -0.7071067811865476
    outer loop
      vertex -2.391771452281811 -25.19570763744677 35.39671776422344
      vertex -2.242595290723115 -21.24401990092302 31.44503002769969
      vertex -2.217444482178185 -21.424587002906048 31.625597129682717
    endloop
  endfacet
  facet normal 0 -0.7071067811865475 -0.7071067811865475
    outer loop
      vertex -2.0887870286167542 -21.72448992843544 31.925500055212108
      vertex -2.391771452281811 -25.19570763744677 35.39671776422344
      vertex -2.217444482178185 -21.424587002906048 31.625597129682717
    endloop
  endfacet
  facet normal 0 -0.7071067811865476 -0.7071067811865476
    outer loop
      vertex -2.0887870286167542 -21.72448992843544 31.925500055212108
      vertex -1.879858660950843 -22.000882047555674 32.20189217433234
      vertex -2.391771452281811 -25.19570763744677 35.39671776422344
    endloop
  endfacet
  facet normal -7.372004892073678e-15 -0.7071067811865469 -0.7071067811865481
    outer loop
      vertex -2.391771452281811 -25.19570763744677 35.39671776422344
      vertex -1.879858660950843 -22.000882047555674 32.20189217433234
      vertex -1.5986883791814732 -22.243141766131444 32.44415189290811
    endloop
  endfacet
  facet normal 1.0937560986967853e-13 -0.7071067811865493 -0.7071067811865459
    outer loop
      vertex -2.391771452281811 -25.19570763744677 35.39671776422344
      vertex -2.2608867878467005 -21.112698372208094 31.31370849898476
      vertex -2.242595290723115 -21.24401990092302 31.44503002769969
    endloop
  endfacet
  facet normal -9.982923291349764e-16 -0.7071067811865483 -0.7071067811865467
    outer loop
      vertex -1.5986883791814732 -22.243141766131444 32.44415189290811
      vertex -1.2560813995549314 -22.441959179038697 32.64296930581536
      vertex -1.2193145126008016 -25.447197888839803 35.648208015616476
    endloop
  endfacet
  facet normal -4.0572123090500725e-15 -0.7071067811865471 -0.707106781186548
    outer loop
      vertex -1.2193145126008016 -25.447197888839803 35.648208015616476
      vertex 0 -22.711386751389565 32.912396878166234
      vertex 0 -25.532115754624016 35.73312588140068
    endloop
  endfacet
  facet normal -6.37840443304657e-16 -0.7071067811865485 -0.7071067811865467
    outer loop
      vertex -1.2560813995549314 -22.441959179038697 32.64296930581536
      vertex -0.8652039161620579 -22.589693844597498 32.790703971374164
      vertex -1.2193145126008016 -25.447197888839803 35.648208015616476
    endloop
  endfacet
  facet normal -5.047883385320283e-16 -0.7071067811865483 -0.7071067811865468
    outer loop
      vertex -1.2193145126008016 -25.447197888839803 35.648208015616476
      vertex -0.8652039161620579 -22.589693844597498 32.790703971374164
      vertex -0.44107713148302263 -22.68066840246098 32.88167852923765
    endloop
  endfacet
  facet normal 5.5526717238523194e-15 -0.707106781186549 -0.707106781186546
    outer loop
      vertex -1.2193145126008016 -25.447197888839803 35.648208015616476
      vertex -0.44107713148302263 -22.68066840246098 32.88167852923765
      vertex 0 -22.711386751389565 32.912396878166234
    endloop
  endfacet
  facet normal 0.7730104533627362 -0.44858379317131875 0.4485837931713188
    outer loop
      vertex -5.196685076890907 -22.90004231436768 24.61577106690578
      vertex -4.419417382415922 -22.230339059327378 23.946067811865476
      vertex -4.419417382415922 -17.987698372208094 28.18870849898476
    endloop
  endfacet
  facet normal 0.6343932841636429 -0.5466009335008799 0.5466009335008805
    outer loop
      vertex -4.419417382415922 -22.230339059327378 23.946067811865476
      vertex -3.4723139563725134 -21.680727801766885 23.396456554304983
      vertex -3.4723139563725134 -17.438087114647598 27.639097241424267
    endloop
  endfacet
  facet normal -3.2320241169818596e-15 -0.7071067811865475 -0.7071067811865475
    outer loop
      vertex -5.196685076890907 -18.657401627248397 28.858411754025067
      vertex -4.419417382415922 -17.987698372208094 28.18870849898476
      vertex -4.419417382415922 -24.237698372208094 34.43870849898476
    endloop
  endfacet
  facet normal 0.7730104533627372 -0.4485837931713182 0.44858379317131786
    outer loop
      vertex -5.196685076890907 -22.90004231436768 24.61577106690578
      vertex -4.419417382415922 -17.987698372208094 28.18870849898476
      vertex -5.196685076890907 -18.657401627248397 28.858411754025067
    endloop
  endfacet
  facet normal 2.887329797182031e-15 -0.7071067811865478 -0.7071067811865475
    outer loop
      vertex -3.4723139563725134 -24.787309629768586 34.98831975654526
      vertex -4.419417382415922 -17.987698372208094 28.18870849898476
      vertex -3.4723139563725134 -17.438087114647598 27.639097241424267
    endloop
  endfacet
  facet normal 0.6343932841636443 -0.5466009335008795 0.5466009335008795
    outer loop
      vertex -4.419417382415922 -22.230339059327378 23.946067811865476
      vertex -3.4723139563725134 -17.438087114647598 27.639097241424267
      vertex -4.419417382415922 -17.987698372208094 28.18870849898476
    endloop
  endfacet
  facet normal 0.4713967368260035 -0.6236125064933338 0.6236125064933331
    outer loop
      vertex -3.4723139563725134 -21.680727801766885 23.396456554304983
      vertex -2.391771452281811 -21.272329794088698 22.988058546626796
      vertex -2.391771452281811 -17.029689106969414 27.230699233746083
    endloop
  endfacet
  facet normal 0.4713967368260003 -0.6236125064933342 0.6236125064933349
    outer loop
      vertex -3.4723139563725134 -21.680727801766885 23.396456554304983
      vertex -2.391771452281811 -17.029689106969414 27.230699233746083
      vertex -3.4723139563725134 -17.438087114647598 27.639097241424267
    endloop
  endfacet
  facet normal 0 -0.7071067811865476 -0.7071067811865476
    outer loop
      vertex -2.391771452281811 -25.19570763744677 35.39671776422344
      vertex -3.4723139563725134 -17.438087114647598 27.639097241424267
      vertex -2.391771452281811 -17.029689106969414 27.230699233746083
    endloop
  endfacet
  facet normal 0.29028467725445745 -0.676659000587177 0.6766590005871778
    outer loop
      vertex -2.391771452281811 -21.272329794088698 22.988058546626796
      vertex -1.2193145126008016 -21.02083954269567 22.736568295233766
      vertex -1.2193145126008016 -16.77819885557638 26.97920898235305
    endloop
  endfacet
  facet normal 4.317458284329412e-14 -0.7071067811865466 -0.7071067811865485
    outer loop
      vertex -2.2608867878467005 -21.112698372208094 31.31370849898476
      vertex -2.391771452281811 -17.029689106969414 27.230699233746083
      vertex -2.217444482178185 -20.800809741510136 31.001819868286805
    endloop
  endfacet
  facet normal 0 -0.7071067811865475 -0.7071067811865475
    outer loop
      vertex -2.0887870286167542 -20.500906815980745 30.701916942757414
      vertex -2.217444482178185 -20.800809741510136 31.001819868286805
      vertex -2.391771452281811 -17.029689106969414 27.230699233746083
    endloop
  endfacet
  facet normal 0 -0.7071067811865476 -0.7071067811865476
    outer loop
      vertex -2.0887870286167542 -20.500906815980745 30.701916942757414
      vertex -2.391771452281811 -17.029689106969414 27.230699233746083
      vertex -1.879858660950843 -20.22451469686051 30.42552482363718
    endloop
  endfacet
  facet normal -7.909546915454052e-15 -0.7071067811865482 -0.7071067811865468
    outer loop
      vertex -1.879858660950843 -20.22451469686051 30.42552482363718
      vertex -2.391771452281811 -17.029689106969414 27.230699233746083
      vertex -1.5986883791814732 -19.982254978284743 30.18326510506141
    endloop
  endfacet
  facet normal -4.028465957713624e-16 -0.7071067811865471 -0.7071067811865479
    outer loop
      vertex -1.5986883791814732 -19.982254978284743 30.18326510506141
      vertex -2.391771452281811 -17.029689106969414 27.230699233746083
      vertex -1.2560813995549314 -19.78343756537749 29.984447692154156
    endloop
  endfacet
  facet normal 0.2902846772544609 -0.6766590005871769 0.6766590005871764
    outer loop
      vertex -2.391771452281811 -21.272329794088698 22.988058546626796
      vertex -1.2193145126008016 -16.77819885557638 26.97920898235305
      vertex -2.391771452281811 -17.029689106969414 27.230699233746083
    endloop
  endfacet
  facet normal -1.7871068951657815e-16 -0.7071067811865471 -0.7071067811865479
    outer loop
      vertex -1.2193145126008016 -16.77819885557638 26.97920898235305
      vertex -1.2560813995549314 -19.78343756537749 29.984447692154156
      vertex -2.391771452281811 -17.029689106969414 27.230699233746083
    endloop
  endfacet
  facet normal 0.0980171403295628 -0.7037018687631911 0.7037018687631911
    outer loop
      vertex -1.2193145126008016 -21.02083954269567 22.736568295233766
      vertex 0 -20.935921676911455 22.651650429449553
      vertex 0 -16.69328098979217 26.894291116568837
    endloop
  endfacet
  facet normal 6.445545532341801e-15 -0.7071067811865472 -0.7071067811865479
    outer loop
      vertex -1.2193145126008016 -16.77819885557638 26.97920898235305
      vertex -0.8652039161620579 -19.635702899818686 29.836713026595355
      vertex -1.2560813995549314 -19.78343756537749 29.984447692154156
    endloop
  endfacet
  facet normal 0.09801714032956081 -0.7037018687631909 0.7037018687631915
    outer loop
      vertex -1.2193145126008016 -21.02083954269567 22.736568295233766
      vertex 0 -16.69328098979217 26.894291116568837
      vertex -1.2193145126008016 -16.77819885557638 26.97920898235305
    endloop
  endfacet
  facet normal -5.55267172385232e-15 -0.7071067811865479 -0.7071067811865471
    outer loop
      vertex -1.2193145126008016 -16.77819885557638 26.97920898235305
      vertex -0.44107713148302263 -19.544728341955206 29.745738468731872
      vertex -0.8652039161620579 -19.635702899818686 29.836713026595355
    endloop
  endfacet
  facet normal -2.0029275956069977e-15 -0.707106781186548 -0.7071067811865471
    outer loop
      vertex -1.2193145126008016 -16.77819885557638 26.97920898235305
      vertex 0 -16.69328098979217 26.894291116568837
      vertex 0 -19.51400999302662 29.715020119803288
    endloop
  endfacet
  facet normal 5.552671723852322e-15 -0.7071067811865464 -0.7071067811865487
    outer loop
      vertex -1.2193145126008016 -16.77819885557638 26.97920898235305
      vertex 0 -19.51400999302662 29.715020119803288
      vertex -0.44107713148302263 -19.544728341955206 29.745738468731872
    endloop
  endfacet
  facet normal -1.880338647111578e-14 -0.7071067811865475 -0.7071067811865475
    outer loop
      vertex -2.391771452281811 -25.19570763744677 35.39671776422344
      vertex -2.391771452281811 -17.029689106969414 27.230699233746083
      vertex -2.2608867878467005 -21.112698372208094 31.31370849898476
    endloop
  endfacet
  facet normal -0.09801714032955873 0.7037018687631913 -0.7037018687631913
    outer loop
      vertex 0 -29.7747564417433 31.490485194281398
      vertex 0 -25.532115754624016 35.73312588140068
      vertex 1.2193145126008016 -29.68983857595909 31.405567328497188
    endloop
  endfacet
  facet normal -0.09801714032955886 0.7037018687631913 -0.7037018687631913
    outer loop
      vertex 1.2193145126008016 -29.68983857595909 31.405567328497188
      vertex 0 -25.532115754624016 35.73312588140068
      vertex 1.2193145126008016 -25.447197888839803 35.648208015616476
    endloop
  endfacet
  facet normal -0.2902846772544612 0.6766590005871767 -0.6766590005871767
    outer loop
      vertex 1.2193145126008016 -29.68983857595909 31.405567328497188
      vertex 1.2193145126008016 -25.447197888839803 35.648208015616476
      vertex 2.391771452281811 -29.438348324566057 31.154077077104155
    endloop
  endfacet
  facet normal -0.29028467725446266 0.6766590005871761 -0.6766590005871765
    outer loop
      vertex 2.391771452281811 -29.438348324566057 31.154077077104155
      vertex 1.2193145126008016 -25.447197888839803 35.648208015616476
      vertex 2.391771452281811 -25.19570763744677 35.39671776422344
    endloop
  endfacet
  facet normal 4.0572123090500725e-15 -0.7071067811865471 -0.707106781186548
    outer loop
      vertex 0 -25.532115754624016 35.73312588140068
      vertex 0 -22.711386751389565 32.912396878166234
      vertex 1.2193145126008016 -25.447197888839803 35.648208015616476
    endloop
  endfacet
  facet normal -5.5526717238523194e-15 -0.707106781186549 -0.707106781186546
    outer loop
      vertex 1.2193145126008016 -25.447197888839803 35.648208015616476
      vertex 0 -22.711386751389565 32.912396878166234
      vertex 0.44107713148302263 -22.68066840246098 32.88167852923765
    endloop
  endfacet
  facet normal 5.047883385320283e-16 -0.7071067811865483 -0.7071067811865468
    outer loop
      vertex 1.2193145126008016 -25.447197888839803 35.648208015616476
      vertex 0.44107713148302263 -22.68066840246098 32.88167852923765
      vertex 0.8652039161620579 -22.589693844597498 32.790703971374164
    endloop
  endfacet
  facet normal 1.0742575887236326e-15 -0.7071067811865483 -0.7071067811865467
    outer loop
      vertex 1.2193145126008016 -25.447197888839803 35.648208015616476
      vertex 0.8652039161620579 -22.589693844597498 32.790703971374164
      vertex 1.2560813995549314 -22.441959179038697 32.64296930581536
    endloop
  endfacet
  facet normal -1.7871068951657804e-15 -0.7071067811865483 -0.7071067811865466
    outer loop
      vertex 1.2193145126008016 -25.447197888839803 35.648208015616476
      vertex 1.2560813995549314 -22.441959179038697 32.64296930581536
      vertex 2.391771452281811 -25.19570763744677 35.39671776422344
    endloop
  endfacet
  facet normal 0 -0.7071067811865479 -0.7071067811865471
    outer loop
      vertex 2.391771452281811 -25.19570763744677 35.39671776422344
      vertex 1.2560813995549314 -22.441959179038697 32.64296930581536
      vertex 1.5986883791814732 -22.243141766131444 32.44415189290811
    endloop
  endfacet
  facet normal 7.372004892073678e-15 -0.7071067811865469 -0.7071067811865481
    outer loop
      vertex 2.391771452281811 -25.19570763744677 35.39671776422344
      vertex 1.5986883791814732 -22.243141766131444 32.44415189290811
      vertex 1.879858660950843 -22.000882047555674 32.20189217433234
    endloop
  endfacet
  facet normal 0 -0.7071067811865476 -0.7071067811865476
    outer loop
      vertex 2.0887870286167542 -21.72448992843544 31.925500055212108
      vertex 2.391771452281811 -25.19570763744677 35.39671776422344
      vertex 1.879858660950843 -22.000882047555674 32.20189217433234
    endloop
  endfacet
  facet normal 0 -0.7071067811865475 -0.7071067811865475
    outer loop
      vertex 2.0887870286167542 -21.72448992843544 31.925500055212108
      vertex 2.217444482178185 -21.424587002906048 31.625597129682717
      vertex 2.391771452281811 -25.19570763744677 35.39671776422344
    endloop
  endfacet
  facet normal -4.60528883661804e-14 -0.7071067811865486 -0.7071067811865465
    outer loop
      vertex 2.391771452281811 -25.19570763744677 35.39671776422344
      vertex 2.217444482178185 -21.424587002906048 31.625597129682717
      vertex 2.2608867878467005 -21.112698372208094 31.31370849898476
    endloop
  endfacet
  facet normal -0.4713967368260003 0.6236125064933342 -0.6236125064933349
    outer loop
      vertex 2.391771452281811 -29.438348324566057 31.154077077104155
      vertex 2.391771452281811 -25.19570763744677 35.39671776422344
      vertex 3.4723139563725134 -29.029950316887874 30.74567906942597
    endloop
  endfacet
  facet normal -0.6343932841636453 0.5466009335008789 -0.5466009335008789
    outer loop
      vertex 3.4723139563725134 -29.029950316887874 30.74567906942597
      vertex 3.4723139563725134 -24.787309629768586 34.98831975654526
      vertex 4.419417382415922 -28.480339059327378 30.196067811865476
    endloop
  endfacet
  facet normal -0.7730104533627362 0.44858379317131875 -0.44858379317131875
    outer loop
      vertex 4.419417382415922 -28.480339059327378 30.196067811865476
      vertex 4.419417382415922 -24.237698372208094 34.43870849898476
      vertex 5.196685076890907 -27.810635804287074 29.526364556825172
    endloop
  endfacet
  facet normal -0.4713967368259987 0.6236125064933352 -0.6236125064933352
    outer loop
      vertex 2.391771452281811 -25.19570763744677 35.39671776422344
      vertex 3.4723139563725134 -24.787309629768586 34.98831975654526
      vertex 3.4723139563725134 -29.029950316887874 30.74567906942597
    endloop
  endfacet
  facet normal 2.3488048923790958e-15 -0.7071067811865476 -0.7071067811865476
    outer loop
      vertex 2.391771452281811 -25.19570763744677 35.39671776422344
      vertex 2.391771452281811 -17.029689106969414 27.230699233746083
      vertex 3.4723139563725134 -24.787309629768586 34.98831975654526
    endloop
  endfacet
  facet normal -0.6343932841636454 0.5466009335008788 -0.5466009335008788
    outer loop
      vertex 4.419417382415922 -28.480339059327378 30.196067811865476
      vertex 3.4723139563725134 -24.787309629768586 34.98831975654526
      vertex 4.419417382415922 -24.237698372208094 34.43870849898476
    endloop
  endfacet
  facet normal -0.773010453362737 0.4485837931713179 -0.4485837931713182
    outer loop
      vertex 4.419417382415922 -24.237698372208094 34.43870849898476
      vertex 5.196685076890907 -23.567995117167786 33.769005243944456
      vertex 5.196685076890907 -27.810635804287074 29.526364556825172
    endloop
  endfacet
  facet normal -5.052827145068554e-15 -0.7071067811865478 -0.7071067811865475
    outer loop
      vertex 3.4723139563725134 -24.787309629768586 34.98831975654526
      vertex 3.4723139563725134 -17.438087114647598 27.639097241424267
      vertex 4.419417382415922 -24.237698372208094 34.43870849898476
    endloop
  endfacet
  facet normal 3.2320241169818596e-15 -0.7071067811865475 -0.7071067811865475
    outer loop
      vertex 4.419417382415922 -24.237698372208094 34.43870849898476
      vertex 4.419417382415922 -17.987698372208094 28.18870849898476
      vertex 5.196685076890907 -23.567995117167786 33.769005243944456
    endloop
  endfacet
  facet normal -0.09801714032955873 -0.7037018687631916 0.703701868763191
    outer loop
      vertex 0 -20.935921676911455 22.651650429449553
      vertex 1.2193145126008016 -21.020839542695665 22.736568295233763
      vertex 1.2193145126008016 -16.77819885557638 26.97920898235305
    endloop
  endfacet
  facet normal -6.445545532341801e-15 -0.7071067811865472 -0.7071067811865479
    outer loop
      vertex 1.2193145126008016 -16.77819885557638 26.97920898235305
      vertex 1.2560813995549314 -19.78343756537749 29.984447692154156
      vertex 0.8652039161620579 -19.635702899818686 29.836713026595355
    endloop
  endfacet
  facet normal -0.09801714032956084 -0.7037018687631912 0.7037018687631912
    outer loop
      vertex 0 -20.935921676911455 22.651650429449553
      vertex 1.2193145126008016 -16.77819885557638 26.97920898235305
      vertex 0 -16.69328098979217 26.894291116568837
    endloop
  endfacet
  facet normal 1.997221249180767e-15 -0.707106781186548 -0.7071067811865471
    outer loop
      vertex 0 -16.69328098979217 26.894291116568837
      vertex 1.2193145126008016 -16.77819885557638 26.97920898235305
      vertex 0 -19.51400999302662 29.715020119803288
    endloop
  endfacet
  facet normal -5.552671723852322e-15 -0.7071067811865464 -0.7071067811865487
    outer loop
      vertex 1.2193145126008016 -16.77819885557638 26.97920898235305
      vertex 0.44107713148302263 -19.544728341955206 29.745738468731872
      vertex 0 -19.51400999302662 29.715020119803288
    endloop
  endfacet
  facet normal 5.55267172385232e-15 -0.7071067811865479 -0.7071067811865471
    outer loop
      vertex 1.2193145126008016 -16.77819885557638 26.97920898235305
      vertex 0.8652039161620579 -19.635702899818686 29.836713026595355
      vertex 0.44107713148302263 -19.544728341955206 29.745738468731872
    endloop
  endfacet
  facet normal -0.2902846772544612 -0.6766590005871769 0.6766590005871764
    outer loop
      vertex 1.2193145126008016 -21.020839542695665 22.736568295233763
      vertex 2.391771452281811 -21.272329794088698 22.988058546626796
      vertex 1.2193145126008016 -16.77819885557638 26.97920898235305
    endloop
  endfacet
  facet normal 0 -0.7071067811865471 -0.7071067811865479
    outer loop
      vertex 1.2193145126008016 -16.77819885557638 26.97920898235305
      vertex 1.5986883791814732 -19.982254978284743 30.18326510506141
      vertex 1.2560813995549314 -19.78343756537749 29.984447692154156
    endloop
  endfacet
  facet normal 7.832755197828286e-15 -0.7071067811865482 -0.7071067811865468
    outer loop
      vertex 1.5986883791814732 -19.982254978284743 30.18326510506141
      vertex 2.391771452281811 -17.029689106969414 27.230699233746083
      vertex 1.879858660950843 -20.22451469686051 30.42552482363718
    endloop
  endfacet
  facet normal 0 -0.7071067811865476 -0.7071067811865476
    outer loop
      vertex 1.879858660950843 -20.22451469686051 30.42552482363718
      vertex 2.391771452281811 -17.029689106969414 27.230699233746083
      vertex 2.0887870286167542 -20.500906815980745 30.701916942757414
    endloop
  endfacet
  facet normal 0 -0.7071067811865475 -0.7071067811865475
    outer loop
      vertex 2.0887870286167542 -20.500906815980745 30.701916942757414
      vertex 2.391771452281811 -17.029689106969414 27.230699233746083
      vertex 2.217444482178185 -20.800809741510136 31.001819868286805
    endloop
  endfacet
  facet normal -4.317458284329412e-14 -0.7071067811865466 -0.7071067811865485
    outer loop
      vertex 2.2608867878467005 -21.112698372208094 31.31370849898476
      vertex 2.217444482178185 -20.800809741510136 31.001819868286805
      vertex 2.391771452281811 -17.029689106969414 27.230699233746083
    endloop
  endfacet
  facet normal -0.2902846772544612 -0.6766590005871769 0.6766590005871764
    outer loop
      vertex 1.2193145126008016 -16.77819885557638 26.97920898235305
      vertex 2.391771452281811 -21.272329794088698 22.988058546626796
      vertex 2.391771452281811 -17.029689106969414 27.230699233746083
    endloop
  endfacet
  facet normal 1.7153814006586664e-16 -0.7071067811865471 -0.7071067811865479
    outer loop
      vertex 1.2193145126008016 -16.77819885557638 26.97920898235305
      vertex 2.391771452281811 -17.029689106969414 27.230699233746083
      vertex 1.5986883791814732 -19.982254978284743 30.18326510506141
    endloop
  endfacet
  facet normal -0.4713967368260035 -0.6236125064933331 0.6236125064933338
    outer loop
      vertex 3.4723139563725134 -21.680727801766885 23.396456554304983
      vertex 3.4723139563725134 -17.438087114647598 27.639097241424267
      vertex 2.391771452281811 -21.272329794088698 22.988058546626796
    endloop
  endfacet
  facet normal 0 -0.7071067811865477 -0.7071067811865472
    outer loop
      vertex 3.4723139563725134 -24.787309629768586 34.98831975654526
      vertex 2.391771452281811 -17.029689106969414 27.230699233746083
      vertex 3.4723139563725134 -17.438087114647598 27.639097241424267
    endloop
  endfacet
  facet normal -0.4713967368260003 -0.6236125064933349 0.6236125064933342
    outer loop
      vertex 2.391771452281811 -21.272329794088698 22.988058546626796
      vertex 3.4723139563725134 -17.438087114647598 27.639097241424267
      vertex 2.391771452281811 -17.029689106969414 27.230699233746083
    endloop
  endfacet
  facet normal -0.6343932841636428 -0.5466009335008802 0.5466009335008802
    outer loop
      vertex 3.4723139563725134 -21.680727801766885 23.396456554304983
      vertex 4.419417382415922 -22.230339059327378 23.946067811865476
      vertex 4.419417382415922 -17.987698372208094 28.18870849898476
    endloop
  endfacet
  facet normal -0.634393284163644 -0.5466009335008793 0.5466009335008798
    outer loop
      vertex 3.4723139563725134 -21.680727801766885 23.396456554304983
      vertex 4.419417382415922 -17.987698372208094 28.18870849898476
      vertex 3.4723139563725134 -17.438087114647598 27.639097241424267
    endloop
  endfacet
  facet normal -0.7730104533627362 -0.4485837931713189 0.44858379317131847
    outer loop
      vertex 4.419417382415922 -22.230339059327378 23.946067811865476
      vertex 5.196685076890907 -22.90004231436768 24.61577106690578
      vertex 5.196685076890907 -18.657401627248397 28.858411754025067
    endloop
  endfacet
  facet normal -2.5463554984835883e-15 -0.7071067811865476 -0.7071067811865476
    outer loop
      vertex 4.419417382415922 -24.237698372208094 34.43870849898476
      vertex 3.4723139563725134 -17.438087114647598 27.639097241424267
      vertex 4.419417382415922 -17.987698372208094 28.18870849898476
    endloop
  endfacet
  facet normal 3.2908691420055983e-15 -0.7071067811865476 -0.7071067811865476
    outer loop
      vertex 4.419417382415922 -17.987698372208094 28.18870849898476
      vertex 5.196685076890907 -18.657401627248397 28.858411754025067
      vertex 5.196685076890907 -23.567995117167786 33.769005243944456
    endloop
  endfacet
  facet normal -0.7730104533627371 -0.4485837931713181 0.4485837931713181
    outer loop
      vertex 4.419417382415922 -22.230339059327378 23.946067811865476
      vertex 5.196685076890907 -18.657401627248397 28.858411754025067
      vertex 4.419417382415922 -17.987698372208094 28.18870849898476
    endloop
  endfacet
  facet normal 1.880338647111578e-14 -0.7071067811865475 -0.7071067811865475
    outer loop
      vertex 2.391771452281811 -25.19570763744677 35.39671776422344
      vertex 2.2608867878467005 -21.112698372208094 31.31370849898476
      vertex 2.391771452281811 -17.029689106969414 27.230699233746083
    endloop
  endfacet
  facet normal -0.9569403357322084 0.2052622637611797 -0.2052622637611797
    outer loop
      vertex 5.774247078195542 -27.04657687228424 28.76230562482234
      vertex 5.774247078195542 -22.803936185164957 33.00494631194162
      vertex 6.129908002520191 -26.217524619586577 27.933253372124675
    endloop
  endfacet
  facet normal -0.9951847266721969 0.06930858459954532 -0.06930858459954539
    outer loop
      vertex 6.129908002520191 -26.217524619586577 27.933253372124675
      vertex 6.129908002520191 -21.97488393246729 32.17589405924396
      vertex 6.25 -25.355339059327378 27.071067811865476
    endloop
  endfacet
  facet normal -0.8819212643483558 -0.333327829238872 0.3333278292388723
    outer loop
      vertex 5.196685076890907 -22.90004231436768 24.61577106690578
      vertex 5.774247078195542 -23.664101246370514 25.379829998908612
      vertex 5.774247078195542 -19.421460559251226 29.622470686027896
    endloop
  endfacet
  facet normal -0.995184726672197 -0.06930858459954535 0.06930858459954536
    outer loop
      vertex 6.129908002520191 -24.49315349906818 26.208882251606276
      vertex 6.25 -25.355339059327378 27.071067811865476
      vertex 6.25 -21.112698372208094 31.31370849898476
    endloop
  endfacet
  facet normal -0.9569403357322085 -0.20526226376117981 0.20526226376117965
    outer loop
      vertex 6.129908002520191 -24.49315349906818 26.208882251606276
      vertex 6.129908002520191 -20.250512811948894 30.451522938725564
      vertex 5.774247078195542 -23.664101246370514 25.379829998908612
    endloop
  endfacet
  facet normal -0.995184726672197 0.06930858459954549 -0.06930858459954552
    outer loop
      vertex 6.129908002520191 -21.97488393246729 32.17589405924396
      vertex 6.25 -21.112698372208094 31.31370849898476
      vertex 6.25 -25.355339059327378 27.071067811865476
    endloop
  endfacet
  facet normal -0.9951847266721969 -0.06930858459954553 0.06930858459954548
    outer loop
      vertex 6.129908002520191 -24.49315349906818 26.208882251606276
      vertex 6.25 -21.112698372208094 31.31370849898476
      vertex 6.129908002520191 -20.250512811948894 30.451522938725564
    endloop
  endfacet
  facet normal -0.8819212643483558 0.333327829238872 -0.3333278292388723
    outer loop
      vertex 5.196685076890907 -27.810635804287074 29.526364556825172
      vertex 5.196685076890907 -23.567995117167786 33.769005243944456
      vertex 5.774247078195542 -27.04657687228424 28.76230562482234
    endloop
  endfacet
  facet normal -0.8819212643483555 0.3333278292388728 -0.3333278292388728
    outer loop
      vertex 5.774247078195542 -27.04657687228424 28.76230562482234
      vertex 5.196685076890907 -23.567995117167786 33.769005243944456
      vertex 5.774247078195542 -22.803936185164957 33.00494631194162
    endloop
  endfacet
  facet normal -4.318045696256768e-15 -0.7071067811865475 -0.7071067811865475
    outer loop
      vertex 5.196685076890907 -23.567995117167786 33.769005243944456
      vertex 5.196685076890907 -18.657401627248397 28.858411754025067
      vertex 5.774247078195542 -22.803936185164957 33.00494631194162
    endloop
  endfacet
  facet normal -0.9569403357322086 0.20526226376117923 -0.20526226376117943
    outer loop
      vertex 6.129908002520191 -26.217524619586577 27.933253372124675
      vertex 5.774247078195542 -22.803936185164957 33.00494631194162
      vertex 6.129908002520191 -21.97488393246729 32.17589405924396
    endloop
  endfacet
  facet normal 5.220527530646978e-15 -0.7071067811865471 -0.7071067811865479
    outer loop
      vertex 6.129908002520191 -21.97488393246729 32.17589405924396
      vertex 5.774247078195542 -22.803936185164957 33.00494631194162
      vertex 5.774247078195542 -19.421460559251226 29.622470686027896
    endloop
  endfacet
  facet normal -0.8819212643483549 -0.3333278292388735 0.3333278292388732
    outer loop
      vertex 5.196685076890907 -22.90004231436768 24.61577106690578
      vertex 5.774247078195542 -19.421460559251226 29.622470686027896
      vertex 5.196685076890907 -18.657401627248397 28.858411754025067
    endloop
  endfacet
  facet normal 6.429569960690131e-16 -0.7071067811865471 -0.7071067811865478
    outer loop
      vertex 5.774247078195542 -22.803936185164957 33.00494631194162
      vertex 5.196685076890907 -18.657401627248397 28.858411754025067
      vertex 5.774247078195542 -19.421460559251226 29.622470686027896
    endloop
  endfacet
  facet normal -0.9569403357322087 -0.20526226376117887 0.20526226376117906
    outer loop
      vertex 5.774247078195542 -23.664101246370514 25.379829998908612
      vertex 6.129908002520191 -20.250512811948894 30.451522938725564
      vertex 5.774247078195542 -19.421460559251226 29.622470686027896
    endloop
  endfacet
  facet normal -2.0471241541214455e-14 -0.7071067811865475 -0.7071067811865475
    outer loop
      vertex 6.129908002520191 -21.97488393246729 32.17589405924396
      vertex 6.129908002520191 -20.250512811948894 30.451522938725564
      vertex 6.25 -21.112698372208094 31.31370849898476
    endloop
  endfacet
  facet normal 0 -0.7071067811865476 -0.7071067811865476
    outer loop
      vertex 6.129908002520191 -21.97488393246729 32.17589405924396
      vertex 5.774247078195542 -19.421460559251226 29.622470686027896
      vertex 6.129908002520191 -20.250512811948894 30.451522938725564
    endloop
  endfacet
  facet normal 0 0.7071067811865482 0.7071067811865468
    outer loop
      vertex -6.25 -15.455844122715712 36.97056274847714
      vertex -6.129908002520191 -16.31802968297491 37.83274830873634
      vertex -6.129908002520191 -14.593658562456515 36.10837718821794
    endloop
  endfacet
  facet normal -1.0496443943896656e-14 0.7071067811865482 0.7071067811865468
    outer loop
      vertex -6.129908002520191 -14.593658562456515 36.10837718821794
      vertex -6.129908002520191 -16.31802968297491 37.83274830873634
      vertex -5.774247078195542 -13.764606309758847 35.27932493552028
    endloop
  endfacet
  facet normal 5.220527530646978e-15 0.7071067811865471 0.7071067811865479
    outer loop
      vertex -5.774247078195542 -13.764606309758847 35.27932493552028
      vertex -6.129908002520191 -16.31802968297491 37.83274830873634
      vertex -5.774247078195542 -17.147081935672578 38.661800561434006
    endloop
  endfacet
  facet normal 0.995184726672197 0.06930858459954542 -0.06930858459954545
    outer loop
      vertex -6.25 -15.455844122715712 36.97056274847714
      vertex -6.25 -11.213203435596427 41.21320343559643
      vertex -6.129908002520191 -16.31802968297491 37.83274830873634
    endloop
  endfacet
  facet normal 4.428764816673611e-15 0.7071067811865472 0.7071067811865478
    outer loop
      vertex -5.196685076890907 -13.000547377756018 34.515266003517446
      vertex -5.774247078195542 -17.147081935672578 38.661800561434006
      vertex -5.196685076890907 -17.911140867675407 39.42585949343683
    endloop
  endfacet
  facet normal 5.304395217569358e-15 0.7071067811865471 0.7071067811865479
    outer loop
      vertex -5.196685076890907 -13.000547377756018 34.515266003517446
      vertex -5.774247078195542 -13.764606309758847 35.27932493552028
      vertex -5.774247078195542 -17.147081935672578 38.661800561434006
    endloop
  endfacet
  facet normal 0.9569403357322085 -0.20526226376117931 0.20526226376117931
    outer loop
      vertex -6.129908002520191 -14.593658562456515 36.10837718821794
      vertex -5.774247078195542 -13.764606309758847 35.27932493552028
      vertex -5.774247078195542 -9.521965622639563 39.52196562263956
    endloop
  endfacet
  facet normal 0.9951847266721969 -0.06930858459954543 0.06930858459954543
    outer loop
      vertex -6.25 -15.455844122715712 36.97056274847714
      vertex -6.129908002520191 -14.593658562456515 36.10837718821794
      vertex -6.129908002520191 -10.35101787533723 40.35101787533723
    endloop
  endfacet
  facet normal 0.9569403357322085 -0.20526226376117934 0.20526226376117934
    outer loop
      vertex -6.129908002520191 -14.593658562456515 36.10837718821794
      vertex -5.774247078195542 -9.521965622639563 39.52196562263956
      vertex -6.129908002520191 -10.35101787533723 40.35101787533723
    endloop
  endfacet
  facet normal 0.8819212643483554 -0.3333278292388726 0.3333278292388728
    outer loop
      vertex -5.196685076890907 -13.000547377756018 34.515266003517446
      vertex -5.196685076890907 -8.757906690636732 38.75790669063673
      vertex -5.774247078195542 -13.764606309758847 35.27932493552028
    endloop
  endfacet
  facet normal 0.9569403357322085 0.20526226376117931 -0.20526226376117931
    outer loop
      vertex -5.774247078195542 -17.147081935672578 38.661800561434006
      vertex -6.129908002520191 -16.31802968297491 37.83274830873634
      vertex -6.129908002520191 -12.075388995855626 42.075388995855626
    endloop
  endfacet
  facet normal 0.9569403357322085 0.20526226376117934 -0.20526226376117934
    outer loop
      vertex -5.774247078195542 -17.147081935672578 38.661800561434006
      vertex -6.129908002520191 -12.075388995855626 42.075388995855626
      vertex -5.774247078195542 -12.904441248553294 42.90444124855329
    endloop
  endfacet
  facet normal 0.8819212643483545 0.33332782923887394 -0.33332782923887394
    outer loop
      vertex -5.774247078195542 -17.147081935672578 38.661800561434006
      vertex -5.774247078195542 -12.904441248553294 42.90444124855329
      vertex -5.196685076890907 -17.911140867675407 39.42585949343683
    endloop
  endfacet
  facet normal 0.8819212643483542 0.3333278292388744 -0.33332782923887466
    outer loop
      vertex -5.196685076890907 -17.911140867675407 39.42585949343683
      vertex -5.774247078195542 -12.904441248553294 42.90444124855329
      vertex -5.196685076890907 -13.66850018055612 43.668500180556116
    endloop
  endfacet
  facet normal 0.995184726672197 0.06930858459954536 -0.06930858459954536
    outer loop
      vertex -6.129908002520191 -16.31802968297491 37.83274830873634
      vertex -6.25 -11.213203435596427 41.21320343559643
      vertex -6.129908002520191 -12.075388995855626 42.075388995855626
    endloop
  endfacet
  facet normal 0.9951847266721969 -0.06930858459954548 0.0693085845995455
    outer loop
      vertex -6.25 -15.455844122715712 36.97056274847714
      vertex -6.129908002520191 -10.35101787533723 40.35101787533723
      vertex -6.25 -11.213203435596427 41.21320343559643
    endloop
  endfacet
  facet normal -6.46404823396372e-15 0.7071067811865475 0.7071067811865476
    outer loop
      vertex -5.196685076890907 -17.911140867675407 39.42585949343683
      vertex -4.419417382415922 -18.58084412271571 40.09556274847714
      vertex -4.419417382415922 -12.33084412271571 33.84556274847714
    endloop
  endfacet
  facet normal 2.8873297971820302e-15 0.7071067811865476 0.7071067811865476
    outer loop
      vertex -3.4723139563725134 -11.781232865155216 33.29595149091664
      vertex -4.419417382415922 -18.58084412271571 40.09556274847714
      vertex -3.4723139563725134 -19.130455380276207 40.645174006037635
    endloop
  endfacet
  facet normal -2.2776289865494254e-15 0.7071067811865477 0.7071067811865474
    outer loop
      vertex -2.391771452281811 -11.372834857477034 32.88755348323846
      vertex -3.4723139563725134 -19.130455380276207 40.645174006037635
      vertex -2.391771452281811 -19.53885338795439 41.05357201371582
    endloop
  endfacet
  facet normal 0.7730104533627379 0.44858379317131714 -0.44858379317131747
    outer loop
      vertex -5.196685076890907 -17.911140867675407 39.42585949343683
      vertex -5.196685076890907 -13.66850018055612 43.668500180556116
      vertex -4.419417382415922 -18.58084412271571 40.09556274847714
    endloop
  endfacet
  facet normal 0.634393284163644 0.5466009335008795 -0.5466009335008795
    outer loop
      vertex -4.419417382415922 -18.58084412271571 40.09556274847714
      vertex -4.419417382415922 -14.338203435596427 44.33820343559643
      vertex -3.4723139563725134 -19.130455380276207 40.645174006037635
    endloop
  endfacet
  facet normal 0.6343932841636443 0.5466009335008795 -0.5466009335008795
    outer loop
      vertex -3.4723139563725134 -19.130455380276207 40.645174006037635
      vertex -4.419417382415922 -14.338203435596427 44.33820343559643
      vertex -3.4723139563725134 -14.887814693156923 44.88781469315692
    endloop
  endfacet
  facet normal 0.4713967368260019 0.623612506493334 -0.623612506493334
    outer loop
      vertex -3.4723139563725134 -19.130455380276207 40.645174006037635
      vertex -3.4723139563725134 -14.887814693156923 44.88781469315692
      vertex -2.391771452281811 -19.53885338795439 41.05357201371582
    endloop
  endfacet
  facet normal 0.47139673682600186 0.623612506493334 -0.623612506493334
    outer loop
      vertex -3.4723139563725134 -14.887814693156923 44.88781469315692
      vertex -2.391771452281811 -15.296212700835106 45.296212700835106
      vertex -2.391771452281811 -19.53885338795439 41.05357201371582
    endloop
  endfacet
  facet normal -2.79723877070476e-15 0.7071067811865472 0.7071067811865478
    outer loop
      vertex -5.196685076890907 -13.000547377756018 34.515266003517446
      vertex -5.196685076890907 -17.911140867675407 39.42585949343683
      vertex -4.419417382415922 -12.33084412271571 33.84556274847714
    endloop
  endfacet
  facet normal 3.978680466380607e-15 0.7071067811865476 0.7071067811865476
    outer loop
      vertex -4.419417382415922 -12.33084412271571 33.84556274847714
      vertex -4.419417382415922 -18.58084412271571 40.09556274847714
      vertex -3.4723139563725134 -11.781232865155216 33.29595149091664
    endloop
  endfacet
  facet normal 0.7730104533627371 -0.44858379317131797 0.4485837931713181
    outer loop
      vertex -5.196685076890907 -13.000547377756018 34.515266003517446
      vertex -4.419417382415922 -12.33084412271571 33.84556274847714
      vertex -4.419417382415922 -8.088203435596427 38.08820343559643
    endloop
  endfacet
  facet normal -1.2258396522022946e-15 0.7071067811865476 0.7071067811865474
    outer loop
      vertex -3.4723139563725134 -11.781232865155216 33.29595149091664
      vertex -3.4723139563725134 -19.130455380276207 40.645174006037635
      vertex -2.391771452281811 -11.372834857477034 32.88755348323846
    endloop
  endfacet
  facet normal 0.7730104533627388 0.44858379317131664 -0.44858379317131664
    outer loop
      vertex -5.196685076890907 -13.66850018055612 43.668500180556116
      vertex -4.419417382415922 -14.338203435596427 44.33820343559643
      vertex -4.419417382415922 -18.58084412271571 40.09556274847714
    endloop
  endfacet
  facet normal -1.4744009784147335e-14 0.7071067811865493 0.7071067811865457
    outer loop
      vertex -2.391771452281811 -19.53885338795439 41.05357201371582
      vertex -1.5986883791814732 -16.58628751663906 38.10100614240049
      vertex -1.879858660950843 -16.344027798063294 37.85874642382472
    endloop
  endfacet
  facet normal 1.7527789199455597e-14 0.7071067811865472 0.7071067811865479
    outer loop
      vertex -2.217444482178185 -15.767732753413668 37.2824513791751
      vertex -2.391771452281811 -19.53885338795439 41.05357201371582
      vertex -2.0887870286167542 -16.06763567894306 37.58235430470449
    endloop
  endfacet
  facet normal -1.5466394833134151e-13 0.7071067811865511 0.707106781186544
    outer loop
      vertex -2.217444482178185 -15.767732753413668 37.2824513791751
      vertex -2.2357359793017704 -15.636411224698739 37.151129850460165
      vertex -2.391771452281811 -19.53885338795439 41.05357201371582
    endloop
  endfacet
  facet normal 8.327461205986889e-14 0.7071067811865462 0.7071067811865488
    outer loop
      vertex -2.2608867878467005 -15.455844122715712 36.97056274847714
      vertex -2.391771452281811 -19.53885338795439 41.05357201371582
      vertex -2.2357359793017704 -15.636411224698739 37.151129850460165
    endloop
  endfacet
  facet normal 1.2421335691711396e-14 0.7071067811865474 0.7071067811865476
    outer loop
      vertex -2.391771452281811 -19.53885338795439 41.05357201371582
      vertex -1.879858660950843 -16.344027798063294 37.85874642382472
      vertex -2.0887870286167542 -16.06763567894306 37.58235430470449
    endloop
  endfacet
  facet normal 1.9658175846823597e-15 0.7071067811865471 0.7071067811865479
    outer loop
      vertex -2.391771452281811 -19.53885338795439 41.05357201371582
      vertex -1.2193145126008016 -19.790343639347423 41.30506226510885
      vertex -1.2560813995549314 -16.785104929546314 38.299823555307746
    endloop
  endfacet
  facet normal 0.2902846772544593 0.676659000587177 -0.676659000587177
    outer loop
      vertex -2.391771452281811 -19.53885338795439 41.05357201371582
      vertex -2.391771452281811 -15.296212700835106 45.296212700835106
      vertex -1.2193145126008016 -19.790343639347423 41.30506226510885
    endloop
  endfacet
  facet normal 0 0.7071067811865476 0.7071067811865476
    outer loop
      vertex -2.391771452281811 -19.53885338795439 41.05357201371582
      vertex -1.2560813995549314 -16.785104929546314 38.299823555307746
      vertex -1.5986883791814732 -16.58628751663906 38.10100614240049
    endloop
  endfacet
  facet normal 0.2902846772544592 0.676659000587177 -0.676659000587177
    outer loop
      vertex -1.2193145126008016 -19.790343639347423 41.30506226510885
      vertex -2.391771452281811 -15.296212700835106 45.296212700835106
      vertex -1.2193145126008016 -15.54770295222814 45.547702952228136
    endloop
  endfacet
  facet normal -2.0656974062955373e-15 0.7071067811865475 0.7071067811865476
    outer loop
      vertex -1.2193145126008016 -19.790343639347423 41.30506226510885
      vertex 0 -19.875261505131633 41.389980130893065
      vertex 0 -17.054532501897185 38.56925112765862
    endloop
  endfacet
  facet normal 6.1434105855132795e-15 0.7071067811865471 0.707106781186548
    outer loop
      vertex -1.2560813995549314 -16.785104929546314 38.299823555307746
      vertex -1.2193145126008016 -19.790343639347423 41.30506226510885
      vertex -0.8652039161620579 -16.93283959510512 38.44755822086655
    endloop
  endfacet
  facet normal -5.55267172385232e-15 0.7071067811865479 0.7071067811865471
    outer loop
      vertex -1.2193145126008016 -19.790343639347423 41.30506226510885
      vertex -0.44107713148302263 -17.023814152968598 38.53853277873003
      vertex -0.8652039161620579 -16.93283959510512 38.44755822086655
    endloop
  endfacet
  facet normal 0.09801714032956076 0.7037018687631912 -0.7037018687631912
    outer loop
      vertex -1.2193145126008016 -19.790343639347423 41.30506226510885
      vertex -1.2193145126008016 -15.54770295222814 45.547702952228136
      vertex 0 -19.875261505131633 41.389980130893065
    endloop
  endfacet
  facet normal 0 0.7071067811865471 0.7071067811865478
    outer loop
      vertex -1.2193145126008016 -19.790343639347423 41.30506226510885
      vertex 0 -17.054532501897185 38.56925112765862
      vertex -0.44107713148302263 -17.023814152968598 38.53853277873003
    endloop
  endfacet
  facet normal 0.09801714032956076 0.7037018687631912 -0.7037018687631912
    outer loop
      vertex -1.2193145126008016 -15.54770295222814 45.547702952228136
      vertex 0 -15.632620818012349 45.63262081801235
      vertex 0 -19.875261505131633 41.389980130893065
    endloop
  endfacet
  facet normal 0 0.7071067811865477 0.7071067811865474
    outer loop
      vertex -2.2608867878467005 -15.455844122715712 36.97056274847714
      vertex -2.391771452281811 -11.372834857477034 32.88755348323846
      vertex -2.391771452281811 -19.53885338795439 41.05357201371582
    endloop
  endfacet
  facet normal -5.810579274326681e-14 0.7071067811865467 0.7071067811865483
    outer loop
      vertex -2.2608867878467005 -15.455844122715712 36.97056274847714
      vertex -2.242595290723115 -15.324522594000783 36.839241219762215
      vertex -2.391771452281811 -11.372834857477034 32.88755348323846
    endloop
  endfacet
  facet normal 7.519573178540372e-14 0.7071067811865492 0.7071067811865458
    outer loop
      vertex -2.217444482178185 -15.143955492017756 36.658674117779185
      vertex -2.391771452281811 -11.372834857477034 32.88755348323846
      vertex -2.242595290723115 -15.324522594000783 36.839241219762215
    endloop
  endfacet
  facet normal 8.763894599727786e-15 0.7071067811865478 0.7071067811865474
    outer loop
      vertex -2.217444482178185 -15.143955492017756 36.658674117779185
      vertex -2.0887870286167542 -14.844052566488363 36.35877119224979
      vertex -2.391771452281811 -11.372834857477034 32.88755348323846
    endloop
  endfacet
  facet normal -4.949125939666266e-15 0.7071067811865471 0.7071067811865478
    outer loop
      vertex -2.0887870286167542 -14.844052566488363 36.35877119224979
      vertex -1.879858660950843 -14.56766044736813 36.08237907312956
      vertex -2.391771452281811 -11.372834857477034 32.88755348323846
    endloop
  endfacet
  facet normal 1.029228840395199e-15 0.7071067811865479 0.7071067811865471
    outer loop
      vertex -1.5986883791814732 -14.325400728792362 35.84011935455379
      vertex -1.2193145126008016 -11.121344606084 32.63606323184543
      vertex -2.391771452281811 -11.372834857477034 32.88755348323846
    endloop
  endfacet
  facet normal -4.45391962229451e-15 0.7071067811865482 0.7071067811865469
    outer loop
      vertex -1.5986883791814732 -14.325400728792362 35.84011935455379
      vertex -1.2560813995549314 -14.126583315885107 35.64130194164654
      vertex -1.2193145126008016 -11.121344606084 32.63606323184543
    endloop
  endfacet
  facet normal -3.993169316539912e-15 0.7071067811865471 0.7071067811865478
    outer loop
      vertex -1.879858660950843 -14.56766044736813 36.08237907312956
      vertex -1.5986883791814732 -14.325400728792362 35.84011935455379
      vertex -2.391771452281811 -11.372834857477034 32.88755348323846
    endloop
  endfacet
  facet normal -4.699876950665892e-16 0.7071067811865482 0.7071067811865469
    outer loop
      vertex -1.2560813995549314 -14.126583315885107 35.64130194164654
      vertex -0.8652039161620579 -13.978848650326306 35.49356727608774
      vertex -1.2193145126008016 -11.121344606084 32.63606323184543
    endloop
  endfacet
  facet normal 2.587040234976645e-15 0.7071067811865483 0.7071067811865467
    outer loop
      vertex -0.8652039161620579 -13.978848650326306 35.49356727608774
      vertex -0.44107713148302263 -13.887874092462825 35.402592718224255
      vertex -1.2193145126008016 -11.121344606084 32.63606323184543
    endloop
  endfacet
  facet normal 2.729011955188779e-15 0.7071067811865483 0.7071067811865467
    outer loop
      vertex -0.44107713148302263 -13.887874092462825 35.402592718224255
      vertex 0 -13.85715574353424 35.37187436929567
      vertex -1.2193145126008016 -11.121344606084 32.63606323184543
    endloop
  endfacet
  facet normal -2.025752981311921e-15 0.7071067811865472 0.7071067811865478
    outer loop
      vertex -1.2193145126008016 -11.121344606084 32.63606323184543
      vertex 0 -13.85715574353424 35.37187436929567
      vertex 0 -11.03642674029979 32.55114536606122
    endloop
  endfacet
  facet normal 0.8819212643483557 -0.3333278292388724 0.3333278292388724
    outer loop
      vertex -5.774247078195542 -13.764606309758847 35.27932493552028
      vertex -5.196685076890907 -8.757906690636732 38.75790669063673
      vertex -5.774247078195542 -9.521965622639563 39.52196562263956
    endloop
  endfacet
  facet normal 0.6343932841636458 -0.5466009335008783 0.5466009335008786
    outer loop
      vertex -4.419417382415922 -12.33084412271571 33.84556274847714
      vertex -3.4723139563725134 -11.781232865155216 33.29595149091664
      vertex -3.4723139563725134 -7.5385921780359295 37.53859217803593
    endloop
  endfacet
  facet normal 0.7730104533627367 -0.44858379317131836 0.4485837931713186
    outer loop
      vertex -5.196685076890907 -13.000547377756018 34.515266003517446
      vertex -4.419417382415922 -8.088203435596427 38.08820343559643
      vertex -5.196685076890907 -8.757906690636732 38.75790669063673
    endloop
  endfacet
  facet normal 0.6343932841636469 -0.5466009335008778 0.5466009335008778
    outer loop
      vertex -4.419417382415922 -12.33084412271571 33.84556274847714
      vertex -3.4723139563725134 -7.5385921780359295 37.53859217803593
      vertex -4.419417382415922 -8.088203435596427 38.08820343559643
    endloop
  endfacet
  facet normal 0.4713967368259979 -0.6236125064933354 0.6236125064933354
    outer loop
      vertex -3.4723139563725134 -11.781232865155216 33.29595149091664
      vertex -2.391771452281811 -11.372834857477034 32.88755348323846
      vertex -2.391771452281811 -7.1301941703577505 37.13019417035775
    endloop
  endfacet
  facet normal 0.471396736825997 -0.6236125064933357 0.6236125064933361
    outer loop
      vertex -3.4723139563725134 -11.781232865155216 33.29595149091664
      vertex -2.391771452281811 -7.1301941703577505 37.13019417035775
      vertex -3.4723139563725134 -7.5385921780359295 37.53859217803593
    endloop
  endfacet
  facet normal 0.290284677254464 -0.6766590005871761 0.6766590005871761
    outer loop
      vertex -2.391771452281811 -11.372834857477034 32.88755348323846
      vertex -1.2193145126008016 -11.121344606084 32.63606323184543
      vertex -1.2193145126008016 -6.878703918964716 36.87870391896471
    endloop
  endfacet
  facet normal 0.2902846772544641 -0.676659000587176 0.676659000587176
    outer loop
      vertex -2.391771452281811 -11.372834857477034 32.88755348323846
      vertex -1.2193145126008016 -6.878703918964716 36.87870391896471
      vertex -2.391771452281811 -7.1301941703577505 37.13019417035775
    endloop
  endfacet
  facet normal 0.09801714032955672 -0.7037018687631914 0.7037018687631915
    outer loop
      vertex -1.2193145126008016 -11.121344606084 32.63606323184543
      vertex 0 -11.03642674029979 32.55114536606122
      vertex 0 -6.793786053180505 36.793786053180504
    endloop
  endfacet
  facet normal 0.0980171403295575 -0.7037018687631914 0.7037018687631914
    outer loop
      vertex -1.2193145126008016 -11.121344606084 32.63606323184543
      vertex 0 -6.793786053180505 36.793786053180504
      vertex -1.2193145126008016 -6.878703918964716 36.87870391896471
    endloop
  endfacet
  facet normal 1.4744009784147335e-14 0.7071067811865493 0.7071067811865457
    outer loop
      vertex 2.391771452281811 -19.53885338795439 41.05357201371582
      vertex 1.879858660950843 -16.344027798063294 37.85874642382472
      vertex 1.5986883791814732 -16.58628751663906 38.10100614240049
    endloop
  endfacet
  facet normal -1.2421335691711396e-14 0.7071067811865474 0.7071067811865476
    outer loop
      vertex 2.391771452281811 -19.53885338795439 41.05357201371582
      vertex 2.0887870286167542 -16.06763567894306 37.58235430470449
      vertex 1.879858660950843 -16.344027798063294 37.85874642382472
    endloop
  endfacet
  facet normal -1.7527789199455597e-14 0.7071067811865472 0.7071067811865479
    outer loop
      vertex 2.217444482178185 -15.767732753413668 37.2824513791751
      vertex 2.0887870286167542 -16.06763567894306 37.58235430470449
      vertex 2.391771452281811 -19.53885338795439 41.05357201371582
    endloop
  endfacet
  facet normal 3.728713972829931e-14 0.7071067811865483 0.7071067811865467
    outer loop
      vertex 2.217444482178185 -15.767732753413668 37.2824513791751
      vertex 2.391771452281811 -19.53885338795439 41.05357201371582
      vertex 2.242595290723115 -15.58716565143064 37.10188427719207
    endloop
  endfacet
  facet normal -1.7089939042137318e-15 0.7071067811865477 0.7071067811865475
    outer loop
      vertex 2.2608867878467005 -15.455844122715712 36.97056274847714
      vertex 2.242595290723115 -15.58716565143064 37.10188427719207
      vertex 2.391771452281811 -19.53885338795439 41.05357201371582
    endloop
  endfacet
  facet normal 2.0599910598693066e-15 0.7071067811865475 0.7071067811865475
    outer loop
      vertex 0 -19.875261505131633 41.389980130893065
      vertex 1.2193145126008016 -19.790343639347423 41.30506226510885
      vertex 0 -17.054532501897185 38.56925112765862
    endloop
  endfacet
  facet normal 0 0.7071067811865471 0.7071067811865478
    outer loop
      vertex 1.2193145126008016 -19.790343639347423 41.30506226510885
      vertex 0.44107713148302263 -17.023814152968598 38.53853277873003
      vertex 0 -17.054532501897185 38.56925112765862
    endloop
  endfacet
  facet normal -0.09801714032956076 0.7037018687631912 -0.7037018687631912
    outer loop
      vertex 0 -19.875261505131633 41.389980130893065
      vertex 0 -15.632620818012349 45.63262081801235
      vertex 1.2193145126008016 -19.790343639347423 41.30506226510885
    endloop
  endfacet
  facet normal 5.55267172385232e-15 0.7071067811865479 0.7071067811865471
    outer loop
      vertex 1.2193145126008016 -19.790343639347423 41.30506226510885
      vertex 0.8652039161620579 -16.93283959510512 38.44755822086655
      vertex 0.44107713148302263 -17.023814152968598 38.53853277873003
    endloop
  endfacet
  facet normal -6.445545532341801e-15 0.7071067811865472 0.7071067811865479
    outer loop
      vertex 1.2193145126008016 -19.790343639347423 41.30506226510885
      vertex 1.2560813995549314 -16.785104929546314 38.299823555307746
      vertex 0.8652039161620579 -16.93283959510512 38.44755822086655
    endloop
  endfacet
  facet normal -0.09801714032955645 0.7037018687631921 -0.7037018687631909
    outer loop
      vertex 1.2193145126008016 -19.790343639347423 41.30506226510885
      vertex 0 -15.632620818012349 45.63262081801235
      vertex 1.2193145126008016 -15.54770295222814 45.54770295222814
    endloop
  endfacet
  facet normal 0 0.7071067811865471 0.7071067811865479
    outer loop
      vertex 1.2193145126008016 -19.790343639347423 41.30506226510885
      vertex 1.5986883791814732 -16.58628751663906 38.10100614240049
      vertex 1.2560813995549314 -16.785104929546314 38.299823555307746
    endloop
  endfacet
  facet normal -2.0155731457739325e-15 0.7071067811865472 0.7071067811865478
    outer loop
      vertex 1.2193145126008016 -19.790343639347423 41.30506226510885
      vertex 2.391771452281811 -19.53885338795439 41.05357201371582
      vertex 1.5986883791814732 -16.58628751663906 38.10100614240049
    endloop
  endfacet
  facet normal -0.2902846772544593 0.6766590005871775 -0.6766590005871764
    outer loop
      vertex 1.2193145126008016 -19.790343639347423 41.30506226510885
      vertex 1.2193145126008016 -15.54770295222814 45.54770295222814
      vertex 2.391771452281811 -19.53885338795439 41.05357201371582
    endloop
  endfacet
  facet normal -0.2902846772544632 0.6766590005871762 -0.6766590005871762
    outer loop
      vertex 2.391771452281811 -19.53885338795439 41.05357201371582
      vertex 1.2193145126008016 -15.54770295222814 45.54770295222814
      vertex 2.391771452281811 -15.296212700835106 45.296212700835106
    endloop
  endfacet
  facet normal -2.7368992729783417e-15 0.7071067811865482 0.7071067811865467
    outer loop
      vertex 0 -13.85715574353424 35.37187436929567
      vertex 0.44107713148302263 -13.887874092462825 35.402592718224255
      vertex 1.2193145126008016 -11.121344606084 32.63606323184543
    endloop
  endfacet
  facet normal 2.008633942033229e-15 0.7071067811865474 0.7071067811865478
    outer loop
      vertex 0 -13.85715574353424 35.37187436929567
      vertex 1.2193145126008016 -11.121344606084 32.63606323184543
      vertex 0 -11.03642674029979 32.55114536606122
    endloop
  endfacet
  facet normal -2.618589506134897e-15 0.7071067811865485 0.7071067811865467
    outer loop
      vertex 0.44107713148302263 -13.887874092462825 35.402592718224255
      vertex 0.8652039161620579 -13.978848650326306 35.49356727608774
      vertex 1.2193145126008016 -11.121344606084 32.63606323184543
    endloop
  endfacet
  facet normal 4.699876950665893e-16 0.7071067811865482 0.707106781186547
    outer loop
      vertex 0.8652039161620579 -13.978848650326306 35.49356727608774
      vertex 1.2560813995549314 -14.126583315885107 35.64130194164654
      vertex 1.2193145126008016 -11.121344606084 32.63606323184543
    endloop
  endfacet
  facet normal 0 0.7071067811865477 0.7071067811865474
    outer loop
      vertex 2.2608867878467005 -15.455844122715712 36.97056274847714
      vertex 2.391771452281811 -19.53885338795439 41.05357201371582
      vertex 2.391771452281811 -11.372834857477034 32.88755348323846
    endloop
  endfacet
  facet normal 4.949125939666267e-15 0.7071067811865471 0.7071067811865479
    outer loop
      vertex 1.879858660950843 -14.56766044736813 36.08237907312956
      vertex 2.0887870286167542 -14.844052566488363 36.35877119224979
      vertex 2.391771452281811 -11.372834857477034 32.88755348323846
    endloop
  endfacet
  facet normal -2.1587291421647045e-14 0.7071067811865481 0.707106781186547
    outer loop
      vertex 2.217444482178185 -15.143955492017756 36.658674117779185
      vertex 2.2608867878467005 -15.455844122715712 36.97056274847714
      vertex 2.391771452281811 -11.372834857477034 32.88755348323846
    endloop
  endfacet
  facet normal -8.763894599727786e-15 0.7071067811865478 0.7071067811865474
    outer loop
      vertex 2.217444482178185 -15.143955492017756 36.658674117779185
      vertex 2.391771452281811 -11.372834857477034 32.88755348323846
      vertex 2.0887870286167542 -14.844052566488363 36.35877119224979
    endloop
  endfacet
  facet normal 3.35705496476135e-15 0.7071067811865472 0.7071067811865477
    outer loop
      vertex 1.2560813995549314 -14.126583315885107 35.64130194164654
      vertex 1.5986883791814732 -14.325400728792362 35.84011935455379
      vertex 2.391771452281811 -11.372834857477034 32.88755348323846
    endloop
  endfacet
  facet normal -7.14842758066312e-16 0.7071067811865481 0.7071067811865469
    outer loop
      vertex 1.2560813995549314 -14.126583315885107 35.64130194164654
      vertex 2.391771452281811 -11.372834857477034 32.88755348323846
      vertex 1.2193145126008016 -11.121344606084 32.63606323184543
    endloop
  endfacet
  facet normal 3.993169316539912e-15 0.7071067811865471 0.7071067811865478
    outer loop
      vertex 1.5986883791814732 -14.325400728792362 35.84011935455379
      vertex 1.879858660950843 -14.56766044736813 36.08237907312956
      vertex 2.391771452281811 -11.372834857477034 32.88755348323846
    endloop
  endfacet
  facet normal 1.898074300184198e-15 0.7071067811865476 0.7071067811865474
    outer loop
      vertex 3.4723139563725134 -11.781232865155216 33.29595149091664
      vertex 2.391771452281811 -19.53885338795439 41.05357201371582
      vertex 3.4723139563725134 -19.130455380276207 40.645174006037635
    endloop
  endfacet
  facet normal -2.5463554984835883e-15 0.7071067811865476 0.7071067811865476
    outer loop
      vertex 4.419417382415922 -12.33084412271571 33.84556274847714
      vertex 3.4723139563725134 -19.130455380276207 40.645174006037635
      vertex 4.419417382415922 -18.58084412271571 40.09556274847714
    endloop
  endfacet
  facet normal 6.910825198211759e-15 0.7071067811865472 0.7071067811865478
    outer loop
      vertex 4.419417382415922 -18.58084412271571 40.09556274847714
      vertex 5.196685076890907 -17.911140867675407 39.42585949343683
      vertex 5.196685076890907 -13.000547377756018 34.515266003517446
    endloop
  endfacet
  facet normal -0.4713967368260019 0.623612506493334 -0.623612506493334
    outer loop
      vertex 2.391771452281811 -19.53885338795439 41.05357201371582
      vertex 2.391771452281811 -15.296212700835106 45.296212700835106
      vertex 3.4723139563725134 -19.130455380276207 40.645174006037635
    endloop
  endfacet
  facet normal -0.47139673682599875 0.6236125064933358 -0.6236125064933348
    outer loop
      vertex 2.391771452281811 -15.296212700835106 45.296212700835106
      vertex 3.4723139563725134 -14.887814693156923 44.887814693156926
      vertex 3.4723139563725134 -19.130455380276207 40.645174006037635
    endloop
  endfacet
  facet normal -0.634393284163644 0.54660093350088 -0.5466009335008791
    outer loop
      vertex 3.4723139563725134 -19.130455380276207 40.645174006037635
      vertex 3.4723139563725134 -14.887814693156923 44.887814693156926
      vertex 4.419417382415922 -18.58084412271571 40.09556274847714
    endloop
  endfacet
  facet normal -0.7730104533627379 0.4485837931713174 -0.4485837931713174
    outer loop
      vertex 4.419417382415922 -18.58084412271571 40.09556274847714
      vertex 4.419417382415922 -14.338203435596427 44.33820343559643
      vertex 5.196685076890907 -17.911140867675407 39.42585949343683
    endloop
  endfacet
  facet normal 1.281166304934052e-15 0.7071067811865477 0.7071067811865474
    outer loop
      vertex 2.391771452281811 -11.372834857477034 32.88755348323846
      vertex 2.391771452281811 -19.53885338795439 41.05357201371582
      vertex 3.4723139563725134 -11.781232865155216 33.29595149091664
    endloop
  endfacet
  facet normal -3.879849414963354e-15 0.7071067811865476 0.7071067811865476
    outer loop
      vertex 3.4723139563725134 -11.781232865155216 33.29595149091664
      vertex 3.4723139563725134 -19.130455380276207 40.645174006037635
      vertex 4.419417382415922 -12.33084412271571 33.84556274847714
    endloop
  endfacet
  facet normal 3.2320241169818596e-15 0.7071067811865475 0.7071067811865475
    outer loop
      vertex 4.419417382415922 -12.33084412271571 33.84556274847714
      vertex 4.419417382415922 -18.58084412271571 40.09556274847714
      vertex 5.196685076890907 -13.000547377756018 34.515266003517446
    endloop
  endfacet
  facet normal -0.7730104533627371 -0.4485837931713181 0.44858379317131797
    outer loop
      vertex 4.419417382415922 -12.33084412271571 33.84556274847714
      vertex 5.196685076890907 -13.000547377756018 34.515266003517446
      vertex 5.196685076890907 -8.757906690636734 38.75790669063673
    endloop
  endfacet
  facet normal -0.6343932841636466 0.5466009335008781 -0.5466009335008781
    outer loop
      vertex 4.419417382415922 -18.58084412271571 40.09556274847714
      vertex 3.4723139563725134 -14.887814693156923 44.887814693156926
      vertex 4.419417382415922 -14.338203435596427 44.33820343559643
    endloop
  endfacet
  facet normal -0.7730104533627387 0.44858379317131647 -0.4485837931713168
    outer loop
      vertex 4.419417382415922 -14.338203435596427 44.33820343559643
      vertex 5.196685076890907 -13.66850018055612 43.668500180556116
      vertex 5.196685076890907 -17.911140867675407 39.42585949343683
    endloop
  endfacet
  facet normal -3.857741976414078e-15 0.7071067811865471 0.7071067811865478
    outer loop
      vertex 5.774247078195542 -13.764606309758847 35.27932493552028
      vertex 5.196685076890907 -17.911140867675407 39.42585949343683
      vertex 5.774247078195542 -17.147081935672578 38.661800561434006
    endloop
  endfacet
  facet normal -0.8819212643483546 0.33332782923887383 -0.33332782923887416
    outer loop
      vertex 5.196685076890907 -17.911140867675407 39.42585949343683
      vertex 5.196685076890907 -13.66850018055612 43.668500180556116
      vertex 5.774247078195542 -17.147081935672578 38.661800561434006
    endloop
  endfacet
  facet normal -4.982360418757812e-15 0.7071067811865472 0.7071067811865478
    outer loop
      vertex 5.196685076890907 -13.000547377756018 34.515266003517446
      vertex 5.196685076890907 -17.911140867675407 39.42585949343683
      vertex 5.774247078195542 -13.764606309758847 35.27932493552028
    endloop
  endfacet
  facet normal 5.220527530646978e-15 0.7071067811865471 0.7071067811865479
    outer loop
      vertex 6.129908002520191 -14.593658562456515 36.10837718821794
      vertex 5.774247078195542 -13.764606309758847 35.27932493552028
      vertex 5.774247078195542 -17.147081935672578 38.661800561434006
    endloop
  endfacet
  facet normal 0 0.7071067811865482 0.7071067811865468
    outer loop
      vertex 6.129908002520191 -14.593658562456515 36.10837718821794
      vertex 6.129908002520191 -16.31802968297491 37.83274830873634
      vertex 6.25 -15.455844122715712 36.97056274847714
    endloop
  endfacet
  facet normal -1.0240433115996738e-14 0.7071067811865482 0.7071067811865468
    outer loop
      vertex 6.129908002520191 -14.593658562456515 36.10837718821794
      vertex 5.774247078195542 -17.147081935672578 38.661800561434006
      vertex 6.129908002520191 -16.31802968297491 37.83274830873634
    endloop
  endfacet
  facet normal -0.995184726672197 0.06930858459954545 -0.0693085845995454
    outer loop
      vertex 6.25 -15.455844122715712 36.97056274847714
      vertex 6.129908002520191 -16.31802968297491 37.83274830873634
      vertex 6.129908002520191 -12.07538899585563 42.075388995855626
    endloop
  endfacet
  facet normal -0.995184726672197 -0.0693085845995454 0.06930858459954546
    outer loop
      vertex 6.129908002520191 -14.593658562456515 36.10837718821794
      vertex 6.25 -15.455844122715712 36.97056274847714
      vertex 6.25 -11.213203435596427 41.21320343559643
    endloop
  endfacet
  facet normal -0.8819212643483554 -0.3333278292388726 0.3333278292388728
    outer loop
      vertex 5.196685076890907 -13.000547377756018 34.515266003517446
      vertex 5.774247078195542 -13.764606309758847 35.27932493552028
      vertex 5.774247078195542 -9.521965622639561 39.52196562263956
    endloop
  endfacet
  facet normal -0.9569403357322085 -0.2052622637611793 0.2052622637611793
    outer loop
      vertex 6.129908002520191 -14.593658562456515 36.10837718821794
      vertex 6.129908002520191 -10.35101787533723 40.35101787533723
      vertex 5.774247078195542 -13.764606309758847 35.27932493552028
    endloop
  endfacet
  facet normal -0.9569403357322087 -0.205262263761179 0.20526226376117912
    outer loop
      vertex 5.774247078195542 -13.764606309758847 35.27932493552028
      vertex 6.129908002520191 -10.35101787533723 40.35101787533723
      vertex 5.774247078195542 -9.521965622639561 39.52196562263956
    endloop
  endfacet
  facet normal -0.8819212643483535 0.33332782923887533 -0.33332782923887505
    outer loop
      vertex 5.774247078195542 -17.147081935672578 38.661800561434006
      vertex 5.196685076890907 -13.66850018055612 43.668500180556116
      vertex 5.774247078195542 -12.90444124855329 42.9044412485533
    endloop
  endfacet
  facet normal -0.9569403357322086 0.2052622637611794 -0.20526226376117923
    outer loop
      vertex 5.774247078195542 -17.147081935672578 38.661800561434006
      vertex 5.774247078195542 -12.90444124855329 42.9044412485533
      vertex 6.129908002520191 -16.31802968297491 37.83274830873634
    endloop
  endfacet
  facet normal -0.9569403357322086 0.20526226376117948 -0.20526226376117931
    outer loop
      vertex 6.129908002520191 -16.31802968297491 37.83274830873634
      vertex 5.774247078195542 -12.90444124855329 42.9044412485533
      vertex 6.129908002520191 -12.07538899585563 42.075388995855626
    endloop
  endfacet
  facet normal -0.995184726672197 0.0693085845995452 -0.06930858459954523
    outer loop
      vertex 6.25 -15.455844122715712 36.97056274847714
      vertex 6.129908002520191 -12.07538899585563 42.075388995855626
      vertex 6.25 -11.213203435596427 41.21320343559643
    endloop
  endfacet
  facet normal -0.9951847266721968 -0.06930858459954549 0.06930858459954549
    outer loop
      vertex 6.129908002520191 -14.593658562456515 36.10837718821794
      vertex 6.25 -11.213203435596427 41.21320343559643
      vertex 6.129908002520191 -10.35101787533723 40.35101787533723
    endloop
  endfacet
  facet normal -0.0980171403295567 -0.7037018687631919 0.703701868763191
    outer loop
      vertex 0 -11.03642674029979 32.55114536606122
      vertex 1.2193145126008016 -11.121344606084 32.63606323184543
      vertex 1.2193145126008016 -6.878703918964714 36.87870391896472
    endloop
  endfacet
  facet normal -0.09801714032956037 -0.7037018687631912 0.7037018687631913
    outer loop
      vertex 0 -11.03642674029979 32.55114536606122
      vertex 1.2193145126008016 -6.878703918964714 36.87870391896472
      vertex 0 -6.793786053180505 36.793786053180504
    endloop
  endfacet
  facet normal -0.290284677254464 -0.6766590005871764 0.6766590005871755
    outer loop
      vertex 2.391771452281811 -11.372834857477034 32.88755348323846
      vertex 1.2193145126008016 -6.878703918964714 36.87870391896472
      vertex 1.2193145126008016 -11.121344606084 32.63606323184543
    endloop
  endfacet
  facet normal -0.2902846772544601 -0.6766590005871768 0.676659000587177
    outer loop
      vertex 2.391771452281811 -11.372834857477034 32.88755348323846
      vertex 2.391771452281811 -7.130194170357749 37.13019417035775
      vertex 1.2193145126008016 -6.878703918964714 36.87870391896472
    endloop
  endfacet
  facet normal -0.4713967368259979 -0.6236125064933354 0.6236125064933355
    outer loop
      vertex 2.391771452281811 -11.372834857477034 32.88755348323846
      vertex 3.4723139563725134 -11.781232865155216 33.29595149091664
      vertex 3.4723139563725134 -7.53859217803593 37.53859217803593
    endloop
  endfacet
  facet normal -0.47139673682599814 -0.6236125064933352 0.6236125064933355
    outer loop
      vertex 2.391771452281811 -11.372834857477034 32.88755348323846
      vertex 3.4723139563725134 -7.53859217803593 37.53859217803593
      vertex 2.391771452281811 -7.130194170357749 37.13019417035775
    endloop
  endfacet
  facet normal -0.6343932841636459 -0.5466009335008787 0.5466009335008783
    outer loop
      vertex 3.4723139563725134 -11.781232865155216 33.29595149091664
      vertex 4.419417382415922 -12.33084412271571 33.84556274847714
      vertex 4.419417382415922 -8.088203435596428 38.08820343559643
    endloop
  endfacet
  facet normal -0.634393284163647 -0.5466009335008777 0.5466009335008779
    outer loop
      vertex 3.4723139563725134 -11.781232865155216 33.29595149091664
      vertex 4.419417382415922 -8.088203435596428 38.08820343559643
      vertex 3.4723139563725134 -7.53859217803593 37.53859217803593
    endloop
  endfacet
  facet normal -0.7730104533627365 -0.4485837931713186 0.44858379317131836
    outer loop
      vertex 4.419417382415922 -12.33084412271571 33.84556274847714
      vertex 5.196685076890907 -8.757906690636734 38.75790669063673
      vertex 4.419417382415922 -8.088203435596428 38.08820343559643
    endloop
  endfacet
  facet normal -0.8819212643483553 -0.33332782923887305 0.33332782923887305
    outer loop
      vertex 5.196685076890907 -13.000547377756018 34.515266003517446
      vertex 5.774247078195542 -9.521965622639561 39.52196562263956
      vertex 5.196685076890907 -8.757906690636734 38.75790669063673
    endloop
  endfacet
  facet normal -0.5773502691896258 -0.5773502691896258 -0.5773502691896258
    outer loop
      vertex -10 -9 -19
      vertex -9 -9 -20
      vertex -9 -10 -19
    endloop
  endfacet
  facet normal -0.7071067811865475 -0.7071067811865475 0
    outer loop
      vertex -10 -9 -19
      vertex -9 -10 -19
      vertex -10 -9 12.129942314911194
    endloop
  endfacet
  facet normal 0 -1 0
    outer loop
      vertex -9 -10 -19
      vertex -6.25 -10 -10
      vertex -9 -10 11.715728752538098
    endloop
  endfacet
  facet normal -0.7071067811865476 0 -0.7071067811865476
    outer loop
      vertex -10 -9 -19
      vertex -10 9 -19
      vertex -9 -9 -20
    endloop
  endfacet
  facet normal -1 0 0
    outer loop
      vertex -10 -9 -19
      vertex -10 -9 12.129942314911194
      vertex -10 9 -19
    endloop
  endfacet
  facet normal 0 -1 0
    outer loop
      vertex -9 -10 -19
      vertex -5.774247078195542 -10 -12.39177145228181
      vertex -6.129908002520191 -10 -11.219314512600802
    endloop
  endfacet
  facet normal 0 -1 0
    outer loop
      vertex -9 -10 -19
      vertex -6.129908002520191 -10 -11.219314512600802
      vertex -6.25 -10 -10
    endloop
  endfacet
  facet normal 0 -1 0
    outer loop
      vertex -9 -10 -19
      vertex -5.196685076890907 -10 -13.472313956372513
      vertex -5.774247078195542 -10 -12.39177145228181
    endloop
  endfacet
  facet normal 0 -1 0
    outer loop
      vertex -9 -10 -19
      vertex -3.4723139563725134 -10 -15.196685076890908
      vertex -4.419417382415922 -10 -14.419417382415922
    endloop
  endfacet
  facet normal 0 -1 0
    outer loop
      vertex -9 -10 -19
      vertex -4.419417382415922 -10 -14.419417382415922
      vertex -5.196685076890907 -10 -13.472313956372513
    endloop
  endfacet
  facet normal -0.7071067811865476 -0.7071067811865476 0
    outer loop
      vertex -9 -10 -19
      vertex -9 -10 11.715728752538098
      vertex -10 -9 12.129942314911194
    endloop
  endfacet
  facet normal -1 0 0
    outer loop
      vertex -10 -9 12.129942314911194
      vertex -10 -9 19
      vertex -10 9 -19
    endloop
  endfacet
  facet normal 0 -1 0
    outer loop
      vertex -6.25 -10 -10
      vertex -6.129908002520191 -10 -8.780685487399198
      vertex -9 -10 11.715728752538098
    endloop
  endfacet
  facet normal 0 -1 0
    outer loop
      vertex -6.129908002520191 -10 -8.780685487399198
      vertex -5.774247078195542 -10 -7.6082285477181895
      vertex -9 -10 11.715728752538098
    endloop
  endfacet
  facet normal 0 -1 0
    outer loop
      vertex -5.774247078195542 -10 -7.6082285477181895
      vertex -5.196685076890907 -10 -6.527686043627487
      vertex -9 -10 11.715728752538098
    endloop
  endfacet
  facet normal 0 -1 0
    outer loop
      vertex -5.196685076890907 -10 -6.527686043627487
      vertex -4.419417382415922 -10 -5.580582617584078
      vertex -9 -10 11.715728752538098
    endloop
  endfacet
  facet normal 0 -1 0
    outer loop
      vertex -4.419417382415922 -10 -5.580582617584078
      vertex -3.4723139563725134 -10 -4.803314923109093
      vertex -9 -10 11.715728752538098
    endloop
  endfacet
  facet normal -0.7071067811865476 0 -0.7071067811865476
    outer loop
      vertex -9 -9 -20
      vertex -10 9 -19
      vertex -9 9 -20
    endloop
  endfacet
  facet normal -0.5773502691896258 0.5773502691896258 -0.5773502691896258
    outer loop
      vertex -10 9 -19
      vertex -9 10 -19
      vertex -9 9 -20
    endloop
  endfacet
  facet normal -0.7071067811865475 0.7071067811865475 0
    outer loop
      vertex -10 9 -19
      vertex -10 9 19
      vertex -9 10 -19
    endloop
  endfacet
  facet normal 0 1 0
    outer loop
      vertex -9 10 -19
      vertex -6.129908002520191 10 -11.219314512600802
      vertex -5.774247078195542 10 -12.39177145228181
    endloop
  endfacet
  facet normal 0 1 0
    outer loop
      vertex -9 10 -19
      vertex -6.25 10 -10
      vertex -6.129908002520191 10 -11.219314512600802
    endloop
  endfacet
  facet normal 0 1 0
    outer loop
      vertex -9 10 -19
      vertex -6.129908002520191 10 -8.780685487399198
      vertex -6.25 10 -10
    endloop
  endfacet
  facet normal 0 1 0
    outer loop
      vertex -9 10 -19
      vertex -5.774247078195542 10 -12.39177145228181
      vertex -5.196685076890907 10 -13.472313956372513
    endloop
  endfacet
  facet normal 0 1 0
    outer loop
      vertex -9 10 -19
      vertex -4.419417382415922 10 -14.419417382415922
      vertex -3.4723139563725134 10 -15.196685076890908
    endloop
  endfacet
  facet normal 0 1 0
    outer loop
      vertex -9 10 -19
      vertex -5.196685076890907 10 -13.472313956372513
      vertex -4.419417382415922 10 -14.419417382415922
    endloop
  endfacet
  facet normal -1 0 0
    outer loop
      vertex -10 9 -19
      vertex -10 -9 19
      vertex -10 7.585786437626904 19
    endloop
  endfacet
  facet normal 0 1 0
    outer loop
      vertex -9 10 -19
      vertex -9 10 19
      vertex -6.129908002520191 10 -8.780685487399198
    endloop
  endfacet
  facet normal -1 0 0
    outer loop
      vertex -10 7.585786437626904 19
      vertex -10 9 19
      vertex -10 9 -19
    endloop
  endfacet
  facet normal -0.7071067811865475 0.7071067811865475 0
    outer loop
      vertex -9 10 -19
      vertex -10 9 19
      vertex -9 10 19
    endloop
  endfacet
  facet normal 0 1 0
    outer loop
      vertex -6.129908002520191 10 -8.780685487399198
      vertex -9 10 19
      vertex -5.774247078195542 10 -7.6082285477181895
    endloop
  endfacet
  facet normal 0 1 0
    outer loop
      vertex -5.774247078195542 10 -7.6082285477181895
      vertex -9 10 19
      vertex -5.196685076890907 10 -6.527686043627487
    endloop
  endfacet
  facet normal 0 1 0
    outer loop
      vertex -5.196685076890907 10 -6.527686043627487
      vertex -9 10 19
      vertex -4.419417382415922 10 -5.580582617584078
    endloop
  endfacet
  facet normal 0 1 0
    outer loop
      vertex -4.419417382415922 10 -5.580582617584078
      vertex -9 10 19
      vertex -3.4723139563725134 10 -4.803314923109093
    endloop
  endfacet
  facet normal 0 -1 0
    outer loop
      vertex -9 -10 -19
      vertex -2.391771452281811 -10 -15.774247078195543
      vertex -3.4723139563725134 -10 -15.196685076890908
    endloop
  endfacet
  facet normal 0 -1 0
    outer loop
      vertex -9 -10 -19
      vertex -1.2193145126008016 -10 -16.12990800252019
      vertex -2.391771452281811 -10 -15.774247078195543
    endloop
  endfacet
  facet normal 0 -0.7071067811865476 -0.7071067811865476
    outer loop
      vertex -9 -10 -19
      vertex -9 -9 -20
      vertex 9 -9 -20
    endloop
  endfacet
  facet normal 0 -1 0
    outer loop
      vertex -9 -10 -19
      vertex 9 -10 -19
      vertex -1.2193145126008016 -10 -16.12990800252019
    endloop
  endfacet
  facet normal 0 -1 0
    outer loop
      vertex -3.4723139563725134 -10 -4.803314923109093
      vertex -2.391771452281811 -10 -4.225752921804458
      vertex -9 -10 11.715728752538098
    endloop
  endfacet
  facet normal 0 -1 0
    outer loop
      vertex -2.391771452281811 -10 -4.225752921804458
      vertex -1.2193145126008016 -10 -3.8700919974798094
      vertex -9 -10 11.715728752538098
    endloop
  endfacet
  facet normal 0 -1 0
    outer loop
      vertex -1.2193145126008016 -10 -3.8700919974798094
      vertex 0 -10 -3.75
      vertex -9 -10 11.715728752538098
    endloop
  endfacet
  facet normal 0 -1 0
    outer loop
      vertex 0 -10 -3.75
      vertex 1.2193145126008016 -10 -3.8700919974798094
      vertex -9 -10 11.715728752538098
    endloop
  endfacet
  facet normal 0 -1 0
    outer loop
      vertex 1.2193145126008016 -10 -3.8700919974798094
      vertex 2.391771452281811 -10 -4.225752921804458
      vertex -9 -10 11.715728752538098
    endloop
  endfacet
  facet normal 0 -1 0
    outer loop
      vertex 2.391771452281811 -10 -4.225752921804458
      vertex 3.4723139563725134 -10 -4.803314923109093
      vertex -9 -10 11.715728752538098
    endloop
  endfacet
  facet normal 0 -1 0
    outer loop
      vertex 4.419417382415922 -10 -5.580582617584078
      vertex -9 -10 11.715728752538098
      vertex 3.4723139563725134 -10 -4.803314923109093
    endloop
  endfacet
  facet normal 0 0 -1
    outer loop
      vertex -9 -9 -20
      vertex -9 9 -20
      vertex 9 9 -20
    endloop
  endfacet
  facet normal 0 1 0
    outer loop
      vertex -9 10 -19
      vertex -3.4723139563725134 10 -15.196685076890908
      vertex -2.391771452281811 10 -15.774247078195543
    endloop
  endfacet
  facet normal 0 1 0
    outer loop
      vertex -9 10 -19
      vertex -2.391771452281811 10 -15.774247078195543
      vertex -1.2193145126008016 10 -16.12990800252019
    endloop
  endfacet
  facet normal 0 0.7071067811865476 -0.7071067811865476
    outer loop
      vertex -9 9 -20
      vertex -9 10 -19
      vertex 9 9 -20
    endloop
  endfacet
  facet normal 0 1 0
    outer loop
      vertex -9 10 -19
      vertex -1.2193145126008016 10 -16.12990800252019
      vertex 9 10 -19
    endloop
  endfacet
  facet normal 0 1 0
    outer loop
      vertex -3.4723139563725134 10 -4.803314923109093
      vertex -9 10 19
      vertex -2.391771452281811 10 -4.225752921804458
    endloop
  endfacet
  facet normal 0 1 0
    outer loop
      vertex -2.391771452281811 10 -4.225752921804458
      vertex -9 10 19
      vertex 9 10 19
    endloop
  endfacet
  facet normal -0.7071067811865465 0 0.7071067811865486
    outer loop
      vertex -10 9 19
      vertex -10 7.585786437626904 19
      vertex -9.414213562373094 9 19.585786437626904
    endloop
  endfacet
  facet normal -0.5773502691896252 0.5773502691896252 0.5773502691896268
    outer loop
      vertex -10 9 19
      vertex -9.414213562373094 9 19.585786437626904
      vertex -9 10 19
    endloop
  endfacet
  facet normal -0.5773502691896255 0.5773502691896252 0.5773502691896266
    outer loop
      vertex -9 10 19
      vertex -9.414213562373094 9 19.585786437626904
      vertex -9 9.292893218813452 19.707106781186546
    endloop
  endfacet
  facet normal 0 0.7071067811865467 0.7071067811865485
    outer loop
      vertex -9 10 19
      vertex -9 9.292893218813452 19.707106781186546
      vertex 9 9.292893218813452 19.707106781186546
    endloop
  endfacet
  facet normal 0 -0.7071067811865476 -0.7071067811865476
    outer loop
      vertex -9 -10 -19
      vertex 9 -9 -20
      vertex 9 -10 -19
    endloop
  endfacet
  facet normal 0 -1 0
    outer loop
      vertex -1.2193145126008016 -10 -16.12990800252019
      vertex 9 -10 -19
      vertex 0 -10 -16.25
    endloop
  endfacet
  facet normal 0 -1 0
    outer loop
      vertex 0 -10 -16.25
      vertex 9 -10 -19
      vertex 1.2193145126008016 -10 -16.12990800252019
    endloop
  endfacet
  facet normal 0 -1 0
    outer loop
      vertex 1.2193145126008016 -10 -16.12990800252019
      vertex 9 -10 -19
      vertex 2.391771452281811 -10 -15.774247078195543
    endloop
  endfacet
  facet normal 0 -1 0
    outer loop
      vertex 2.391771452281811 -10 -15.774247078195543
      vertex 9 -10 -19
      vertex 3.4723139563725134 -10 -15.196685076890908
    endloop
  endfacet
  facet normal 0 0 -1
    outer loop
      vertex -9 -9 -20
      vertex 9 9 -20
      vertex 9 -9 -20
    endloop
  endfacet
  facet normal 0 -1 0
    outer loop
      vertex 4.419417382415922 -10 -5.580582617584078
      vertex 5.196685076890907 -10 -6.527686043627487
      vertex -9 -10 11.715728752538098
    endloop
  endfacet
  facet normal 0 -1 0
    outer loop
      vertex 5.196685076890907 -10 -6.527686043627487
      vertex 9 -10 11.715728752538098
      vertex -9 -10 11.715728752538098
    endloop
  endfacet
  facet normal 0 0.7071067811865476 -0.7071067811865476
    outer loop
      vertex -9 10 -19
      vertex 9 10 -19
      vertex 9 9 -20
    endloop
  endfacet
  facet normal 0 1 0
    outer loop
      vertex -1.2193145126008016 10 -16.12990800252019
      vertex 0 10 -16.25
      vertex 9 10 -19
    endloop
  endfacet
  facet normal 0 1 0
    outer loop
      vertex 0 10 -16.25
      vertex 1.2193145126008016 10 -16.12990800252019
      vertex 9 10 -19
    endloop
  endfacet
  facet normal 0 1 0
    outer loop
      vertex 1.2193145126008016 10 -16.12990800252019
      vertex 2.391771452281811 10 -15.774247078195543
      vertex 9 10 -19
    endloop
  endfacet
  facet normal 0 1 0
    outer loop
      vertex 2.391771452281811 10 -15.774247078195543
      vertex 3.4723139563725134 10 -15.196685076890908
      vertex 9 10 -19
    endloop
  endfacet
  facet normal 0 1 0
    outer loop
      vertex -2.391771452281811 10 -4.225752921804458
      vertex 9 10 19
      vertex -1.2193145126008016 10 -3.8700919974798094
    endloop
  endfacet
  facet normal 0 1 0
    outer loop
      vertex -1.2193145126008016 10 -3.8700919974798094
      vertex 9 10 19
      vertex 0 10 -3.75
    endloop
  endfacet
  facet normal 0 1 0
    outer loop
      vertex 0 10 -3.75
      vertex 9 10 19
      vertex 1.2193145126008016 10 -3.8700919974798094
    endloop
  endfacet
  facet normal 0 1 0
    outer loop
      vertex 1.2193145126008016 10 -3.8700919974798094
      vertex 9 10 19
      vertex 2.391771452281811 10 -4.225752921804458
    endloop
  endfacet
  facet normal 0 1 0
    outer loop
      vertex 2.391771452281811 10 -4.225752921804458
      vertex 9 10 19
      vertex 3.4723139563725134 10 -4.803314923109093
    endloop
  endfacet
  facet normal 0 -1 0
    outer loop
      vertex 3.4723139563725134 -10 -15.196685076890908
      vertex 9 -10 -19
      vertex 4.419417382415922 -10 -14.419417382415922
    endloop
  endfacet
  facet normal 0 -1 0
    outer loop
      vertex 4.419417382415922 -10 -14.419417382415922
      vertex 9 -10 -19
      vertex 5.196685076890907 -10 -13.472313956372513
    endloop
  endfacet
  facet normal 0 -1 0
    outer loop
      vertex 5.196685076890907 -10 -13.472313956372513
      vertex 9 -10 -19
      vertex 5.774247078195542 -10 -12.39177145228181
    endloop
  endfacet
  facet normal 0 -1 0
    outer loop
      vertex 5.774247078195542 -10 -12.39177145228181
      vertex 9 -10 -19
      vertex 6.129908002520191 -10 -11.219314512600802
    endloop
  endfacet
  facet normal 0 -1 0
    outer loop
      vertex 6.129908002520191 -10 -11.219314512600802
      vertex 9 -10 -19
      vertex 6.25 -10 -10
    endloop
  endfacet
  facet normal 0 -1 0
    outer loop
      vertex 9 -10 -19
      vertex 6.129908002520191 -10 -8.780685487399198
      vertex 6.25 -10 -10
    endloop
  endfacet
  facet normal 0.5773502691896258 -0.5773502691896258 -0.5773502691896258
    outer loop
      vertex 9 -10 -19
      vertex 9 -9 -20
      vertex 10 -9 -19
    endloop
  endfacet
  facet normal 0 -1 0
    outer loop
      vertex 9 -10 -19
      vertex 9 -10 11.715728752538098
      vertex 6.129908002520191 -10 -8.780685487399198
    endloop
  endfacet
  facet normal 0.7071067811865476 -0.7071067811865476 0
    outer loop
      vertex 9 -10 -19
      vertex 10 -9 -19
      vertex 9 -10 11.715728752538098
    endloop
  endfacet
  facet normal 0.7071067811865476 0 -0.7071067811865476
    outer loop
      vertex 9 -9 -20
      vertex 9 9 -20
      vertex 10 -9 -19
    endloop
  endfacet
  facet normal 0 -1 0
    outer loop
      vertex 5.774247078195542 -10 -7.6082285477181895
      vertex 9 -10 11.715728752538098
      vertex 5.196685076890907 -10 -6.527686043627487
    endloop
  endfacet
  facet normal 0 -1 0
    outer loop
      vertex 6.129908002520191 -10 -8.780685487399198
      vertex 9 -10 11.715728752538098
      vertex 5.774247078195542 -10 -7.6082285477181895
    endloop
  endfacet
  facet normal 0.7071067811865475 -0.7071067811865475 0
    outer loop
      vertex 10 -9 -19
      vertex 10 -9 12.129942314911194
      vertex 9 -10 11.715728752538098
    endloop
  endfacet
  facet normal 1 0 0
    outer loop
      vertex 10 -9 -19
      vertex 10 9 19
      vertex 10 -9 12.129942314911194
    endloop
  endfacet
  facet normal 0 1 0
    outer loop
      vertex 3.4723139563725134 10 -15.196685076890908
      vertex 4.419417382415922 10 -14.419417382415922
      vertex 9 10 -19
    endloop
  endfacet
  facet normal 0 1 0
    outer loop
      vertex 4.419417382415922 10 -14.419417382415922
      vertex 5.196685076890907 10 -13.472313956372513
      vertex 9 10 -19
    endloop
  endfacet
  facet normal 0 1 0
    outer loop
      vertex 5.196685076890907 10 -13.472313956372513
      vertex 5.774247078195542 10 -12.39177145228181
      vertex 9 10 -19
    endloop
  endfacet
  facet normal 0 1 0
    outer loop
      vertex 5.774247078195542 10 -12.39177145228181
      vertex 6.129908002520191 10 -11.219314512600802
      vertex 9 10 -19
    endloop
  endfacet
  facet normal 0 1 0
    outer loop
      vertex 6.129908002520191 10 -11.219314512600802
      vertex 6.25 10 -10
      vertex 9 10 -19
    endloop
  endfacet
  facet normal 0.7071067811865476 0 -0.7071067811865476
    outer loop
      vertex 10 -9 -19
      vertex 9 9 -20
      vertex 10 9 -19
    endloop
  endfacet
  facet normal 1 0 0
    outer loop
      vertex 10 -9 -19
      vertex 10 9 -19
      vertex 10 9 19
    endloop
  endfacet
  facet normal 0.5773502691896258 0.5773502691896258 -0.5773502691896258
    outer loop
      vertex 9 9 -20
      vertex 9 10 -19
      vertex 10 9 -19
    endloop
  endfacet
  facet normal 0 1 0
    outer loop
      vertex 9 10 -19
      vertex 6.25 10 -10
      vertex 9 10 19
    endloop
  endfacet
  facet normal 0.7071067811865475 0.7071067811865475 0
    outer loop
      vertex 9 10 -19
      vertex 9 10 19
      vertex 10 9 -19
    endloop
  endfacet
  facet normal 0 1 0
    outer loop
      vertex 4.419417382415922 10 -5.580582617584078
      vertex 3.4723139563725134 10 -4.803314923109093
      vertex 9 10 19
    endloop
  endfacet
  facet normal 0 1 0
    outer loop
      vertex 4.419417382415922 10 -5.580582617584078
      vertex 9 10 19
      vertex 5.196685076890907 10 -6.527686043627487
    endloop
  endfacet
  facet normal 0 1 0
    outer loop
      vertex 6.129908002520191 10 -8.780685487399198
      vertex 5.774247078195542 10 -7.6082285477181895
      vertex 9 10 19
    endloop
  endfacet
  facet normal 0 1 0
    outer loop
      vertex 6.129908002520191 10 -8.780685487399198
      vertex 9 10 19
      vertex 6.25 10 -10
    endloop
  endfacet
  facet normal 0 1 0
    outer loop
      vertex 5.774247078195542 10 -7.6082285477181895
      vertex 5.196685076890907 10 -6.527686043627487
      vertex 9 10 19
    endloop
  endfacet
  facet normal 0.7071067811865475 0.7071067811865475 0
    outer loop
      vertex 10 9 -19
      vertex 9 10 19
      vertex 10 9 19
    endloop
  endfacet
  facet normal 0 0.7071067811865467 0.7071067811865485
    outer loop
      vertex -9 10 19
      vertex 9 9.292893218813452 19.707106781186546
      vertex 9 10 19
    endloop
  endfacet
  facet normal 1 0 0
    outer loop
      vertex 10 7.585786437626904 19
      vertex 10 -9 19
      vertex 10 -9 12.129942314911194
    endloop
  endfacet
  facet normal 1 0 0
    outer loop
      vertex 10 9 19
      vertex 10 7.585786437626904 19
      vertex 10 -9 12.129942314911194
    endloop
  endfacet
  facet normal 0.5773502691896255 0.5773502691896252 0.5773502691896266
    outer loop
      vertex 9 10 19
      vertex 9 9.292893218813452 19.707106781186546
      vertex 9.414213562373094 9 19.585786437626904
    endloop
  endfacet
  facet normal 0.7071067811865465 0 0.7071067811865486
    outer loop
      vertex 10 9 19
      vertex 9.414213562373094 9 19.585786437626904
      vertex 10 7.585786437626904 19
    endloop
  endfacet
  facet normal 0.5773502691896252 0.5773502691896252 0.5773502691896268
    outer loop
      vertex 9 10 19
      vertex 9.414213562373094 9 19.585786437626904
      vertex 10 9 19
    endloop
  endfacet
  facet normal -0.7071067811865468 -0.5000000000000004 -0.5000000000000004
    outer loop
      vertex -10 -31.01219330881976 34.14213562373095
      vertex -9 -10 11.715728752538098
      vertex -9 -31.719300090006307 33.435028842544405
    endloop
  endfacet
  facet normal 0 -0.7071067811865476 -0.7071067811865476
    outer loop
      vertex -6.129908002520191 -24.49315349906818 26.208882251606276
      vertex -9 -31.719300090006307 33.435028842544405
      vertex -9 -10 11.715728752538098
    endloop
  endfacet
  facet normal 0 -0.7071067811865476 -0.7071067811865476
    outer loop
      vertex -9 -31.719300090006307 33.435028842544405
      vertex -6.129908002520191 -26.217524619586577 27.933253372124675
      vertex -5.774247078195542 -27.04657687228424 28.76230562482234
    endloop
  endfacet
  facet normal 0 -0.7071067811865475 -0.7071067811865475
    outer loop
      vertex -9 -31.719300090006307 33.435028842544405
      vertex -6.25 -25.355339059327378 27.071067811865476
      vertex -6.129908002520191 -26.217524619586577 27.933253372124675
    endloop
  endfacet
  facet normal 0 -0.7071067811865476 -0.7071067811865476
    outer loop
      vertex -6.129908002520191 -24.49315349906818 26.208882251606276
      vertex -6.25 -25.355339059327378 27.071067811865476
      vertex -9 -31.719300090006307 33.435028842544405
    endloop
  endfacet
  facet normal 0 -0.7071067811865475 -0.7071067811865475
    outer loop
      vertex -9 -31.719300090006307 33.435028842544405
      vertex -5.774247078195542 -27.04657687228424 28.76230562482234
      vertex -5.196685076890907 -27.810635804287074 29.526364556825172
    endloop
  endfacet
  facet normal -0.577350269189625 -0.8164965809277266 0
    outer loop
      vertex -10 -31.01219330881976 34.14213562373095
      vertex -9 -31.719300090006307 33.435028842544405
      vertex -9 -31.719300090006307 34.8492424049175
    endloop
  endfacet
  facet normal -0.7071067811865468 -0.5000000000000004 0.5000000000000004
    outer loop
      vertex -10 -31.01219330881976 34.14213562373095
      vertex -9 -31.719300090006307 34.8492424049175
      vertex -9 -18.991378028648448 47.577164466275356
    endloop
  endfacet
  facet normal -0.7071067811865462 -0.5000000000000009 0.5000000000000009
    outer loop
      vertex -10 -31.01219330881976 34.14213562373095
      vertex -9 -18.991378028648448 47.577164466275356
      vertex -10 -18.284271247461902 46.87005768508881
    endloop
  endfacet
  facet normal 0 -0.7071067811865476 -0.7071067811865476
    outer loop
      vertex -9 -31.719300090006307 33.435028842544405
      vertex -5.196685076890907 -27.810635804287074 29.526364556825172
      vertex -4.419417382415922 -28.480339059327378 30.196067811865476
    endloop
  endfacet
  facet normal 0 -0.7071067811865476 -0.7071067811865476
    outer loop
      vertex -9 -31.719300090006307 33.435028842544405
      vertex -4.419417382415922 -28.480339059327378 30.196067811865476
      vertex -3.4723139563725134 -29.029950316887874 30.74567906942597
    endloop
  endfacet
  facet normal -0.7071067811865476 -0.49999999999999994 -0.5
    outer loop
      vertex -10 -31.01219330881976 34.14213562373095
      vertex -10 -9 12.129942314911194
      vertex -9 -10 11.715728752538098
    endloop
  endfacet
  facet normal -1 0 0
    outer loop
      vertex -10 -31.01219330881976 34.14213562373095
      vertex -10 -9 19
      vertex -10 -9 12.129942314911194
    endloop
  endfacet
  facet normal 0 -0.7071067811865475 -0.7071067811865475
    outer loop
      vertex -6.129908002520191 -24.49315349906818 26.208882251606276
      vertex -9 -10 11.715728752538098
      vertex -5.774247078195542 -23.664101246370514 25.379829998908612
    endloop
  endfacet
  facet normal 0 -0.7071067811865476 -0.7071067811865476
    outer loop
      vertex -5.774247078195542 -23.664101246370514 25.379829998908612
      vertex -9 -10 11.715728752538098
      vertex -5.196685076890907 -22.90004231436768 24.61577106690578
    endloop
  endfacet
  facet normal 0 -0.7071067811865475 -0.7071067811865475
    outer loop
      vertex -5.196685076890907 -22.90004231436768 24.61577106690578
      vertex -9 -10 11.715728752538098
      vertex -4.419417382415922 -22.230339059327378 23.946067811865476
    endloop
  endfacet
  facet normal 0 -0.7071067811865476 -0.7071067811865476
    outer loop
      vertex -4.419417382415922 -22.230339059327378 23.946067811865476
      vertex -9 -10 11.715728752538098
      vertex -3.4723139563725134 -21.680727801766885 23.396456554304983
    endloop
  endfacet
  facet normal -0.577350269189625 0 0.8164965809277266
    outer loop
      vertex -9 -18.991378028648448 47.577164466275356
      vertex -9 -17.577164466275356 47.577164466275356
      vertex -10 -18.284271247461902 46.87005768508881
    endloop
  endfacet
  facet normal -1 0 0
    outer loop
      vertex -10 -31.01219330881976 34.14213562373095
      vertex -10 -18.284271247461902 46.87005768508881
      vertex -10 8.585786437626904 20
    endloop
  endfacet
  facet normal 2.8967007212710507e-15 0.7071067811865467 0.7071067811865485
    outer loop
      vertex -9 -17.577164466275356 47.577164466275356
      vertex -5.774247078195542 -12.904441248553294 42.90444124855329
      vertex -6.129908002520191 -12.075388995855626 42.075388995855626
    endloop
  endfacet
  facet normal 0 0.7071067811865475 0.7071067811865475
    outer loop
      vertex -9 -17.577164466275356 47.577164466275356
      vertex -6.129908002520191 -12.075388995855626 42.075388995855626
      vertex -6.25 -11.213203435596427 41.21320343559643
    endloop
  endfacet
  facet normal 4.865248269270924e-16 0.7071067811865478 0.7071067811865474
    outer loop
      vertex -9 -17.577164466275356 47.577164466275356
      vertex -5.196685076890907 -13.66850018055612 43.668500180556116
      vertex -5.774247078195542 -12.904441248553294 42.90444124855329
    endloop
  endfacet
  facet normal -9.380981675104086e-15 0.7071067811865498 0.7071067811865451
    outer loop
      vertex -9 -17.577164466275356 47.577164466275356
      vertex -6.25 -11.213203435596427 41.21320343559643
      vertex -6.129908002520191 -10.35101787533723 40.35101787533723
    endloop
  endfacet
  facet normal -1.5742611974122387e-15 0.7071067811865486 0.7071067811865464
    outer loop
      vertex -9 -17.577164466275356 47.577164466275356
      vertex -4.419417382415922 -14.338203435596427 44.33820343559643
      vertex -5.196685076890907 -13.66850018055612 43.668500180556116
    endloop
  endfacet
  facet normal 1.3493667406390665e-15 0.7071067811865465 0.7071067811865487
    outer loop
      vertex -9 -17.577164466275356 47.577164466275356
      vertex -3.4723139563725134 -14.887814693156923 44.88781469315692
      vertex -4.419417382415922 -14.338203435596427 44.33820343559643
    endloop
  endfacet
  facet normal 0 -0.7071067811865475 -0.7071067811865475
    outer loop
      vertex -9 -31.719300090006307 33.435028842544405
      vertex -3.4723139563725134 -29.029950316887874 30.74567906942597
      vertex -2.391771452281811 -29.438348324566057 31.154077077104155
    endloop
  endfacet
  facet normal 0 -0.7071067811865475 -0.7071067811865475
    outer loop
      vertex -9 -31.719300090006307 33.435028842544405
      vertex -2.391771452281811 -29.438348324566057 31.154077077104155
      vertex -1.2193145126008016 -29.68983857595909 31.405567328497188
    endloop
  endfacet
  facet normal 0 -0.7071067811865476 -0.7071067811865476
    outer loop
      vertex -9 -31.719300090006307 33.435028842544405
      vertex -1.2193145126008016 -29.68983857595909 31.405567328497188
      vertex 0 -29.7747564417433 31.490485194281398
    endloop
  endfacet
  facet normal 0 -1 0
    outer loop
      vertex -9 -31.719300090006307 33.435028842544405
      vertex 9 -31.719300090006307 33.435028842544405
      vertex -9 -31.719300090006307 34.8492424049175
    endloop
  endfacet
  facet normal 0 -0.7071067811865476 -0.7071067811865476
    outer loop
      vertex -9 -31.719300090006307 33.435028842544405
      vertex 0 -29.7747564417433 31.490485194281398
      vertex 1.2193145126008016 -29.68983857595909 31.405567328497188
    endloop
  endfacet
  facet normal 0 -0.7071067811865475 0.7071067811865475
    outer loop
      vertex -9 -31.719300090006307 34.8492424049175
      vertex 9 -31.719300090006307 34.8492424049175
      vertex -9 -18.991378028648448 47.577164466275356
    endloop
  endfacet
  facet normal 0 -0.7071067811865476 -0.7071067811865476
    outer loop
      vertex -3.4723139563725134 -21.680727801766885 23.396456554304983
      vertex -9 -10 11.715728752538098
      vertex -2.391771452281811 -21.272329794088698 22.988058546626796
    endloop
  endfacet
  facet normal 0 -0.7071067811865476 -0.7071067811865476
    outer loop
      vertex -2.391771452281811 -21.272329794088698 22.988058546626796
      vertex -9 -10 11.715728752538098
      vertex -1.2193145126008016 -21.02083954269567 22.736568295233766
    endloop
  endfacet
  facet normal 0 -0.7071067811865476 -0.7071067811865476
    outer loop
      vertex -1.2193145126008016 -21.02083954269567 22.736568295233766
      vertex -9 -10 11.715728752538098
      vertex 0 -20.935921676911455 22.651650429449553
    endloop
  endfacet
  facet normal 0 -0.7071067811865475 -0.7071067811865475
    outer loop
      vertex 0 -20.935921676911455 22.651650429449553
      vertex -9 -10 11.715728752538098
      vertex 1.2193145126008016 -21.020839542695665 22.736568295233763
    endloop
  endfacet
  facet normal 0 -0.7071067811865476 -0.7071067811865476
    outer loop
      vertex 1.2193145126008016 -21.020839542695665 22.736568295233763
      vertex -9 -10 11.715728752538098
      vertex 2.391771452281811 -21.272329794088698 22.988058546626796
    endloop
  endfacet
  facet normal 0 -0.7071067811865476 -0.7071067811865476
    outer loop
      vertex 3.4723139563725134 -21.680727801766885 23.396456554304983
      vertex 2.391771452281811 -21.272329794088698 22.988058546626796
      vertex -9 -10 11.715728752538098
    endloop
  endfacet
  facet normal 0 -0.7071067811865475 -0.7071067811865475
    outer loop
      vertex 3.4723139563725134 -21.680727801766885 23.396456554304983
      vertex -9 -10 11.715728752538098
      vertex 4.419417382415922 -22.230339059327378 23.946067811865476
    endloop
  endfacet
  facet normal 1.3035153245719775e-15 0.7071067811865457 0.7071067811865495
    outer loop
      vertex -9 -17.577164466275356 47.577164466275356
      vertex -1.2193145126008016 -15.54770295222814 45.547702952228136
      vertex -2.391771452281811 -15.296212700835106 45.296212700835106
    endloop
  endfacet
  facet normal 0 0 1
    outer loop
      vertex -9 -18.991378028648448 47.577164466275356
      vertex 9 -17.577164466275356 47.577164466275356
      vertex -9 -17.577164466275356 47.577164466275356
    endloop
  endfacet
  facet normal -1.09468086058595e-15 0.7071067811865492 0.7071067811865458
    outer loop
      vertex -9 -17.577164466275356 47.577164466275356
      vertex -2.391771452281811 -15.296212700835106 45.296212700835106
      vertex -3.4723139563725134 -14.887814693156923 44.88781469315692
    endloop
  endfacet
  facet normal 0 0.7071067811865481 0.7071067811865469
    outer loop
      vertex -9 -17.577164466275356 47.577164466275356
      vertex 9 -17.577164466275356 47.577164466275356
      vertex -1.2193145126008016 -15.54770295222814 45.547702952228136
    endloop
  endfacet
  facet normal -1 0 0
    outer loop
      vertex -10 -31.01219330881976 34.14213562373095
      vertex -10 8.585786437626904 20
      vertex -10 -9 19
    endloop
  endfacet
  facet normal -0.7071067811865468 0.5000000000000006 0.5000000000000006
    outer loop
      vertex -10 -18.284271247461902 46.87005768508881
      vertex -9 -17.577164466275356 47.577164466275356
      vertex -9 9.292893218813452 20.707106781186546
    endloop
  endfacet
  facet normal 7.817934642960851e-16 0.7071067811865476 0.7071067811865476
    outer loop
      vertex -9 -17.577164466275356 47.577164466275356
      vertex -6.129908002520191 -10.35101787533723 40.35101787533723
      vertex -9 9.292893218813452 20.707106781186546
    endloop
  endfacet
  facet normal 0 0.7071067811865476 0.7071067811865476
    outer loop
      vertex -9 9.292893218813452 20.707106781186546
      vertex -6.129908002520191 -10.35101787533723 40.35101787533723
      vertex -5.774247078195542 -9.521965622639563 39.52196562263956
    endloop
  endfacet
  facet normal 0 0.7071067811865475 0.7071067811865475
    outer loop
      vertex -9 9.292893218813452 20.707106781186546
      vertex -5.774247078195542 -9.521965622639563 39.52196562263956
      vertex -5.196685076890907 -8.757906690636732 38.75790669063673
    endloop
  endfacet
  facet normal 0 0.7071067811865476 0.7071067811865476
    outer loop
      vertex -9 9.292893218813452 20.707106781186546
      vertex -5.196685076890907 -8.757906690636732 38.75790669063673
      vertex -4.419417382415922 -8.088203435596427 38.08820343559643
    endloop
  endfacet
  facet normal 0 0.7071067811865476 0.7071067811865476
    outer loop
      vertex -9 9.292893218813452 20.707106781186546
      vertex -4.419417382415922 -8.088203435596427 38.08820343559643
      vertex -3.4723139563725134 -7.5385921780359295 37.53859217803593
    endloop
  endfacet
  facet normal -1 0 0
    outer loop
      vertex -10 8.585786437626904 20
      vertex -10 7.585786437626904 19
      vertex -10 -9 19
    endloop
  endfacet
  facet normal -0.7071067811865485 0.4999999999999993 0.4999999999999992
    outer loop
      vertex -10 -18.284271247461902 46.87005768508881
      vertex -9 9.292893218813452 20.707106781186546
      vertex -10 8.585786437626904 20
    endloop
  endfacet
  facet normal -0.7071067811865476 0.5 -0.5
    outer loop
      vertex -10 8.585786437626904 20
      vertex -9.414213562373094 9 19.585786437626904
      vertex -10 7.585786437626904 19
    endloop
  endfacet
  facet normal -0.5773502691896258 0.8164965809277259 -1.6413513209470398e-16
    outer loop
      vertex -10 8.585786437626904 20
      vertex -9 9.292893218813452 20.707106781186546
      vertex -9.414213562373094 9 19.585786437626904
    endloop
  endfacet
  facet normal -0.5773502691896263 0.8164965809277258 0
    outer loop
      vertex -9 9.292893218813452 20.707106781186546
      vertex -9 9.292893218813452 19.707106781186546
      vertex -9.414213562373094 9 19.585786437626904
    endloop
  endfacet
  facet normal 0 0.7071067811865475 0.7071067811865475
    outer loop
      vertex -9 9.292893218813452 20.707106781186546
      vertex -3.4723139563725134 -7.5385921780359295 37.53859217803593
      vertex -2.391771452281811 -7.1301941703577505 37.13019417035775
    endloop
  endfacet
  facet normal 1.9215878121078037e-15 0.7071067811865478 0.7071067811865472
    outer loop
      vertex -9 9.292893218813452 20.707106781186546
      vertex -2.391771452281811 -7.1301941703577505 37.13019417035775
      vertex -1.2193145126008016 -6.878703918964716 36.87870391896471
    endloop
  endfacet
  facet normal -1.9723441717726155e-15 0.707106781186547 0.707106781186548
    outer loop
      vertex -9 9.292893218813452 20.707106781186546
      vertex -1.2193145126008016 -6.878703918964716 36.87870391896471
      vertex 0 -6.793786053180505 36.793786053180504
    endloop
  endfacet
  facet normal -4.264550089655816e-15 0.7071067811865465 0.7071067811865486
    outer loop
      vertex -9 9.292893218813452 20.707106781186546
      vertex 0 -6.793786053180505 36.793786053180504
      vertex 1.2193145126008016 -6.878703918964714 36.87870391896472
    endloop
  endfacet
  facet normal 4.904610103838766e-15 0.7071067811865488 0.7071067811865462
    outer loop
      vertex -9 9.292893218813452 20.707106781186546
      vertex 1.2193145126008016 -6.878703918964714 36.87870391896472
      vertex 2.391771452281811 -7.130194170357749 37.13019417035775
    endloop
  endfacet
  facet normal 0 1 0
    outer loop
      vertex -9 9.292893218813452 20.707106781186546
      vertex 9 9.292893218813452 19.707106781186546
      vertex -9 9.292893218813452 19.707106781186546
    endloop
  endfacet
  facet normal 0 -0.7071067811865475 -0.7071067811865475
    outer loop
      vertex -9 -31.719300090006307 33.435028842544405
      vertex 1.2193145126008016 -29.68983857595909 31.405567328497188
      vertex 9 -31.719300090006307 33.435028842544405
    endloop
  endfacet
  facet normal 0 -1 0
    outer loop
      vertex -9 -31.719300090006307 34.8492424049175
      vertex 9 -31.719300090006307 33.435028842544405
      vertex 9 -31.719300090006307 34.8492424049175
    endloop
  endfacet
  facet normal 0 -0.7071067811865475 -0.7071067811865475
    outer loop
      vertex 1.2193145126008016 -29.68983857595909 31.405567328497188
      vertex 2.391771452281811 -29.438348324566057 31.154077077104155
      vertex 9 -31.719300090006307 33.435028842544405
    endloop
  endfacet
  facet normal 0 -0.7071067811865475 -0.7071067811865475
    outer loop
      vertex 2.391771452281811 -29.438348324566057 31.154077077104155
      vertex 3.4723139563725134 -29.029950316887874 30.74567906942597
      vertex 9 -31.719300090006307 33.435028842544405
    endloop
  endfacet
  facet normal 0 -0.7071067811865475 0.7071067811865475
    outer loop
      vertex -9 -18.991378028648448 47.577164466275356
      vertex 9 -31.719300090006307 34.8492424049175
      vertex 9 -18.991378028648448 47.577164466275356
    endloop
  endfacet
  facet normal 0 -0.7071067811865475 -0.7071067811865475
    outer loop
      vertex 4.419417382415922 -22.230339059327378 23.946067811865476
      vertex -9 -10 11.715728752538098
      vertex 5.196685076890907 -22.90004231436768 24.61577106690578
    endloop
  endfacet
  facet normal 0 -0.7071067811865476 -0.7071067811865476
    outer loop
      vertex 5.196685076890907 -22.90004231436768 24.61577106690578
      vertex -9 -10 11.715728752538098
      vertex 9 -10 11.715728752538098
    endloop
  endfacet
  facet normal 0 0 1
    outer loop
      vertex -9 -18.991378028648448 47.577164466275356
      vertex 9 -18.991378028648448 47.577164466275356
      vertex 9 -17.577164466275356 47.577164466275356
    endloop
  endfacet
  facet normal -3.041490152475159e-15 0.7071067811865406 0.7071067811865546
    outer loop
      vertex -1.2193145126008016 -15.54770295222814 45.547702952228136
      vertex 9 -17.577164466275356 47.577164466275356
      vertex 0 -15.632620818012349 45.63262081801235
    endloop
  endfacet
  facet normal -1.5586890730145882e-15 0.7071067811865438 0.707106781186551
    outer loop
      vertex 0 -15.632620818012349 45.63262081801235
      vertex 9 -17.577164466275356 47.577164466275356
      vertex 1.2193145126008016 -15.54770295222814 45.54770295222814
    endloop
  endfacet
  facet normal 1.3216197040799143e-15 0.7071067811865495 0.7071067811865456
    outer loop
      vertex 1.2193145126008016 -15.54770295222814 45.54770295222814
      vertex 9 -17.577164466275356 47.577164466275356
      vertex 2.391771452281811 -15.296212700835106 45.296212700835106
    endloop
  endfacet
  facet normal -1.1098847614274268e-15 0.7071067811865459 0.7071067811865491
    outer loop
      vertex 2.391771452281811 -15.296212700835106 45.296212700835106
      vertex 9 -17.577164466275356 47.577164466275356
      vertex 3.4723139563725134 -14.887814693156923 44.887814693156926
    endloop
  endfacet
  facet normal 0 -0.7071067811865475 -0.7071067811865475
    outer loop
      vertex 5.196685076890907 -27.810635804287074 29.526364556825172
      vertex 5.774247078195542 -27.04657687228424 28.76230562482234
      vertex 9 -31.719300090006307 33.435028842544405
    endloop
  endfacet
  facet normal 0 -0.7071067811865476 -0.7071067811865476
    outer loop
      vertex 5.774247078195542 -27.04657687228424 28.76230562482234
      vertex 6.129908002520191 -26.217524619586577 27.933253372124675
      vertex 9 -31.719300090006307 33.435028842544405
    endloop
  endfacet
  facet normal 0 -0.7071067811865476 -0.7071067811865476
    outer loop
      vertex 6.129908002520191 -26.217524619586577 27.933253372124675
      vertex 6.25 -25.355339059327378 27.071067811865476
      vertex 9 -31.719300090006307 33.435028842544405
    endloop
  endfacet
  facet normal 0 -0.7071067811865476 -0.7071067811865476
    outer loop
      vertex 6.25 -25.355339059327378 27.071067811865476
      vertex 9 -10 11.715728752538098
      vertex 9 -31.719300090006307 33.435028842544405
    endloop
  endfacet
  facet normal 0.7071067811865468 -0.5000000000000004 -0.5000000000000004
    outer loop
      vertex 9 -31.719300090006307 33.435028842544405
      vertex 9 -10 11.715728752538098
      vertex 10 -31.01219330881976 34.14213562373095
    endloop
  endfacet
  facet normal 0 -0.7071067811865476 -0.7071067811865476
    outer loop
      vertex 3.4723139563725134 -29.029950316887874 30.74567906942597
      vertex 4.419417382415922 -28.480339059327378 30.196067811865476
      vertex 9 -31.719300090006307 33.435028842544405
    endloop
  endfacet
  facet normal 0 -0.7071067811865476 -0.7071067811865476
    outer loop
      vertex 4.419417382415922 -28.480339059327378 30.196067811865476
      vertex 5.196685076890907 -27.810635804287074 29.526364556825172
      vertex 9 -31.719300090006307 33.435028842544405
    endloop
  endfacet
  facet normal 0.577350269189625 -0.8164965809277266 0
    outer loop
      vertex 9 -31.719300090006307 33.435028842544405
      vertex 10 -31.01219330881976 34.14213562373095
      vertex 9 -31.719300090006307 34.8492424049175
    endloop
  endfacet
  facet normal 0.7071067811865468 -0.5000000000000004 0.5000000000000004
    outer loop
      vertex 10 -31.01219330881976 34.14213562373095
      vertex 9 -18.991378028648448 47.577164466275356
      vertex 9 -31.719300090006307 34.8492424049175
    endloop
  endfacet
  facet normal 0.7071067811865462 -0.5000000000000009 0.5000000000000009
    outer loop
      vertex 10 -31.01219330881976 34.14213562373095
      vertex 10 -18.284271247461902 46.87005768508881
      vertex 9 -18.991378028648448 47.577164466275356
    endloop
  endfacet
  facet normal 0 -0.7071067811865476 -0.7071067811865476
    outer loop
      vertex 5.196685076890907 -22.90004231436768 24.61577106690578
      vertex 9 -10 11.715728752538098
      vertex 5.774247078195542 -23.664101246370514 25.379829998908612
    endloop
  endfacet
  facet normal 0 -0.7071067811865475 -0.7071067811865475
    outer loop
      vertex 6.129908002520191 -24.49315349906818 26.208882251606276
      vertex 5.774247078195542 -23.664101246370514 25.379829998908612
      vertex 9 -10 11.715728752538098
    endloop
  endfacet
  facet normal 0 -0.7071067811865476 -0.7071067811865476
    outer loop
      vertex 6.129908002520191 -24.49315349906818 26.208882251606276
      vertex 9 -10 11.715728752538098
      vertex 6.25 -25.355339059327378 27.071067811865476
    endloop
  endfacet
  facet normal 0.7071067811865476 -0.49999999999999994 -0.5
    outer loop
      vertex 10 -31.01219330881976 34.14213562373095
      vertex 9 -10 11.715728752538098
      vertex 10 -9 12.129942314911194
    endloop
  endfacet
  facet normal 1 0 0
    outer loop
      vertex 10 -31.01219330881976 34.14213562373095
      vertex 10 -9 12.129942314911194
      vertex 10 -9 19
    endloop
  endfacet
  facet normal 1.46181396902565e-15 0.7071067811865486 0.7071067811865465
    outer loop
      vertex 4.419417382415922 -14.338203435596427 44.33820343559643
      vertex 9 -17.577164466275356 47.577164466275356
      vertex 5.196685076890907 -13.66850018055612 43.668500180556116
    endloop
  endfacet
  facet normal 1.461813969025651e-15 0.7071067811865485 0.7071067811865465
    outer loop
      vertex 3.4723139563725134 -14.887814693156923 44.887814693156926
      vertex 9 -17.577164466275356 47.577164466275356
      vertex 4.419417382415922 -14.338203435596427 44.33820343559643
    endloop
  endfacet
  facet normal -6.0815603365886634e-15 0.707106781186545 0.7071067811865501
    outer loop
      vertex 5.196685076890907 -13.66850018055612 43.668500180556116
      vertex 9 -17.577164466275356 47.577164466275356
      vertex 5.774247078195542 -12.90444124855329 42.9044412485533
    endloop
  endfacet
  facet normal 9.124607272003814e-15 0.7071067811865501 0.7071067811865449
    outer loop
      vertex 6.129908002520191 -12.07538899585563 42.075388995855626
      vertex 5.774247078195542 -12.90444124855329 42.9044412485533
      vertex 9 -17.577164466275356 47.577164466275356
    endloop
  endfacet
  facet normal -5.0078363791632746e-15 0.7071067811865465 0.7071067811865486
    outer loop
      vertex 6.129908002520191 -12.07538899585563 42.075388995855626
      vertex 9 -17.577164466275356 47.577164466275356
      vertex 6.25 -11.213203435596427 41.21320343559643
    endloop
  endfacet
  facet normal 9.380981675104086e-15 0.7071067811865498 0.7071067811865451
    outer loop
      vertex 9 -17.577164466275356 47.577164466275356
      vertex 6.129908002520191 -10.35101787533723 40.35101787533723
      vertex 6.25 -11.213203435596427 41.21320343559643
    endloop
  endfacet
  facet normal 1 0 0
    outer loop
      vertex 10 -31.01219330881976 34.14213562373095
      vertex 10 -9 19
      vertex 10 -18.284271247461902 46.87005768508881
    endloop
  endfacet
  facet normal 0.577350269189625 0 0.8164965809277266
    outer loop
      vertex 9 -18.991378028648448 47.577164466275356
      vertex 10 -18.284271247461902 46.87005768508881
      vertex 9 -17.577164466275356 47.577164466275356
    endloop
  endfacet
  facet normal 0 0.7071067811865475 0.7071067811865475
    outer loop
      vertex 9 9.292893218813452 20.707106781186546
      vertex 2.391771452281811 -7.130194170357749 37.13019417035775
      vertex 3.4723139563725134 -7.53859217803593 37.53859217803593
    endloop
  endfacet
  facet normal 0 0.7071067811865476 0.7071067811865476
    outer loop
      vertex -9 9.292893218813452 20.707106781186546
      vertex 2.391771452281811 -7.130194170357749 37.13019417035775
      vertex 9 9.292893218813452 20.707106781186546
    endloop
  endfacet
  facet normal 0 1 0
    outer loop
      vertex -9 9.292893218813452 20.707106781186546
      vertex 9 9.292893218813452 20.707106781186546
      vertex 9 9.292893218813452 19.707106781186546
    endloop
  endfacet
  facet normal 1 0 0
    outer loop
      vertex 10 -18.284271247461902 46.87005768508881
      vertex 10 -9 19
      vertex 10 8.585786437626904 20
    endloop
  endfacet
  facet normal 0 0.7071067811865476 0.7071067811865476
    outer loop
      vertex 9 9.292893218813452 20.707106781186546
      vertex 3.4723139563725134 -7.53859217803593 37.53859217803593
      vertex 4.419417382415922 -8.088203435596428 38.08820343559643
    endloop
  endfacet
  facet normal 0 0.7071067811865476 0.7071067811865476
    outer loop
      vertex 9 9.292893218813452 20.707106781186546
      vertex 4.419417382415922 -8.088203435596428 38.08820343559643
      vertex 5.196685076890907 -8.757906690636734 38.75790669063673
    endloop
  endfacet
  facet normal 4.291506254793556e-15 0.7071067811865472 0.7071067811865478
    outer loop
      vertex 9 9.292893218813452 20.707106781186546
      vertex 5.774247078195542 -9.521965622639561 39.52196562263956
      vertex 6.129908002520191 -10.35101787533723 40.35101787533723
    endloop
  endfacet
  facet normal -3.0150117896131494e-15 0.7071067811865479 0.7071067811865471
    outer loop
      vertex 9 9.292893218813452 20.707106781186546
      vertex 5.196685076890907 -8.757906690636734 38.75790669063673
      vertex 5.774247078195542 -9.521965622639561 39.52196562263956
    endloop
  endfacet
  facet normal -7.817934642960851e-16 0.7071067811865476 0.7071067811865476
    outer loop
      vertex 9 -17.577164466275356 47.577164466275356
      vertex 9 9.292893218813452 20.707106781186546
      vertex 6.129908002520191 -10.35101787533723 40.35101787533723
    endloop
  endfacet
  facet normal 0.7071067811865468 0.5000000000000006 0.5000000000000004
    outer loop
      vertex 9 -17.577164466275356 47.577164466275356
      vertex 10 -18.284271247461902 46.87005768508881
      vertex 10 8.585786437626904 20
    endloop
  endfacet
  facet normal 1 0 0
    outer loop
      vertex 10 8.585786437626904 20
      vertex 10 -9 19
      vertex 10 7.585786437626904 19
    endloop
  endfacet
  facet normal 0.7071067811865485 0.4999999999999993 0.4999999999999993
    outer loop
      vertex 9 -17.577164466275356 47.577164466275356
      vertex 10 8.585786437626904 20
      vertex 9 9.292893218813452 20.707106781186546
    endloop
  endfacet
  facet normal 0.5773502691896263 0.8164965809277258 0
    outer loop
      vertex 9 9.292893218813452 20.707106781186546
      vertex 9.414213562373094 9 19.585786437626904
      vertex 9 9.292893218813452 19.707106781186546
    endloop
  endfacet
  facet normal 0.7071067811865476 0.5 -0.5
    outer loop
      vertex 10 8.585786437626904 20
      vertex 10 7.585786437626904 19
      vertex 9.414213562373094 9 19.585786437626904
    endloop
  endfacet
  facet normal 0.5773502691896258 0.8164965809277259 -1.6413513209470398e-16
    outer loop
      vertex 9 9.292893218813452 20.707106781186546
      vertex 10 8.585786437626904 20
      vertex 9.414213562373094 9 19.585786437626904
    endloop
  endfacet
endsolid OpenSCAD_Model
