solid OpenSCAD_Model
  facet normal 1 0 0
    outer loop
      vertex 5 -3.4645482469173254 -6.4350628713690865
      vertex 5 -3.4645482469173254 -3.5649371286309135
      vertex 5 -3.677944801512114 -5.731588707560481
    endloop
  endfacet
  facet normal 1 0 0
    outer loop
      vertex 5 -3.4645482469173254 -6.4350628713690865
      vertex 5 -3.1180110461345447 -7.083388373823508
      vertex 5 -3.1180110461345447 -2.9166116261764916
    endloop
  endfacet
  facet normal 1 0 0
    outer loop
      vertex 5 -2.6516504294495533 -7.651650429449553
      vertex 5 -2.6516504294495533 -2.3483495705504467
      vertex 5 -3.1180110461345447 -7.083388373823508
    endloop
  endfacet
  facet normal 0 0.8819212643483552 0.4713967368259976
    outer loop
      vertex 5 -3.4645482469173254 -6.4350628713690865
      vertex 10 -3.4645482469173254 -6.4350628713690865
      vertex 5 -3.1180110461345447 -7.083388373823508
    endloop
  endfacet
  facet normal 0 0.7730104533627371 0.6343932841636455
    outer loop
      vertex 5 -2.6516504294495533 -7.651650429449553
      vertex 5 -3.1180110461345447 -7.083388373823508
      vertex 10 -3.1180110461345447 -7.083388373823508
    endloop
  endfacet
  facet normal 0 0.956940335732209 0.29028467725446216
    outer loop
      vertex 5 -3.4645482469173254 -6.4350628713690865
      vertex 5 -3.677944801512114 -5.731588707560481
      vertex 10 -3.677944801512114 -5.731588707560481
    endloop
  endfacet
  facet normal 0 0.9951847266721968 0.09801714032956073
    outer loop
      vertex 5 -3.677944801512114 -5.731588707560481
      vertex 5 -3.75 -5
      vertex 10 -3.75 -5
    endloop
  endfacet
  facet normal 1 0 0
    outer loop
      vertex 5 -2.0833883738235084 -8.118011046134544
      vertex 5 -1.4350628713690867 -8.464548246917325
      vertex 5 -1.2560813995549314 -6.879858660950843
    endloop
  endfacet
  facet normal 1 0 0
    outer loop
      vertex 5 -1.4350628713690867 -8.464548246917325
      vertex 5 -0.7315887075604809 -8.677944801512114
      vertex 5 -0.44107713148302263 -7.217444482178185
    endloop
  endfacet
  facet normal 1 0 0
    outer loop
      vertex 5 -1.4350628713690867 -8.464548246917325
      vertex 5 -0.44107713148302263 -7.217444482178185
      vertex 5 -0.8652039161620579 -7.088787028616754
    endloop
  endfacet
  facet normal 1 0 0
    outer loop
      vertex 5 -0.7315887075604809 -8.677944801512114
      vertex 5 0 -8.75
      vertex 5 0 -7.260886787846701
    endloop
  endfacet
  facet normal 1 0 0
    outer loop
      vertex 5 -0.7315887075604809 -8.677944801512114
      vertex 5 0 -7.260886787846701
      vertex 5 -0.44107713148302263 -7.217444482178185
    endloop
  endfacet
  facet normal 0 0.634393284163645 0.7730104533627372
    outer loop
      vertex 5 -2.6516504294495533 -7.651650429449553
      vertex 10 -2.6516504294495533 -7.651650429449553
      vertex 5 -2.0833883738235084 -8.118011046134544
    endloop
  endfacet
  facet normal 0 0.4713967368259972 0.8819212643483553
    outer loop
      vertex 5 -2.0833883738235084 -8.118011046134544
      vertex 10 -2.0833883738235084 -8.118011046134544
      vertex 5 -1.4350628713690867 -8.464548246917325
    endloop
  endfacet
  facet normal 0 0.29028467725446266 0.9569403357322088
    outer loop
      vertex 5 -1.4350628713690867 -8.464548246917325
      vertex 10 -1.4350628713690867 -8.464548246917325
      vertex 5 -0.7315887075604809 -8.677944801512114
    endloop
  endfacet
  facet normal 0 0.09801714032956131 0.9951847266721967
    outer loop
      vertex 5 -0.7315887075604809 -8.677944801512114
      vertex 10 -0.7315887075604809 -8.677944801512114
      vertex 5 0 -8.75
    endloop
  endfacet
  facet normal 1 0 0
    outer loop
      vertex 5 -2.6516504294495533 -7.651650429449553
      vertex 5 -2.0833883738235084 -8.118011046134544
      vertex 5 -1.879858660950843 -6.256081399554931
    endloop
  endfacet
  facet normal 1 0 0
    outer loop
      vertex 5 -2.6516504294495533 -7.651650429449553
      vertex 5 -1.879858660950843 -6.256081399554931
      vertex 5 -2.0887870286167542 -5.8652039161620575
    endloop
  endfacet
  facet normal 1 0 0
    outer loop
      vertex 5 -2.6516504294495533 -7.651650429449553
      vertex 5 -2.0887870286167542 -5.8652039161620575
      vertex 5 -2.217444482178185 -5.441077131483023
    endloop
  endfacet
  facet normal 1 0 0
    outer loop
      vertex 5 -2.0833883738235084 -8.118011046134544
      vertex 5 -1.2560813995549314 -6.879858660950843
      vertex 5 -1.5986883791814732 -6.598688379181473
    endloop
  endfacet
  facet normal 1 0 0
    outer loop
      vertex 5 -2.0833883738235084 -8.118011046134544
      vertex 5 -1.5986883791814732 -6.598688379181473
      vertex 5 -1.879858660950843 -6.256081399554931
    endloop
  endfacet
  facet normal 1 0 0
    outer loop
      vertex 5 -2.6516504294495533 -7.651650429449553
      vertex 5 -2.217444482178185 -5.441077131483023
      vertex 5 -2.2608867878467005 -5
    endloop
  endfacet
  facet normal 1 0 0
    outer loop
      vertex 5 -2.6516504294495533 -7.651650429449553
      vertex 5 -2.2608867878467005 -5
      vertex 5 -2.217444482178185 -4.558922868516977
    endloop
  endfacet
  facet normal 1 0 0
    outer loop
      vertex 5 -1.4350628713690867 -8.464548246917325
      vertex 5 -0.8652039161620579 -7.088787028616754
      vertex 5 -1.2560813995549314 -6.879858660950843
    endloop
  endfacet
  facet normal 0 0.8819212643483552 0.4713967368259976
    outer loop
      vertex 5 -3.1180110461345447 -7.083388373823508
      vertex 10 -3.4645482469173254 -6.4350628713690865
      vertex 10 -3.1180110461345447 -7.083388373823508
    endloop
  endfacet
  facet normal 0 0.7730104533627371 0.6343932841636455
    outer loop
      vertex 5 -2.6516504294495533 -7.651650429449553
      vertex 10 -3.1180110461345447 -7.083388373823508
      vertex 10 -2.6516504294495533 -7.651650429449553
    endloop
  endfacet
  facet normal 0 0.956940335732209 0.29028467725446216
    outer loop
      vertex 5 -3.4645482469173254 -6.4350628713690865
      vertex 10 -3.677944801512114 -5.731588707560481
      vertex 10 -3.4645482469173254 -6.4350628713690865
    endloop
  endfacet
  facet normal 0 0.9951847266721968 0.09801714032956073
    outer loop
      vertex 5 -3.677944801512114 -5.731588707560481
      vertex 10 -3.75 -5
      vertex 10 -3.677944801512114 -5.731588707560481
    endloop
  endfacet
  facet normal 0 0.634393284163645 0.7730104533627372
    outer loop
      vertex 5 -2.0833883738235084 -8.118011046134544
      vertex 10 -2.6516504294495533 -7.651650429449553
      vertex 10 -2.0833883738235084 -8.118011046134544
    endloop
  endfacet
  facet normal 0 0.4713967368259972 0.8819212643483553
    outer loop
      vertex 5 -1.4350628713690867 -8.464548246917325
      vertex 10 -2.0833883738235084 -8.118011046134544
      vertex 10 -1.4350628713690867 -8.464548246917325
    endloop
  endfacet
  facet normal 0 0.29028467725446266 0.9569403357322088
    outer loop
      vertex 5 -0.7315887075604809 -8.677944801512114
      vertex 10 -1.4350628713690867 -8.464548246917325
      vertex 10 -0.7315887075604809 -8.677944801512114
    endloop
  endfacet
  facet normal 0 0.09801714032956131 0.9951847266721967
    outer loop
      vertex 5 0 -8.75
      vertex 10 -0.7315887075604809 -8.677944801512114
      vertex 10 0 -8.75
    endloop
  endfacet
  facet normal 1 0 0
    outer loop
      vertex 5 -3.677944801512114 -5.731588707560481
      vertex 5 -3.677944801512114 -4.268411292439519
      vertex 5 -3.75 -5
    endloop
  endfacet
  facet normal 1 0 0
    outer loop
      vertex 5 -3.677944801512114 -5.731588707560481
      vertex 5 -3.4645482469173254 -3.5649371286309135
      vertex 5 -3.677944801512114 -4.268411292439519
    endloop
  endfacet
  facet normal 1 0 0
    outer loop
      vertex 5 -3.4645482469173254 -6.4350628713690865
      vertex 5 -3.1180110461345447 -2.9166116261764916
      vertex 5 -3.4645482469173254 -3.5649371286309135
    endloop
  endfacet
  facet normal 1 0 0
    outer loop
      vertex 5 -3.1180110461345447 -7.083388373823508
      vertex 5 -2.6516504294495533 -2.3483495705504467
      vertex 5 -3.1180110461345447 -2.9166116261764916
    endloop
  endfacet
  facet normal 0 0.9951847266721968 -0.09801714032956073
    outer loop
      vertex 5 -3.75 -5
      vertex 5 -3.677944801512114 -4.268411292439519
      vertex 10 -3.677944801512114 -4.268411292439519
    endloop
  endfacet
  facet normal 0 0.956940335732209 -0.29028467725446216
    outer loop
      vertex 5 -3.677944801512114 -4.268411292439519
      vertex 5 -3.4645482469173254 -3.5649371286309135
      vertex 10 -3.4645482469173254 -3.5649371286309135
    endloop
  endfacet
  facet normal 0 0.8819212643483552 -0.4713967368259976
    outer loop
      vertex 5 -3.4645482469173254 -3.5649371286309135
      vertex 5 -3.1180110461345447 -2.9166116261764916
      vertex 10 -3.1180110461345447 -2.9166116261764916
    endloop
  endfacet
  facet normal 0 0.7730104533627371 -0.6343932841636455
    outer loop
      vertex 5 -3.1180110461345447 -2.9166116261764916
      vertex 5 -2.6516504294495533 -2.3483495705504467
      vertex 10 -2.6516504294495533 -2.3483495705504467
    endloop
  endfacet
  facet normal 1 0 0
    outer loop
      vertex 5 -2.6516504294495533 -7.651650429449553
      vertex 5 -2.217444482178185 -4.558922868516977
      vertex 5 -2.0833883738235084 -1.8819889538654553
    endloop
  endfacet
  facet normal 1 0 0
    outer loop
      vertex 5 -2.6516504294495533 -7.651650429449553
      vertex 5 -2.0833883738235084 -1.8819889538654553
      vertex 5 -2.6516504294495533 -2.3483495705504467
    endloop
  endfacet
  facet normal 1 0 0
    outer loop
      vertex 5 -2.217444482178185 -4.558922868516977
      vertex 5 -2.0887870286167542 -4.1347960838379425
      vertex 5 -2.0833883738235084 -1.8819889538654553
    endloop
  endfacet
  facet normal 1 0 0
    outer loop
      vertex 5 -2.0887870286167542 -4.1347960838379425
      vertex 5 -1.879858660950843 -3.7439186004450686
      vertex 5 -2.0833883738235084 -1.8819889538654553
    endloop
  endfacet
  facet normal 1 0 0
    outer loop
      vertex 5 -1.879858660950843 -3.7439186004450686
      vertex 5 -1.5986883791814732 -3.401311620818527
      vertex 5 -1.4350628713690867 -1.5354517530826746
    endloop
  endfacet
  facet normal 1 0 0
    outer loop
      vertex 5 -1.5986883791814732 -3.401311620818527
      vertex 5 -1.2560813995549314 -3.120141339049157
      vertex 5 -1.4350628713690867 -1.5354517530826746
    endloop
  endfacet
  facet normal 1 0 0
    outer loop
      vertex 5 -1.879858660950843 -3.7439186004450686
      vertex 5 -1.4350628713690867 -1.5354517530826746
      vertex 5 -2.0833883738235084 -1.8819889538654553
    endloop
  endfacet
  facet normal 1 0 0
    outer loop
      vertex 5 -1.2560813995549314 -3.120141339049157
      vertex 5 -0.8652039161620579 -2.9112129713832458
      vertex 5 -0.7315887075604809 -1.3220551984878859
    endloop
  endfacet
  facet normal 1 0 0
    outer loop
      vertex 5 -1.2560813995549314 -3.120141339049157
      vertex 5 -0.7315887075604809 -1.3220551984878859
      vertex 5 -1.4350628713690867 -1.5354517530826746
    endloop
  endfacet
  facet normal 1 0 0
    outer loop
      vertex 5 -0.8652039161620579 -2.9112129713832458
      vertex 5 -0.44107713148302263 -2.782555517821815
      vertex 5 -0.7315887075604809 -1.3220551984878859
    endloop
  endfacet
  facet normal 1 0 0
    outer loop
      vertex 5 -0.44107713148302263 -2.782555517821815
      vertex 5 0 -2.7391132121532995
      vertex 5 0 -1.25
    endloop
  endfacet
  facet normal 1 0 0
    outer loop
      vertex 5 -0.44107713148302263 -2.782555517821815
      vertex 5 0 -1.25
      vertex 5 -0.7315887075604809 -1.3220551984878859
    endloop
  endfacet
  facet normal 0 0.6343932841636455 -0.7730104533627371
    outer loop
      vertex 5 -2.6516504294495533 -2.3483495705504467
      vertex 5 -2.0833883738235084 -1.8819889538654553
      vertex 10 -2.0833883738235084 -1.8819889538654553
    endloop
  endfacet
  facet normal 0 0.4713967368259977 -0.881921264348355
    outer loop
      vertex 5 -2.0833883738235084 -1.8819889538654553
      vertex 5 -1.4350628713690867 -1.5354517530826746
      vertex 10 -1.4350628713690867 -1.5354517530826746
    endloop
  endfacet
  facet normal 0 0.2902846772544621 -0.956940335732209
    outer loop
      vertex 5 -1.4350628713690867 -1.5354517530826746
      vertex 5 -0.7315887075604809 -1.3220551984878859
      vertex 10 -0.7315887075604809 -1.3220551984878859
    endloop
  endfacet
  facet normal 0 0.09801714032956071 -0.9951847266721968
    outer loop
      vertex 5 -0.7315887075604809 -1.3220551984878859
      vertex 5 0 -1.25
      vertex 10 0 -1.25
    endloop
  endfacet
  facet normal 0 0.9951847266721968 -0.09801714032956073
    outer loop
      vertex 5 -3.75 -5
      vertex 10 -3.677944801512114 -4.268411292439519
      vertex 10 -3.75 -5
    endloop
  endfacet
  facet normal 0 0.956940335732209 -0.29028467725446216
    outer loop
      vertex 5 -3.677944801512114 -4.268411292439519
      vertex 10 -3.4645482469173254 -3.5649371286309135
      vertex 10 -3.677944801512114 -4.268411292439519
    endloop
  endfacet
  facet normal 0 0.8819212643483552 -0.4713967368259976
    outer loop
      vertex 5 -3.4645482469173254 -3.5649371286309135
      vertex 10 -3.1180110461345447 -2.9166116261764916
      vertex 10 -3.4645482469173254 -3.5649371286309135
    endloop
  endfacet
  facet normal 0 0.7730104533627371 -0.6343932841636455
    outer loop
      vertex 5 -3.1180110461345447 -2.9166116261764916
      vertex 10 -2.6516504294495533 -2.3483495705504467
      vertex 10 -3.1180110461345447 -2.9166116261764916
    endloop
  endfacet
  facet normal 0 0.6343932841636455 -0.7730104533627371
    outer loop
      vertex 5 -2.6516504294495533 -2.3483495705504467
      vertex 10 -2.0833883738235084 -1.8819889538654553
      vertex 10 -2.6516504294495533 -2.3483495705504467
    endloop
  endfacet
  facet normal 0 0.4713967368259977 -0.881921264348355
    outer loop
      vertex 5 -2.0833883738235084 -1.8819889538654553
      vertex 10 -1.4350628713690867 -1.5354517530826746
      vertex 10 -2.0833883738235084 -1.8819889538654553
    endloop
  endfacet
  facet normal 0 0.2902846772544621 -0.956940335732209
    outer loop
      vertex 5 -1.4350628713690867 -1.5354517530826746
      vertex 10 -0.7315887075604809 -1.3220551984878859
      vertex 10 -1.4350628713690867 -1.5354517530826746
    endloop
  endfacet
  facet normal 0 0.09801714032956071 -0.9951847266721968
    outer loop
      vertex 5 -0.7315887075604809 -1.3220551984878859
      vertex 10 0 -1.25
      vertex 10 -0.7315887075604809 -1.3220551984878859
    endloop
  endfacet
  facet normal 1 0 0
    outer loop
      vertex 5 0 -8.75
      vertex 5 0.7315887075604809 -8.677944801512114
      vertex 5 0.44107713148302263 -7.217444482178185
    endloop
  endfacet
  facet normal 1 0 0
    outer loop
      vertex 5 0 -8.75
      vertex 5 0.44107713148302263 -7.217444482178185
      vertex 5 0 -7.260886787846701
    endloop
  endfacet
  facet normal 1 0 0
    outer loop
      vertex 5 0.7315887075604809 -8.677944801512114
      vertex 5 0.8652039161620579 -7.088787028616754
      vertex 5 0.44107713148302263 -7.217444482178185
    endloop
  endfacet
  facet normal 1 0 0
    outer loop
      vertex 5 0.7315887075604809 -8.677944801512114
      vertex 5 1.4350628713690867 -8.464548246917325
      vertex 5 1.2560813995549314 -6.879858660950843
    endloop
  endfacet
  facet normal 1 0 0
    outer loop
      vertex 5 0.7315887075604809 -8.677944801512114
      vertex 5 1.2560813995549314 -6.879858660950843
      vertex 5 0.8652039161620579 -7.088787028616754
    endloop
  endfacet
  facet normal 1 0 0
    outer loop
      vertex 5 1.4350628713690867 -8.464548246917325
      vertex 5 2.0833883738235084 -8.118011046134544
      vertex 5 1.879858660950843 -6.256081399554931
    endloop
  endfacet
  facet normal 0 -0.09801714032956131 0.9951847266721967
    outer loop
      vertex 5 0 -8.75
      vertex 10 0 -8.75
      vertex 5 0.7315887075604809 -8.677944801512114
    endloop
  endfacet
  facet normal 0 -0.29028467725446266 0.9569403357322088
    outer loop
      vertex 5 0.7315887075604809 -8.677944801512114
      vertex 10 0.7315887075604809 -8.677944801512114
      vertex 5 1.4350628713690867 -8.464548246917325
    endloop
  endfacet
  facet normal 0 -0.4713967368259972 0.8819212643483553
    outer loop
      vertex 5 1.4350628713690867 -8.464548246917325
      vertex 10 1.4350628713690867 -8.464548246917325
      vertex 5 2.0833883738235084 -8.118011046134544
    endloop
  endfacet
  facet normal 0 -0.634393284163645 0.7730104533627372
    outer loop
      vertex 5 2.0833883738235084 -8.118011046134544
      vertex 10 2.0833883738235084 -8.118011046134544
      vertex 5 2.6516504294495533 -7.651650429449553
    endloop
  endfacet
  facet normal 1 0 0
    outer loop
      vertex 5 1.4350628713690867 -8.464548246917325
      vertex 5 1.5986883791814732 -6.598688379181473
      vertex 5 1.2560813995549314 -6.879858660950843
    endloop
  endfacet
  facet normal 1 0 0
    outer loop
      vertex 5 1.4350628713690867 -8.464548246917325
      vertex 5 1.879858660950843 -6.256081399554931
      vertex 5 1.5986883791814732 -6.598688379181473
    endloop
  endfacet
  facet normal 1 0 0
    outer loop
      vertex 5 2.0833883738235084 -8.118011046134544
      vertex 5 2.0887870286167542 -5.8652039161620575
      vertex 5 1.879858660950843 -6.256081399554931
    endloop
  endfacet
  facet normal 1 0 0
    outer loop
      vertex 5 2.0833883738235084 -8.118011046134544
      vertex 5 2.217444482178185 -5.441077131483023
      vertex 5 2.0887870286167542 -5.8652039161620575
    endloop
  endfacet
  facet normal 1 0 0
    outer loop
      vertex 5 2.0833883738235084 -8.118011046134544
      vertex 5 2.6516504294495533 -7.651650429449553
      vertex 5 2.6516504294495533 -2.3483495705504467
    endloop
  endfacet
  facet normal 1 0 0
    outer loop
      vertex 5 2.0833883738235084 -8.118011046134544
      vertex 5 2.6516504294495533 -2.3483495705504467
      vertex 5 2.217444482178185 -5.441077131483023
    endloop
  endfacet
  facet normal 1 0 0
    outer loop
      vertex 5 2.6516504294495533 -7.651650429449553
      vertex 5 3.1180110461345447 -7.083388373823508
      vertex 5 3.1180110461345447 -2.9166116261764916
    endloop
  endfacet
  facet normal 1 0 0
    outer loop
      vertex 5 3.1180110461345447 -7.083388373823508
      vertex 5 3.4645482469173254 -6.4350628713690865
      vertex 5 3.4645482469173254 -3.5649371286309135
    endloop
  endfacet
  facet normal 1 0 0
    outer loop
      vertex 5 3.4645482469173254 -6.4350628713690865
      vertex 5 3.677944801512114 -5.731588707560481
      vertex 5 3.677944801512114 -4.268411292439519
    endloop
  endfacet
  facet normal 0 -0.7730104533627371 0.6343932841636455
    outer loop
      vertex 5 2.6516504294495533 -7.651650429449553
      vertex 10 2.6516504294495533 -7.651650429449553
      vertex 5 3.1180110461345447 -7.083388373823508
    endloop
  endfacet
  facet normal 0 -0.8819212643483552 0.4713967368259976
    outer loop
      vertex 5 3.1180110461345447 -7.083388373823508
      vertex 10 3.1180110461345447 -7.083388373823508
      vertex 5 3.4645482469173254 -6.4350628713690865
    endloop
  endfacet
  facet normal 0 -0.956940335732209 0.29028467725446216
    outer loop
      vertex 5 3.4645482469173254 -6.4350628713690865
      vertex 10 3.4645482469173254 -6.4350628713690865
      vertex 5 3.677944801512114 -5.731588707560481
    endloop
  endfacet
  facet normal 0 -0.9951847266721968 0.09801714032956073
    outer loop
      vertex 5 3.677944801512114 -5.731588707560481
      vertex 10 3.677944801512114 -5.731588707560481
      vertex 5 3.75 -5
    endloop
  endfacet
  facet normal 0 -0.09801714032956131 0.9951847266721967
    outer loop
      vertex 5 0.7315887075604809 -8.677944801512114
      vertex 10 0 -8.75
      vertex 10 0.7315887075604809 -8.677944801512114
    endloop
  endfacet
  facet normal 0 -0.29028467725446266 0.9569403357322088
    outer loop
      vertex 5 1.4350628713690867 -8.464548246917325
      vertex 10 0.7315887075604809 -8.677944801512114
      vertex 10 1.4350628713690867 -8.464548246917325
    endloop
  endfacet
  facet normal 0 -0.4713967368259972 0.8819212643483553
    outer loop
      vertex 5 2.0833883738235084 -8.118011046134544
      vertex 10 1.4350628713690867 -8.464548246917325
      vertex 10 2.0833883738235084 -8.118011046134544
    endloop
  endfacet
  facet normal 0 -0.634393284163645 0.7730104533627372
    outer loop
      vertex 5 2.6516504294495533 -7.651650429449553
      vertex 10 2.0833883738235084 -8.118011046134544
      vertex 10 2.6516504294495533 -7.651650429449553
    endloop
  endfacet
  facet normal 0 -0.7730104533627371 0.6343932841636455
    outer loop
      vertex 5 3.1180110461345447 -7.083388373823508
      vertex 10 2.6516504294495533 -7.651650429449553
      vertex 10 3.1180110461345447 -7.083388373823508
    endloop
  endfacet
  facet normal 0 -0.8819212643483552 0.4713967368259976
    outer loop
      vertex 5 3.4645482469173254 -6.4350628713690865
      vertex 10 3.1180110461345447 -7.083388373823508
      vertex 10 3.4645482469173254 -6.4350628713690865
    endloop
  endfacet
  facet normal 0 -0.956940335732209 0.29028467725446216
    outer loop
      vertex 5 3.677944801512114 -5.731588707560481
      vertex 10 3.4645482469173254 -6.4350628713690865
      vertex 10 3.677944801512114 -5.731588707560481
    endloop
  endfacet
  facet normal 0 -0.9951847266721968 0.09801714032956073
    outer loop
      vertex 5 3.75 -5
      vertex 10 3.677944801512114 -5.731588707560481
      vertex 10 3.75 -5
    endloop
  endfacet
  facet normal 1 0 0
    outer loop
      vertex 5 0.8652039161620579 -2.9112129713832458
      vertex 5 1.2560813995549314 -3.120141339049157
      vertex 5 1.4350628713690867 -1.5354517530826746
    endloop
  endfacet
  facet normal 1 0 0
    outer loop
      vertex 5 2.217444482178185 -5.441077131483023
      vertex 5 2.6516504294495533 -2.3483495705504467
      vertex 5 2.2608867878467005 -5
    endloop
  endfacet
  facet normal 1 0 0
    outer loop
      vertex 5 2.2608867878467005 -5
      vertex 5 2.6516504294495533 -2.3483495705504467
      vertex 5 2.217444482178185 -4.558922868516977
    endloop
  endfacet
  facet normal 1 0 0
    outer loop
      vertex 5 1.5986883791814732 -3.401311620818527
      vertex 5 1.879858660950843 -3.7439186004450686
      vertex 5 2.0833883738235084 -1.8819889538654553
    endloop
  endfacet
  facet normal 1 0 0
    outer loop
      vertex 5 1.5986883791814732 -3.401311620818527
      vertex 5 2.0833883738235084 -1.8819889538654553
      vertex 5 1.2560813995549314 -3.120141339049157
    endloop
  endfacet
  facet normal 1 0 0
    outer loop
      vertex 5 2.217444482178185 -4.558922868516977
      vertex 5 2.6516504294495533 -2.3483495705504467
      vertex 5 2.0887870286167542 -4.1347960838379425
    endloop
  endfacet
  facet normal 1 0 0
    outer loop
      vertex 5 2.0887870286167542 -4.1347960838379425
      vertex 5 2.6516504294495533 -2.3483495705504467
      vertex 5 1.879858660950843 -3.7439186004450686
    endloop
  endfacet
  facet normal 1 0 0
    outer loop
      vertex 5 1.879858660950843 -3.7439186004450686
      vertex 5 2.6516504294495533 -2.3483495705504467
      vertex 5 2.0833883738235084 -1.8819889538654553
    endloop
  endfacet
  facet normal 1 0 0
    outer loop
      vertex 5 0 -2.7391132121532995
      vertex 5 0.44107713148302263 -2.782555517821815
      vertex 5 0.7315887075604809 -1.3220551984878859
    endloop
  endfacet
  facet normal 1 0 0
    outer loop
      vertex 5 0 -2.7391132121532995
      vertex 5 0.7315887075604809 -1.3220551984878859
      vertex 5 0 -1.25
    endloop
  endfacet
  facet normal 1 0 0
    outer loop
      vertex 5 0.44107713148302263 -2.782555517821815
      vertex 5 0.8652039161620579 -2.9112129713832458
      vertex 5 1.4350628713690867 -1.5354517530826746
    endloop
  endfacet
  facet normal 1 0 0
    outer loop
      vertex 5 0.44107713148302263 -2.782555517821815
      vertex 5 1.4350628713690867 -1.5354517530826746
      vertex 5 0.7315887075604809 -1.3220551984878859
    endloop
  endfacet
  facet normal 1 0 0
    outer loop
      vertex 5 1.2560813995549314 -3.120141339049157
      vertex 5 2.0833883738235084 -1.8819889538654553
      vertex 5 1.4350628713690867 -1.5354517530826746
    endloop
  endfacet
  facet normal 0 -0.09801714032956071 -0.9951847266721968
    outer loop
      vertex 5 0 -1.25
      vertex 5 0.7315887075604809 -1.3220551984878859
      vertex 10 0.7315887075604809 -1.3220551984878859
    endloop
  endfacet
  facet normal 0 -0.2902846772544621 -0.956940335732209
    outer loop
      vertex 5 0.7315887075604809 -1.3220551984878859
      vertex 5 1.4350628713690867 -1.5354517530826746
      vertex 10 1.4350628713690867 -1.5354517530826746
    endloop
  endfacet
  facet normal 0 -0.4713967368259977 -0.881921264348355
    outer loop
      vertex 5 1.4350628713690867 -1.5354517530826746
      vertex 5 2.0833883738235084 -1.8819889538654553
      vertex 10 2.0833883738235084 -1.8819889538654553
    endloop
  endfacet
  facet normal 0 -0.6343932841636455 -0.7730104533627371
    outer loop
      vertex 5 2.0833883738235084 -1.8819889538654553
      vertex 5 2.6516504294495533 -2.3483495705504467
      vertex 10 2.6516504294495533 -2.3483495705504467
    endloop
  endfacet
  facet normal 1 0 0
    outer loop
      vertex 5 2.6516504294495533 -7.651650429449553
      vertex 5 3.1180110461345447 -2.9166116261764916
      vertex 5 2.6516504294495533 -2.3483495705504467
    endloop
  endfacet
  facet normal 1 0 0
    outer loop
      vertex 5 3.1180110461345447 -7.083388373823508
      vertex 5 3.4645482469173254 -3.5649371286309135
      vertex 5 3.1180110461345447 -2.9166116261764916
    endloop
  endfacet
  facet normal 1 0 0
    outer loop
      vertex 5 3.4645482469173254 -6.4350628713690865
      vertex 5 3.677944801512114 -4.268411292439519
      vertex 5 3.4645482469173254 -3.5649371286309135
    endloop
  endfacet
  facet normal 1 0 0
    outer loop
      vertex 5 3.677944801512114 -5.731588707560481
      vertex 5 3.75 -5
      vertex 5 3.677944801512114 -4.268411292439519
    endloop
  endfacet
  facet normal 0 -0.9951847266721968 -0.09801714032956073
    outer loop
      vertex 5 3.75 -5
      vertex 10 3.75 -5
      vertex 5 3.677944801512114 -4.268411292439519
    endloop
  endfacet
  facet normal 0 -0.956940335732209 -0.29028467725446216
    outer loop
      vertex 5 3.677944801512114 -4.268411292439519
      vertex 10 3.677944801512114 -4.268411292439519
      vertex 5 3.4645482469173254 -3.5649371286309135
    endloop
  endfacet
  facet normal 0 -0.7730104533627371 -0.6343932841636455
    outer loop
      vertex 5 3.1180110461345447 -2.9166116261764916
      vertex 10 3.1180110461345447 -2.9166116261764916
      vertex 5 2.6516504294495533 -2.3483495705504467
    endloop
  endfacet
  facet normal 0 -0.8819212643483552 -0.4713967368259976
    outer loop
      vertex 5 3.1180110461345447 -2.9166116261764916
      vertex 5 3.4645482469173254 -3.5649371286309135
      vertex 10 3.4645482469173254 -3.5649371286309135
    endloop
  endfacet
  facet normal 0 -0.09801714032956071 -0.9951847266721968
    outer loop
      vertex 5 0 -1.25
      vertex 10 0.7315887075604809 -1.3220551984878859
      vertex 10 0 -1.25
    endloop
  endfacet
  facet normal 0 -0.2902846772544621 -0.956940335732209
    outer loop
      vertex 5 0.7315887075604809 -1.3220551984878859
      vertex 10 1.4350628713690867 -1.5354517530826746
      vertex 10 0.7315887075604809 -1.3220551984878859
    endloop
  endfacet
  facet normal 0 -0.4713967368259977 -0.881921264348355
    outer loop
      vertex 5 1.4350628713690867 -1.5354517530826746
      vertex 10 2.0833883738235084 -1.8819889538654553
      vertex 10 1.4350628713690867 -1.5354517530826746
    endloop
  endfacet
  facet normal 0 -0.6343932841636455 -0.7730104533627371
    outer loop
      vertex 5 2.0833883738235084 -1.8819889538654553
      vertex 10 2.6516504294495533 -2.3483495705504467
      vertex 10 2.0833883738235084 -1.8819889538654553
    endloop
  endfacet
  facet normal 0 -0.9951847266721968 -0.09801714032956073
    outer loop
      vertex 5 3.677944801512114 -4.268411292439519
      vertex 10 3.75 -5
      vertex 10 3.677944801512114 -4.268411292439519
    endloop
  endfacet
  facet normal 0 -0.956940335732209 -0.29028467725446216
    outer loop
      vertex 5 3.4645482469173254 -3.5649371286309135
      vertex 10 3.677944801512114 -4.268411292439519
      vertex 10 3.4645482469173254 -3.5649371286309135
    endloop
  endfacet
  facet normal 0 -0.7730104533627371 -0.6343932841636455
    outer loop
      vertex 5 2.6516504294495533 -2.3483495705504467
      vertex 10 3.1180110461345447 -2.9166116261764916
      vertex 10 2.6516504294495533 -2.3483495705504467
    endloop
  endfacet
  facet normal 0 -0.8819212643483552 -0.4713967368259976
    outer loop
      vertex 5 3.1180110461345447 -2.9166116261764916
      vertex 10 3.4645482469173254 -3.5649371286309135
      vertex 10 3.1180110461345447 -2.9166116261764916
    endloop
  endfacet
  facet normal 0.8819212643483552 0.4713967368259976 0
    outer loop
      vertex -3.4645482469173254 3.5649371286309135 5
      vertex -3.4645482469173254 3.5649371286309135 10
      vertex -3.1180110461345447 2.9166116261764916 5
    endloop
  endfacet
  facet normal 0.7730104533627371 0.6343932841636455 0
    outer loop
      vertex -2.6516504294495533 2.3483495705504467 5
      vertex -3.1180110461345447 2.9166116261764916 5
      vertex -3.1180110461345447 2.9166116261764916 10
    endloop
  endfacet
  facet normal 0 0 1
    outer loop
      vertex -3.4645482469173254 3.5649371286309135 5
      vertex -3.4645482469173254 6.4350628713690865 5
      vertex -3.677944801512114 4.268411292439519 5
    endloop
  endfacet
  facet normal 0 0 1
    outer loop
      vertex -3.4645482469173254 3.5649371286309135 5
      vertex -3.1180110461345447 2.9166116261764916 5
      vertex -3.1180110461345447 7.083388373823508 5
    endloop
  endfacet
  facet normal 0 0 1
    outer loop
      vertex -2.6516504294495533 2.3483495705504467 5
      vertex -2.6516504294495533 7.651650429449553 5
      vertex -3.1180110461345447 2.9166116261764916 5
    endloop
  endfacet
  facet normal 0.956940335732209 0.29028467725446216 0
    outer loop
      vertex -3.4645482469173254 3.5649371286309135 5
      vertex -3.677944801512114 4.268411292439519 5
      vertex -3.677944801512114 4.268411292439519 10
    endloop
  endfacet
  facet normal 0.9951847266721968 0.09801714032956073 0
    outer loop
      vertex -3.677944801512114 4.268411292439519 5
      vertex -3.75 5 5
      vertex -3.75 5 10
    endloop
  endfacet
  facet normal 0.8819212643483552 0.4713967368259976 0
    outer loop
      vertex -3.1180110461345447 2.9166116261764916 5
      vertex -3.4645482469173254 3.5649371286309135 10
      vertex -3.1180110461345447 2.9166116261764916 10
    endloop
  endfacet
  facet normal 0.7730104533627371 0.6343932841636455 0
    outer loop
      vertex -2.6516504294495533 2.3483495705504467 5
      vertex -3.1180110461345447 2.9166116261764916 10
      vertex -2.6516504294495533 2.3483495705504467 10
    endloop
  endfacet
  facet normal 0.956940335732209 0.29028467725446216 0
    outer loop
      vertex -3.4645482469173254 3.5649371286309135 5
      vertex -3.677944801512114 4.268411292439519 10
      vertex -3.4645482469173254 3.5649371286309135 10
    endloop
  endfacet
  facet normal 0.9951847266721968 0.09801714032956073 0
    outer loop
      vertex -3.677944801512114 4.268411292439519 5
      vertex -3.75 5 10
      vertex -3.677944801512114 4.268411292439519 10
    endloop
  endfacet
  facet normal 0 0 1
    outer loop
      vertex -2.0833883738235084 1.8819889538654553 5
      vertex -1.4350628713690867 1.5354517530826746 5
      vertex -1.2560813995549314 3.120141339049157 5
    endloop
  endfacet
  facet normal 0.6343932841636455 0.7730104533627371 0
    outer loop
      vertex -2.6516504294495533 2.3483495705504467 5
      vertex -2.6516504294495533 2.3483495705504467 10
      vertex -2.0833883738235084 1.8819889538654553 5
    endloop
  endfacet
  facet normal 0.4713967368259977 0.881921264348355 0
    outer loop
      vertex -2.0833883738235084 1.8819889538654553 5
      vertex -2.0833883738235084 1.8819889538654553 10
      vertex -1.4350628713690867 1.5354517530826746 5
    endloop
  endfacet
  facet normal 0 0 1
    outer loop
      vertex -1.4350628713690867 1.5354517530826746 5
      vertex -0.7315887075604809 1.3220551984878859 5
      vertex -0.44107713148302263 2.782555517821815 5
    endloop
  endfacet
  facet normal 0 0 1
    outer loop
      vertex -1.4350628713690867 1.5354517530826746 5
      vertex -0.44107713148302263 2.782555517821815 5
      vertex -0.8652039161620579 2.9112129713832458 5
    endloop
  endfacet
  facet normal 0 0 1
    outer loop
      vertex -0.7315887075604809 1.3220551984878859 5
      vertex 0 1.25 5
      vertex 0 2.7391132121532995 5
    endloop
  endfacet
  facet normal 0 0 1
    outer loop
      vertex -0.7315887075604809 1.3220551984878859 5
      vertex 0 2.7391132121532995 5
      vertex -0.44107713148302263 2.782555517821815 5
    endloop
  endfacet
  facet normal 0.2902846772544621 0.956940335732209 0
    outer loop
      vertex -1.4350628713690867 1.5354517530826746 5
      vertex -1.4350628713690867 1.5354517530826746 10
      vertex -0.7315887075604809 1.3220551984878859 5
    endloop
  endfacet
  facet normal 0.09801714032956071 0.9951847266721968 0
    outer loop
      vertex -0.7315887075604809 1.3220551984878859 5
      vertex -0.7315887075604809 1.3220551984878859 10
      vertex 0 1.25 5
    endloop
  endfacet
  facet normal 0.6343932841636455 0.7730104533627371 0
    outer loop
      vertex -2.0833883738235084 1.8819889538654553 5
      vertex -2.6516504294495533 2.3483495705504467 10
      vertex -2.0833883738235084 1.8819889538654553 10
    endloop
  endfacet
  facet normal 0.4713967368259977 0.881921264348355 0
    outer loop
      vertex -1.4350628713690867 1.5354517530826746 5
      vertex -2.0833883738235084 1.8819889538654553 10
      vertex -1.4350628713690867 1.5354517530826746 10
    endloop
  endfacet
  facet normal 0.2902846772544621 0.956940335732209 0
    outer loop
      vertex -0.7315887075604809 1.3220551984878859 5
      vertex -1.4350628713690867 1.5354517530826746 10
      vertex -0.7315887075604809 1.3220551984878859 10
    endloop
  endfacet
  facet normal 0.09801714032956071 0.9951847266721968 0
    outer loop
      vertex 0 1.25 5
      vertex -0.7315887075604809 1.3220551984878859 10
      vertex 0 1.25 10
    endloop
  endfacet
  facet normal 0 0 1
    outer loop
      vertex -2.6516504294495533 2.3483495705504467 5
      vertex -2.0833883738235084 1.8819889538654553 5
      vertex -1.879858660950843 3.7439186004450686 5
    endloop
  endfacet
  facet normal 0 0 1
    outer loop
      vertex -2.6516504294495533 2.3483495705504467 5
      vertex -1.879858660950843 3.7439186004450686 5
      vertex -2.0887870286167542 4.1347960838379425 5
    endloop
  endfacet
  facet normal 0 0 1
    outer loop
      vertex -2.6516504294495533 2.3483495705504467 5
      vertex -2.0887870286167542 4.1347960838379425 5
      vertex -2.217444482178185 4.558922868516977 5
    endloop
  endfacet
  facet normal 0 0 1
    outer loop
      vertex -2.0833883738235084 1.8819889538654553 5
      vertex -1.2560813995549314 3.120141339049157 5
      vertex -1.5986883791814732 3.401311620818527 5
    endloop
  endfacet
  facet normal 0 0 1
    outer loop
      vertex -2.0833883738235084 1.8819889538654553 5
      vertex -1.5986883791814732 3.401311620818527 5
      vertex -1.879858660950843 3.7439186004450686 5
    endloop
  endfacet
  facet normal 0 0 1
    outer loop
      vertex -2.6516504294495533 2.3483495705504467 5
      vertex -2.217444482178185 4.558922868516977 5
      vertex -2.2608867878467005 5 5
    endloop
  endfacet
  facet normal 0 0 1
    outer loop
      vertex -2.6516504294495533 2.3483495705504467 5
      vertex -2.2608867878467005 5 5
      vertex -2.217444482178185 5.441077131483023 5
    endloop
  endfacet
  facet normal 0 0 1
    outer loop
      vertex -1.4350628713690867 1.5354517530826746 5
      vertex -0.8652039161620579 2.9112129713832458 5
      vertex -1.2560813995549314 3.120141339049157 5
    endloop
  endfacet
  facet normal 0 0 1
    outer loop
      vertex -3.677944801512114 4.268411292439519 5
      vertex -3.677944801512114 5.731588707560481 5
      vertex -3.75 5 5
    endloop
  endfacet
  facet normal 0 0 1
    outer loop
      vertex -3.677944801512114 4.268411292439519 5
      vertex -3.4645482469173254 6.4350628713690865 5
      vertex -3.677944801512114 5.731588707560481 5
    endloop
  endfacet
  facet normal 0 0 1
    outer loop
      vertex -3.4645482469173254 3.5649371286309135 5
      vertex -3.1180110461345447 7.083388373823508 5
      vertex -3.4645482469173254 6.4350628713690865 5
    endloop
  endfacet
  facet normal 0 0 1
    outer loop
      vertex -3.1180110461345447 2.9166116261764916 5
      vertex -2.6516504294495533 7.651650429449553 5
      vertex -3.1180110461345447 7.083388373823508 5
    endloop
  endfacet
  facet normal 0.9951847266721968 -0.09801714032956073 0
    outer loop
      vertex -3.75 5 5
      vertex -3.677944801512114 5.731588707560481 5
      vertex -3.677944801512114 5.731588707560481 10
    endloop
  endfacet
  facet normal 0.956940335732209 -0.29028467725446216 0
    outer loop
      vertex -3.677944801512114 5.731588707560481 5
      vertex -3.4645482469173254 6.4350628713690865 5
      vertex -3.4645482469173254 6.4350628713690865 10
    endloop
  endfacet
  facet normal 0.8819212643483552 -0.4713967368259976 0
    outer loop
      vertex -3.4645482469173254 6.4350628713690865 5
      vertex -3.1180110461345447 7.083388373823508 5
      vertex -3.1180110461345447 7.083388373823508 10
    endloop
  endfacet
  facet normal 0.7730104533627371 -0.6343932841636455 0
    outer loop
      vertex -3.1180110461345447 7.083388373823508 5
      vertex -2.6516504294495533 7.651650429449553 5
      vertex -2.6516504294495533 7.651650429449553 10
    endloop
  endfacet
  facet normal 0.9951847266721968 -0.09801714032956073 0
    outer loop
      vertex -3.75 5 5
      vertex -3.677944801512114 5.731588707560481 10
      vertex -3.75 5 10
    endloop
  endfacet
  facet normal 0.956940335732209 -0.29028467725446216 0
    outer loop
      vertex -3.677944801512114 5.731588707560481 5
      vertex -3.4645482469173254 6.4350628713690865 10
      vertex -3.677944801512114 5.731588707560481 10
    endloop
  endfacet
  facet normal 0.8819212643483552 -0.4713967368259976 0
    outer loop
      vertex -3.4645482469173254 6.4350628713690865 5
      vertex -3.1180110461345447 7.083388373823508 10
      vertex -3.4645482469173254 6.4350628713690865 10
    endloop
  endfacet
  facet normal 0.7730104533627371 -0.6343932841636455 0
    outer loop
      vertex -3.1180110461345447 7.083388373823508 5
      vertex -2.6516504294495533 7.651650429449553 10
      vertex -3.1180110461345447 7.083388373823508 10
    endloop
  endfacet
  facet normal 0 0 1
    outer loop
      vertex -2.6516504294495533 2.3483495705504467 5
      vertex -2.217444482178185 5.441077131483023 5
      vertex -2.0833883738235084 8.118011046134544 5
    endloop
  endfacet
  facet normal 0 0 1
    outer loop
      vertex -2.6516504294495533 2.3483495705504467 5
      vertex -2.0833883738235084 8.118011046134544 5
      vertex -2.6516504294495533 7.651650429449553 5
    endloop
  endfacet
  facet normal 0 0 1
    outer loop
      vertex -2.217444482178185 5.441077131483023 5
      vertex -2.0887870286167542 5.8652039161620575 5
      vertex -2.0833883738235084 8.118011046134544 5
    endloop
  endfacet
  facet normal 0 0 1
    outer loop
      vertex -2.0887870286167542 5.8652039161620575 5
      vertex -1.879858660950843 6.256081399554931 5
      vertex -2.0833883738235084 8.118011046134544 5
    endloop
  endfacet
  facet normal 0 0 1
    outer loop
      vertex -1.879858660950843 6.256081399554931 5
      vertex -1.5986883791814732 6.598688379181473 5
      vertex -1.4350628713690867 8.464548246917325 5
    endloop
  endfacet
  facet normal 0 0 1
    outer loop
      vertex -1.5986883791814732 6.598688379181473 5
      vertex -1.2560813995549314 6.879858660950843 5
      vertex -1.4350628713690867 8.464548246917325 5
    endloop
  endfacet
  facet normal 0 0 1
    outer loop
      vertex -1.879858660950843 6.256081399554931 5
      vertex -1.4350628713690867 8.464548246917325 5
      vertex -2.0833883738235084 8.118011046134544 5
    endloop
  endfacet
  facet normal 0.634393284163645 -0.7730104533627372 0
    outer loop
      vertex -2.6516504294495533 7.651650429449553 5
      vertex -2.0833883738235084 8.118011046134544 5
      vertex -2.0833883738235084 8.118011046134544 10
    endloop
  endfacet
  facet normal 0.4713967368259972 -0.8819212643483553 0
    outer loop
      vertex -2.0833883738235084 8.118011046134544 5
      vertex -1.4350628713690867 8.464548246917325 5
      vertex -1.4350628713690867 8.464548246917325 10
    endloop
  endfacet
  facet normal 0 0 1
    outer loop
      vertex -1.2560813995549314 6.879858660950843 5
      vertex -0.8652039161620579 7.088787028616754 5
      vertex -0.7315887075604809 8.677944801512114 5
    endloop
  endfacet
  facet normal 0 0 1
    outer loop
      vertex -1.2560813995549314 6.879858660950843 5
      vertex -0.7315887075604809 8.677944801512114 5
      vertex -1.4350628713690867 8.464548246917325 5
    endloop
  endfacet
  facet normal 0 0 1
    outer loop
      vertex -0.8652039161620579 7.088787028616754 5
      vertex -0.44107713148302263 7.217444482178185 5
      vertex -0.7315887075604809 8.677944801512114 5
    endloop
  endfacet
  facet normal 0 0 1
    outer loop
      vertex -0.44107713148302263 7.217444482178185 5
      vertex 0 7.260886787846701 5
      vertex 0 8.75 5
    endloop
  endfacet
  facet normal 0 0 1
    outer loop
      vertex -0.44107713148302263 7.217444482178185 5
      vertex 0 8.75 5
      vertex -0.7315887075604809 8.677944801512114 5
    endloop
  endfacet
  facet normal 0.29028467725446266 -0.9569403357322088 0
    outer loop
      vertex -1.4350628713690867 8.464548246917325 5
      vertex -0.7315887075604809 8.677944801512114 5
      vertex -0.7315887075604809 8.677944801512114 10
    endloop
  endfacet
  facet normal 0.09801714032956131 -0.9951847266721967 0
    outer loop
      vertex -0.7315887075604809 8.677944801512114 5
      vertex 0 8.75 5
      vertex 0 8.75 10
    endloop
  endfacet
  facet normal 0.634393284163645 -0.7730104533627372 0
    outer loop
      vertex -2.6516504294495533 7.651650429449553 5
      vertex -2.0833883738235084 8.118011046134544 10
      vertex -2.6516504294495533 7.651650429449553 10
    endloop
  endfacet
  facet normal 0.4713967368259972 -0.8819212643483553 0
    outer loop
      vertex -2.0833883738235084 8.118011046134544 5
      vertex -1.4350628713690867 8.464548246917325 10
      vertex -2.0833883738235084 8.118011046134544 10
    endloop
  endfacet
  facet normal 0.29028467725446266 -0.9569403357322088 0
    outer loop
      vertex -1.4350628713690867 8.464548246917325 5
      vertex -0.7315887075604809 8.677944801512114 10
      vertex -1.4350628713690867 8.464548246917325 10
    endloop
  endfacet
  facet normal 0.09801714032956131 -0.9951847266721967 0
    outer loop
      vertex -0.7315887075604809 8.677944801512114 5
      vertex 0 8.75 10
      vertex -0.7315887075604809 8.677944801512114 10
    endloop
  endfacet
  facet normal 0 0 1
    outer loop
      vertex 0 1.25 5
      vertex 0.7315887075604809 1.3220551984878859 5
      vertex 0.44107713148302263 2.782555517821815 5
    endloop
  endfacet
  facet normal 0 0 1
    outer loop
      vertex 0 1.25 5
      vertex 0.44107713148302263 2.782555517821815 5
      vertex 0 2.7391132121532995 5
    endloop
  endfacet
  facet normal 0 0 1
    outer loop
      vertex 0.7315887075604809 1.3220551984878859 5
      vertex 0.8652039161620579 2.9112129713832458 5
      vertex 0.44107713148302263 2.782555517821815 5
    endloop
  endfacet
  facet normal 0 0 1
    outer loop
      vertex 0.7315887075604809 1.3220551984878859 5
      vertex 1.4350628713690867 1.5354517530826746 5
      vertex 1.2560813995549314 3.120141339049157 5
    endloop
  endfacet
  facet normal 0 0 1
    outer loop
      vertex 0.7315887075604809 1.3220551984878859 5
      vertex 1.2560813995549314 3.120141339049157 5
      vertex 0.8652039161620579 2.9112129713832458 5
    endloop
  endfacet
  facet normal -0.09801714032956071 0.9951847266721968 0
    outer loop
      vertex 0 1.25 5
      vertex 0 1.25 10
      vertex 0.7315887075604809 1.3220551984878859 5
    endloop
  endfacet
  facet normal -0.2902846772544621 0.956940335732209 0
    outer loop
      vertex 0.7315887075604809 1.3220551984878859 5
      vertex 0.7315887075604809 1.3220551984878859 10
      vertex 1.4350628713690867 1.5354517530826746 5
    endloop
  endfacet
  facet normal 0 0 1
    outer loop
      vertex 1.4350628713690867 1.5354517530826746 5
      vertex 2.0833883738235084 1.8819889538654553 5
      vertex 1.879858660950843 3.7439186004450686 5
    endloop
  endfacet
  facet normal -0.4713967368259977 0.881921264348355 0
    outer loop
      vertex 1.4350628713690867 1.5354517530826746 5
      vertex 1.4350628713690867 1.5354517530826746 10
      vertex 2.0833883738235084 1.8819889538654553 5
    endloop
  endfacet
  facet normal -0.6343932841636455 0.7730104533627371 0
    outer loop
      vertex 2.0833883738235084 1.8819889538654553 5
      vertex 2.0833883738235084 1.8819889538654553 10
      vertex 2.6516504294495533 2.3483495705504467 5
    endloop
  endfacet
  facet normal -0.09801714032956071 0.9951847266721968 0
    outer loop
      vertex 0.7315887075604809 1.3220551984878859 5
      vertex 0 1.25 10
      vertex 0.7315887075604809 1.3220551984878859 10
    endloop
  endfacet
  facet normal -0.2902846772544621 0.956940335732209 0
    outer loop
      vertex 1.4350628713690867 1.5354517530826746 5
      vertex 0.7315887075604809 1.3220551984878859 10
      vertex 1.4350628713690867 1.5354517530826746 10
    endloop
  endfacet
  facet normal -0.4713967368259977 0.881921264348355 0
    outer loop
      vertex 2.0833883738235084 1.8819889538654553 5
      vertex 1.4350628713690867 1.5354517530826746 10
      vertex 2.0833883738235084 1.8819889538654553 10
    endloop
  endfacet
  facet normal -0.6343932841636455 0.7730104533627371 0
    outer loop
      vertex 2.6516504294495533 2.3483495705504467 5
      vertex 2.0833883738235084 1.8819889538654553 10
      vertex 2.6516504294495533 2.3483495705504467 10
    endloop
  endfacet
  facet normal 0 0 1
    outer loop
      vertex 1.4350628713690867 1.5354517530826746 5
      vertex 1.5986883791814732 3.401311620818527 5
      vertex 1.2560813995549314 3.120141339049157 5
    endloop
  endfacet
  facet normal 0 0 1
    outer loop
      vertex 1.4350628713690867 1.5354517530826746 5
      vertex 1.879858660950843 3.7439186004450686 5
      vertex 1.5986883791814732 3.401311620818527 5
    endloop
  endfacet
  facet normal 0 0 1
    outer loop
      vertex 2.0833883738235084 1.8819889538654553 5
      vertex 2.0887870286167542 4.1347960838379425 5
      vertex 1.879858660950843 3.7439186004450686 5
    endloop
  endfacet
  facet normal 0 0 1
    outer loop
      vertex 2.0833883738235084 1.8819889538654553 5
      vertex 2.217444482178185 4.558922868516977 5
      vertex 2.0887870286167542 4.1347960838379425 5
    endloop
  endfacet
  facet normal 0 0 1
    outer loop
      vertex 2.0833883738235084 1.8819889538654553 5
      vertex 2.6516504294495533 2.3483495705504467 5
      vertex 2.6516504294495533 7.651650429449553 5
    endloop
  endfacet
  facet normal 0 0 1
    outer loop
      vertex 2.0833883738235084 1.8819889538654553 5
      vertex 2.6516504294495533 7.651650429449553 5
      vertex 2.217444482178185 4.558922868516977 5
    endloop
  endfacet
  facet normal -0.7730104533627371 0.6343932841636455 0
    outer loop
      vertex 2.6516504294495533 2.3483495705504467 5
      vertex 2.6516504294495533 2.3483495705504467 10
      vertex 3.1180110461345447 2.9166116261764916 5
    endloop
  endfacet
  facet normal -0.8819212643483552 0.4713967368259976 0
    outer loop
      vertex 3.1180110461345447 2.9166116261764916 5
      vertex 3.1180110461345447 2.9166116261764916 10
      vertex 3.4645482469173254 3.5649371286309135 5
    endloop
  endfacet
  facet normal 0 0 1
    outer loop
      vertex 2.6516504294495533 2.3483495705504467 5
      vertex 3.1180110461345447 2.9166116261764916 5
      vertex 3.1180110461345447 7.083388373823508 5
    endloop
  endfacet
  facet normal 0 0 1
    outer loop
      vertex 3.1180110461345447 2.9166116261764916 5
      vertex 3.4645482469173254 3.5649371286309135 5
      vertex 3.4645482469173254 6.4350628713690865 5
    endloop
  endfacet
  facet normal 0 0 1
    outer loop
      vertex 3.4645482469173254 3.5649371286309135 5
      vertex 3.677944801512114 4.268411292439519 5
      vertex 3.677944801512114 5.731588707560481 5
    endloop
  endfacet
  facet normal -0.956940335732209 0.29028467725446216 0
    outer loop
      vertex 3.4645482469173254 3.5649371286309135 5
      vertex 3.4645482469173254 3.5649371286309135 10
      vertex 3.677944801512114 4.268411292439519 5
    endloop
  endfacet
  facet normal -0.9951847266721968 0.09801714032956073 0
    outer loop
      vertex 3.677944801512114 4.268411292439519 5
      vertex 3.677944801512114 4.268411292439519 10
      vertex 3.75 5 5
    endloop
  endfacet
  facet normal -0.7730104533627371 0.6343932841636455 0
    outer loop
      vertex 3.1180110461345447 2.9166116261764916 5
      vertex 2.6516504294495533 2.3483495705504467 10
      vertex 3.1180110461345447 2.9166116261764916 10
    endloop
  endfacet
  facet normal -0.8819212643483552 0.4713967368259976 0
    outer loop
      vertex 3.4645482469173254 3.5649371286309135 5
      vertex 3.1180110461345447 2.9166116261764916 10
      vertex 3.4645482469173254 3.5649371286309135 10
    endloop
  endfacet
  facet normal -0.956940335732209 0.29028467725446216 0
    outer loop
      vertex 3.677944801512114 4.268411292439519 5
      vertex 3.4645482469173254 3.5649371286309135 10
      vertex 3.677944801512114 4.268411292439519 10
    endloop
  endfacet
  facet normal -0.9951847266721968 0.09801714032956073 0
    outer loop
      vertex 3.75 5 5
      vertex 3.677944801512114 4.268411292439519 10
      vertex 3.75 5 10
    endloop
  endfacet
  facet normal 0 0 1
    outer loop
      vertex 0.8652039161620579 7.088787028616754 5
      vertex 1.2560813995549314 6.879858660950843 5
      vertex 1.4350628713690867 8.464548246917325 5
    endloop
  endfacet
  facet normal 0 0 1
    outer loop
      vertex 2.217444482178185 4.558922868516977 5
      vertex 2.6516504294495533 7.651650429449553 5
      vertex 2.2608867878467005 5 5
    endloop
  endfacet
  facet normal 0 0 1
    outer loop
      vertex 2.2608867878467005 5 5
      vertex 2.6516504294495533 7.651650429449553 5
      vertex 2.217444482178185 5.441077131483023 5
    endloop
  endfacet
  facet normal 0 0 1
    outer loop
      vertex 1.5986883791814732 6.598688379181473 5
      vertex 1.879858660950843 6.256081399554931 5
      vertex 2.0833883738235084 8.118011046134544 5
    endloop
  endfacet
  facet normal 0 0 1
    outer loop
      vertex 1.5986883791814732 6.598688379181473 5
      vertex 2.0833883738235084 8.118011046134544 5
      vertex 1.2560813995549314 6.879858660950843 5
    endloop
  endfacet
  facet normal 0 0 1
    outer loop
      vertex 2.217444482178185 5.441077131483023 5
      vertex 2.6516504294495533 7.651650429449553 5
      vertex 2.0887870286167542 5.8652039161620575 5
    endloop
  endfacet
  facet normal 0 0 1
    outer loop
      vertex 2.0887870286167542 5.8652039161620575 5
      vertex 2.6516504294495533 7.651650429449553 5
      vertex 1.879858660950843 6.256081399554931 5
    endloop
  endfacet
  facet normal 0 0 1
    outer loop
      vertex 1.879858660950843 6.256081399554931 5
      vertex 2.6516504294495533 7.651650429449553 5
      vertex 2.0833883738235084 8.118011046134544 5
    endloop
  endfacet
  facet normal 0 0 1
    outer loop
      vertex 0 7.260886787846701 5
      vertex 0.44107713148302263 7.217444482178185 5
      vertex 0.7315887075604809 8.677944801512114 5
    endloop
  endfacet
  facet normal 0 0 1
    outer loop
      vertex 0 7.260886787846701 5
      vertex 0.7315887075604809 8.677944801512114 5
      vertex 0 8.75 5
    endloop
  endfacet
  facet normal 0 0 1
    outer loop
      vertex 0.44107713148302263 7.217444482178185 5
      vertex 0.8652039161620579 7.088787028616754 5
      vertex 1.4350628713690867 8.464548246917325 5
    endloop
  endfacet
  facet normal 0 0 1
    outer loop
      vertex 0.44107713148302263 7.217444482178185 5
      vertex 1.4350628713690867 8.464548246917325 5
      vertex 0.7315887075604809 8.677944801512114 5
    endloop
  endfacet
  facet normal -0.09801714032956131 -0.9951847266721967 0
    outer loop
      vertex 0 8.75 5
      vertex 0.7315887075604809 8.677944801512114 5
      vertex 0.7315887075604809 8.677944801512114 10
    endloop
  endfacet
  facet normal -0.29028467725446266 -0.9569403357322088 0
    outer loop
      vertex 0.7315887075604809 8.677944801512114 5
      vertex 1.4350628713690867 8.464548246917325 5
      vertex 1.4350628713690867 8.464548246917325 10
    endloop
  endfacet
  facet normal 0 0 1
    outer loop
      vertex 1.2560813995549314 6.879858660950843 5
      vertex 2.0833883738235084 8.118011046134544 5
      vertex 1.4350628713690867 8.464548246917325 5
    endloop
  endfacet
  facet normal -0.4713967368259972 -0.8819212643483553 0
    outer loop
      vertex 1.4350628713690867 8.464548246917325 5
      vertex 2.0833883738235084 8.118011046134544 5
      vertex 2.0833883738235084 8.118011046134544 10
    endloop
  endfacet
  facet normal -0.634393284163645 -0.7730104533627372 0
    outer loop
      vertex 2.0833883738235084 8.118011046134544 5
      vertex 2.6516504294495533 7.651650429449553 5
      vertex 2.6516504294495533 7.651650429449553 10
    endloop
  endfacet
  facet normal -0.09801714032956131 -0.9951847266721967 0
    outer loop
      vertex 0 8.75 5
      vertex 0.7315887075604809 8.677944801512114 10
      vertex 0 8.75 10
    endloop
  endfacet
  facet normal -0.29028467725446266 -0.9569403357322088 0
    outer loop
      vertex 0.7315887075604809 8.677944801512114 5
      vertex 1.4350628713690867 8.464548246917325 10
      vertex 0.7315887075604809 8.677944801512114 10
    endloop
  endfacet
  facet normal -0.4713967368259972 -0.8819212643483553 0
    outer loop
      vertex 1.4350628713690867 8.464548246917325 5
      vertex 2.0833883738235084 8.118011046134544 10
      vertex 1.4350628713690867 8.464548246917325 10
    endloop
  endfacet
  facet normal -0.634393284163645 -0.7730104533627372 0
    outer loop
      vertex 2.0833883738235084 8.118011046134544 5
      vertex 2.6516504294495533 7.651650429449553 10
      vertex 2.0833883738235084 8.118011046134544 10
    endloop
  endfacet
  facet normal 0 0 1
    outer loop
      vertex 2.6516504294495533 2.3483495705504467 5
      vertex 3.1180110461345447 7.083388373823508 5
      vertex 2.6516504294495533 7.651650429449553 5
    endloop
  endfacet
  facet normal 0 0 1
    outer loop
      vertex 3.1180110461345447 2.9166116261764916 5
      vertex 3.4645482469173254 6.4350628713690865 5
      vertex 3.1180110461345447 7.083388373823508 5
    endloop
  endfacet
  facet normal 0 0 1
    outer loop
      vertex 3.4645482469173254 3.5649371286309135 5
      vertex 3.677944801512114 5.731588707560481 5
      vertex 3.4645482469173254 6.4350628713690865 5
    endloop
  endfacet
  facet normal 0 0 1
    outer loop
      vertex 3.677944801512114 4.268411292439519 5
      vertex 3.75 5 5
      vertex 3.677944801512114 5.731588707560481 5
    endloop
  endfacet
  facet normal -0.9951847266721968 -0.09801714032956073 0
    outer loop
      vertex 3.75 5 5
      vertex 3.75 5 10
      vertex 3.677944801512114 5.731588707560481 5
    endloop
  endfacet
  facet normal -0.956940335732209 -0.29028467725446216 0
    outer loop
      vertex 3.677944801512114 5.731588707560481 5
      vertex 3.677944801512114 5.731588707560481 10
      vertex 3.4645482469173254 6.4350628713690865 5
    endloop
  endfacet
  facet normal -0.7730104533627371 -0.6343932841636455 0
    outer loop
      vertex 3.1180110461345447 7.083388373823508 5
      vertex 3.1180110461345447 7.083388373823508 10
      vertex 2.6516504294495533 7.651650429449553 5
    endloop
  endfacet
  facet normal -0.8819212643483552 -0.4713967368259976 0
    outer loop
      vertex 3.1180110461345447 7.083388373823508 5
      vertex 3.4645482469173254 6.4350628713690865 5
      vertex 3.4645482469173254 6.4350628713690865 10
    endloop
  endfacet
  facet normal -0.9951847266721968 -0.09801714032956073 0
    outer loop
      vertex 3.677944801512114 5.731588707560481 5
      vertex 3.75 5 10
      vertex 3.677944801512114 5.731588707560481 10
    endloop
  endfacet
  facet normal -0.956940335732209 -0.29028467725446216 0
    outer loop
      vertex 3.4645482469173254 6.4350628713690865 5
      vertex 3.677944801512114 5.731588707560481 10
      vertex 3.4645482469173254 6.4350628713690865 10
    endloop
  endfacet
  facet normal -0.7730104533627371 -0.6343932841636455 0
    outer loop
      vertex 2.6516504294495533 7.651650429449553 5
      vertex 3.1180110461345447 7.083388373823508 10
      vertex 2.6516504294495533 7.651650429449553 10
    endloop
  endfacet
  facet normal -0.8819212643483552 -0.4713967368259976 0
    outer loop
      vertex 3.1180110461345447 7.083388373823508 5
      vertex 3.4645482469173254 6.4350628713690865 10
      vertex 3.1180110461345447 7.083388373823508 10
    endloop
  endfacet
  facet normal 0.8819212643483553 0 0.4713967368259972
    outer loop
      vertex -8.118011046134544 -5 -2.0833883738235084
      vertex -8.464548246917325 -10 -1.4350628713690867
      vertex -8.118011046134544 -10 -2.0833883738235084
    endloop
  endfacet
  facet normal 0.7730104533627372 0 0.634393284163645
    outer loop
      vertex -7.651650429449553 -5 -2.6516504294495533
      vertex -8.118011046134544 -10 -2.0833883738235084
      vertex -7.651650429449553 -10 -2.6516504294495533
    endloop
  endfacet
  facet normal 0.9569403357322088 0 0.29028467725446266
    outer loop
      vertex -8.464548246917325 -5 -1.4350628713690867
      vertex -8.677944801512114 -10 -0.7315887075604809
      vertex -8.464548246917325 -10 -1.4350628713690867
    endloop
  endfacet
  facet normal 0.9951847266721967 0 0.09801714032956131
    outer loop
      vertex -8.677944801512114 -5 -0.7315887075604809
      vertex -8.75 -10 0
      vertex -8.677944801512114 -10 -0.7315887075604809
    endloop
  endfacet
  facet normal 0.8819212643483553 0 0.4713967368259972
    outer loop
      vertex -8.464548246917325 -5 -1.4350628713690867
      vertex -8.464548246917325 -10 -1.4350628713690867
      vertex -8.118011046134544 -5 -2.0833883738235084
    endloop
  endfacet
  facet normal 0.7730104533627372 0 0.634393284163645
    outer loop
      vertex -7.651650429449553 -5 -2.6516504294495533
      vertex -8.118011046134544 -5 -2.0833883738235084
      vertex -8.118011046134544 -10 -2.0833883738235084
    endloop
  endfacet
  facet normal 0.9569403357322088 0 0.29028467725446266
    outer loop
      vertex -8.464548246917325 -5 -1.4350628713690867
      vertex -8.677944801512114 -5 -0.7315887075604809
      vertex -8.677944801512114 -10 -0.7315887075604809
    endloop
  endfacet
  facet normal 0.9951847266721967 0 0.09801714032956131
    outer loop
      vertex -8.75 -5 0
      vertex -8.75 -10 0
      vertex -8.677944801512114 -5 -0.7315887075604809
    endloop
  endfacet
  facet normal 0.6343932841636455 0 0.7730104533627371
    outer loop
      vertex -7.083388373823508 -5 -3.1180110461345447
      vertex -7.651650429449553 -10 -2.6516504294495533
      vertex -7.083388373823508 -10 -3.1180110461345447
    endloop
  endfacet
  facet normal 0.4713967368259976 0 0.8819212643483552
    outer loop
      vertex -6.4350628713690865 -5 -3.4645482469173254
      vertex -7.083388373823508 -10 -3.1180110461345447
      vertex -6.4350628713690865 -10 -3.4645482469173254
    endloop
  endfacet
  facet normal 0.29028467725446216 0 0.956940335732209
    outer loop
      vertex -5.731588707560481 -5 -3.677944801512114
      vertex -6.4350628713690865 -10 -3.4645482469173254
      vertex -5.731588707560481 -10 -3.677944801512114
    endloop
  endfacet
  facet normal 0.09801714032956073 0 0.9951847266721968
    outer loop
      vertex -5 -5 -3.75
      vertex -5.731588707560481 -10 -3.677944801512114
      vertex -5 -10 -3.75
    endloop
  endfacet
  facet normal 0.6343932841636455 0 0.7730104533627371
    outer loop
      vertex -7.651650429449553 -5 -2.6516504294495533
      vertex -7.651650429449553 -10 -2.6516504294495533
      vertex -7.083388373823508 -5 -3.1180110461345447
    endloop
  endfacet
  facet normal 0.4713967368259976 0 0.8819212643483552
    outer loop
      vertex -7.083388373823508 -5 -3.1180110461345447
      vertex -7.083388373823508 -10 -3.1180110461345447
      vertex -6.4350628713690865 -5 -3.4645482469173254
    endloop
  endfacet
  facet normal 0.29028467725446216 0 0.956940335732209
    outer loop
      vertex -6.4350628713690865 -5 -3.4645482469173254
      vertex -6.4350628713690865 -10 -3.4645482469173254
      vertex -5.731588707560481 -5 -3.677944801512114
    endloop
  endfacet
  facet normal 0.09801714032956073 0 0.9951847266721968
    outer loop
      vertex -5 -5 -3.75
      vertex -5.731588707560481 -5 -3.677944801512114
      vertex -5.731588707560481 -10 -3.677944801512114
    endloop
  endfacet
  facet normal 0 -1 0
    outer loop
      vertex -8.464548246917325 -5 -1.4350628713690867
      vertex -8.464548246917325 -5 1.4350628713690867
      vertex -8.677944801512114 -5 -0.7315887075604809
    endloop
  endfacet
  facet normal 0 -1 0
    outer loop
      vertex -8.464548246917325 -5 -1.4350628713690867
      vertex -8.118011046134544 -5 -2.0833883738235084
      vertex -8.118011046134544 -5 2.0833883738235084
    endloop
  endfacet
  facet normal 0 -1 0
    outer loop
      vertex -7.651650429449553 -5 -2.6516504294495533
      vertex -7.651650429449553 -5 2.6516504294495533
      vertex -8.118011046134544 -5 -2.0833883738235084
    endloop
  endfacet
  facet normal 0 -1 0
    outer loop
      vertex -7.083388373823508 -5 -3.1180110461345447
      vertex -6.4350628713690865 -5 -3.4645482469173254
      vertex -6.256081399554931 -5 -1.879858660950843
    endloop
  endfacet
  facet normal 0 -1 0
    outer loop
      vertex -6.4350628713690865 -5 -3.4645482469173254
      vertex -5.731588707560481 -5 -3.677944801512114
      vertex -5.441077131483023 -5 -2.217444482178185
    endloop
  endfacet
  facet normal 0 -1 0
    outer loop
      vertex -6.4350628713690865 -5 -3.4645482469173254
      vertex -5.441077131483023 -5 -2.217444482178185
      vertex -5.8652039161620575 -5 -2.0887870286167542
    endloop
  endfacet
  facet normal 0 -1 0
    outer loop
      vertex -5 -5 -3.75
      vertex -5 -5 -2.2608867878467005
      vertex -5.731588707560481 -5 -3.677944801512114
    endloop
  endfacet
  facet normal 0 -1 0
    outer loop
      vertex -5.731588707560481 -5 -3.677944801512114
      vertex -5 -5 -2.2608867878467005
      vertex -5.441077131483023 -5 -2.217444482178185
    endloop
  endfacet
  facet normal 0 -1 0
    outer loop
      vertex -7.651650429449553 -5 -2.6516504294495533
      vertex -7.083388373823508 -5 -3.1180110461345447
      vertex -6.879858660950843 -5 -1.2560813995549314
    endloop
  endfacet
  facet normal 0 -1 0
    outer loop
      vertex -7.651650429449553 -5 -2.6516504294495533
      vertex -6.879858660950843 -5 -1.2560813995549314
      vertex -7.088787028616754 -5 -0.8652039161620579
    endloop
  endfacet
  facet normal 0 -1 0
    outer loop
      vertex -7.651650429449553 -5 -2.6516504294495533
      vertex -7.088787028616754 -5 -0.8652039161620579
      vertex -7.217444482178185 -5 -0.44107713148302263
    endloop
  endfacet
  facet normal 0 -1 0
    outer loop
      vertex -7.083388373823508 -5 -3.1180110461345447
      vertex -6.256081399554931 -5 -1.879858660950843
      vertex -6.598688379181473 -5 -1.5986883791814732
    endloop
  endfacet
  facet normal 0 -1 0
    outer loop
      vertex -7.083388373823508 -5 -3.1180110461345447
      vertex -6.598688379181473 -5 -1.5986883791814732
      vertex -6.879858660950843 -5 -1.2560813995549314
    endloop
  endfacet
  facet normal 0 -1 0
    outer loop
      vertex -7.651650429449553 -5 -2.6516504294495533
      vertex -7.217444482178185 -5 -0.44107713148302263
      vertex -7.260886787846701 -5 0
    endloop
  endfacet
  facet normal 0 -1 0
    outer loop
      vertex -7.651650429449553 -5 -2.6516504294495533
      vertex -7.260886787846701 -5 0
      vertex -7.217444482178185 -5 0.44107713148302263
    endloop
  endfacet
  facet normal 0 -1 0
    outer loop
      vertex -6.4350628713690865 -5 -3.4645482469173254
      vertex -5.8652039161620575 -5 -2.0887870286167542
      vertex -6.256081399554931 -5 -1.879858660950843
    endloop
  endfacet
  facet normal -0.09801714032956073 0 0.9951847266721968
    outer loop
      vertex -4.268411292439519 -5 -3.677944801512114
      vertex -5 -10 -3.75
      vertex -4.268411292439519 -10 -3.677944801512114
    endloop
  endfacet
  facet normal -0.29028467725446216 0 0.956940335732209
    outer loop
      vertex -3.5649371286309135 -5 -3.4645482469173254
      vertex -4.268411292439519 -10 -3.677944801512114
      vertex -3.5649371286309135 -10 -3.4645482469173254
    endloop
  endfacet
  facet normal -0.4713967368259976 0 0.8819212643483552
    outer loop
      vertex -2.9166116261764916 -5 -3.1180110461345447
      vertex -3.5649371286309135 -10 -3.4645482469173254
      vertex -2.9166116261764916 -10 -3.1180110461345447
    endloop
  endfacet
  facet normal -0.6343932841636455 0 0.7730104533627371
    outer loop
      vertex -2.3483495705504467 -5 -2.6516504294495533
      vertex -2.9166116261764916 -10 -3.1180110461345447
      vertex -2.3483495705504467 -10 -2.6516504294495533
    endloop
  endfacet
  facet normal -0.09801714032956073 0 0.9951847266721968
    outer loop
      vertex -5 -5 -3.75
      vertex -5 -10 -3.75
      vertex -4.268411292439519 -5 -3.677944801512114
    endloop
  endfacet
  facet normal -0.29028467725446216 0 0.956940335732209
    outer loop
      vertex -4.268411292439519 -5 -3.677944801512114
      vertex -4.268411292439519 -10 -3.677944801512114
      vertex -3.5649371286309135 -5 -3.4645482469173254
    endloop
  endfacet
  facet normal -0.4713967368259976 0 0.8819212643483552
    outer loop
      vertex -3.5649371286309135 -5 -3.4645482469173254
      vertex -3.5649371286309135 -10 -3.4645482469173254
      vertex -2.9166116261764916 -5 -3.1180110461345447
    endloop
  endfacet
  facet normal -0.6343932841636455 0 0.7730104533627371
    outer loop
      vertex -2.9166116261764916 -5 -3.1180110461345447
      vertex -2.9166116261764916 -10 -3.1180110461345447
      vertex -2.3483495705504467 -5 -2.6516504294495533
    endloop
  endfacet
  facet normal -0.7730104533627371 0 0.6343932841636455
    outer loop
      vertex -1.8819889538654553 -5 -2.0833883738235084
      vertex -2.3483495705504467 -10 -2.6516504294495533
      vertex -1.8819889538654553 -10 -2.0833883738235084
    endloop
  endfacet
  facet normal -0.881921264348355 0 0.4713967368259977
    outer loop
      vertex -1.5354517530826746 -5 -1.4350628713690867
      vertex -1.8819889538654553 -10 -2.0833883738235084
      vertex -1.5354517530826746 -10 -1.4350628713690867
    endloop
  endfacet
  facet normal -0.956940335732209 0 0.2902846772544621
    outer loop
      vertex -1.3220551984878859 -5 -0.7315887075604809
      vertex -1.5354517530826746 -10 -1.4350628713690867
      vertex -1.3220551984878859 -10 -0.7315887075604809
    endloop
  endfacet
  facet normal -0.9951847266721968 0 0.09801714032956071
    outer loop
      vertex -1.25 -5 0
      vertex -1.3220551984878859 -10 -0.7315887075604809
      vertex -1.25 -10 0
    endloop
  endfacet
  facet normal -0.7730104533627371 0 0.6343932841636455
    outer loop
      vertex -2.3483495705504467 -5 -2.6516504294495533
      vertex -2.3483495705504467 -10 -2.6516504294495533
      vertex -1.8819889538654553 -5 -2.0833883738235084
    endloop
  endfacet
  facet normal -0.881921264348355 0 0.4713967368259977
    outer loop
      vertex -1.8819889538654553 -5 -2.0833883738235084
      vertex -1.8819889538654553 -10 -2.0833883738235084
      vertex -1.5354517530826746 -5 -1.4350628713690867
    endloop
  endfacet
  facet normal -0.956940335732209 0 0.2902846772544621
    outer loop
      vertex -1.5354517530826746 -5 -1.4350628713690867
      vertex -1.5354517530826746 -10 -1.4350628713690867
      vertex -1.3220551984878859 -5 -0.7315887075604809
    endloop
  endfacet
  facet normal -0.9951847266721968 0 0.09801714032956071
    outer loop
      vertex -1.3220551984878859 -5 -0.7315887075604809
      vertex -1.3220551984878859 -10 -0.7315887075604809
      vertex -1.25 -5 0
    endloop
  endfacet
  facet normal 0 -1 0
    outer loop
      vertex -5 -5 -3.75
      vertex -4.268411292439519 -5 -3.677944801512114
      vertex -4.558922868516977 -5 -2.217444482178185
    endloop
  endfacet
  facet normal 0 -1 0
    outer loop
      vertex -5 -5 -3.75
      vertex -4.558922868516977 -5 -2.217444482178185
      vertex -5 -5 -2.2608867878467005
    endloop
  endfacet
  facet normal 0 -1 0
    outer loop
      vertex -4.268411292439519 -5 -3.677944801512114
      vertex -4.1347960838379425 -5 -2.0887870286167542
      vertex -4.558922868516977 -5 -2.217444482178185
    endloop
  endfacet
  facet normal 0 -1 0
    outer loop
      vertex -4.268411292439519 -5 -3.677944801512114
      vertex -3.5649371286309135 -5 -3.4645482469173254
      vertex -3.7439186004450686 -5 -1.879858660950843
    endloop
  endfacet
  facet normal 0 -1 0
    outer loop
      vertex -4.268411292439519 -5 -3.677944801512114
      vertex -3.7439186004450686 -5 -1.879858660950843
      vertex -4.1347960838379425 -5 -2.0887870286167542
    endloop
  endfacet
  facet normal 0 -1 0
    outer loop
      vertex -3.5649371286309135 -5 -3.4645482469173254
      vertex -2.9166116261764916 -5 -3.1180110461345447
      vertex -3.120141339049157 -5 -1.2560813995549314
    endloop
  endfacet
  facet normal 0 -1 0
    outer loop
      vertex -3.5649371286309135 -5 -3.4645482469173254
      vertex -3.401311620818527 -5 -1.5986883791814732
      vertex -3.7439186004450686 -5 -1.879858660950843
    endloop
  endfacet
  facet normal 0 -1 0
    outer loop
      vertex -3.5649371286309135 -5 -3.4645482469173254
      vertex -3.120141339049157 -5 -1.2560813995549314
      vertex -3.401311620818527 -5 -1.5986883791814732
    endloop
  endfacet
  facet normal 0 -1 0
    outer loop
      vertex -2.9166116261764916 -5 -3.1180110461345447
      vertex -2.9112129713832458 -5 -0.8652039161620579
      vertex -3.120141339049157 -5 -1.2560813995549314
    endloop
  endfacet
  facet normal 0 -1 0
    outer loop
      vertex -2.9166116261764916 -5 -3.1180110461345447
      vertex -2.782555517821815 -5 -0.44107713148302263
      vertex -2.9112129713832458 -5 -0.8652039161620579
    endloop
  endfacet
  facet normal 0 -1 0
    outer loop
      vertex -2.9166116261764916 -5 -3.1180110461345447
      vertex -2.3483495705504467 -5 -2.6516504294495533
      vertex -2.3483495705504467 -5 2.6516504294495533
    endloop
  endfacet
  facet normal 0 -1 0
    outer loop
      vertex -2.9166116261764916 -5 -3.1180110461345447
      vertex -2.3483495705504467 -5 2.6516504294495533
      vertex -2.782555517821815 -5 -0.44107713148302263
    endloop
  endfacet
  facet normal 0 -1 0
    outer loop
      vertex -2.3483495705504467 -5 -2.6516504294495533
      vertex -1.8819889538654553 -5 -2.0833883738235084
      vertex -1.8819889538654553 -5 2.0833883738235084
    endloop
  endfacet
  facet normal 0 -1 0
    outer loop
      vertex -1.8819889538654553 -5 -2.0833883738235084
      vertex -1.5354517530826746 -5 -1.4350628713690867
      vertex -1.5354517530826746 -5 1.4350628713690867
    endloop
  endfacet
  facet normal 0 -1 0
    outer loop
      vertex -1.5354517530826746 -5 -1.4350628713690867
      vertex -1.3220551984878859 -5 -0.7315887075604809
      vertex -1.3220551984878859 -5 0.7315887075604809
    endloop
  endfacet
  facet normal 0.9951847266721967 0 -0.09801714032956131
    outer loop
      vertex -8.75 -5 0
      vertex -8.677944801512114 -10 0.7315887075604809
      vertex -8.75 -10 0
    endloop
  endfacet
  facet normal 0.9569403357322088 0 -0.29028467725446266
    outer loop
      vertex -8.677944801512114 -5 0.7315887075604809
      vertex -8.464548246917325 -10 1.4350628713690867
      vertex -8.677944801512114 -10 0.7315887075604809
    endloop
  endfacet
  facet normal 0.8819212643483553 0 -0.4713967368259972
    outer loop
      vertex -8.464548246917325 -5 1.4350628713690867
      vertex -8.118011046134544 -10 2.0833883738235084
      vertex -8.464548246917325 -10 1.4350628713690867
    endloop
  endfacet
  facet normal 0.7730104533627372 0 -0.634393284163645
    outer loop
      vertex -8.118011046134544 -5 2.0833883738235084
      vertex -7.651650429449553 -10 2.6516504294495533
      vertex -8.118011046134544 -10 2.0833883738235084
    endloop
  endfacet
  facet normal 0.9951847266721967 0 -0.09801714032956131
    outer loop
      vertex -8.75 -5 0
      vertex -8.677944801512114 -5 0.7315887075604809
      vertex -8.677944801512114 -10 0.7315887075604809
    endloop
  endfacet
  facet normal 0.9569403357322088 0 -0.29028467725446266
    outer loop
      vertex -8.677944801512114 -5 0.7315887075604809
      vertex -8.464548246917325 -5 1.4350628713690867
      vertex -8.464548246917325 -10 1.4350628713690867
    endloop
  endfacet
  facet normal 0.8819212643483553 0 -0.4713967368259972
    outer loop
      vertex -8.464548246917325 -5 1.4350628713690867
      vertex -8.118011046134544 -5 2.0833883738235084
      vertex -8.118011046134544 -10 2.0833883738235084
    endloop
  endfacet
  facet normal 0.7730104533627372 0 -0.634393284163645
    outer loop
      vertex -8.118011046134544 -5 2.0833883738235084
      vertex -7.651650429449553 -5 2.6516504294495533
      vertex -7.651650429449553 -10 2.6516504294495533
    endloop
  endfacet
  facet normal 0.6343932841636455 0 -0.7730104533627371
    outer loop
      vertex -7.651650429449553 -5 2.6516504294495533
      vertex -7.083388373823508 -10 3.1180110461345447
      vertex -7.651650429449553 -10 2.6516504294495533
    endloop
  endfacet
  facet normal 0.4713967368259976 0 -0.8819212643483552
    outer loop
      vertex -7.083388373823508 -5 3.1180110461345447
      vertex -6.4350628713690865 -10 3.4645482469173254
      vertex -7.083388373823508 -10 3.1180110461345447
    endloop
  endfacet
  facet normal 0.29028467725446216 0 -0.956940335732209
    outer loop
      vertex -6.4350628713690865 -5 3.4645482469173254
      vertex -5.731588707560481 -10 3.677944801512114
      vertex -6.4350628713690865 -10 3.4645482469173254
    endloop
  endfacet
  facet normal 0.09801714032956073 0 -0.9951847266721968
    outer loop
      vertex -5.731588707560481 -5 3.677944801512114
      vertex -5 -10 3.75
      vertex -5.731588707560481 -10 3.677944801512114
    endloop
  endfacet
  facet normal 0.6343932841636455 0 -0.7730104533627371
    outer loop
      vertex -7.651650429449553 -5 2.6516504294495533
      vertex -7.083388373823508 -5 3.1180110461345447
      vertex -7.083388373823508 -10 3.1180110461345447
    endloop
  endfacet
  facet normal 0.4713967368259976 0 -0.8819212643483552
    outer loop
      vertex -7.083388373823508 -5 3.1180110461345447
      vertex -6.4350628713690865 -5 3.4645482469173254
      vertex -6.4350628713690865 -10 3.4645482469173254
    endloop
  endfacet
  facet normal 0.29028467725446216 0 -0.956940335732209
    outer loop
      vertex -6.4350628713690865 -5 3.4645482469173254
      vertex -5.731588707560481 -5 3.677944801512114
      vertex -5.731588707560481 -10 3.677944801512114
    endloop
  endfacet
  facet normal 0.09801714032956073 0 -0.9951847266721968
    outer loop
      vertex -5.731588707560481 -5 3.677944801512114
      vertex -5 -5 3.75
      vertex -5 -10 3.75
    endloop
  endfacet
  facet normal 0 -1 0
    outer loop
      vertex -8.75 -5 0
      vertex -8.677944801512114 -5 -0.7315887075604809
      vertex -8.677944801512114 -5 0.7315887075604809
    endloop
  endfacet
  facet normal 0 -1 0
    outer loop
      vertex -8.677944801512114 -5 -0.7315887075604809
      vertex -8.464548246917325 -5 1.4350628713690867
      vertex -8.677944801512114 -5 0.7315887075604809
    endloop
  endfacet
  facet normal 0 -1 0
    outer loop
      vertex -8.464548246917325 -5 -1.4350628713690867
      vertex -8.118011046134544 -5 2.0833883738235084
      vertex -8.464548246917325 -5 1.4350628713690867
    endloop
  endfacet
  facet normal 0 -1 0
    outer loop
      vertex -8.118011046134544 -5 -2.0833883738235084
      vertex -7.651650429449553 -5 2.6516504294495533
      vertex -8.118011046134544 -5 2.0833883738235084
    endloop
  endfacet
  facet normal 0 -1 0
    outer loop
      vertex -7.651650429449553 -5 -2.6516504294495533
      vertex -7.217444482178185 -5 0.44107713148302263
      vertex -7.083388373823508 -5 3.1180110461345447
    endloop
  endfacet
  facet normal 0 -1 0
    outer loop
      vertex -7.651650429449553 -5 -2.6516504294495533
      vertex -7.083388373823508 -5 3.1180110461345447
      vertex -7.651650429449553 -5 2.6516504294495533
    endloop
  endfacet
  facet normal 0 -1 0
    outer loop
      vertex -7.217444482178185 -5 0.44107713148302263
      vertex -7.088787028616754 -5 0.8652039161620579
      vertex -7.083388373823508 -5 3.1180110461345447
    endloop
  endfacet
  facet normal 0 -1 0
    outer loop
      vertex -7.088787028616754 -5 0.8652039161620579
      vertex -6.879858660950843 -5 1.2560813995549314
      vertex -7.083388373823508 -5 3.1180110461345447
    endloop
  endfacet
  facet normal 0 -1 0
    outer loop
      vertex -6.879858660950843 -5 1.2560813995549314
      vertex -6.598688379181473 -5 1.5986883791814732
      vertex -6.4350628713690865 -5 3.4645482469173254
    endloop
  endfacet
  facet normal 0 -1 0
    outer loop
      vertex -6.598688379181473 -5 1.5986883791814732
      vertex -6.256081399554931 -5 1.879858660950843
      vertex -6.4350628713690865 -5 3.4645482469173254
    endloop
  endfacet
  facet normal 0 -1 0
    outer loop
      vertex -6.879858660950843 -5 1.2560813995549314
      vertex -6.4350628713690865 -5 3.4645482469173254
      vertex -7.083388373823508 -5 3.1180110461345447
    endloop
  endfacet
  facet normal 0 -1 0
    outer loop
      vertex -6.256081399554931 -5 1.879858660950843
      vertex -5.8652039161620575 -5 2.0887870286167542
      vertex -5.731588707560481 -5 3.677944801512114
    endloop
  endfacet
  facet normal 0 -1 0
    outer loop
      vertex -6.256081399554931 -5 1.879858660950843
      vertex -5.731588707560481 -5 3.677944801512114
      vertex -6.4350628713690865 -5 3.4645482469173254
    endloop
  endfacet
  facet normal 0 -1 0
    outer loop
      vertex -5.8652039161620575 -5 2.0887870286167542
      vertex -5.441077131483023 -5 2.217444482178185
      vertex -5.731588707560481 -5 3.677944801512114
    endloop
  endfacet
  facet normal 0 -1 0
    outer loop
      vertex -5.441077131483023 -5 2.217444482178185
      vertex -5 -5 2.2608867878467005
      vertex -5 -5 3.75
    endloop
  endfacet
  facet normal 0 -1 0
    outer loop
      vertex -5.441077131483023 -5 2.217444482178185
      vertex -5 -5 3.75
      vertex -5.731588707560481 -5 3.677944801512114
    endloop
  endfacet
  facet normal -0.09801714032956073 0 -0.9951847266721968
    outer loop
      vertex -5 -5 3.75
      vertex -4.268411292439519 -10 3.677944801512114
      vertex -5 -10 3.75
    endloop
  endfacet
  facet normal -0.29028467725446216 0 -0.956940335732209
    outer loop
      vertex -4.268411292439519 -5 3.677944801512114
      vertex -3.5649371286309135 -10 3.4645482469173254
      vertex -4.268411292439519 -10 3.677944801512114
    endloop
  endfacet
  facet normal -0.4713967368259976 0 -0.8819212643483552
    outer loop
      vertex -3.5649371286309135 -5 3.4645482469173254
      vertex -2.9166116261764916 -10 3.1180110461345447
      vertex -3.5649371286309135 -10 3.4645482469173254
    endloop
  endfacet
  facet normal -0.6343932841636455 0 -0.7730104533627371
    outer loop
      vertex -2.9166116261764916 -5 3.1180110461345447
      vertex -2.3483495705504467 -10 2.6516504294495533
      vertex -2.9166116261764916 -10 3.1180110461345447
    endloop
  endfacet
  facet normal -0.09801714032956073 0 -0.9951847266721968
    outer loop
      vertex -5 -5 3.75
      vertex -4.268411292439519 -5 3.677944801512114
      vertex -4.268411292439519 -10 3.677944801512114
    endloop
  endfacet
  facet normal -0.29028467725446216 0 -0.956940335732209
    outer loop
      vertex -4.268411292439519 -5 3.677944801512114
      vertex -3.5649371286309135 -5 3.4645482469173254
      vertex -3.5649371286309135 -10 3.4645482469173254
    endloop
  endfacet
  facet normal -0.4713967368259976 0 -0.8819212643483552
    outer loop
      vertex -3.5649371286309135 -5 3.4645482469173254
      vertex -2.9166116261764916 -5 3.1180110461345447
      vertex -2.9166116261764916 -10 3.1180110461345447
    endloop
  endfacet
  facet normal -0.6343932841636455 0 -0.7730104533627371
    outer loop
      vertex -2.9166116261764916 -5 3.1180110461345447
      vertex -2.3483495705504467 -5 2.6516504294495533
      vertex -2.3483495705504467 -10 2.6516504294495533
    endloop
  endfacet
  facet normal -0.9951847266721968 0 -0.09801714032956071
    outer loop
      vertex -1.3220551984878859 -5 0.7315887075604809
      vertex -1.25 -10 0
      vertex -1.3220551984878859 -10 0.7315887075604809
    endloop
  endfacet
  facet normal -0.956940335732209 0 -0.2902846772544621
    outer loop
      vertex -1.5354517530826746 -5 1.4350628713690867
      vertex -1.3220551984878859 -10 0.7315887075604809
      vertex -1.5354517530826746 -10 1.4350628713690867
    endloop
  endfacet
  facet normal -0.7730104533627371 0 -0.6343932841636455
    outer loop
      vertex -2.3483495705504467 -5 2.6516504294495533
      vertex -1.8819889538654553 -10 2.0833883738235084
      vertex -2.3483495705504467 -10 2.6516504294495533
    endloop
  endfacet
  facet normal -0.881921264348355 0 -0.4713967368259977
    outer loop
      vertex -1.8819889538654553 -5 2.0833883738235084
      vertex -1.5354517530826746 -10 1.4350628713690867
      vertex -1.8819889538654553 -10 2.0833883738235084
    endloop
  endfacet
  facet normal -0.9951847266721968 0 -0.09801714032956071
    outer loop
      vertex -1.25 -5 0
      vertex -1.25 -10 0
      vertex -1.3220551984878859 -5 0.7315887075604809
    endloop
  endfacet
  facet normal -0.956940335732209 0 -0.2902846772544621
    outer loop
      vertex -1.3220551984878859 -5 0.7315887075604809
      vertex -1.3220551984878859 -10 0.7315887075604809
      vertex -1.5354517530826746 -5 1.4350628713690867
    endloop
  endfacet
  facet normal -0.7730104533627371 0 -0.6343932841636455
    outer loop
      vertex -1.8819889538654553 -5 2.0833883738235084
      vertex -1.8819889538654553 -10 2.0833883738235084
      vertex -2.3483495705504467 -5 2.6516504294495533
    endloop
  endfacet
  facet normal -0.881921264348355 0 -0.4713967368259977
    outer loop
      vertex -1.8819889538654553 -5 2.0833883738235084
      vertex -1.5354517530826746 -5 1.4350628713690867
      vertex -1.5354517530826746 -10 1.4350628713690867
    endloop
  endfacet
  facet normal 0 -1 0
    outer loop
      vertex -4.1347960838379425 -5 2.0887870286167542
      vertex -3.7439186004450686 -5 1.879858660950843
      vertex -3.5649371286309135 -5 3.4645482469173254
    endloop
  endfacet
  facet normal 0 -1 0
    outer loop
      vertex -2.782555517821815 -5 -0.44107713148302263
      vertex -2.3483495705504467 -5 2.6516504294495533
      vertex -2.7391132121532995 -5 0
    endloop
  endfacet
  facet normal 0 -1 0
    outer loop
      vertex -2.7391132121532995 -5 0
      vertex -2.3483495705504467 -5 2.6516504294495533
      vertex -2.782555517821815 -5 0.44107713148302263
    endloop
  endfacet
  facet normal 0 -1 0
    outer loop
      vertex -3.401311620818527 -5 1.5986883791814732
      vertex -3.120141339049157 -5 1.2560813995549314
      vertex -2.9166116261764916 -5 3.1180110461345447
    endloop
  endfacet
  facet normal 0 -1 0
    outer loop
      vertex -3.401311620818527 -5 1.5986883791814732
      vertex -2.9166116261764916 -5 3.1180110461345447
      vertex -3.7439186004450686 -5 1.879858660950843
    endloop
  endfacet
  facet normal 0 -1 0
    outer loop
      vertex -2.782555517821815 -5 0.44107713148302263
      vertex -2.3483495705504467 -5 2.6516504294495533
      vertex -2.9112129713832458 -5 0.8652039161620579
    endloop
  endfacet
  facet normal 0 -1 0
    outer loop
      vertex -2.9112129713832458 -5 0.8652039161620579
      vertex -2.3483495705504467 -5 2.6516504294495533
      vertex -3.120141339049157 -5 1.2560813995549314
    endloop
  endfacet
  facet normal 0 -1 0
    outer loop
      vertex -3.120141339049157 -5 1.2560813995549314
      vertex -2.3483495705504467 -5 2.6516504294495533
      vertex -2.9166116261764916 -5 3.1180110461345447
    endloop
  endfacet
  facet normal 0 -1 0
    outer loop
      vertex -5 -5 2.2608867878467005
      vertex -4.558922868516977 -5 2.217444482178185
      vertex -4.268411292439519 -5 3.677944801512114
    endloop
  endfacet
  facet normal 0 -1 0
    outer loop
      vertex -5 -5 2.2608867878467005
      vertex -4.268411292439519 -5 3.677944801512114
      vertex -5 -5 3.75
    endloop
  endfacet
  facet normal 0 -1 0
    outer loop
      vertex -4.558922868516977 -5 2.217444482178185
      vertex -4.1347960838379425 -5 2.0887870286167542
      vertex -3.5649371286309135 -5 3.4645482469173254
    endloop
  endfacet
  facet normal 0 -1 0
    outer loop
      vertex -4.558922868516977 -5 2.217444482178185
      vertex -3.5649371286309135 -5 3.4645482469173254
      vertex -4.268411292439519 -5 3.677944801512114
    endloop
  endfacet
  facet normal 0 -1 0
    outer loop
      vertex -3.7439186004450686 -5 1.879858660950843
      vertex -2.9166116261764916 -5 3.1180110461345447
      vertex -3.5649371286309135 -5 3.4645482469173254
    endloop
  endfacet
  facet normal 0 -1 0
    outer loop
      vertex -2.3483495705504467 -5 -2.6516504294495533
      vertex -1.8819889538654553 -5 2.0833883738235084
      vertex -2.3483495705504467 -5 2.6516504294495533
    endloop
  endfacet
  facet normal 0 -1 0
    outer loop
      vertex -1.8819889538654553 -5 -2.0833883738235084
      vertex -1.5354517530826746 -5 1.4350628713690867
      vertex -1.8819889538654553 -5 2.0833883738235084
    endloop
  endfacet
  facet normal 0 -1 0
    outer loop
      vertex -1.5354517530826746 -5 -1.4350628713690867
      vertex -1.3220551984878859 -5 0.7315887075604809
      vertex -1.5354517530826746 -5 1.4350628713690867
    endloop
  endfacet
  facet normal 0 -1 0
    outer loop
      vertex -1.3220551984878859 -5 -0.7315887075604809
      vertex -1.25 -5 0
      vertex -1.3220551984878859 -5 0.7315887075604809
    endloop
  endfacet
  facet normal 0 0.7730104533627368 0.6343932841636456
    outer loop
      vertex 5 -1.879858660950843 -6.256081399554931
      vertex -10 -1.5986883791814732 -6.598688379181473
      vertex -10 -1.879858660950843 -6.256081399554931
    endloop
  endfacet
  facet normal 0 0.6343932841636456 0.7730104533627368
    outer loop
      vertex 5 -1.5986883791814732 -6.598688379181473
      vertex -10 -1.2560813995549314 -6.879858660950843
      vertex -10 -1.5986883791814732 -6.598688379181473
    endloop
  endfacet
  facet normal 0 0.8819212643483554 0.47139673682599686
    outer loop
      vertex 5 -2.0887870286167542 -5.8652039161620575
      vertex -10 -1.879858660950843 -6.256081399554931
      vertex -10 -2.0887870286167542 -5.8652039161620575
    endloop
  endfacet
  facet normal 0 0.9951847266721969 0.09801714032956113
    outer loop
      vertex 5 -2.2608867878467005 -5
      vertex -10 -2.217444482178185 -5.441077131483023
      vertex -10 -2.2608867878467005 -5
    endloop
  endfacet
  facet normal 0 0.9569403357322088 0.29028467725446244
    outer loop
      vertex 5 -2.217444482178185 -5.441077131483023
      vertex -10 -2.0887870286167542 -5.8652039161620575
      vertex -10 -2.217444482178185 -5.441077131483023
    endloop
  endfacet
  facet normal 0 0.47139673682599736 0.8819212643483553
    outer loop
      vertex 5 -1.2560813995549314 -6.879858660950843
      vertex -10 -0.8652039161620579 -7.088787028616754
      vertex -10 -1.2560813995549314 -6.879858660950843
    endloop
  endfacet
  facet normal 0 0.29028467725446216 0.9569403357322088
    outer loop
      vertex 5 -0.8652039161620579 -7.088787028616754
      vertex -10 -0.44107713148302263 -7.217444482178185
      vertex -10 -0.8652039161620579 -7.088787028616754
    endloop
  endfacet
  facet normal 0 0.09801714032956213 0.9951847266721967
    outer loop
      vertex 5 -0.44107713148302263 -7.217444482178185
      vertex -10 0 -7.260886787846701
      vertex -10 -0.44107713148302263 -7.217444482178185
    endloop
  endfacet
  facet normal 0 0.9951847266721969 -0.09801714032956113
    outer loop
      vertex 5 -2.217444482178185 -4.558922868516977
      vertex -10 -2.2608867878467005 -5
      vertex -10 -2.217444482178185 -4.558922868516977
    endloop
  endfacet
  facet normal 0 0.9569403357322088 -0.29028467725446244
    outer loop
      vertex 5 -2.0887870286167542 -4.1347960838379425
      vertex -10 -2.217444482178185 -4.558922868516977
      vertex -10 -2.0887870286167542 -4.1347960838379425
    endloop
  endfacet
  facet normal 0 0.8819212643483554 -0.47139673682599686
    outer loop
      vertex 5 -1.879858660950843 -3.7439186004450686
      vertex -10 -2.0887870286167542 -4.1347960838379425
      vertex -10 -1.879858660950843 -3.7439186004450686
    endloop
  endfacet
  facet normal 0 0.7730104533627368 -0.6343932841636456
    outer loop
      vertex 5 -1.5986883791814732 -3.401311620818527
      vertex -10 -1.879858660950843 -3.7439186004450686
      vertex -10 -1.5986883791814732 -3.401311620818527
    endloop
  endfacet
  facet normal 0 0.6343932841636456 -0.7730104533627368
    outer loop
      vertex 5 -1.2560813995549314 -3.120141339049157
      vertex -10 -1.5986883791814732 -3.401311620818527
      vertex -10 -1.2560813995549314 -3.120141339049157
    endloop
  endfacet
  facet normal 0 0.47139673682599736 -0.8819212643483553
    outer loop
      vertex 5 -0.8652039161620579 -2.9112129713832458
      vertex -10 -1.2560813995549314 -3.120141339049157
      vertex -10 -0.8652039161620579 -2.9112129713832458
    endloop
  endfacet
  facet normal 0 0.29028467725446216 -0.9569403357322088
    outer loop
      vertex 5 -0.44107713148302263 -2.782555517821815
      vertex -10 -0.8652039161620579 -2.9112129713832458
      vertex -10 -0.44107713148302263 -2.782555517821815
    endloop
  endfacet
  facet normal 0 0.09801714032956113 -0.9951847266721969
    outer loop
      vertex 5 0 -2.7391132121532995
      vertex -10 -0.44107713148302263 -2.782555517821815
      vertex -10 0 -2.7391132121532995
    endloop
  endfacet
  facet normal 0 -0.09801714032956213 0.9951847266721967
    outer loop
      vertex 5 0 -7.260886787846701
      vertex -10 0.44107713148302263 -7.217444482178185
      vertex -10 0 -7.260886787846701
    endloop
  endfacet
  facet normal 0 -0.29028467725446216 0.9569403357322088
    outer loop
      vertex 5 0.44107713148302263 -7.217444482178185
      vertex -10 0.8652039161620579 -7.088787028616754
      vertex -10 0.44107713148302263 -7.217444482178185
    endloop
  endfacet
  facet normal 0 -0.47139673682599736 0.8819212643483553
    outer loop
      vertex 5 0.8652039161620579 -7.088787028616754
      vertex -10 1.2560813995549314 -6.879858660950843
      vertex -10 0.8652039161620579 -7.088787028616754
    endloop
  endfacet
  facet normal 0 -0.6343932841636456 0.7730104533627368
    outer loop
      vertex 5 1.2560813995549314 -6.879858660950843
      vertex -10 1.5986883791814732 -6.598688379181473
      vertex -10 1.2560813995549314 -6.879858660950843
    endloop
  endfacet
  facet normal 0 -0.7730104533627368 0.6343932841636456
    outer loop
      vertex 5 1.5986883791814732 -6.598688379181473
      vertex -10 1.879858660950843 -6.256081399554931
      vertex -10 1.5986883791814732 -6.598688379181473
    endloop
  endfacet
  facet normal 0 -0.8819212643483554 0.47139673682599686
    outer loop
      vertex 5 1.879858660950843 -6.256081399554931
      vertex -10 2.0887870286167542 -5.8652039161620575
      vertex -10 1.879858660950843 -6.256081399554931
    endloop
  endfacet
  facet normal 0 -0.9569403357322088 0.29028467725446244
    outer loop
      vertex 5 2.0887870286167542 -5.8652039161620575
      vertex -10 2.217444482178185 -5.441077131483023
      vertex -10 2.0887870286167542 -5.8652039161620575
    endloop
  endfacet
  facet normal 0 -0.9951847266721969 0.09801714032956113
    outer loop
      vertex 5 2.217444482178185 -5.441077131483023
      vertex -10 2.2608867878467005 -5
      vertex -10 2.217444482178185 -5.441077131483023
    endloop
  endfacet
  facet normal 0 -0.09801714032956113 -0.9951847266721969
    outer loop
      vertex 5 0.44107713148302263 -2.782555517821815
      vertex -10 0 -2.7391132121532995
      vertex -10 0.44107713148302263 -2.782555517821815
    endloop
  endfacet
  facet normal 0 -0.29028467725446216 -0.9569403357322088
    outer loop
      vertex 5 0.8652039161620579 -2.9112129713832458
      vertex -10 0.44107713148302263 -2.782555517821815
      vertex -10 0.8652039161620579 -2.9112129713832458
    endloop
  endfacet
  facet normal 0 -0.47139673682599736 -0.8819212643483553
    outer loop
      vertex 5 1.2560813995549314 -3.120141339049157
      vertex -10 0.8652039161620579 -2.9112129713832458
      vertex -10 1.2560813995549314 -3.120141339049157
    endloop
  endfacet
  facet normal 0 -0.9569403357322088 -0.29028467725446244
    outer loop
      vertex 5 2.217444482178185 -4.558922868516977
      vertex -10 2.0887870286167542 -4.1347960838379425
      vertex -10 2.217444482178185 -4.558922868516977
    endloop
  endfacet
  facet normal 0 -0.9951847266721969 -0.09801714032956113
    outer loop
      vertex 5 2.2608867878467005 -5
      vertex -10 2.217444482178185 -4.558922868516977
      vertex -10 2.2608867878467005 -5
    endloop
  endfacet
  facet normal 0 -0.8819212643483554 -0.47139673682599686
    outer loop
      vertex 5 2.0887870286167542 -4.1347960838379425
      vertex -10 1.879858660950843 -3.7439186004450686
      vertex -10 2.0887870286167542 -4.1347960838379425
    endloop
  endfacet
  facet normal 0 -0.6343932841636456 -0.7730104533627368
    outer loop
      vertex 5 1.5986883791814732 -3.401311620818527
      vertex -10 1.2560813995549314 -3.120141339049157
      vertex -10 1.5986883791814732 -3.401311620818527
    endloop
  endfacet
  facet normal 0 -0.7730104533627368 -0.6343932841636456
    outer loop
      vertex 5 1.879858660950843 -3.7439186004450686
      vertex -10 1.5986883791814732 -3.401311620818527
      vertex -10 1.879858660950843 -3.7439186004450686
    endloop
  endfacet
  facet normal 0 0.7730104533627368 0.6343932841636456
    outer loop
      vertex 5 -1.879858660950843 -6.256081399554931
      vertex 5 -1.5986883791814732 -6.598688379181473
      vertex -10 -1.5986883791814732 -6.598688379181473
    endloop
  endfacet
  facet normal 0 0.6343932841636456 0.7730104533627368
    outer loop
      vertex 5 -1.2560813995549314 -6.879858660950843
      vertex -10 -1.2560813995549314 -6.879858660950843
      vertex 5 -1.5986883791814732 -6.598688379181473
    endloop
  endfacet
  facet normal 0 0.8819212643483554 0.47139673682599686
    outer loop
      vertex 5 -1.879858660950843 -6.256081399554931
      vertex -10 -1.879858660950843 -6.256081399554931
      vertex 5 -2.0887870286167542 -5.8652039161620575
    endloop
  endfacet
  facet normal 0 0.9569403357322088 0.29028467725446244
    outer loop
      vertex 5 -2.0887870286167542 -5.8652039161620575
      vertex -10 -2.0887870286167542 -5.8652039161620575
      vertex 5 -2.217444482178185 -5.441077131483023
    endloop
  endfacet
  facet normal 0 0.9951847266721969 0.09801714032956113
    outer loop
      vertex 5 -2.217444482178185 -5.441077131483023
      vertex -10 -2.217444482178185 -5.441077131483023
      vertex 5 -2.2608867878467005 -5
    endloop
  endfacet
  facet normal 0 0.47139673682599736 0.8819212643483553
    outer loop
      vertex 5 -1.2560813995549314 -6.879858660950843
      vertex 5 -0.8652039161620579 -7.088787028616754
      vertex -10 -0.8652039161620579 -7.088787028616754
    endloop
  endfacet
  facet normal 0 0.29028467725446216 0.9569403357322088
    outer loop
      vertex 5 -0.8652039161620579 -7.088787028616754
      vertex 5 -0.44107713148302263 -7.217444482178185
      vertex -10 -0.44107713148302263 -7.217444482178185
    endloop
  endfacet
  facet normal 0 0.09801714032956213 0.9951847266721967
    outer loop
      vertex 5 -0.44107713148302263 -7.217444482178185
      vertex 5 0 -7.260886787846701
      vertex -10 0 -7.260886787846701
    endloop
  endfacet
  facet normal 0 0.9951847266721969 -0.09801714032956113
    outer loop
      vertex 5 -2.2608867878467005 -5
      vertex -10 -2.2608867878467005 -5
      vertex 5 -2.217444482178185 -4.558922868516977
    endloop
  endfacet
  facet normal 0 0.9569403357322088 -0.29028467725446244
    outer loop
      vertex 5 -2.217444482178185 -4.558922868516977
      vertex -10 -2.217444482178185 -4.558922868516977
      vertex 5 -2.0887870286167542 -4.1347960838379425
    endloop
  endfacet
  facet normal 0 0.8819212643483554 -0.47139673682599686
    outer loop
      vertex 5 -2.0887870286167542 -4.1347960838379425
      vertex -10 -2.0887870286167542 -4.1347960838379425
      vertex 5 -1.879858660950843 -3.7439186004450686
    endloop
  endfacet
  facet normal 0 0.7730104533627368 -0.6343932841636456
    outer loop
      vertex 5 -1.879858660950843 -3.7439186004450686
      vertex -10 -1.879858660950843 -3.7439186004450686
      vertex 5 -1.5986883791814732 -3.401311620818527
    endloop
  endfacet
  facet normal 0 0.6343932841636456 -0.7730104533627368
    outer loop
      vertex 5 -1.5986883791814732 -3.401311620818527
      vertex -10 -1.5986883791814732 -3.401311620818527
      vertex 5 -1.2560813995549314 -3.120141339049157
    endloop
  endfacet
  facet normal 0 0.47139673682599736 -0.8819212643483553
    outer loop
      vertex 5 -1.2560813995549314 -3.120141339049157
      vertex -10 -1.2560813995549314 -3.120141339049157
      vertex 5 -0.8652039161620579 -2.9112129713832458
    endloop
  endfacet
  facet normal 0 0.29028467725446216 -0.9569403357322088
    outer loop
      vertex 5 -0.8652039161620579 -2.9112129713832458
      vertex -10 -0.8652039161620579 -2.9112129713832458
      vertex 5 -0.44107713148302263 -2.782555517821815
    endloop
  endfacet
  facet normal 0 0.09801714032956113 -0.9951847266721969
    outer loop
      vertex 5 -0.44107713148302263 -2.782555517821815
      vertex -10 -0.44107713148302263 -2.782555517821815
      vertex 5 0 -2.7391132121532995
    endloop
  endfacet
  facet normal 0 -0.09801714032956213 0.9951847266721967
    outer loop
      vertex 5 0 -7.260886787846701
      vertex 5 0.44107713148302263 -7.217444482178185
      vertex -10 0.44107713148302263 -7.217444482178185
    endloop
  endfacet
  facet normal 0 -0.29028467725446216 0.9569403357322088
    outer loop
      vertex 5 0.44107713148302263 -7.217444482178185
      vertex 5 0.8652039161620579 -7.088787028616754
      vertex -10 0.8652039161620579 -7.088787028616754
    endloop
  endfacet
  facet normal 0 -0.47139673682599736 0.8819212643483553
    outer loop
      vertex 5 0.8652039161620579 -7.088787028616754
      vertex 5 1.2560813995549314 -6.879858660950843
      vertex -10 1.2560813995549314 -6.879858660950843
    endloop
  endfacet
  facet normal 0 -0.6343932841636456 0.7730104533627368
    outer loop
      vertex 5 1.2560813995549314 -6.879858660950843
      vertex 5 1.5986883791814732 -6.598688379181473
      vertex -10 1.5986883791814732 -6.598688379181473
    endloop
  endfacet
  facet normal 0 -0.7730104533627368 0.6343932841636456
    outer loop
      vertex 5 1.5986883791814732 -6.598688379181473
      vertex 5 1.879858660950843 -6.256081399554931
      vertex -10 1.879858660950843 -6.256081399554931
    endloop
  endfacet
  facet normal 0 -0.8819212643483554 0.47139673682599686
    outer loop
      vertex 5 1.879858660950843 -6.256081399554931
      vertex 5 2.0887870286167542 -5.8652039161620575
      vertex -10 2.0887870286167542 -5.8652039161620575
    endloop
  endfacet
  facet normal 0 -0.9569403357322088 0.29028467725446244
    outer loop
      vertex 5 2.0887870286167542 -5.8652039161620575
      vertex 5 2.217444482178185 -5.441077131483023
      vertex -10 2.217444482178185 -5.441077131483023
    endloop
  endfacet
  facet normal 0 -0.9951847266721969 0.09801714032956113
    outer loop
      vertex 5 2.217444482178185 -5.441077131483023
      vertex 5 2.2608867878467005 -5
      vertex -10 2.2608867878467005 -5
    endloop
  endfacet
  facet normal 0 -0.09801714032956113 -0.9951847266721969
    outer loop
      vertex 5 0 -2.7391132121532995
      vertex -10 0 -2.7391132121532995
      vertex 5 0.44107713148302263 -2.782555517821815
    endloop
  endfacet
  facet normal 0 -0.29028467725446216 -0.9569403357322088
    outer loop
      vertex 5 0.44107713148302263 -2.782555517821815
      vertex -10 0.44107713148302263 -2.782555517821815
      vertex 5 0.8652039161620579 -2.9112129713832458
    endloop
  endfacet
  facet normal 0 -0.47139673682599736 -0.8819212643483553
    outer loop
      vertex 5 0.8652039161620579 -2.9112129713832458
      vertex -10 0.8652039161620579 -2.9112129713832458
      vertex 5 1.2560813995549314 -3.120141339049157
    endloop
  endfacet
  facet normal 0 -0.9951847266721969 -0.09801714032956113
    outer loop
      vertex 5 2.2608867878467005 -5
      vertex 5 2.217444482178185 -4.558922868516977
      vertex -10 2.217444482178185 -4.558922868516977
    endloop
  endfacet
  facet normal 0 -0.9569403357322088 -0.29028467725446244
    outer loop
      vertex 5 2.217444482178185 -4.558922868516977
      vertex 5 2.0887870286167542 -4.1347960838379425
      vertex -10 2.0887870286167542 -4.1347960838379425
    endloop
  endfacet
  facet normal 0 -0.8819212643483554 -0.47139673682599686
    outer loop
      vertex 5 2.0887870286167542 -4.1347960838379425
      vertex 5 1.879858660950843 -3.7439186004450686
      vertex -10 1.879858660950843 -3.7439186004450686
    endloop
  endfacet
  facet normal 0 -0.6343932841636456 -0.7730104533627368
    outer loop
      vertex 5 1.5986883791814732 -3.401311620818527
      vertex 5 1.2560813995549314 -3.120141339049157
      vertex -10 1.2560813995549314 -3.120141339049157
    endloop
  endfacet
  facet normal 0 -0.7730104533627368 -0.6343932841636456
    outer loop
      vertex 5 1.5986883791814732 -3.401311620818527
      vertex -10 1.5986883791814732 -3.401311620818527
      vertex 5 1.879858660950843 -3.7439186004450686
    endloop
  endfacet
  facet normal 0.7730104533627368 0.6343932841636456 0
    outer loop
      vertex -1.879858660950843 3.7439186004450686 5
      vertex -1.5986883791814732 3.401311620818527 -10
      vertex -1.879858660950843 3.7439186004450686 -10
    endloop
  endfacet
  facet normal 0.6343932841636456 0.7730104533627368 0
    outer loop
      vertex -1.5986883791814732 3.401311620818527 5
      vertex -1.2560813995549314 3.120141339049157 -10
      vertex -1.5986883791814732 3.401311620818527 -10
    endloop
  endfacet
  facet normal 0.8819212643483554 0.47139673682599686 0
    outer loop
      vertex -2.0887870286167542 4.1347960838379425 5
      vertex -1.879858660950843 3.7439186004450686 -10
      vertex -2.0887870286167542 4.1347960838379425 -10
    endloop
  endfacet
  facet normal 0.9951847266721969 0.09801714032956113 0
    outer loop
      vertex -2.2608867878467005 5 5
      vertex -2.217444482178185 4.558922868516977 -10
      vertex -2.2608867878467005 5 -10
    endloop
  endfacet
  facet normal 0.9569403357322088 0.29028467725446244 0
    outer loop
      vertex -2.217444482178185 4.558922868516977 5
      vertex -2.0887870286167542 4.1347960838379425 -10
      vertex -2.217444482178185 4.558922868516977 -10
    endloop
  endfacet
  facet normal 0.47139673682599736 0.8819212643483553 0
    outer loop
      vertex -1.2560813995549314 3.120141339049157 5
      vertex -0.8652039161620579 2.9112129713832458 -10
      vertex -1.2560813995549314 3.120141339049157 -10
    endloop
  endfacet
  facet normal 0.29028467725446216 0.9569403357322088 0
    outer loop
      vertex -0.8652039161620579 2.9112129713832458 5
      vertex -0.44107713148302263 2.782555517821815 -10
      vertex -0.8652039161620579 2.9112129713832458 -10
    endloop
  endfacet
  facet normal 0.09801714032956113 0.9951847266721969 0
    outer loop
      vertex -0.44107713148302263 2.782555517821815 5
      vertex 0 2.7391132121532995 -10
      vertex -0.44107713148302263 2.782555517821815 -10
    endloop
  endfacet
  facet normal 0.9951847266721969 -0.09801714032956113 0
    outer loop
      vertex -2.217444482178185 5.441077131483023 5
      vertex -2.2608867878467005 5 -10
      vertex -2.217444482178185 5.441077131483023 -10
    endloop
  endfacet
  facet normal 0.9569403357322088 -0.29028467725446244 0
    outer loop
      vertex -2.0887870286167542 5.8652039161620575 5
      vertex -2.217444482178185 5.441077131483023 -10
      vertex -2.0887870286167542 5.8652039161620575 -10
    endloop
  endfacet
  facet normal 0.8819212643483554 -0.47139673682599686 0
    outer loop
      vertex -1.879858660950843 6.256081399554931 5
      vertex -2.0887870286167542 5.8652039161620575 -10
      vertex -1.879858660950843 6.256081399554931 -10
    endloop
  endfacet
  facet normal 0.7730104533627368 -0.6343932841636456 0
    outer loop
      vertex -1.5986883791814732 6.598688379181473 5
      vertex -1.879858660950843 6.256081399554931 -10
      vertex -1.5986883791814732 6.598688379181473 -10
    endloop
  endfacet
  facet normal 0.6343932841636456 -0.7730104533627368 0
    outer loop
      vertex -1.2560813995549314 6.879858660950843 5
      vertex -1.5986883791814732 6.598688379181473 -10
      vertex -1.2560813995549314 6.879858660950843 -10
    endloop
  endfacet
  facet normal 0.47139673682599736 -0.8819212643483553 0
    outer loop
      vertex -0.8652039161620579 7.088787028616754 5
      vertex -1.2560813995549314 6.879858660950843 -10
      vertex -0.8652039161620579 7.088787028616754 -10
    endloop
  endfacet
  facet normal 0.29028467725446216 -0.9569403357322088 0
    outer loop
      vertex -0.44107713148302263 7.217444482178185 5
      vertex -0.8652039161620579 7.088787028616754 -10
      vertex -0.44107713148302263 7.217444482178185 -10
    endloop
  endfacet
  facet normal 0.09801714032956213 -0.9951847266721967 0
    outer loop
      vertex 0 7.260886787846701 5
      vertex -0.44107713148302263 7.217444482178185 -10
      vertex 0 7.260886787846701 -10
    endloop
  endfacet
  facet normal 0.7730104533627368 0.6343932841636456 0
    outer loop
      vertex -1.879858660950843 3.7439186004450686 5
      vertex -1.5986883791814732 3.401311620818527 5
      vertex -1.5986883791814732 3.401311620818527 -10
    endloop
  endfacet
  facet normal 0.6343932841636456 0.7730104533627368 0
    outer loop
      vertex -1.2560813995549314 3.120141339049157 5
      vertex -1.2560813995549314 3.120141339049157 -10
      vertex -1.5986883791814732 3.401311620818527 5
    endloop
  endfacet
  facet normal 0.8819212643483554 0.47139673682599686 0
    outer loop
      vertex -1.879858660950843 3.7439186004450686 5
      vertex -1.879858660950843 3.7439186004450686 -10
      vertex -2.0887870286167542 4.1347960838379425 5
    endloop
  endfacet
  facet normal 0.9569403357322088 0.29028467725446244 0
    outer loop
      vertex -2.0887870286167542 4.1347960838379425 5
      vertex -2.0887870286167542 4.1347960838379425 -10
      vertex -2.217444482178185 4.558922868516977 5
    endloop
  endfacet
  facet normal 0.9951847266721969 0.09801714032956113 0
    outer loop
      vertex -2.217444482178185 4.558922868516977 5
      vertex -2.217444482178185 4.558922868516977 -10
      vertex -2.2608867878467005 5 5
    endloop
  endfacet
  facet normal 0.47139673682599736 0.8819212643483553 0
    outer loop
      vertex -1.2560813995549314 3.120141339049157 5
      vertex -0.8652039161620579 2.9112129713832458 5
      vertex -0.8652039161620579 2.9112129713832458 -10
    endloop
  endfacet
  facet normal 0.29028467725446216 0.9569403357322088 0
    outer loop
      vertex -0.8652039161620579 2.9112129713832458 5
      vertex -0.44107713148302263 2.782555517821815 5
      vertex -0.44107713148302263 2.782555517821815 -10
    endloop
  endfacet
  facet normal 0.09801714032956113 0.9951847266721969 0
    outer loop
      vertex -0.44107713148302263 2.782555517821815 5
      vertex 0 2.7391132121532995 5
      vertex 0 2.7391132121532995 -10
    endloop
  endfacet
  facet normal 0.9951847266721969 -0.09801714032956113 0
    outer loop
      vertex -2.2608867878467005 5 5
      vertex -2.2608867878467005 5 -10
      vertex -2.217444482178185 5.441077131483023 5
    endloop
  endfacet
  facet normal 0.9569403357322088 -0.29028467725446244 0
    outer loop
      vertex -2.217444482178185 5.441077131483023 5
      vertex -2.217444482178185 5.441077131483023 -10
      vertex -2.0887870286167542 5.8652039161620575 5
    endloop
  endfacet
  facet normal 0.8819212643483554 -0.47139673682599686 0
    outer loop
      vertex -2.0887870286167542 5.8652039161620575 5
      vertex -2.0887870286167542 5.8652039161620575 -10
      vertex -1.879858660950843 6.256081399554931 5
    endloop
  endfacet
  facet normal 0.7730104533627368 -0.6343932841636456 0
    outer loop
      vertex -1.879858660950843 6.256081399554931 5
      vertex -1.879858660950843 6.256081399554931 -10
      vertex -1.5986883791814732 6.598688379181473 5
    endloop
  endfacet
  facet normal 0.6343932841636456 -0.7730104533627368 0
    outer loop
      vertex -1.5986883791814732 6.598688379181473 5
      vertex -1.5986883791814732 6.598688379181473 -10
      vertex -1.2560813995549314 6.879858660950843 5
    endloop
  endfacet
  facet normal 0.47139673682599736 -0.8819212643483553 0
    outer loop
      vertex -1.2560813995549314 6.879858660950843 5
      vertex -1.2560813995549314 6.879858660950843 -10
      vertex -0.8652039161620579 7.088787028616754 5
    endloop
  endfacet
  facet normal 0.29028467725446216 -0.9569403357322088 0
    outer loop
      vertex -0.8652039161620579 7.088787028616754 5
      vertex -0.8652039161620579 7.088787028616754 -10
      vertex -0.44107713148302263 7.217444482178185 5
    endloop
  endfacet
  facet normal 0.09801714032956213 -0.9951847266721967 0
    outer loop
      vertex -0.44107713148302263 7.217444482178185 5
      vertex -0.44107713148302263 7.217444482178185 -10
      vertex 0 7.260886787846701 5
    endloop
  endfacet
  facet normal -0.09801714032956113 0.9951847266721969 0
    outer loop
      vertex 0 2.7391132121532995 5
      vertex 0.44107713148302263 2.782555517821815 -10
      vertex 0 2.7391132121532995 -10
    endloop
  endfacet
  facet normal -0.29028467725446216 0.9569403357322088 0
    outer loop
      vertex 0.44107713148302263 2.782555517821815 5
      vertex 0.8652039161620579 2.9112129713832458 -10
      vertex 0.44107713148302263 2.782555517821815 -10
    endloop
  endfacet
  facet normal -0.47139673682599736 0.8819212643483553 0
    outer loop
      vertex 0.8652039161620579 2.9112129713832458 5
      vertex 1.2560813995549314 3.120141339049157 -10
      vertex 0.8652039161620579 2.9112129713832458 -10
    endloop
  endfacet
  facet normal -0.6343932841636456 0.7730104533627368 0
    outer loop
      vertex 1.2560813995549314 3.120141339049157 5
      vertex 1.5986883791814732 3.401311620818527 -10
      vertex 1.2560813995549314 3.120141339049157 -10
    endloop
  endfacet
  facet normal -0.7730104533627368 0.6343932841636456 0
    outer loop
      vertex 1.5986883791814732 3.401311620818527 5
      vertex 1.879858660950843 3.7439186004450686 -10
      vertex 1.5986883791814732 3.401311620818527 -10
    endloop
  endfacet
  facet normal -0.8819212643483554 0.47139673682599686 0
    outer loop
      vertex 1.879858660950843 3.7439186004450686 5
      vertex 2.0887870286167542 4.1347960838379425 -10
      vertex 1.879858660950843 3.7439186004450686 -10
    endloop
  endfacet
  facet normal -0.9569403357322088 0.29028467725446244 0
    outer loop
      vertex 2.0887870286167542 4.1347960838379425 5
      vertex 2.217444482178185 4.558922868516977 -10
      vertex 2.0887870286167542 4.1347960838379425 -10
    endloop
  endfacet
  facet normal -0.9951847266721969 0.09801714032956113 0
    outer loop
      vertex 2.217444482178185 4.558922868516977 5
      vertex 2.2608867878467005 5 -10
      vertex 2.217444482178185 4.558922868516977 -10
    endloop
  endfacet
  facet normal -0.09801714032956213 -0.9951847266721967 0
    outer loop
      vertex 0.44107713148302263 7.217444482178185 5
      vertex 0 7.260886787846701 -10
      vertex 0.44107713148302263 7.217444482178185 -10
    endloop
  endfacet
  facet normal -0.29028467725446216 -0.9569403357322088 0
    outer loop
      vertex 0.8652039161620579 7.088787028616754 5
      vertex 0.44107713148302263 7.217444482178185 -10
      vertex 0.8652039161620579 7.088787028616754 -10
    endloop
  endfacet
  facet normal -0.47139673682599736 -0.8819212643483553 0
    outer loop
      vertex 1.2560813995549314 6.879858660950843 5
      vertex 0.8652039161620579 7.088787028616754 -10
      vertex 1.2560813995549314 6.879858660950843 -10
    endloop
  endfacet
  facet normal -0.9569403357322088 -0.29028467725446244 0
    outer loop
      vertex 2.217444482178185 5.441077131483023 5
      vertex 2.0887870286167542 5.8652039161620575 -10
      vertex 2.217444482178185 5.441077131483023 -10
    endloop
  endfacet
  facet normal -0.9951847266721969 -0.09801714032956113 0
    outer loop
      vertex 2.2608867878467005 5 5
      vertex 2.217444482178185 5.441077131483023 -10
      vertex 2.2608867878467005 5 -10
    endloop
  endfacet
  facet normal -0.8819212643483554 -0.47139673682599686 0
    outer loop
      vertex 2.0887870286167542 5.8652039161620575 5
      vertex 1.879858660950843 6.256081399554931 -10
      vertex 2.0887870286167542 5.8652039161620575 -10
    endloop
  endfacet
  facet normal -0.6343932841636456 -0.7730104533627368 0
    outer loop
      vertex 1.5986883791814732 6.598688379181473 5
      vertex 1.2560813995549314 6.879858660950843 -10
      vertex 1.5986883791814732 6.598688379181473 -10
    endloop
  endfacet
  facet normal -0.7730104533627368 -0.6343932841636456 0
    outer loop
      vertex 1.879858660950843 6.256081399554931 5
      vertex 1.5986883791814732 6.598688379181473 -10
      vertex 1.879858660950843 6.256081399554931 -10
    endloop
  endfacet
  facet normal -0.09801714032956113 0.9951847266721969 0
    outer loop
      vertex 0 2.7391132121532995 5
      vertex 0.44107713148302263 2.782555517821815 5
      vertex 0.44107713148302263 2.782555517821815 -10
    endloop
  endfacet
  facet normal -0.29028467725446216 0.9569403357322088 0
    outer loop
      vertex 0.44107713148302263 2.782555517821815 5
      vertex 0.8652039161620579 2.9112129713832458 5
      vertex 0.8652039161620579 2.9112129713832458 -10
    endloop
  endfacet
  facet normal -0.47139673682599736 0.8819212643483553 0
    outer loop
      vertex 0.8652039161620579 2.9112129713832458 5
      vertex 1.2560813995549314 3.120141339049157 5
      vertex 1.2560813995549314 3.120141339049157 -10
    endloop
  endfacet
  facet normal -0.6343932841636456 0.7730104533627368 0
    outer loop
      vertex 1.2560813995549314 3.120141339049157 5
      vertex 1.5986883791814732 3.401311620818527 5
      vertex 1.5986883791814732 3.401311620818527 -10
    endloop
  endfacet
  facet normal -0.7730104533627368 0.6343932841636456 0
    outer loop
      vertex 1.5986883791814732 3.401311620818527 5
      vertex 1.879858660950843 3.7439186004450686 5
      vertex 1.879858660950843 3.7439186004450686 -10
    endloop
  endfacet
  facet normal -0.8819212643483554 0.47139673682599686 0
    outer loop
      vertex 1.879858660950843 3.7439186004450686 5
      vertex 2.0887870286167542 4.1347960838379425 5
      vertex 2.0887870286167542 4.1347960838379425 -10
    endloop
  endfacet
  facet normal -0.9569403357322088 0.29028467725446244 0
    outer loop
      vertex 2.0887870286167542 4.1347960838379425 5
      vertex 2.217444482178185 4.558922868516977 5
      vertex 2.217444482178185 4.558922868516977 -10
    endloop
  endfacet
  facet normal -0.9951847266721969 0.09801714032956113 0
    outer loop
      vertex 2.217444482178185 4.558922868516977 5
      vertex 2.2608867878467005 5 5
      vertex 2.2608867878467005 5 -10
    endloop
  endfacet
  facet normal -0.09801714032956213 -0.9951847266721967 0
    outer loop
      vertex 0 7.260886787846701 5
      vertex 0 7.260886787846701 -10
      vertex 0.44107713148302263 7.217444482178185 5
    endloop
  endfacet
  facet normal -0.29028467725446216 -0.9569403357322088 0
    outer loop
      vertex 0.44107713148302263 7.217444482178185 5
      vertex 0.44107713148302263 7.217444482178185 -10
      vertex 0.8652039161620579 7.088787028616754 5
    endloop
  endfacet
  facet normal -0.47139673682599736 -0.8819212643483553 0
    outer loop
      vertex 0.8652039161620579 7.088787028616754 5
      vertex 0.8652039161620579 7.088787028616754 -10
      vertex 1.2560813995549314 6.879858660950843 5
    endloop
  endfacet
  facet normal -0.9951847266721969 -0.09801714032956113 0
    outer loop
      vertex 2.2608867878467005 5 5
      vertex 2.217444482178185 5.441077131483023 5
      vertex 2.217444482178185 5.441077131483023 -10
    endloop
  endfacet
  facet normal -0.9569403357322088 -0.29028467725446244 0
    outer loop
      vertex 2.217444482178185 5.441077131483023 5
      vertex 2.0887870286167542 5.8652039161620575 5
      vertex 2.0887870286167542 5.8652039161620575 -10
    endloop
  endfacet
  facet normal -0.8819212643483554 -0.47139673682599686 0
    outer loop
      vertex 2.0887870286167542 5.8652039161620575 5
      vertex 1.879858660950843 6.256081399554931 5
      vertex 1.879858660950843 6.256081399554931 -10
    endloop
  endfacet
  facet normal -0.6343932841636456 -0.7730104533627368 0
    outer loop
      vertex 1.5986883791814732 6.598688379181473 5
      vertex 1.2560813995549314 6.879858660950843 5
      vertex 1.2560813995549314 6.879858660950843 -10
    endloop
  endfacet
  facet normal -0.7730104533627368 -0.6343932841636456 0
    outer loop
      vertex 1.5986883791814732 6.598688379181473 5
      vertex 1.5986883791814732 6.598688379181473 -10
      vertex 1.879858660950843 6.256081399554931 5
    endloop
  endfacet
  facet normal 0.7730104533627368 0 0.6343932841636456
    outer loop
      vertex -6.879858660950843 -5 -1.2560813995549314
      vertex -6.598688379181473 -5 -1.5986883791814732
      vertex -6.598688379181473 10 -1.5986883791814732
    endloop
  endfacet
  facet normal 0.6343932841636456 0 0.7730104533627368
    outer loop
      vertex -6.256081399554931 -5 -1.879858660950843
      vertex -6.256081399554931 10 -1.879858660950843
      vertex -6.598688379181473 -5 -1.5986883791814732
    endloop
  endfacet
  facet normal 0.8819212643483553 0 0.47139673682599736
    outer loop
      vertex -6.879858660950843 -5 -1.2560813995549314
      vertex -6.879858660950843 10 -1.2560813995549314
      vertex -7.088787028616754 -5 -0.8652039161620579
    endloop
  endfacet
  facet normal 0.9569403357322088 0 0.29028467725446216
    outer loop
      vertex -7.088787028616754 -5 -0.8652039161620579
      vertex -7.088787028616754 10 -0.8652039161620579
      vertex -7.217444482178185 -5 -0.44107713148302263
    endloop
  endfacet
  facet normal 0.9951847266721967 0 0.09801714032956213
    outer loop
      vertex -7.217444482178185 -5 -0.44107713148302263
      vertex -7.217444482178185 10 -0.44107713148302263
      vertex -7.260886787846701 -5 0
    endloop
  endfacet
  facet normal 0.47139673682599686 0 0.8819212643483554
    outer loop
      vertex -6.256081399554931 -5 -1.879858660950843
      vertex -5.8652039161620575 -5 -2.0887870286167542
      vertex -5.8652039161620575 10 -2.0887870286167542
    endloop
  endfacet
  facet normal 0.29028467725446244 0 0.9569403357322088
    outer loop
      vertex -5.8652039161620575 -5 -2.0887870286167542
      vertex -5.441077131483023 -5 -2.217444482178185
      vertex -5.441077131483023 10 -2.217444482178185
    endloop
  endfacet
  facet normal 0.09801714032956113 0 0.9951847266721969
    outer loop
      vertex -5.441077131483023 -5 -2.217444482178185
      vertex -5 -5 -2.2608867878467005
      vertex -5 10 -2.2608867878467005
    endloop
  endfacet
  facet normal 0.7730104533627368 0 0.6343932841636456
    outer loop
      vertex -6.879858660950843 -5 -1.2560813995549314
      vertex -6.598688379181473 10 -1.5986883791814732
      vertex -6.879858660950843 10 -1.2560813995549314
    endloop
  endfacet
  facet normal 0.6343932841636456 0 0.7730104533627368
    outer loop
      vertex -6.598688379181473 -5 -1.5986883791814732
      vertex -6.256081399554931 10 -1.879858660950843
      vertex -6.598688379181473 10 -1.5986883791814732
    endloop
  endfacet
  facet normal 0.8819212643483553 0 0.47139673682599736
    outer loop
      vertex -7.088787028616754 -5 -0.8652039161620579
      vertex -6.879858660950843 10 -1.2560813995549314
      vertex -7.088787028616754 10 -0.8652039161620579
    endloop
  endfacet
  facet normal 0.9951847266721967 0 0.09801714032956213
    outer loop
      vertex -7.260886787846701 -5 0
      vertex -7.217444482178185 10 -0.44107713148302263
      vertex -7.260886787846701 10 0
    endloop
  endfacet
  facet normal 0.9569403357322088 0 0.29028467725446216
    outer loop
      vertex -7.217444482178185 -5 -0.44107713148302263
      vertex -7.088787028616754 10 -0.8652039161620579
      vertex -7.217444482178185 10 -0.44107713148302263
    endloop
  endfacet
  facet normal 0.47139673682599686 0 0.8819212643483554
    outer loop
      vertex -6.256081399554931 -5 -1.879858660950843
      vertex -5.8652039161620575 10 -2.0887870286167542
      vertex -6.256081399554931 10 -1.879858660950843
    endloop
  endfacet
  facet normal 0.29028467725446244 0 0.9569403357322088
    outer loop
      vertex -5.8652039161620575 -5 -2.0887870286167542
      vertex -5.441077131483023 10 -2.217444482178185
      vertex -5.8652039161620575 10 -2.0887870286167542
    endloop
  endfacet
  facet normal 0.09801714032956113 0 0.9951847266721969
    outer loop
      vertex -5.441077131483023 -5 -2.217444482178185
      vertex -5 10 -2.2608867878467005
      vertex -5.441077131483023 10 -2.217444482178185
    endloop
  endfacet
  facet normal -0.09801714032956113 0 0.9951847266721969
    outer loop
      vertex -5 -5 -2.2608867878467005
      vertex -4.558922868516977 -5 -2.217444482178185
      vertex -4.558922868516977 10 -2.217444482178185
    endloop
  endfacet
  facet normal -0.29028467725446244 0 0.9569403357322088
    outer loop
      vertex -4.558922868516977 -5 -2.217444482178185
      vertex -4.1347960838379425 -5 -2.0887870286167542
      vertex -4.1347960838379425 10 -2.0887870286167542
    endloop
  endfacet
  facet normal -0.47139673682599686 0 0.8819212643483554
    outer loop
      vertex -4.1347960838379425 -5 -2.0887870286167542
      vertex -3.7439186004450686 -5 -1.879858660950843
      vertex -3.7439186004450686 10 -1.879858660950843
    endloop
  endfacet
  facet normal -0.6343932841636456 0 0.7730104533627368
    outer loop
      vertex -3.7439186004450686 -5 -1.879858660950843
      vertex -3.401311620818527 -5 -1.5986883791814732
      vertex -3.401311620818527 10 -1.5986883791814732
    endloop
  endfacet
  facet normal -0.7730104533627368 0 0.6343932841636456
    outer loop
      vertex -3.401311620818527 -5 -1.5986883791814732
      vertex -3.120141339049157 -5 -1.2560813995549314
      vertex -3.120141339049157 10 -1.2560813995549314
    endloop
  endfacet
  facet normal -0.8819212643483553 0 0.47139673682599736
    outer loop
      vertex -3.120141339049157 -5 -1.2560813995549314
      vertex -2.9112129713832458 -5 -0.8652039161620579
      vertex -2.9112129713832458 10 -0.8652039161620579
    endloop
  endfacet
  facet normal -0.9569403357322088 0 0.29028467725446216
    outer loop
      vertex -2.9112129713832458 -5 -0.8652039161620579
      vertex -2.782555517821815 -5 -0.44107713148302263
      vertex -2.782555517821815 10 -0.44107713148302263
    endloop
  endfacet
  facet normal -0.9951847266721969 0 0.09801714032956113
    outer loop
      vertex -2.782555517821815 -5 -0.44107713148302263
      vertex -2.7391132121532995 -5 0
      vertex -2.7391132121532995 10 0
    endloop
  endfacet
  facet normal -0.09801714032956113 0 0.9951847266721969
    outer loop
      vertex -5 -5 -2.2608867878467005
      vertex -4.558922868516977 10 -2.217444482178185
      vertex -5 10 -2.2608867878467005
    endloop
  endfacet
  facet normal -0.29028467725446244 0 0.9569403357322088
    outer loop
      vertex -4.558922868516977 -5 -2.217444482178185
      vertex -4.1347960838379425 10 -2.0887870286167542
      vertex -4.558922868516977 10 -2.217444482178185
    endloop
  endfacet
  facet normal -0.47139673682599686 0 0.8819212643483554
    outer loop
      vertex -4.1347960838379425 -5 -2.0887870286167542
      vertex -3.7439186004450686 10 -1.879858660950843
      vertex -4.1347960838379425 10 -2.0887870286167542
    endloop
  endfacet
  facet normal -0.6343932841636456 0 0.7730104533627368
    outer loop
      vertex -3.7439186004450686 -5 -1.879858660950843
      vertex -3.401311620818527 10 -1.5986883791814732
      vertex -3.7439186004450686 10 -1.879858660950843
    endloop
  endfacet
  facet normal -0.7730104533627368 0 0.6343932841636456
    outer loop
      vertex -3.401311620818527 -5 -1.5986883791814732
      vertex -3.120141339049157 10 -1.2560813995549314
      vertex -3.401311620818527 10 -1.5986883791814732
    endloop
  endfacet
  facet normal -0.8819212643483553 0 0.47139673682599736
    outer loop
      vertex -3.120141339049157 -5 -1.2560813995549314
      vertex -2.9112129713832458 10 -0.8652039161620579
      vertex -3.120141339049157 10 -1.2560813995549314
    endloop
  endfacet
  facet normal -0.9569403357322088 0 0.29028467725446216
    outer loop
      vertex -2.9112129713832458 -5 -0.8652039161620579
      vertex -2.782555517821815 10 -0.44107713148302263
      vertex -2.9112129713832458 10 -0.8652039161620579
    endloop
  endfacet
  facet normal -0.9951847266721969 0 0.09801714032956113
    outer loop
      vertex -2.782555517821815 -5 -0.44107713148302263
      vertex -2.7391132121532995 10 0
      vertex -2.782555517821815 10 -0.44107713148302263
    endloop
  endfacet
  facet normal 0.9951847266721967 0 -0.09801714032956213
    outer loop
      vertex -7.260886787846701 -5 0
      vertex -7.260886787846701 10 0
      vertex -7.217444482178185 -5 0.44107713148302263
    endloop
  endfacet
  facet normal 0.9569403357322088 0 -0.29028467725446216
    outer loop
      vertex -7.217444482178185 -5 0.44107713148302263
      vertex -7.217444482178185 10 0.44107713148302263
      vertex -7.088787028616754 -5 0.8652039161620579
    endloop
  endfacet
  facet normal 0.8819212643483553 0 -0.47139673682599736
    outer loop
      vertex -7.088787028616754 -5 0.8652039161620579
      vertex -7.088787028616754 10 0.8652039161620579
      vertex -6.879858660950843 -5 1.2560813995549314
    endloop
  endfacet
  facet normal 0.7730104533627368 0 -0.6343932841636456
    outer loop
      vertex -6.879858660950843 -5 1.2560813995549314
      vertex -6.879858660950843 10 1.2560813995549314
      vertex -6.598688379181473 -5 1.5986883791814732
    endloop
  endfacet
  facet normal 0.6343932841636456 0 -0.7730104533627368
    outer loop
      vertex -6.598688379181473 -5 1.5986883791814732
      vertex -6.598688379181473 10 1.5986883791814732
      vertex -6.256081399554931 -5 1.879858660950843
    endloop
  endfacet
  facet normal 0.47139673682599686 0 -0.8819212643483554
    outer loop
      vertex -6.256081399554931 -5 1.879858660950843
      vertex -6.256081399554931 10 1.879858660950843
      vertex -5.8652039161620575 -5 2.0887870286167542
    endloop
  endfacet
  facet normal 0.29028467725446244 0 -0.9569403357322088
    outer loop
      vertex -5.8652039161620575 -5 2.0887870286167542
      vertex -5.8652039161620575 10 2.0887870286167542
      vertex -5.441077131483023 -5 2.217444482178185
    endloop
  endfacet
  facet normal 0.09801714032956113 0 -0.9951847266721969
    outer loop
      vertex -5.441077131483023 -5 2.217444482178185
      vertex -5.441077131483023 10 2.217444482178185
      vertex -5 -5 2.2608867878467005
    endloop
  endfacet
  facet normal 0.9951847266721967 0 -0.09801714032956213
    outer loop
      vertex -7.217444482178185 -5 0.44107713148302263
      vertex -7.260886787846701 10 0
      vertex -7.217444482178185 10 0.44107713148302263
    endloop
  endfacet
  facet normal 0.9569403357322088 0 -0.29028467725446216
    outer loop
      vertex -7.088787028616754 -5 0.8652039161620579
      vertex -7.217444482178185 10 0.44107713148302263
      vertex -7.088787028616754 10 0.8652039161620579
    endloop
  endfacet
  facet normal 0.8819212643483553 0 -0.47139673682599736
    outer loop
      vertex -6.879858660950843 -5 1.2560813995549314
      vertex -7.088787028616754 10 0.8652039161620579
      vertex -6.879858660950843 10 1.2560813995549314
    endloop
  endfacet
  facet normal 0.7730104533627368 0 -0.6343932841636456
    outer loop
      vertex -6.598688379181473 -5 1.5986883791814732
      vertex -6.879858660950843 10 1.2560813995549314
      vertex -6.598688379181473 10 1.5986883791814732
    endloop
  endfacet
  facet normal 0.6343932841636456 0 -0.7730104533627368
    outer loop
      vertex -6.256081399554931 -5 1.879858660950843
      vertex -6.598688379181473 10 1.5986883791814732
      vertex -6.256081399554931 10 1.879858660950843
    endloop
  endfacet
  facet normal 0.47139673682599686 0 -0.8819212643483554
    outer loop
      vertex -5.8652039161620575 -5 2.0887870286167542
      vertex -6.256081399554931 10 1.879858660950843
      vertex -5.8652039161620575 10 2.0887870286167542
    endloop
  endfacet
  facet normal 0.29028467725446244 0 -0.9569403357322088
    outer loop
      vertex -5.441077131483023 -5 2.217444482178185
      vertex -5.8652039161620575 10 2.0887870286167542
      vertex -5.441077131483023 10 2.217444482178185
    endloop
  endfacet
  facet normal 0.09801714032956113 0 -0.9951847266721969
    outer loop
      vertex -5 -5 2.2608867878467005
      vertex -5.441077131483023 10 2.217444482178185
      vertex -5 10 2.2608867878467005
    endloop
  endfacet
  facet normal -0.09801714032956113 0 -0.9951847266721969
    outer loop
      vertex -5 -5 2.2608867878467005
      vertex -5 10 2.2608867878467005
      vertex -4.558922868516977 -5 2.217444482178185
    endloop
  endfacet
  facet normal -0.29028467725446244 0 -0.9569403357322088
    outer loop
      vertex -4.558922868516977 -5 2.217444482178185
      vertex -4.558922868516977 10 2.217444482178185
      vertex -4.1347960838379425 -5 2.0887870286167542
    endloop
  endfacet
  facet normal -0.47139673682599686 0 -0.8819212643483554
    outer loop
      vertex -4.1347960838379425 -5 2.0887870286167542
      vertex -4.1347960838379425 10 2.0887870286167542
      vertex -3.7439186004450686 -5 1.879858660950843
    endloop
  endfacet
  facet normal -0.9951847266721969 0 -0.09801714032956113
    outer loop
      vertex -2.7391132121532995 -5 0
      vertex -2.782555517821815 -5 0.44107713148302263
      vertex -2.782555517821815 10 0.44107713148302263
    endloop
  endfacet
  facet normal -0.9569403357322088 0 -0.29028467725446216
    outer loop
      vertex -2.782555517821815 -5 0.44107713148302263
      vertex -2.9112129713832458 -5 0.8652039161620579
      vertex -2.9112129713832458 10 0.8652039161620579
    endloop
  endfacet
  facet normal -0.8819212643483553 0 -0.47139673682599736
    outer loop
      vertex -2.9112129713832458 -5 0.8652039161620579
      vertex -3.120141339049157 -5 1.2560813995549314
      vertex -3.120141339049157 10 1.2560813995549314
    endloop
  endfacet
  facet normal -0.6343932841636456 0 -0.7730104533627368
    outer loop
      vertex -3.401311620818527 -5 1.5986883791814732
      vertex -3.7439186004450686 -5 1.879858660950843
      vertex -3.7439186004450686 10 1.879858660950843
    endloop
  endfacet
  facet normal -0.7730104533627368 0 -0.6343932841636456
    outer loop
      vertex -3.401311620818527 -5 1.5986883791814732
      vertex -3.401311620818527 10 1.5986883791814732
      vertex -3.120141339049157 -5 1.2560813995549314
    endloop
  endfacet
  facet normal -0.09801714032956113 0 -0.9951847266721969
    outer loop
      vertex -4.558922868516977 -5 2.217444482178185
      vertex -5 10 2.2608867878467005
      vertex -4.558922868516977 10 2.217444482178185
    endloop
  endfacet
  facet normal -0.29028467725446244 0 -0.9569403357322088
    outer loop
      vertex -4.1347960838379425 -5 2.0887870286167542
      vertex -4.558922868516977 10 2.217444482178185
      vertex -4.1347960838379425 10 2.0887870286167542
    endloop
  endfacet
  facet normal -0.47139673682599686 0 -0.8819212643483554
    outer loop
      vertex -3.7439186004450686 -5 1.879858660950843
      vertex -4.1347960838379425 10 2.0887870286167542
      vertex -3.7439186004450686 10 1.879858660950843
    endloop
  endfacet
  facet normal -0.9569403357322088 0 -0.29028467725446216
    outer loop
      vertex -2.782555517821815 -5 0.44107713148302263
      vertex -2.9112129713832458 10 0.8652039161620579
      vertex -2.782555517821815 10 0.44107713148302263
    endloop
  endfacet
  facet normal -0.9951847266721969 0 -0.09801714032956113
    outer loop
      vertex -2.7391132121532995 -5 0
      vertex -2.782555517821815 10 0.44107713148302263
      vertex -2.7391132121532995 10 0
    endloop
  endfacet
  facet normal -0.8819212643483553 0 -0.47139673682599736
    outer loop
      vertex -2.9112129713832458 -5 0.8652039161620579
      vertex -3.120141339049157 10 1.2560813995549314
      vertex -2.9112129713832458 10 0.8652039161620579
    endloop
  endfacet
  facet normal -0.6343932841636456 0 -0.7730104533627368
    outer loop
      vertex -3.401311620818527 -5 1.5986883791814732
      vertex -3.7439186004450686 10 1.879858660950843
      vertex -3.401311620818527 10 1.5986883791814732
    endloop
  endfacet
  facet normal -0.7730104533627368 0 -0.6343932841636456
    outer loop
      vertex -3.120141339049157 -5 1.2560813995549314
      vertex -3.401311620818527 10 1.5986883791814732
      vertex -3.120141339049157 10 1.2560813995549314
    endloop
  endfacet
  facet normal -0.5773502691896258 -0.5773502691896258 -0.5773502691896258
    outer loop
      vertex -10 -9 -9
      vertex -9 -9 -10
      vertex -9 -10 -9
    endloop
  endfacet
  facet normal 0 -1 0
    outer loop
      vertex -9 -10 -9
      vertex -6.4350628713690865 -10 -3.4645482469173254
      vertex -7.083388373823508 -10 -3.1180110461345447
    endloop
  endfacet
  facet normal 0 -1 0
    outer loop
      vertex -9 -10 -9
      vertex -5.731588707560481 -10 -3.677944801512114
      vertex -6.4350628713690865 -10 -3.4645482469173254
    endloop
  endfacet
  facet normal 0 -1 0
    outer loop
      vertex -9 -10 -9
      vertex -5 -10 -3.75
      vertex -5.731588707560481 -10 -3.677944801512114
    endloop
  endfacet
  facet normal 0 -1 0
    outer loop
      vertex -9 -10 -9
      vertex -4.268411292439519 -10 -3.677944801512114
      vertex -5 -10 -3.75
    endloop
  endfacet
  facet normal 0 -1 0
    outer loop
      vertex -9 -10 -9
      vertex -3.5649371286309135 -10 -3.4645482469173254
      vertex -4.268411292439519 -10 -3.677944801512114
    endloop
  endfacet
  facet normal -0.7071067811865476 -0.7071067811865476 0
    outer loop
      vertex -10 -9 -9
      vertex -9 -10 -9
      vertex -10 -9 9
    endloop
  endfacet
  facet normal 0 -1 0
    outer loop
      vertex -9 -10 -9
      vertex -8.677944801512114 -10 -0.7315887075604809
      vertex -8.75 -10 0
    endloop
  endfacet
  facet normal 0 -1 0
    outer loop
      vertex -9 -10 -9
      vertex -7.651650429449553 -10 -2.6516504294495533
      vertex -8.118011046134544 -10 -2.0833883738235084
    endloop
  endfacet
  facet normal 0 -1 0
    outer loop
      vertex -9 -10 -9
      vertex -8.118011046134544 -10 -2.0833883738235084
      vertex -8.464548246917325 -10 -1.4350628713690867
    endloop
  endfacet
  facet normal 0 -1 0
    outer loop
      vertex -9 -10 -9
      vertex -7.083388373823508 -10 -3.1180110461345447
      vertex -7.651650429449553 -10 -2.6516504294495533
    endloop
  endfacet
  facet normal 0 -1 0
    outer loop
      vertex -9 -10 -9
      vertex -8.464548246917325 -10 -1.4350628713690867
      vertex -8.677944801512114 -10 -0.7315887075604809
    endloop
  endfacet
  facet normal -0.7071067811865476 0 -0.7071067811865476
    outer loop
      vertex -10 -9 -9
      vertex -10 9 -9
      vertex -9 -9 -10
    endloop
  endfacet
  facet normal -1 0 0
    outer loop
      vertex -10 -9 -9
      vertex -10 -1.2560813995549314 -6.879858660950843
      vertex -10 -0.8652039161620579 -7.088787028616754
    endloop
  endfacet
  facet normal -1 0 0
    outer loop
      vertex -10 -9 -9
      vertex -10 -0.8652039161620579 -7.088787028616754
      vertex -10 -0.44107713148302263 -7.217444482178185
    endloop
  endfacet
  facet normal -1 0 0
    outer loop
      vertex -10 -9 -9
      vertex -10 -2.217444482178185 -5.441077131483023
      vertex -10 -2.0887870286167542 -5.8652039161620575
    endloop
  endfacet
  facet normal -1 0 0
    outer loop
      vertex -10 -9 -9
      vertex -10 -2.2608867878467005 -5
      vertex -10 -2.217444482178185 -5.441077131483023
    endloop
  endfacet
  facet normal -1 0 0
    outer loop
      vertex -10 -9 -9
      vertex -10 -1.879858660950843 -6.256081399554931
      vertex -10 -1.5986883791814732 -6.598688379181473
    endloop
  endfacet
  facet normal -1 0 0
    outer loop
      vertex -10 -9 -9
      vertex -10 -2.0887870286167542 -5.8652039161620575
      vertex -10 -1.879858660950843 -6.256081399554931
    endloop
  endfacet
  facet normal -1 0 0
    outer loop
      vertex -10 -9 -9
      vertex -10 -1.5986883791814732 -6.598688379181473
      vertex -10 -1.2560813995549314 -6.879858660950843
    endloop
  endfacet
  facet normal -1 0 0
    outer loop
      vertex -10 -9 -9
      vertex -10 -2.217444482178185 -4.558922868516977
      vertex -10 -2.2608867878467005 -5
    endloop
  endfacet
  facet normal -1 0 0
    outer loop
      vertex -10 -9 -9
      vertex -10 -2.0887870286167542 -4.1347960838379425
      vertex -10 -2.217444482178185 -4.558922868516977
    endloop
  endfacet
  facet normal -1 0 0
    outer loop
      vertex -10 -9 -9
      vertex -10 -1.879858660950843 -3.7439186004450686
      vertex -10 -2.0887870286167542 -4.1347960838379425
    endloop
  endfacet
  facet normal -1 0 0
    outer loop
      vertex -10 -9 -9
      vertex -10 -1.5986883791814732 -3.401311620818527
      vertex -10 -1.879858660950843 -3.7439186004450686
    endloop
  endfacet
  facet normal -1 0 0
    outer loop
      vertex -10 -9 -9
      vertex -10 -1.2560813995549314 -3.120141339049157
      vertex -10 -1.5986883791814732 -3.401311620818527
    endloop
  endfacet
  facet normal -1 0 0
    outer loop
      vertex -10 -9 -9
      vertex -10 -0.44107713148302263 -7.217444482178185
      vertex -10 9 -9
    endloop
  endfacet
  facet normal -1 0 0
    outer loop
      vertex -10 -9 -9
      vertex -10 9 9
      vertex -10 -1.2560813995549314 -3.120141339049157
    endloop
  endfacet
  facet normal 0 -0.7071067811865476 -0.7071067811865476
    outer loop
      vertex -9 -10 -9
      vertex -9 -9 -10
      vertex 9 -9 -10
    endloop
  endfacet
  facet normal 0 -1 0
    outer loop
      vertex -9 -10 -9
      vertex 9 -10 -9
      vertex -3.5649371286309135 -10 -3.4645482469173254
    endloop
  endfacet
  facet normal 0 0 -1
    outer loop
      vertex -9 -9 -10
      vertex -2.217444482178185 4.558922868516977 -10
      vertex -2.0887870286167542 4.1347960838379425 -10
    endloop
  endfacet
  facet normal 0 0 -1
    outer loop
      vertex -9 -9 -10
      vertex -1.5986883791814732 3.401311620818527 -10
      vertex -1.2560813995549314 3.120141339049157 -10
    endloop
  endfacet
  facet normal 0 0 -1
    outer loop
      vertex -9 -9 -10
      vertex -2.0887870286167542 4.1347960838379425 -10
      vertex -1.879858660950843 3.7439186004450686 -10
    endloop
  endfacet
  facet normal 0 0 -1
    outer loop
      vertex -9 -9 -10
      vertex -1.879858660950843 3.7439186004450686 -10
      vertex -1.5986883791814732 3.401311620818527 -10
    endloop
  endfacet
  facet normal 0 0 -1
    outer loop
      vertex -9 -9 -10
      vertex -1.2560813995549314 3.120141339049157 -10
      vertex -0.8652039161620579 2.9112129713832458 -10
    endloop
  endfacet
  facet normal 0 0 -1
    outer loop
      vertex -9 -9 -10
      vertex -0.8652039161620579 2.9112129713832458 -10
      vertex -0.44107713148302263 2.782555517821815 -10
    endloop
  endfacet
  facet normal 0 0 -1
    outer loop
      vertex -9 -9 -10
      vertex -0.44107713148302263 2.782555517821815 -10
      vertex 0 2.7391132121532995 -10
    endloop
  endfacet
  facet normal 0 0 -1
    outer loop
      vertex -9 -9 -10
      vertex 0 2.7391132121532995 -10
      vertex 0.44107713148302263 2.782555517821815 -10
    endloop
  endfacet
  facet normal 0 0 -1
    outer loop
      vertex -9 -9 -10
      vertex 0.44107713148302263 2.782555517821815 -10
      vertex 0.8652039161620579 2.9112129713832458 -10
    endloop
  endfacet
  facet normal 0 0 -1
    outer loop
      vertex -9 -9 -10
      vertex 0.8652039161620579 2.9112129713832458 -10
      vertex 1.2560813995549314 3.120141339049157 -10
    endloop
  endfacet
  facet normal 0 -1 0
    outer loop
      vertex -9 -10 -9
      vertex -8.75 -10 0
      vertex -9 -10 9
    endloop
  endfacet
  facet normal -0.7071067811865476 -0.7071067811865476 0
    outer loop
      vertex -9 -10 -9
      vertex -9 -10 9
      vertex -10 -9 9
    endloop
  endfacet
  facet normal 0 -1 0
    outer loop
      vertex -9 -10 9
      vertex -8.75 -10 0
      vertex -8.677944801512114 -10 0.7315887075604809
    endloop
  endfacet
  facet normal 0 -1 0
    outer loop
      vertex -9 -10 9
      vertex -8.677944801512114 -10 0.7315887075604809
      vertex -8.464548246917325 -10 1.4350628713690867
    endloop
  endfacet
  facet normal 0 -1 0
    outer loop
      vertex -9 -10 9
      vertex -8.464548246917325 -10 1.4350628713690867
      vertex -8.118011046134544 -10 2.0833883738235084
    endloop
  endfacet
  facet normal 0 -1 0
    outer loop
      vertex -9 -10 9
      vertex -8.118011046134544 -10 2.0833883738235084
      vertex -7.651650429449553 -10 2.6516504294495533
    endloop
  endfacet
  facet normal 0 -1 0
    outer loop
      vertex -9 -10 9
      vertex -7.651650429449553 -10 2.6516504294495533
      vertex -7.083388373823508 -10 3.1180110461345447
    endloop
  endfacet
  facet normal 0 -1 0
    outer loop
      vertex -9 -10 9
      vertex -7.083388373823508 -10 3.1180110461345447
      vertex -6.4350628713690865 -10 3.4645482469173254
    endloop
  endfacet
  facet normal -0.5773502691896258 -0.5773502691896258 0.5773502691896258
    outer loop
      vertex -10 -9 9
      vertex -9 -10 9
      vertex -9 -9 10
    endloop
  endfacet
  facet normal 0 -1 0
    outer loop
      vertex -9 -10 9
      vertex -6.4350628713690865 -10 3.4645482469173254
      vertex -5.731588707560481 -10 3.677944801512114
    endloop
  endfacet
  facet normal 0 -1 0
    outer loop
      vertex -9 -10 9
      vertex -5.731588707560481 -10 3.677944801512114
      vertex -5 -10 3.75
    endloop
  endfacet
  facet normal 0 -1 0
    outer loop
      vertex -9 -10 9
      vertex -5 -10 3.75
      vertex -4.268411292439519 -10 3.677944801512114
    endloop
  endfacet
  facet normal 0 -1 0
    outer loop
      vertex -9 -10 9
      vertex -4.268411292439519 -10 3.677944801512114
      vertex -3.5649371286309135 -10 3.4645482469173254
    endloop
  endfacet
  facet normal -1 0 0
    outer loop
      vertex -10 -9 -9
      vertex -10 -9 9
      vertex -10 9 9
    endloop
  endfacet
  facet normal -0.7071067811865476 0 0.7071067811865476
    outer loop
      vertex -10 -9 9
      vertex -9 -9 10
      vertex -10 9 9
    endloop
  endfacet
  facet normal 0 0 1
    outer loop
      vertex -9 -9 10
      vertex -3.1180110461345447 2.9166116261764916 10
      vertex -3.4645482469173254 3.5649371286309135 10
    endloop
  endfacet
  facet normal 0 -0.7071067811865476 0.7071067811865476
    outer loop
      vertex -9 -10 9
      vertex 9 -10 9
      vertex -9 -9 10
    endloop
  endfacet
  facet normal 0 -1 0
    outer loop
      vertex -9 -10 9
      vertex -3.5649371286309135 -10 3.4645482469173254
      vertex 9 -10 9
    endloop
  endfacet
  facet normal 0 0 1
    outer loop
      vertex -9 -9 10
      vertex -2.0833883738235084 1.8819889538654553 10
      vertex -2.6516504294495533 2.3483495705504467 10
    endloop
  endfacet
  facet normal 0 0 1
    outer loop
      vertex -9 -9 10
      vertex -1.4350628713690867 1.5354517530826746 10
      vertex -2.0833883738235084 1.8819889538654553 10
    endloop
  endfacet
  facet normal 0 0 1
    outer loop
      vertex -9 -9 10
      vertex -2.6516504294495533 2.3483495705504467 10
      vertex -3.1180110461345447 2.9166116261764916 10
    endloop
  endfacet
  facet normal 0 0 1
    outer loop
      vertex -9 -9 10
      vertex -0.7315887075604809 1.3220551984878859 10
      vertex -1.4350628713690867 1.5354517530826746 10
    endloop
  endfacet
  facet normal 0 0 1
    outer loop
      vertex -9 -9 10
      vertex 0 1.25 10
      vertex -0.7315887075604809 1.3220551984878859 10
    endloop
  endfacet
  facet normal 0 0 1
    outer loop
      vertex -9 -9 10
      vertex 0.7315887075604809 1.3220551984878859 10
      vertex 0 1.25 10
    endloop
  endfacet
  facet normal 0 0 1
    outer loop
      vertex -9 -9 10
      vertex 1.4350628713690867 1.5354517530826746 10
      vertex 0.7315887075604809 1.3220551984878859 10
    endloop
  endfacet
  facet normal -0.7071067811865476 0 -0.7071067811865476
    outer loop
      vertex -9 -9 -10
      vertex -10 9 -9
      vertex -9 9 -10
    endloop
  endfacet
  facet normal -1 0 0
    outer loop
      vertex -10 9 -9
      vertex -10 -0.44107713148302263 -7.217444482178185
      vertex -10 0 -7.260886787846701
    endloop
  endfacet
  facet normal -1 0 0
    outer loop
      vertex -10 9 -9
      vertex -10 0 -7.260886787846701
      vertex -10 0.44107713148302263 -7.217444482178185
    endloop
  endfacet
  facet normal -1 0 0
    outer loop
      vertex -10 9 -9
      vertex -10 0.44107713148302263 -7.217444482178185
      vertex -10 0.8652039161620579 -7.088787028616754
    endloop
  endfacet
  facet normal -1 0 0
    outer loop
      vertex -10 9 -9
      vertex -10 0.8652039161620579 -7.088787028616754
      vertex -10 1.2560813995549314 -6.879858660950843
    endloop
  endfacet
  facet normal -1 0 0
    outer loop
      vertex -10 9 -9
      vertex -10 1.2560813995549314 -6.879858660950843
      vertex -10 1.5986883791814732 -6.598688379181473
    endloop
  endfacet
  facet normal -1 0 0
    outer loop
      vertex -10 9 -9
      vertex -10 1.5986883791814732 -6.598688379181473
      vertex -10 1.879858660950843 -6.256081399554931
    endloop
  endfacet
  facet normal -1 0 0
    outer loop
      vertex -10 9 -9
      vertex -10 1.879858660950843 -6.256081399554931
      vertex -10 2.0887870286167542 -5.8652039161620575
    endloop
  endfacet
  facet normal -1 0 0
    outer loop
      vertex -10 9 -9
      vertex -10 2.0887870286167542 -5.8652039161620575
      vertex -10 2.217444482178185 -5.441077131483023
    endloop
  endfacet
  facet normal 0 0 -1
    outer loop
      vertex -9 -9 -10
      vertex -9 9 -10
      vertex -2.2608867878467005 5 -10
    endloop
  endfacet
  facet normal -1 0 0
    outer loop
      vertex -10 9 9
      vertex -10 2.217444482178185 -5.441077131483023
      vertex -10 2.2608867878467005 -5
    endloop
  endfacet
  facet normal -1 0 0
    outer loop
      vertex -10 9 9
      vertex -10 2.2608867878467005 -5
      vertex -10 2.217444482178185 -4.558922868516977
    endloop
  endfacet
  facet normal -0.5773502691896258 0.5773502691896258 -0.5773502691896258
    outer loop
      vertex -10 9 -9
      vertex -9 10 -9
      vertex -9 9 -10
    endloop
  endfacet
  facet normal -1 0 0
    outer loop
      vertex -10 9 -9
      vertex -10 2.217444482178185 -5.441077131483023
      vertex -10 9 9
    endloop
  endfacet
  facet normal -0.7071067811865476 0.7071067811865476 0
    outer loop
      vertex -10 9 -9
      vertex -10 9 9
      vertex -9 10 -9
    endloop
  endfacet
  facet normal 0 1 0
    outer loop
      vertex -9 10 -9
      vertex -7.260886787846701 10 0
      vertex -7.217444482178185 10 -0.44107713148302263
    endloop
  endfacet
  facet normal 0 1 0
    outer loop
      vertex -9 10 -9
      vertex -7.088787028616754 10 -0.8652039161620579
      vertex -6.879858660950843 10 -1.2560813995549314
    endloop
  endfacet
  facet normal 0 1 0
    outer loop
      vertex -9 10 -9
      vertex -7.217444482178185 10 -0.44107713148302263
      vertex -7.088787028616754 10 -0.8652039161620579
    endloop
  endfacet
  facet normal 0 1 0
    outer loop
      vertex -9 10 -9
      vertex -7.217444482178185 10 0.44107713148302263
      vertex -7.260886787846701 10 0
    endloop
  endfacet
  facet normal 0 1 0
    outer loop
      vertex -9 10 -9
      vertex -6.598688379181473 10 -1.5986883791814732
      vertex -6.256081399554931 10 -1.879858660950843
    endloop
  endfacet
  facet normal 0 1 0
    outer loop
      vertex -9 10 -9
      vertex -6.879858660950843 10 -1.2560813995549314
      vertex -6.598688379181473 10 -1.5986883791814732
    endloop
  endfacet
  facet normal 0 1 0
    outer loop
      vertex -9 10 -9
      vertex -6.256081399554931 10 -1.879858660950843
      vertex -5.8652039161620575 10 -2.0887870286167542
    endloop
  endfacet
  facet normal 0 1 0
    outer loop
      vertex -9 10 -9
      vertex -5.8652039161620575 10 -2.0887870286167542
      vertex -5.441077131483023 10 -2.217444482178185
    endloop
  endfacet
  facet normal 0 1 0
    outer loop
      vertex -9 10 -9
      vertex -5.441077131483023 10 -2.217444482178185
      vertex -5 10 -2.2608867878467005
    endloop
  endfacet
  facet normal 0 1 0
    outer loop
      vertex -9 10 -9
      vertex -5 10 -2.2608867878467005
      vertex -4.558922868516977 10 -2.217444482178185
    endloop
  endfacet
  facet normal 0 1 0
    outer loop
      vertex -9 10 -9
      vertex -4.558922868516977 10 -2.217444482178185
      vertex -4.1347960838379425 10 -2.0887870286167542
    endloop
  endfacet
  facet normal 0 1 0
    outer loop
      vertex -9 10 -9
      vertex -4.1347960838379425 10 -2.0887870286167542
      vertex -3.7439186004450686 10 -1.879858660950843
    endloop
  endfacet
  facet normal 0 1 0
    outer loop
      vertex -9 10 -9
      vertex -3.7439186004450686 10 -1.879858660950843
      vertex -3.401311620818527 10 -1.5986883791814732
    endloop
  endfacet
  facet normal 0 1 0
    outer loop
      vertex -9 10 -9
      vertex -3.401311620818527 10 -1.5986883791814732
      vertex -3.120141339049157 10 -1.2560813995549314
    endloop
  endfacet
  facet normal 0 0 -1
    outer loop
      vertex -9 -9 -10
      vertex -2.2608867878467005 5 -10
      vertex -2.217444482178185 4.558922868516977 -10
    endloop
  endfacet
  facet normal 0 0 -1
    outer loop
      vertex -9 9 -10
      vertex -2.217444482178185 5.441077131483023 -10
      vertex -2.2608867878467005 5 -10
    endloop
  endfacet
  facet normal 0 0 -1
    outer loop
      vertex -9 9 -10
      vertex -2.0887870286167542 5.8652039161620575 -10
      vertex -2.217444482178185 5.441077131483023 -10
    endloop
  endfacet
  facet normal 0 0 -1
    outer loop
      vertex -9 9 -10
      vertex -1.879858660950843 6.256081399554931 -10
      vertex -2.0887870286167542 5.8652039161620575 -10
    endloop
  endfacet
  facet normal 0 0 -1
    outer loop
      vertex -9 9 -10
      vertex -1.5986883791814732 6.598688379181473 -10
      vertex -1.879858660950843 6.256081399554931 -10
    endloop
  endfacet
  facet normal 0 0 -1
    outer loop
      vertex -9 9 -10
      vertex -1.2560813995549314 6.879858660950843 -10
      vertex -1.5986883791814732 6.598688379181473 -10
    endloop
  endfacet
  facet normal 0 0 -1
    outer loop
      vertex -9 9 -10
      vertex -0.8652039161620579 7.088787028616754 -10
      vertex -1.2560813995549314 6.879858660950843 -10
    endloop
  endfacet
  facet normal 0 0 -1
    outer loop
      vertex -9 9 -10
      vertex -0.44107713148302263 7.217444482178185 -10
      vertex -0.8652039161620579 7.088787028616754 -10
    endloop
  endfacet
  facet normal 0 0.7071067811865476 -0.7071067811865476
    outer loop
      vertex -9 9 -10
      vertex -9 10 -9
      vertex 9 9 -10
    endloop
  endfacet
  facet normal 0 0 -1
    outer loop
      vertex -9 9 -10
      vertex 9 9 -10
      vertex -0.44107713148302263 7.217444482178185 -10
    endloop
  endfacet
  facet normal 0 1 0
    outer loop
      vertex -9 10 -9
      vertex -3.120141339049157 10 -1.2560813995549314
      vertex 9 10 9
    endloop
  endfacet
  facet normal -1 0 0
    outer loop
      vertex -10 9 9
      vertex -10 -0.8652039161620579 -2.9112129713832458
      vertex -10 -1.2560813995549314 -3.120141339049157
    endloop
  endfacet
  facet normal -1 0 0
    outer loop
      vertex -10 9 9
      vertex -10 -0.44107713148302263 -2.782555517821815
      vertex -10 -0.8652039161620579 -2.9112129713832458
    endloop
  endfacet
  facet normal -1 0 0
    outer loop
      vertex -10 9 9
      vertex -10 0 -2.7391132121532995
      vertex -10 -0.44107713148302263 -2.782555517821815
    endloop
  endfacet
  facet normal -1 0 0
    outer loop
      vertex -10 9 9
      vertex -10 0.44107713148302263 -2.782555517821815
      vertex -10 0 -2.7391132121532995
    endloop
  endfacet
  facet normal -1 0 0
    outer loop
      vertex -10 9 9
      vertex -10 0.8652039161620579 -2.9112129713832458
      vertex -10 0.44107713148302263 -2.782555517821815
    endloop
  endfacet
  facet normal -1 0 0
    outer loop
      vertex -10 9 9
      vertex -10 1.2560813995549314 -3.120141339049157
      vertex -10 0.8652039161620579 -2.9112129713832458
    endloop
  endfacet
  facet normal -1 0 0
    outer loop
      vertex -10 9 9
      vertex -10 1.879858660950843 -3.7439186004450686
      vertex -10 1.5986883791814732 -3.401311620818527
    endloop
  endfacet
  facet normal -1 0 0
    outer loop
      vertex -10 9 9
      vertex -10 2.0887870286167542 -4.1347960838379425
      vertex -10 1.879858660950843 -3.7439186004450686
    endloop
  endfacet
  facet normal -1 0 0
    outer loop
      vertex -10 9 9
      vertex -10 1.5986883791814732 -3.401311620818527
      vertex -10 1.2560813995549314 -3.120141339049157
    endloop
  endfacet
  facet normal -1 0 0
    outer loop
      vertex -10 9 9
      vertex -10 2.217444482178185 -4.558922868516977
      vertex -10 2.0887870286167542 -4.1347960838379425
    endloop
  endfacet
  facet normal -0.7071067811865476 0 0.7071067811865476
    outer loop
      vertex -9 -9 10
      vertex -9 9 10
      vertex -10 9 9
    endloop
  endfacet
  facet normal 0 0 1
    outer loop
      vertex -9 -9 10
      vertex -3.4645482469173254 3.5649371286309135 10
      vertex -9 9 10
    endloop
  endfacet
  facet normal 0 1 0
    outer loop
      vertex -9 10 -9
      vertex -9 10 9
      vertex -7.217444482178185 10 0.44107713148302263
    endloop
  endfacet
  facet normal -0.7071067811865476 0.7071067811865476 0
    outer loop
      vertex -9 10 -9
      vertex -10 9 9
      vertex -9 10 9
    endloop
  endfacet
  facet normal 0 1 0
    outer loop
      vertex -9 10 9
      vertex -7.088787028616754 10 0.8652039161620579
      vertex -7.217444482178185 10 0.44107713148302263
    endloop
  endfacet
  facet normal 0 1 0
    outer loop
      vertex -9 10 9
      vertex -6.879858660950843 10 1.2560813995549314
      vertex -7.088787028616754 10 0.8652039161620579
    endloop
  endfacet
  facet normal 0 1 0
    outer loop
      vertex -9 10 9
      vertex -6.598688379181473 10 1.5986883791814732
      vertex -6.879858660950843 10 1.2560813995549314
    endloop
  endfacet
  facet normal 0 1 0
    outer loop
      vertex -9 10 9
      vertex -6.256081399554931 10 1.879858660950843
      vertex -6.598688379181473 10 1.5986883791814732
    endloop
  endfacet
  facet normal 0 1 0
    outer loop
      vertex -9 10 9
      vertex -5.8652039161620575 10 2.0887870286167542
      vertex -6.256081399554931 10 1.879858660950843
    endloop
  endfacet
  facet normal 0 1 0
    outer loop
      vertex -9 10 9
      vertex -5.441077131483023 10 2.217444482178185
      vertex -5.8652039161620575 10 2.0887870286167542
    endloop
  endfacet
  facet normal 0 1 0
    outer loop
      vertex -9 10 9
      vertex -5 10 2.2608867878467005
      vertex -5.441077131483023 10 2.217444482178185
    endloop
  endfacet
  facet normal -0.5773502691896258 0.5773502691896258 0.5773502691896258
    outer loop
      vertex -10 9 9
      vertex -9 9 10
      vertex -9 10 9
    endloop
  endfacet
  facet normal 0 0 1
    outer loop
      vertex -9 9 10
      vertex -3.4645482469173254 3.5649371286309135 10
      vertex -3.677944801512114 4.268411292439519 10
    endloop
  endfacet
  facet normal 0 0 1
    outer loop
      vertex -9 9 10
      vertex -3.677944801512114 4.268411292439519 10
      vertex -3.75 5 10
    endloop
  endfacet
  facet normal 0 0 1
    outer loop
      vertex -9 9 10
      vertex -3.75 5 10
      vertex -3.677944801512114 5.731588707560481 10
    endloop
  endfacet
  facet normal 0 0 1
    outer loop
      vertex -9 9 10
      vertex -3.677944801512114 5.731588707560481 10
      vertex -3.4645482469173254 6.4350628713690865 10
    endloop
  endfacet
  facet normal 0 0 1
    outer loop
      vertex -9 9 10
      vertex -3.4645482469173254 6.4350628713690865 10
      vertex -3.1180110461345447 7.083388373823508 10
    endloop
  endfacet
  facet normal 0 1 0
    outer loop
      vertex 9 10 9
      vertex -4.558922868516977 10 2.217444482178185
      vertex -5 10 2.2608867878467005
    endloop
  endfacet
  facet normal 0 0 1
    outer loop
      vertex -9 9 10
      vertex -3.1180110461345447 7.083388373823508 10
      vertex -2.6516504294495533 7.651650429449553 10
    endloop
  endfacet
  facet normal 0 0 1
    outer loop
      vertex -9 9 10
      vertex -2.6516504294495533 7.651650429449553 10
      vertex -2.0833883738235084 8.118011046134544 10
    endloop
  endfacet
  facet normal 0 0 1
    outer loop
      vertex -9 9 10
      vertex -2.0833883738235084 8.118011046134544 10
      vertex -1.4350628713690867 8.464548246917325 10
    endloop
  endfacet
  facet normal 0 0 1
    outer loop
      vertex -9 9 10
      vertex -1.4350628713690867 8.464548246917325 10
      vertex -0.7315887075604809 8.677944801512114 10
    endloop
  endfacet
  facet normal 0 0 1
    outer loop
      vertex -9 9 10
      vertex -0.7315887075604809 8.677944801512114 10
      vertex 0 8.75 10
    endloop
  endfacet
  facet normal 0 0.7071067811865476 0.7071067811865476
    outer loop
      vertex -9 9 10
      vertex 9 10 9
      vertex -9 10 9
    endloop
  endfacet
  facet normal 0 1 0
    outer loop
      vertex -9 10 9
      vertex 9 10 9
      vertex -5 10 2.2608867878467005
    endloop
  endfacet
  facet normal 0 -1 0
    outer loop
      vertex 9 -10 -9
      vertex -2.9166116261764916 -10 -3.1180110461345447
      vertex -3.5649371286309135 -10 -3.4645482469173254
    endloop
  endfacet
  facet normal 0 -0.7071067811865476 -0.7071067811865476
    outer loop
      vertex -9 -10 -9
      vertex 9 -9 -10
      vertex 9 -10 -9
    endloop
  endfacet
  facet normal 0 -1 0
    outer loop
      vertex 9 -10 -9
      vertex -2.3483495705504467 -10 -2.6516504294495533
      vertex -2.9166116261764916 -10 -3.1180110461345447
    endloop
  endfacet
  facet normal 0 -1 0
    outer loop
      vertex 9 -10 -9
      vertex -1.8819889538654553 -10 -2.0833883738235084
      vertex -2.3483495705504467 -10 -2.6516504294495533
    endloop
  endfacet
  facet normal 0 0 -1
    outer loop
      vertex -9 -9 -10
      vertex 9 9 -10
      vertex 9 -9 -10
    endloop
  endfacet
  facet normal 0.5773502691896258 -0.5773502691896258 -0.5773502691896258
    outer loop
      vertex 9 -10 -9
      vertex 9 -9 -10
      vertex 10 -9 -9
    endloop
  endfacet
  facet normal 1 0 0
    outer loop
      vertex 10 -9 -9
      vertex 10 -3.1180110461345447 -7.083388373823508
      vertex 10 -3.4645482469173254 -6.4350628713690865
    endloop
  endfacet
  facet normal 1 0 0
    outer loop
      vertex 10 -9 -9
      vertex 10 -3.4645482469173254 -6.4350628713690865
      vertex 10 -3.677944801512114 -5.731588707560481
    endloop
  endfacet
  facet normal 1 0 0
    outer loop
      vertex 10 -9 -9
      vertex 10 -3.677944801512114 -5.731588707560481
      vertex 10 -3.75 -5
    endloop
  endfacet
  facet normal 1 0 0
    outer loop
      vertex 10 -9 -9
      vertex 10 -3.75 -5
      vertex 10 -3.677944801512114 -4.268411292439519
    endloop
  endfacet
  facet normal 1 0 0
    outer loop
      vertex 10 -9 -9
      vertex 10 -3.677944801512114 -4.268411292439519
      vertex 10 -3.4645482469173254 -3.5649371286309135
    endloop
  endfacet
  facet normal 1 0 0
    outer loop
      vertex 10 -9 -9
      vertex 10 -3.4645482469173254 -3.5649371286309135
      vertex 10 -3.1180110461345447 -2.9166116261764916
    endloop
  endfacet
  facet normal 0 -1 0
    outer loop
      vertex 9 -10 -9
      vertex 9 -10 9
      vertex -1.8819889538654553 -10 -2.0833883738235084
    endloop
  endfacet
  facet normal 0.7071067811865476 -0.7071067811865476 0
    outer loop
      vertex 9 -10 -9
      vertex 10 -9 -9
      vertex 9 -10 9
    endloop
  endfacet
  facet normal 1 0 0
    outer loop
      vertex 10 -9 -9
      vertex 10 -3.1180110461345447 -2.9166116261764916
      vertex 10 -9 9
    endloop
  endfacet
  facet normal 1 0 0
    outer loop
      vertex 10 -9 -9
      vertex 10 -2.0833883738235084 -8.118011046134544
      vertex 10 -2.6516504294495533 -7.651650429449553
    endloop
  endfacet
  facet normal 1 0 0
    outer loop
      vertex 10 -9 -9
      vertex 10 -2.6516504294495533 -7.651650429449553
      vertex 10 -3.1180110461345447 -7.083388373823508
    endloop
  endfacet
  facet normal 1 0 0
    outer loop
      vertex 10 -9 -9
      vertex 10 -1.4350628713690867 -8.464548246917325
      vertex 10 -2.0833883738235084 -8.118011046134544
    endloop
  endfacet
  facet normal 0.7071067811865476 0 -0.7071067811865476
    outer loop
      vertex 9 -9 -10
      vertex 9 9 -10
      vertex 10 -9 -9
    endloop
  endfacet
  facet normal 1 0 0
    outer loop
      vertex 10 -9 -9
      vertex 10 0 -8.75
      vertex 10 -0.7315887075604809 -8.677944801512114
    endloop
  endfacet
  facet normal 1 0 0
    outer loop
      vertex 10 -9 -9
      vertex 10 -0.7315887075604809 -8.677944801512114
      vertex 10 -1.4350628713690867 -8.464548246917325
    endloop
  endfacet
  facet normal 0 -1 0
    outer loop
      vertex 9 -10 9
      vertex -1.5354517530826746 -10 -1.4350628713690867
      vertex -1.8819889538654553 -10 -2.0833883738235084
    endloop
  endfacet
  facet normal 0 -1 0
    outer loop
      vertex 9 -10 9
      vertex -1.3220551984878859 -10 -0.7315887075604809
      vertex -1.5354517530826746 -10 -1.4350628713690867
    endloop
  endfacet
  facet normal 0 -1 0
    outer loop
      vertex 9 -10 9
      vertex -2.9166116261764916 -10 3.1180110461345447
      vertex -2.3483495705504467 -10 2.6516504294495533
    endloop
  endfacet
  facet normal 0 -1 0
    outer loop
      vertex 9 -10 9
      vertex -1.25 -10 0
      vertex -1.3220551984878859 -10 -0.7315887075604809
    endloop
  endfacet
  facet normal 0 -1 0
    outer loop
      vertex 9 -10 9
      vertex -1.3220551984878859 -10 0.7315887075604809
      vertex -1.25 -10 0
    endloop
  endfacet
  facet normal 0 -1 0
    outer loop
      vertex 9 -10 9
      vertex -1.5354517530826746 -10 1.4350628713690867
      vertex -1.3220551984878859 -10 0.7315887075604809
    endloop
  endfacet
  facet normal 0 -1 0
    outer loop
      vertex 9 -10 9
      vertex -1.8819889538654553 -10 2.0833883738235084
      vertex -1.5354517530826746 -10 1.4350628713690867
    endloop
  endfacet
  facet normal 0 -1 0
    outer loop
      vertex 9 -10 9
      vertex -2.3483495705504467 -10 2.6516504294495533
      vertex -1.8819889538654553 -10 2.0833883738235084
    endloop
  endfacet
  facet normal 0 -1 0
    outer loop
      vertex 9 -10 9
      vertex -3.5649371286309135 -10 3.4645482469173254
      vertex -2.9166116261764916 -10 3.1180110461345447
    endloop
  endfacet
  facet normal 0 0 1
    outer loop
      vertex -9 -9 10
      vertex 9 -9 10
      vertex 1.4350628713690867 1.5354517530826746 10
    endloop
  endfacet
  facet normal 0 -0.7071067811865476 0.7071067811865476
    outer loop
      vertex -9 -9 10
      vertex 9 -10 9
      vertex 9 -9 10
    endloop
  endfacet
  facet normal 0 0 1
    outer loop
      vertex 9 -9 10
      vertex 2.0833883738235084 1.8819889538654553 10
      vertex 1.4350628713690867 1.5354517530826746 10
    endloop
  endfacet
  facet normal 0 0 1
    outer loop
      vertex 9 -9 10
      vertex 2.6516504294495533 2.3483495705504467 10
      vertex 2.0833883738235084 1.8819889538654553 10
    endloop
  endfacet
  facet normal 0 0 1
    outer loop
      vertex 9 -9 10
      vertex 3.1180110461345447 2.9166116261764916 10
      vertex 2.6516504294495533 2.3483495705504467 10
    endloop
  endfacet
  facet normal 0.7071067811865476 -0.7071067811865476 0
    outer loop
      vertex 10 -9 -9
      vertex 10 -9 9
      vertex 9 -10 9
    endloop
  endfacet
  facet normal 0.5773502691896258 -0.5773502691896258 0.5773502691896258
    outer loop
      vertex 9 -10 9
      vertex 10 -9 9
      vertex 9 -9 10
    endloop
  endfacet
  facet normal 1 0 0
    outer loop
      vertex 10 -9 9
      vertex 10 -3.1180110461345447 -2.9166116261764916
      vertex 10 -2.6516504294495533 -2.3483495705504467
    endloop
  endfacet
  facet normal 1 0 0
    outer loop
      vertex 10 -9 9
      vertex 10 -2.6516504294495533 -2.3483495705504467
      vertex 10 -2.0833883738235084 -1.8819889538654553
    endloop
  endfacet
  facet normal 1 0 0
    outer loop
      vertex 10 -9 9
      vertex 10 -2.0833883738235084 -1.8819889538654553
      vertex 10 -1.4350628713690867 -1.5354517530826746
    endloop
  endfacet
  facet normal 0.7071067811865476 0 0.7071067811865476
    outer loop
      vertex 9 -9 10
      vertex 10 -9 9
      vertex 9 9 10
    endloop
  endfacet
  facet normal 1 0 0
    outer loop
      vertex 10 -9 9
      vertex 10 -1.4350628713690867 -1.5354517530826746
      vertex 10 9 9
    endloop
  endfacet
  facet normal 0 0 -1
    outer loop
      vertex -9 -9 -10
      vertex 1.2560813995549314 3.120141339049157 -10
      vertex 9 9 -10
    endloop
  endfacet
  facet normal 0 0 -1
    outer loop
      vertex 9 9 -10
      vertex 1.2560813995549314 3.120141339049157 -10
      vertex 1.5986883791814732 3.401311620818527 -10
    endloop
  endfacet
  facet normal 0 0 -1
    outer loop
      vertex 9 9 -10
      vertex 1.5986883791814732 3.401311620818527 -10
      vertex 1.879858660950843 3.7439186004450686 -10
    endloop
  endfacet
  facet normal 0 0 -1
    outer loop
      vertex 9 9 -10
      vertex 1.879858660950843 3.7439186004450686 -10
      vertex 2.0887870286167542 4.1347960838379425 -10
    endloop
  endfacet
  facet normal 0 0 -1
    outer loop
      vertex 9 9 -10
      vertex 2.0887870286167542 4.1347960838379425 -10
      vertex 2.217444482178185 4.558922868516977 -10
    endloop
  endfacet
  facet normal 0 0 -1
    outer loop
      vertex 9 9 -10
      vertex 2.217444482178185 4.558922868516977 -10
      vertex 2.2608867878467005 5 -10
    endloop
  endfacet
  facet normal 0 0 -1
    outer loop
      vertex 9 9 -10
      vertex 1.5986883791814732 6.598688379181473 -10
      vertex 1.2560813995549314 6.879858660950843 -10
    endloop
  endfacet
  facet normal 0 0 -1
    outer loop
      vertex 9 9 -10
      vertex 2.0887870286167542 5.8652039161620575 -10
      vertex 1.879858660950843 6.256081399554931 -10
    endloop
  endfacet
  facet normal 0 0 -1
    outer loop
      vertex 9 9 -10
      vertex 1.879858660950843 6.256081399554931 -10
      vertex 1.5986883791814732 6.598688379181473 -10
    endloop
  endfacet
  facet normal 0 0 -1
    outer loop
      vertex 9 9 -10
      vertex 2.2608867878467005 5 -10
      vertex 2.217444482178185 5.441077131483023 -10
    endloop
  endfacet
  facet normal 0 0 -1
    outer loop
      vertex 9 9 -10
      vertex 2.217444482178185 5.441077131483023 -10
      vertex 2.0887870286167542 5.8652039161620575 -10
    endloop
  endfacet
  facet normal 0 0 -1
    outer loop
      vertex 9 9 -10
      vertex 0 7.260886787846701 -10
      vertex -0.44107713148302263 7.217444482178185 -10
    endloop
  endfacet
  facet normal 0 0 -1
    outer loop
      vertex 9 9 -10
      vertex 0.8652039161620579 7.088787028616754 -10
      vertex 0.44107713148302263 7.217444482178185 -10
    endloop
  endfacet
  facet normal 0 0 -1
    outer loop
      vertex 9 9 -10
      vertex 0.44107713148302263 7.217444482178185 -10
      vertex 0 7.260886787846701 -10
    endloop
  endfacet
  facet normal 0 0 -1
    outer loop
      vertex 9 9 -10
      vertex 1.2560813995549314 6.879858660950843 -10
      vertex 0.8652039161620579 7.088787028616754 -10
    endloop
  endfacet
  facet normal 0 0.7071067811865476 -0.7071067811865476
    outer loop
      vertex -9 10 -9
      vertex 9 10 -9
      vertex 9 9 -10
    endloop
  endfacet
  facet normal 0 1 0
    outer loop
      vertex -9 10 -9
      vertex 9 10 9
      vertex 9 10 -9
    endloop
  endfacet
  facet normal 1 0 0
    outer loop
      vertex 10 -9 -9
      vertex 10 9 -9
      vertex 10 0 -8.75
    endloop
  endfacet
  facet normal 0.7071067811865476 0 -0.7071067811865476
    outer loop
      vertex 10 -9 -9
      vertex 9 9 -10
      vertex 10 9 -9
    endloop
  endfacet
  facet normal 1 0 0
    outer loop
      vertex 10 9 -9
      vertex 10 0.7315887075604809 -8.677944801512114
      vertex 10 0 -8.75
    endloop
  endfacet
  facet normal 1 0 0
    outer loop
      vertex 10 9 -9
      vertex 10 1.4350628713690867 -8.464548246917325
      vertex 10 0.7315887075604809 -8.677944801512114
    endloop
  endfacet
  facet normal 1 0 0
    outer loop
      vertex 10 9 -9
      vertex 10 2.0833883738235084 -8.118011046134544
      vertex 10 1.4350628713690867 -8.464548246917325
    endloop
  endfacet
  facet normal 1 0 0
    outer loop
      vertex 10 9 -9
      vertex 10 2.6516504294495533 -7.651650429449553
      vertex 10 2.0833883738235084 -8.118011046134544
    endloop
  endfacet
  facet normal 1 0 0
    outer loop
      vertex 10 9 -9
      vertex 10 3.1180110461345447 -7.083388373823508
      vertex 10 2.6516504294495533 -7.651650429449553
    endloop
  endfacet
  facet normal 1 0 0
    outer loop
      vertex 10 9 -9
      vertex 10 3.4645482469173254 -6.4350628713690865
      vertex 10 3.1180110461345447 -7.083388373823508
    endloop
  endfacet
  facet normal 1 0 0
    outer loop
      vertex 10 9 -9
      vertex 10 3.677944801512114 -5.731588707560481
      vertex 10 3.4645482469173254 -6.4350628713690865
    endloop
  endfacet
  facet normal 1 0 0
    outer loop
      vertex 10 9 -9
      vertex 10 3.75 -5
      vertex 10 3.677944801512114 -5.731588707560481
    endloop
  endfacet
  facet normal 1 0 0
    outer loop
      vertex 10 9 -9
      vertex 10 3.677944801512114 -4.268411292439519
      vertex 10 3.75 -5
    endloop
  endfacet
  facet normal 1 0 0
    outer loop
      vertex 10 9 -9
      vertex 10 3.4645482469173254 -3.5649371286309135
      vertex 10 3.677944801512114 -4.268411292439519
    endloop
  endfacet
  facet normal 0.5773502691896258 0.5773502691896258 -0.5773502691896258
    outer loop
      vertex 9 9 -10
      vertex 9 10 -9
      vertex 10 9 -9
    endloop
  endfacet
  facet normal 1 0 0
    outer loop
      vertex 10 9 -9
      vertex 10 9 9
      vertex 10 3.4645482469173254 -3.5649371286309135
    endloop
  endfacet
  facet normal 0.7071067811865476 0.7071067811865476 0
    outer loop
      vertex 9 10 -9
      vertex 9 10 9
      vertex 10 9 -9
    endloop
  endfacet
  facet normal 0 1 0
    outer loop
      vertex 9 10 9
      vertex -3.120141339049157 10 -1.2560813995549314
      vertex -2.9112129713832458 10 -0.8652039161620579
    endloop
  endfacet
  facet normal 0 1 0
    outer loop
      vertex 9 10 9
      vertex -2.9112129713832458 10 -0.8652039161620579
      vertex -2.782555517821815 10 -0.44107713148302263
    endloop
  endfacet
  facet normal 0 1 0
    outer loop
      vertex 9 10 9
      vertex -2.782555517821815 10 -0.44107713148302263
      vertex -2.7391132121532995 10 0
    endloop
  endfacet
  facet normal 0 1 0
    outer loop
      vertex 9 10 9
      vertex -2.7391132121532995 10 0
      vertex -2.782555517821815 10 0.44107713148302263
    endloop
  endfacet
  facet normal 0 1 0
    outer loop
      vertex 9 10 9
      vertex -2.782555517821815 10 0.44107713148302263
      vertex -2.9112129713832458 10 0.8652039161620579
    endloop
  endfacet
  facet normal 0 1 0
    outer loop
      vertex 9 10 9
      vertex -2.9112129713832458 10 0.8652039161620579
      vertex -3.120141339049157 10 1.2560813995549314
    endloop
  endfacet
  facet normal 0 1 0
    outer loop
      vertex 9 10 9
      vertex -3.7439186004450686 10 1.879858660950843
      vertex -4.1347960838379425 10 2.0887870286167542
    endloop
  endfacet
  facet normal 0 1 0
    outer loop
      vertex 9 10 9
      vertex -3.401311620818527 10 1.5986883791814732
      vertex -3.7439186004450686 10 1.879858660950843
    endloop
  endfacet
  facet normal 0 1 0
    outer loop
      vertex 9 10 9
      vertex -4.1347960838379425 10 2.0887870286167542
      vertex -4.558922868516977 10 2.217444482178185
    endloop
  endfacet
  facet normal 0 1 0
    outer loop
      vertex 9 10 9
      vertex -3.120141339049157 10 1.2560813995549314
      vertex -3.401311620818527 10 1.5986883791814732
    endloop
  endfacet
  facet normal 0 0 1
    outer loop
      vertex -9 9 10
      vertex 0 8.75 10
      vertex 9 9 10
    endloop
  endfacet
  facet normal 0 0 1
    outer loop
      vertex 9 9 10
      vertex 0.7315887075604809 8.677944801512114 10
      vertex 1.4350628713690867 8.464548246917325 10
    endloop
  endfacet
  facet normal 0 0.7071067811865476 0.7071067811865476
    outer loop
      vertex -9 9 10
      vertex 9 9 10
      vertex 9 10 9
    endloop
  endfacet
  facet normal 0 0 1
    outer loop
      vertex 9 9 10
      vertex 0 8.75 10
      vertex 0.7315887075604809 8.677944801512114 10
    endloop
  endfacet
  facet normal 0 0 1
    outer loop
      vertex 9 9 10
      vertex 1.4350628713690867 8.464548246917325 10
      vertex 2.0833883738235084 8.118011046134544 10
    endloop
  endfacet
  facet normal 0 0 1
    outer loop
      vertex 9 9 10
      vertex 2.6516504294495533 7.651650429449553 10
      vertex 3.1180110461345447 7.083388373823508 10
    endloop
  endfacet
  facet normal 0 0 1
    outer loop
      vertex 9 9 10
      vertex 2.0833883738235084 8.118011046134544 10
      vertex 2.6516504294495533 7.651650429449553 10
    endloop
  endfacet
  facet normal 1 0 0
    outer loop
      vertex 10 9 9
      vertex 10 -1.4350628713690867 -1.5354517530826746
      vertex 10 -0.7315887075604809 -1.3220551984878859
    endloop
  endfacet
  facet normal 1 0 0
    outer loop
      vertex 10 9 9
      vertex 10 -0.7315887075604809 -1.3220551984878859
      vertex 10 0 -1.25
    endloop
  endfacet
  facet normal 1 0 0
    outer loop
      vertex 10 9 9
      vertex 10 0 -1.25
      vertex 10 0.7315887075604809 -1.3220551984878859
    endloop
  endfacet
  facet normal 1 0 0
    outer loop
      vertex 10 9 9
      vertex 10 0.7315887075604809 -1.3220551984878859
      vertex 10 1.4350628713690867 -1.5354517530826746
    endloop
  endfacet
  facet normal 1 0 0
    outer loop
      vertex 10 9 9
      vertex 10 2.6516504294495533 -2.3483495705504467
      vertex 10 3.1180110461345447 -2.9166116261764916
    endloop
  endfacet
  facet normal 1 0 0
    outer loop
      vertex 10 9 9
      vertex 10 1.4350628713690867 -1.5354517530826746
      vertex 10 2.0833883738235084 -1.8819889538654553
    endloop
  endfacet
  facet normal 1 0 0
    outer loop
      vertex 10 9 9
      vertex 10 2.0833883738235084 -1.8819889538654553
      vertex 10 2.6516504294495533 -2.3483495705504467
    endloop
  endfacet
  facet normal 0 0 1
    outer loop
      vertex 9 -9 10
      vertex 9 9 10
      vertex 3.1180110461345447 2.9166116261764916 10
    endloop
  endfacet
  facet normal 0.7071067811865476 0 0.7071067811865476
    outer loop
      vertex 10 -9 9
      vertex 10 9 9
      vertex 9 9 10
    endloop
  endfacet
  facet normal 1 0 0
    outer loop
      vertex 10 9 9
      vertex 10 3.1180110461345447 -2.9166116261764916
      vertex 10 3.4645482469173254 -3.5649371286309135
    endloop
  endfacet
  facet normal 0.7071067811865476 0.7071067811865476 0
    outer loop
      vertex 10 9 -9
      vertex 9 10 9
      vertex 10 9 9
    endloop
  endfacet
  facet normal 0 0 1
    outer loop
      vertex 9 9 10
      vertex 3.4645482469173254 3.5649371286309135 10
      vertex 3.1180110461345447 2.9166116261764916 10
    endloop
  endfacet
  facet normal 0 0 1
    outer loop
      vertex 9 9 10
      vertex 3.677944801512114 4.268411292439519 10
      vertex 3.4645482469173254 3.5649371286309135 10
    endloop
  endfacet
  facet normal 0 0 1
    outer loop
      vertex 9 9 10
      vertex 3.75 5 10
      vertex 3.677944801512114 4.268411292439519 10
    endloop
  endfacet
  facet normal 0 0 1
    outer loop
      vertex 9 9 10
      vertex 3.677944801512114 5.731588707560481 10
      vertex 3.75 5 10
    endloop
  endfacet
  facet normal 0 0 1
    outer loop
      vertex 9 9 10
      vertex 3.4645482469173254 6.4350628713690865 10
      vertex 3.677944801512114 5.731588707560481 10
    endloop
  endfacet
  facet normal 0 0 1
    outer loop
      vertex 9 9 10
      vertex 3.1180110461345447 7.083388373823508 10
      vertex 3.4645482469173254 6.4350628713690865 10
    endloop
  endfacet
  facet normal 0.5773502691896258 0.5773502691896258 0.5773502691896258
    outer loop
      vertex 9 9 10
      vertex 10 9 9
      vertex 9 10 9
    endloop
  endfacet
endsolid OpenSCAD_Model
