solid OpenSCAD_Model
  facet normal 0.9951847266721968 -4.403235756744398e-18 0.09801714032956094
    outer loop
      vertex -2.217444482178185 -4 -10.441077131483024
      vertex -2.242595290723115 4 -10.18571668694022
      vertex -2.2608867878467005 -4 -10
    endloop
  endfacet
  facet normal 0.8819212643483554 0 0.47139673682599686
    outer loop
      vertex -2.0887870286167542 -4 -10.865203916162057
      vertex -1.879858660950843 -4 -11.256081399554931
      vertex -1.879858660950843 4 -11.256081399554931
    endloop
  endfacet
  facet normal 0.9569403357322087 0 0.290284677254463
    outer loop
      vertex -2.217444482178185 -4 -10.441077131483024
      vertex -2.0887870286167542 -4 -10.865203916162057
      vertex -2.0887870286167542 4 -10.865203916162057
    endloop
  endfacet
  facet normal 0.6343932841636457 0 0.7730104533627368
    outer loop
      vertex -1.2560813995549314 -4 -11.879858660950843
      vertex -1.2560813995549314 4 -11.879858660950843
      vertex -1.5986883791814732 -4 -11.598688379181473
    endloop
  endfacet
  facet normal 0.7730104533627369 0 0.6343932841636456
    outer loop
      vertex -1.879858660950843 -4 -11.256081399554931
      vertex -1.5986883791814732 -4 -11.598688379181473
      vertex -1.5986883791814732 4 -11.598688379181473
    endloop
  endfacet
  facet normal 0.9951847266721968 7.816855396442682e-18 -0.0980171403295608
    outer loop
      vertex -2.242595290723115 -4 -9.81428331305978
      vertex -2.2357359793017704 4 -9.744639555457196
      vertex -2.217444482178185 -4 -9.558922868516976
    endloop
  endfacet
  facet normal 0.9569403357322087 0 -0.290284677254463
    outer loop
      vertex -2.217444482178185 -4 -9.558922868516976
      vertex -2.217444482178185 4 -9.558922868516976
      vertex -2.0887870286167542 -4 -9.134796083837943
    endloop
  endfacet
  facet normal 0.8819212643483554 0 -0.47139673682599686
    outer loop
      vertex -2.0887870286167542 -4 -9.134796083837943
      vertex -2.0887870286167542 4 -9.134796083837943
      vertex -1.879858660950843 -4 -8.743918600445069
    endloop
  endfacet
  facet normal 0.7730104533627369 0 -0.6343932841636456
    outer loop
      vertex -1.879858660950843 -4 -8.743918600445069
      vertex -1.879858660950843 4 -8.743918600445069
      vertex -1.5986883791814732 -4 -8.401311620818527
    endloop
  endfacet
  facet normal 0.6343932841636457 0 -0.7730104533627368
    outer loop
      vertex -1.5986883791814732 -4 -8.401311620818527
      vertex -1.5986883791814732 4 -8.401311620818527
      vertex -1.2560813995549314 -4 -8.120141339049157
    endloop
  endfacet
  facet normal 0.47139673682599575 0 0.881921264348356
    outer loop
      vertex -1.2560813995549314 -4 -11.879858660950843
      vertex -0.8652039161620579 -4 -12.088787028616753
      vertex -0.8652039161620579 4 -12.088787028616753
    endloop
  endfacet
  facet normal 0.29028467725446216 0 0.9569403357322089
    outer loop
      vertex -0.8652039161620579 -4 -12.088787028616753
      vertex -0.44107713148302263 -4 -12.217444482178184
      vertex -0.44107713148302263 4 -12.217444482178184
    endloop
  endfacet
  facet normal 0.09801714032956411 0 0.9951847266721966
    outer loop
      vertex -0.44107713148302263 -4 -12.217444482178184
      vertex 0 -4 -12.260886787846701
      vertex 0 4 -12.260886787846701
    endloop
  endfacet
  facet normal 0.4713967368259973 0 -0.8819212643483552
    outer loop
      vertex -1.2560813995549314 -4 -8.120141339049157
      vertex -1.2560813995549314 4 -8.120141339049157
      vertex -0.8652039161620579 -4 -7.911212971383246
    endloop
  endfacet
  facet normal 0.29028467725446216 0 -0.9569403357322089
    outer loop
      vertex -0.8652039161620579 -4 -7.911212971383246
      vertex -0.8652039161620579 4 -7.911212971383246
      vertex -0.44107713148302263 -4 -7.782555517821815
    endloop
  endfacet
  facet normal 0.09801714032956212 0 -0.9951847266721967
    outer loop
      vertex -0.44107713148302263 -4 -7.782555517821815
      vertex -0.44107713148302263 4 -7.782555517821815
      vertex 0 -4 -7.739113212153299
    endloop
  endfacet
  facet normal 0.9951847266721968 0 0.0980171403295608
    outer loop
      vertex -2.217444482178185 -4 -10.441077131483024
      vertex -2.217444482178185 4 -10.441077131483024
      vertex -2.242595290723115 4 -10.18571668694022
    endloop
  endfacet
  facet normal 0.8819212643483554 0 0.47139673682599686
    outer loop
      vertex -2.0887870286167542 -4 -10.865203916162057
      vertex -1.879858660950843 4 -11.256081399554931
      vertex -2.0887870286167542 4 -10.865203916162057
    endloop
  endfacet
  facet normal 0.9569403357322087 0 0.290284677254463
    outer loop
      vertex -2.217444482178185 -4 -10.441077131483024
      vertex -2.0887870286167542 4 -10.865203916162057
      vertex -2.217444482178185 4 -10.441077131483024
    endloop
  endfacet
  facet normal 0.6343932841636457 0 0.7730104533627368
    outer loop
      vertex -1.5986883791814732 -4 -11.598688379181473
      vertex -1.2560813995549314 4 -11.879858660950843
      vertex -1.5986883791814732 4 -11.598688379181473
    endloop
  endfacet
  facet normal 0.7730104533627369 0 0.6343932841636456
    outer loop
      vertex -1.879858660950843 -4 -11.256081399554931
      vertex -1.5986883791814732 4 -11.598688379181473
      vertex -1.879858660950843 4 -11.256081399554931
    endloop
  endfacet
  facet normal 0.9951847266721969 0 -0.09801714032956113
    outer loop
      vertex -2.217444482178185 -4 -9.558922868516976
      vertex -2.2357359793017704 4 -9.744639555457196
      vertex -2.217444482178185 4 -9.558922868516976
    endloop
  endfacet
  facet normal 0.9569403357322087 0 -0.290284677254463
    outer loop
      vertex -2.0887870286167542 -4 -9.134796083837943
      vertex -2.217444482178185 4 -9.558922868516976
      vertex -2.0887870286167542 4 -9.134796083837943
    endloop
  endfacet
  facet normal 0.8819212643483554 0 -0.47139673682599686
    outer loop
      vertex -1.879858660950843 -4 -8.743918600445069
      vertex -2.0887870286167542 4 -9.134796083837943
      vertex -1.879858660950843 4 -8.743918600445069
    endloop
  endfacet
  facet normal 0.7730104533627369 0 -0.6343932841636456
    outer loop
      vertex -1.5986883791814732 -4 -8.401311620818527
      vertex -1.879858660950843 4 -8.743918600445069
      vertex -1.5986883791814732 4 -8.401311620818527
    endloop
  endfacet
  facet normal 0.6343932841636457 0 -0.7730104533627368
    outer loop
      vertex -1.2560813995549314 -4 -8.120141339049157
      vertex -1.5986883791814732 4 -8.401311620818527
      vertex -1.2560813995549314 4 -8.120141339049157
    endloop
  endfacet
  facet normal 0.47139673682599575 0 0.881921264348356
    outer loop
      vertex -1.2560813995549314 -4 -11.879858660950843
      vertex -0.8652039161620579 4 -12.088787028616753
      vertex -1.2560813995549314 4 -11.879858660950843
    endloop
  endfacet
  facet normal 0.29028467725446216 0 0.9569403357322089
    outer loop
      vertex -0.8652039161620579 -4 -12.088787028616753
      vertex -0.44107713148302263 4 -12.217444482178184
      vertex -0.8652039161620579 4 -12.088787028616753
    endloop
  endfacet
  facet normal 0.09801714032956411 0 0.9951847266721966
    outer loop
      vertex -0.44107713148302263 -4 -12.217444482178184
      vertex 0 4 -12.260886787846701
      vertex -0.44107713148302263 4 -12.217444482178184
    endloop
  endfacet
  facet normal 0.4713967368259973 0 -0.8819212643483552
    outer loop
      vertex -0.8652039161620579 -4 -7.911212971383246
      vertex -1.2560813995549314 4 -8.120141339049157
      vertex -0.8652039161620579 4 -7.911212971383246
    endloop
  endfacet
  facet normal 0.29028467725446216 0 -0.9569403357322089
    outer loop
      vertex -0.44107713148302263 -4 -7.782555517821815
      vertex -0.8652039161620579 4 -7.911212971383246
      vertex -0.44107713148302263 4 -7.782555517821815
    endloop
  endfacet
  facet normal 0.09801714032956212 0 -0.9951847266721967
    outer loop
      vertex -0.44107713148302263 4 -7.782555517821815
      vertex 0 4 -7.739113212153299
      vertex 0 -4 -7.739113212153299
    endloop
  endfacet
  facet normal -0.09801714032956411 0 0.9951847266721966
    outer loop
      vertex 0 -4 -12.260886787846701
      vertex 0.44107713148302263 -4 -12.217444482178184
      vertex 0.44107713148302263 4 -12.217444482178184
    endloop
  endfacet
  facet normal -0.29028467725446216 0 0.9569403357322089
    outer loop
      vertex 0.44107713148302263 -4 -12.217444482178184
      vertex 0.8652039161620579 -4 -12.088787028616753
      vertex 0.8652039161620579 4 -12.088787028616753
    endloop
  endfacet
  facet normal -0.47139673682599575 0 0.881921264348356
    outer loop
      vertex 0.8652039161620579 -4 -12.088787028616753
      vertex 1.2560813995549314 -4 -11.879858660950843
      vertex 1.2560813995549314 4 -11.879858660950843
    endloop
  endfacet
  facet normal -0.09801714032956212 0 -0.9951847266721967
    outer loop
      vertex 0 -4 -7.739113212153299
      vertex 0 4 -7.739113212153299
      vertex 0.44107713148302263 -4 -7.782555517821815
    endloop
  endfacet
  facet normal -0.29028467725446216 0 -0.9569403357322089
    outer loop
      vertex 0.44107713148302263 -4 -7.782555517821815
      vertex 0.44107713148302263 4 -7.782555517821815
      vertex 0.8652039161620579 -4 -7.911212971383246
    endloop
  endfacet
  facet normal -0.4713967368259973 0 -0.8819212643483552
    outer loop
      vertex 0.8652039161620579 -4 -7.911212971383246
      vertex 0.8652039161620579 4 -7.911212971383246
      vertex 1.2560813995549314 -4 -8.120141339049157
    endloop
  endfacet
  facet normal -0.6343932841636457 0 0.7730104533627368
    outer loop
      vertex 1.2560813995549314 -4 -11.879858660950843
      vertex 1.5986883791814732 -4 -11.598688379181473
      vertex 1.5986883791814732 4 -11.598688379181473
    endloop
  endfacet
  facet normal -0.7730104533627369 0 0.6343932841636456
    outer loop
      vertex 1.5986883791814732 -4 -11.598688379181473
      vertex 1.879858660950843 -4 -11.256081399554931
      vertex 1.879858660950843 4 -11.256081399554931
    endloop
  endfacet
  facet normal -0.8819212643483554 0 0.47139673682599686
    outer loop
      vertex 1.879858660950843 -4 -11.256081399554931
      vertex 2.0887870286167542 -4 -10.865203916162057
      vertex 2.0887870286167542 4 -10.865203916162057
    endloop
  endfacet
  facet normal -0.9569403357322087 0 0.290284677254463
    outer loop
      vertex 2.0887870286167542 -4 -10.865203916162057
      vertex 2.217444482178185 -4 -10.441077131483024
      vertex 2.217444482178185 4 -10.441077131483024
    endloop
  endfacet
  facet normal -0.9951847266721968 0 0.09801714032956094
    outer loop
      vertex 2.217444482178185 -4 -10.441077131483024
      vertex 2.2608867878467005 -4 -10
      vertex 2.2608867878467005 4 -10
    endloop
  endfacet
  facet normal -0.7730104533627369 0 -0.6343932841636456
    outer loop
      vertex 1.5986883791814732 -4 -8.401311620818527
      vertex 1.5986883791814732 4 -8.401311620818527
      vertex 1.879858660950843 -4 -8.743918600445069
    endloop
  endfacet
  facet normal -0.6343932841636457 0 -0.7730104533627368
    outer loop
      vertex 1.5986883791814732 -4 -8.401311620818527
      vertex 1.2560813995549314 -4 -8.120141339049157
      vertex 1.2560813995549314 4 -8.120141339049157
    endloop
  endfacet
  facet normal -0.9569403357322087 0 -0.290284677254463
    outer loop
      vertex 2.0887870286167542 -4 -9.134796083837943
      vertex 2.0887870286167542 4 -9.134796083837943
      vertex 2.217444482178185 -4 -9.558922868516976
    endloop
  endfacet
  facet normal -0.8819212643483554 0 -0.47139673682599686
    outer loop
      vertex 1.879858660950843 -4 -8.743918600445069
      vertex 1.879858660950843 4 -8.743918600445069
      vertex 2.0887870286167542 -4 -9.134796083837943
    endloop
  endfacet
  facet normal -0.9951847266721968 -4.403235756744398e-18 -0.09801714032956094
    outer loop
      vertex 2.2608867878467005 -4 -10
      vertex 2.217444482178185 -4 -9.558922868516976
      vertex 2.242595290723115 4 -9.81428331305978
    endloop
  endfacet
  facet normal -0.09801714032956411 0 0.9951847266721966
    outer loop
      vertex 0 -4 -12.260886787846701
      vertex 0.44107713148302263 4 -12.217444482178184
      vertex 0 4 -12.260886787846701
    endloop
  endfacet
  facet normal -0.29028467725446216 0 0.9569403357322089
    outer loop
      vertex 0.44107713148302263 -4 -12.217444482178184
      vertex 0.8652039161620579 4 -12.088787028616753
      vertex 0.44107713148302263 4 -12.217444482178184
    endloop
  endfacet
  facet normal -0.47139673682599575 0 0.881921264348356
    outer loop
      vertex 0.8652039161620579 -4 -12.088787028616753
      vertex 1.2560813995549314 4 -11.879858660950843
      vertex 0.8652039161620579 4 -12.088787028616753
    endloop
  endfacet
  facet normal -0.09801714032956212 0 -0.9951847266721967
    outer loop
      vertex 0.44107713148302263 -4 -7.782555517821815
      vertex 0 4 -7.739113212153299
      vertex 0.44107713148302263 4 -7.782555517821815
    endloop
  endfacet
  facet normal -0.29028467725446216 0 -0.9569403357322089
    outer loop
      vertex 0.8652039161620579 -4 -7.911212971383246
      vertex 0.44107713148302263 4 -7.782555517821815
      vertex 0.8652039161620579 4 -7.911212971383246
    endloop
  endfacet
  facet normal -0.4713967368259973 0 -0.8819212643483552
    outer loop
      vertex 1.2560813995549314 -4 -8.120141339049157
      vertex 0.8652039161620579 4 -7.911212971383246
      vertex 1.2560813995549314 4 -8.120141339049157
    endloop
  endfacet
  facet normal -0.6343932841636457 0 0.7730104533627368
    outer loop
      vertex 1.2560813995549314 -4 -11.879858660950843
      vertex 1.5986883791814732 4 -11.598688379181473
      vertex 1.2560813995549314 4 -11.879858660950843
    endloop
  endfacet
  facet normal -0.7730104533627369 0 0.6343932841636456
    outer loop
      vertex 1.5986883791814732 -4 -11.598688379181473
      vertex 1.879858660950843 4 -11.256081399554931
      vertex 1.5986883791814732 4 -11.598688379181473
    endloop
  endfacet
  facet normal -0.8819212643483554 0 0.47139673682599686
    outer loop
      vertex 1.879858660950843 -4 -11.256081399554931
      vertex 2.0887870286167542 4 -10.865203916162057
      vertex 1.879858660950843 4 -11.256081399554931
    endloop
  endfacet
  facet normal -0.9569403357322087 0 0.290284677254463
    outer loop
      vertex 2.0887870286167542 -4 -10.865203916162057
      vertex 2.217444482178185 4 -10.441077131483024
      vertex 2.0887870286167542 4 -10.865203916162057
    endloop
  endfacet
  facet normal -0.9951847266721968 0 0.09801714032956094
    outer loop
      vertex 2.217444482178185 -4 -10.441077131483024
      vertex 2.2608867878467005 4 -10
      vertex 2.217444482178185 4 -10.441077131483024
    endloop
  endfacet
  facet normal -0.7730104533627369 0 -0.6343932841636456
    outer loop
      vertex 1.879858660950843 -4 -8.743918600445069
      vertex 1.5986883791814732 4 -8.401311620818527
      vertex 1.879858660950843 4 -8.743918600445069
    endloop
  endfacet
  facet normal -0.6343932841636457 0 -0.7730104533627368
    outer loop
      vertex 1.5986883791814732 -4 -8.401311620818527
      vertex 1.2560813995549314 4 -8.120141339049157
      vertex 1.5986883791814732 4 -8.401311620818527
    endloop
  endfacet
  facet normal -0.9569403357322087 0 -0.290284677254463
    outer loop
      vertex 2.217444482178185 -4 -9.558922868516976
      vertex 2.0887870286167542 4 -9.134796083837943
      vertex 2.217444482178185 4 -9.558922868516976
    endloop
  endfacet
  facet normal -0.8819212643483554 0 -0.47139673682599686
    outer loop
      vertex 2.0887870286167542 -4 -9.134796083837943
      vertex 1.879858660950843 4 -8.743918600445069
      vertex 2.0887870286167542 4 -9.134796083837943
    endloop
  endfacet
  facet normal -0.9951847266721968 0 -0.0980171403295608
    outer loop
      vertex 2.217444482178185 -4 -9.558922868516976
      vertex 2.217444482178185 4 -9.558922868516976
      vertex 2.242595290723115 4 -9.81428331305978
    endloop
  endfacet
  facet normal 0.9951847266721969 0 -0.09801714032956113
    outer loop
      vertex -2.2608867878467005 -4 -10
      vertex -2.2608867878467005 4 -10
      vertex -2.242595290723115 -4 -9.81428331305978
    endloop
  endfacet
  facet normal 0.9951847266721969 0 0.09801714032956113
    outer loop
      vertex -2.2608867878467005 -4 -10
      vertex -2.242595290723115 4 -10.18571668694022
      vertex -2.2608867878467005 4 -10
    endloop
  endfacet
  facet normal 0.9951847266721968 7.816855396442682e-18 -0.0980171403295608
    outer loop
      vertex -2.242595290723115 -4 -9.81428331305978
      vertex -2.2608867878467005 4 -10
      vertex -2.2357359793017704 4 -9.744639555457196
    endloop
  endfacet
  facet normal -0.9951847266721969 0 -0.09801714032956113
    outer loop
      vertex 2.2608867878467005 -4 -10
      vertex 2.242595290723115 4 -9.81428331305978
      vertex 2.2608867878467005 4 -10
    endloop
  endfacet
  facet normal 0.6343932841636531 -1.09469040607741e-14 -0.7730104533627306
    outer loop
      vertex -1.5986883791814732 -4 11.598688379181473
      vertex -1.2560813995549314 -3.6090508135008914 11.879858660950843
      vertex -1.5689218908463891 -4 11.623117104835526
    endloop
  endfacet
  facet normal 0.9951847266721968 0 0.09801714032956094
    outer loop
      vertex -2.217444482178185 -4 9.558922868516976
      vertex -2.217444482178185 10 9.558922868516976
      vertex -2.2608867878467005 -4 10
    endloop
  endfacet
  facet normal 0.8819212643483555 0 0.4713967368259969
    outer loop
      vertex -1.879858660950843 -4 8.743918600445069
      vertex -1.879858660950843 10 8.743918600445069
      vertex -2.0887870286167542 -4 9.134796083837943
    endloop
  endfacet
  facet normal 0.9569403357322087 0 0.290284677254463
    outer loop
      vertex -2.217444482178185 -4 9.558922868516976
      vertex -2.0887870286167542 -4 9.134796083837943
      vertex -2.0887870286167542 10 9.134796083837943
    endloop
  endfacet
  facet normal 0.6343932841636456 0 0.7730104533627368
    outer loop
      vertex -1.5986883791814732 -4 8.401311620818527
      vertex -1.2560813995549314 -4 8.120141339049157
      vertex -1.2560813995549314 10 8.120141339049157
    endloop
  endfacet
  facet normal 0.7730104533627369 0 0.6343932841636457
    outer loop
      vertex -1.879858660950843 -4 8.743918600445069
      vertex -1.5986883791814732 -4 8.401311620818527
      vertex -1.5986883791814732 10 8.401311620818527
    endloop
  endfacet
  facet normal 0.9951847266721968 0 -0.09801714032956094
    outer loop
      vertex -2.2608867878467005 -4 10
      vertex -2.2608867878467005 10 10
      vertex -2.217444482178185 -4 10.441077131483024
    endloop
  endfacet
  facet normal 0.9569403357322087 0 -0.290284677254463
    outer loop
      vertex -2.217444482178185 -4 10.441077131483024
      vertex -2.217444482178185 10 10.441077131483024
      vertex -2.0887870286167542 -4 10.865203916162057
    endloop
  endfacet
  facet normal 0.8819212643483555 0 -0.4713967368259969
    outer loop
      vertex -2.0887870286167542 -4 10.865203916162057
      vertex -2.0887870286167542 10 10.865203916162057
      vertex -1.879858660950843 -4 11.256081399554931
    endloop
  endfacet
  facet normal 0.7730104533627369 0 -0.6343932841636457
    outer loop
      vertex -1.879858660950843 -4 11.256081399554931
      vertex -1.879858660950843 10 11.256081399554931
      vertex -1.5986883791814732 -4 11.598688379181473
    endloop
  endfacet
  facet normal 0.6343932841636456 0 -0.7730104533627368
    outer loop
      vertex -1.5986883791814732 -4 11.598688379181473
      vertex -1.5986883791814732 10 11.598688379181473
      vertex -1.2560813995549314 -3.6090508135008914 11.879858660950843
    endloop
  endfacet
  facet normal 0.47139673682599725 0 0.8819212643483552
    outer loop
      vertex -1.2560813995549314 -4 8.120141339049157
      vertex -0.8652039161620579 -4 7.911212971383246
      vertex -0.8652039161620579 10 7.911212971383246
    endloop
  endfacet
  facet normal 0.29028467725446216 0 0.956940335732209
    outer loop
      vertex -0.8652039161620579 -4 7.911212971383246
      vertex -0.44107713148302263 -4 7.782555517821815
      vertex -0.44107713148302263 10 7.782555517821815
    endloop
  endfacet
  facet normal 0.09801714032956212 0 0.9951847266721967
    outer loop
      vertex -0.44107713148302263 -4 7.782555517821815
      vertex 0 -4 7.739113212153299
      vertex 0 10 7.739113212153299
    endloop
  endfacet
  facet normal 0.4713967368259985 0 -0.8819212643483545
    outer loop
      vertex -1.2560813995549314 -3.6090508135008914 11.879858660950843
      vertex -1.2560813995549314 10 11.879858660950843
      vertex -1.2193145126008016 -3.57362561900546 11.89951097146207
    endloop
  endfacet
  facet normal 0.4713967368259955 -1.0325633942035818e-17 -0.881921264348356
    outer loop
      vertex -1.2193145126008016 -3.57362561900546 11.89951097146207
      vertex -1.2560813995549314 10 11.879858660950843
      vertex -0.8652039161620579 -3.3350262481521433 12.088787028616753
    endloop
  endfacet
  facet normal 0.2902846772544622 0 -0.956940335732209
    outer loop
      vertex -0.8652039161620579 -3.3350262481521433 12.088787028616753
      vertex -0.8652039161620579 10 12.088787028616753
      vertex -0.44107713148302263 -3.1472930745780956 12.217444482178184
    endloop
  endfacet
  facet normal 0.09801714032956411 0 -0.9951847266721964
    outer loop
      vertex -0.44107713148302263 -3.1472930745780956 12.217444482178184
      vertex -0.44107713148302263 10 12.217444482178184
      vertex 0 -3.0424140710524075 12.260886787846701
    endloop
  endfacet
  facet normal 0.9951847266721968 0 0.09801714032956094
    outer loop
      vertex -2.2608867878467005 -4 10
      vertex -2.217444482178185 10 9.558922868516976
      vertex -2.2608867878467005 10 10
    endloop
  endfacet
  facet normal 0.8819212643483555 0 0.4713967368259969
    outer loop
      vertex -2.0887870286167542 -4 9.134796083837943
      vertex -1.879858660950843 10 8.743918600445069
      vertex -2.0887870286167542 10 9.134796083837943
    endloop
  endfacet
  facet normal 0.9569403357322087 0 0.290284677254463
    outer loop
      vertex -2.217444482178185 -4 9.558922868516976
      vertex -2.0887870286167542 10 9.134796083837943
      vertex -2.217444482178185 10 9.558922868516976
    endloop
  endfacet
  facet normal 0.6343932841636456 0 0.7730104533627368
    outer loop
      vertex -1.5986883791814732 -4 8.401311620818527
      vertex -1.2560813995549314 10 8.120141339049157
      vertex -1.5986883791814732 10 8.401311620818527
    endloop
  endfacet
  facet normal 0.7730104533627369 0 0.6343932841636457
    outer loop
      vertex -1.879858660950843 -4 8.743918600445069
      vertex -1.5986883791814732 10 8.401311620818527
      vertex -1.879858660950843 10 8.743918600445069
    endloop
  endfacet
  facet normal 0.9951847266721968 0 -0.09801714032956094
    outer loop
      vertex -2.217444482178185 -4 10.441077131483024
      vertex -2.2608867878467005 10 10
      vertex -2.217444482178185 10 10.441077131483024
    endloop
  endfacet
  facet normal 0.9569403357322087 0 -0.290284677254463
    outer loop
      vertex -2.0887870286167542 -4 10.865203916162057
      vertex -2.217444482178185 10 10.441077131483024
      vertex -2.0887870286167542 10 10.865203916162057
    endloop
  endfacet
  facet normal 0.8819212643483555 0 -0.4713967368259969
    outer loop
      vertex -1.879858660950843 -4 11.256081399554931
      vertex -2.0887870286167542 10 10.865203916162057
      vertex -1.879858660950843 10 11.256081399554931
    endloop
  endfacet
  facet normal 0.7730104533627369 0 -0.6343932841636457
    outer loop
      vertex -1.5986883791814732 -4 11.598688379181473
      vertex -1.879858660950843 10 11.256081399554931
      vertex -1.5986883791814732 10 11.598688379181473
    endloop
  endfacet
  facet normal 0.6343932841636457 0 -0.7730104533627368
    outer loop
      vertex -1.2560813995549314 -3.6090508135008914 11.879858660950843
      vertex -1.5986883791814732 10 11.598688379181473
      vertex -1.2560813995549314 10 11.879858660950843
    endloop
  endfacet
  facet normal 0.47139673682599725 0 0.8819212643483552
    outer loop
      vertex -1.2560813995549314 -4 8.120141339049157
      vertex -0.8652039161620579 10 7.911212971383246
      vertex -1.2560813995549314 10 8.120141339049157
    endloop
  endfacet
  facet normal 0.29028467725446216 0 0.956940335732209
    outer loop
      vertex -0.8652039161620579 -4 7.911212971383246
      vertex -0.44107713148302263 10 7.782555517821815
      vertex -0.8652039161620579 10 7.911212971383246
    endloop
  endfacet
  facet normal 0.09801714032956212 0 0.9951847266721967
    outer loop
      vertex -0.44107713148302263 -4 7.782555517821815
      vertex 0 10 7.739113212153299
      vertex -0.44107713148302263 10 7.782555517821815
    endloop
  endfacet
  facet normal 0.47139673682599575 0 -0.881921264348356
    outer loop
      vertex -0.8652039161620579 -3.3350262481521433 12.088787028616753
      vertex -1.2560813995549314 10 11.879858660950843
      vertex -0.8652039161620579 10 12.088787028616753
    endloop
  endfacet
  facet normal 0.29028467725446216 0 -0.9569403357322089
    outer loop
      vertex -0.44107713148302263 -3.1472930745780956 12.217444482178184
      vertex -0.8652039161620579 10 12.088787028616753
      vertex -0.44107713148302263 10 12.217444482178184
    endloop
  endfacet
  facet normal 0.09801714032956411 0 -0.9951847266721966
    outer loop
      vertex 0 -3.0424140710524075 12.260886787846701
      vertex -0.44107713148302263 10 12.217444482178184
      vertex 0 10 12.260886787846701
    endloop
  endfacet
  facet normal -0.63439328416365 -6.45291186740366e-15 -0.7730104533627331
    outer loop
      vertex 1.2560813995549314 -3.6090508135008923 11.879858660950843
      vertex 1.5986883791814732 -4 11.598688379181473
      vertex 1.568921890846389 -4 11.623117104835526
    endloop
  endfacet
  facet normal -0.09801714032956212 0 0.9951847266721967
    outer loop
      vertex 0 -4 7.739113212153299
      vertex 0.44107713148302263 -4 7.782555517821815
      vertex 0.44107713148302263 10 7.782555517821815
    endloop
  endfacet
  facet normal -0.29028467725446216 0 0.956940335732209
    outer loop
      vertex 0.44107713148302263 -4 7.782555517821815
      vertex 0.8652039161620579 -4 7.911212971383246
      vertex 0.8652039161620579 10 7.911212971383246
    endloop
  endfacet
  facet normal -0.47139673682599725 0 0.8819212643483552
    outer loop
      vertex 0.8652039161620579 -4 7.911212971383246
      vertex 1.2560813995549314 -4 8.120141339049157
      vertex 1.2560813995549314 10 8.120141339049157
    endloop
  endfacet
  facet normal -0.09801714032956411 0 -0.9951847266721966
    outer loop
      vertex 0 -3.0424140710524075 12.260886787846701
      vertex 0 10 12.260886787846701
      vertex 0.44107713148302263 -3.147293074578095 12.217444482178184
    endloop
  endfacet
  facet normal -0.29028467725446216 0 -0.9569403357322089
    outer loop
      vertex 0.44107713148302263 -3.147293074578095 12.217444482178184
      vertex 0.44107713148302263 10 12.217444482178184
      vertex 0.8652039161620579 -3.3350262481521433 12.088787028616753
    endloop
  endfacet
  facet normal -0.4713967368259985 -1.0219901975924645e-16 -0.8819212643483545
    outer loop
      vertex 1.2193145126008016 -3.57362561900546 11.89951097146207
      vertex 0.8652039161620579 10 12.088787028616753
      vertex 1.2560813995549314 -3.6090508135008923 11.879858660950843
    endloop
  endfacet
  facet normal -0.4713967368259954 0 -0.8819212643483562
    outer loop
      vertex 0.8652039161620579 -3.3350262481521433 12.088787028616753
      vertex 0.8652039161620579 10 12.088787028616753
      vertex 1.2193145126008016 -3.57362561900546 11.89951097146207
    endloop
  endfacet
  facet normal -0.6343932841636456 0 0.7730104533627368
    outer loop
      vertex 1.2560813995549314 -4 8.120141339049157
      vertex 1.5986883791814732 -4 8.401311620818527
      vertex 1.5986883791814732 10 8.401311620818527
    endloop
  endfacet
  facet normal -0.7730104533627369 0 0.6343932841636457
    outer loop
      vertex 1.5986883791814732 -4 8.401311620818527
      vertex 1.879858660950843 -4 8.743918600445069
      vertex 1.879858660950843 10 8.743918600445069
    endloop
  endfacet
  facet normal -0.8819212643483555 0 0.4713967368259969
    outer loop
      vertex 1.879858660950843 -4 8.743918600445069
      vertex 2.0887870286167542 -4 9.134796083837943
      vertex 2.0887870286167542 10 9.134796083837943
    endloop
  endfacet
  facet normal -0.9569403357322087 0 0.290284677254463
    outer loop
      vertex 2.0887870286167542 -4 9.134796083837943
      vertex 2.217444482178185 -4 9.558922868516976
      vertex 2.217444482178185 10 9.558922868516976
    endloop
  endfacet
  facet normal -0.9951847266721968 0 0.09801714032956094
    outer loop
      vertex 2.217444482178185 -4 9.558922868516976
      vertex 2.2608867878467005 -4 10
      vertex 2.2608867878467005 10 10
    endloop
  endfacet
  facet normal -0.7730104533627369 0 -0.6343932841636457
    outer loop
      vertex 1.5986883791814732 -4 11.598688379181473
      vertex 1.5986883791814732 10 11.598688379181473
      vertex 1.879858660950843 -4 11.256081399554931
    endloop
  endfacet
  facet normal -0.6343932841636457 0 -0.7730104533627368
    outer loop
      vertex 1.2560813995549314 -3.6090508135008923 11.879858660950843
      vertex 1.2560813995549314 10 11.879858660950843
      vertex 1.5986883791814732 -4 11.598688379181473
    endloop
  endfacet
  facet normal -0.9569403357322087 0 -0.290284677254463
    outer loop
      vertex 2.0887870286167542 -4 10.865203916162057
      vertex 2.0887870286167542 10 10.865203916162057
      vertex 2.217444482178185 -4 10.441077131483024
    endloop
  endfacet
  facet normal -0.8819212643483555 0 -0.4713967368259969
    outer loop
      vertex 1.879858660950843 -4 11.256081399554931
      vertex 1.879858660950843 10 11.256081399554931
      vertex 2.0887870286167542 -4 10.865203916162057
    endloop
  endfacet
  facet normal -0.9951847266721968 0 -0.09801714032956094
    outer loop
      vertex 2.217444482178185 -4 10.441077131483024
      vertex 2.217444482178185 10 10.441077131483024
      vertex 2.2608867878467005 -4 10
    endloop
  endfacet
  facet normal -0.09801714032956212 0 0.9951847266721967
    outer loop
      vertex 0 -4 7.739113212153299
      vertex 0.44107713148302263 10 7.782555517821815
      vertex 0 10 7.739113212153299
    endloop
  endfacet
  facet normal -0.29028467725446216 0 0.956940335732209
    outer loop
      vertex 0.44107713148302263 -4 7.782555517821815
      vertex 0.8652039161620579 10 7.911212971383246
      vertex 0.44107713148302263 10 7.782555517821815
    endloop
  endfacet
  facet normal -0.47139673682599725 0 0.8819212643483552
    outer loop
      vertex 0.8652039161620579 -4 7.911212971383246
      vertex 1.2560813995549314 10 8.120141339049157
      vertex 0.8652039161620579 10 7.911212971383246
    endloop
  endfacet
  facet normal -0.09801714032956409 0 -0.9951847266721964
    outer loop
      vertex 0.44107713148302263 -3.147293074578095 12.217444482178184
      vertex 0 10 12.260886787846701
      vertex 0.44107713148302263 10 12.217444482178184
    endloop
  endfacet
  facet normal -0.2902846772544622 0 -0.956940335732209
    outer loop
      vertex 0.8652039161620579 -3.3350262481521433 12.088787028616753
      vertex 0.44107713148302263 10 12.217444482178184
      vertex 0.8652039161620579 10 12.088787028616753
    endloop
  endfacet
  facet normal -0.4713967368259957 0 -0.881921264348356
    outer loop
      vertex 1.2560813995549314 -3.6090508135008923 11.879858660950843
      vertex 0.8652039161620579 10 12.088787028616753
      vertex 1.2560813995549314 10 11.879858660950843
    endloop
  endfacet
  facet normal -0.6343932841636456 0 0.7730104533627368
    outer loop
      vertex 1.2560813995549314 -4 8.120141339049157
      vertex 1.5986883791814732 10 8.401311620818527
      vertex 1.2560813995549314 10 8.120141339049157
    endloop
  endfacet
  facet normal -0.7730104533627369 0 0.6343932841636457
    outer loop
      vertex 1.5986883791814732 -4 8.401311620818527
      vertex 1.879858660950843 10 8.743918600445069
      vertex 1.5986883791814732 10 8.401311620818527
    endloop
  endfacet
  facet normal -0.8819212643483555 0 0.4713967368259969
    outer loop
      vertex 1.879858660950843 -4 8.743918600445069
      vertex 2.0887870286167542 10 9.134796083837943
      vertex 1.879858660950843 10 8.743918600445069
    endloop
  endfacet
  facet normal -0.9569403357322087 0 0.290284677254463
    outer loop
      vertex 2.0887870286167542 -4 9.134796083837943
      vertex 2.217444482178185 10 9.558922868516976
      vertex 2.0887870286167542 10 9.134796083837943
    endloop
  endfacet
  facet normal -0.9951847266721968 0 0.09801714032956094
    outer loop
      vertex 2.217444482178185 -4 9.558922868516976
      vertex 2.2608867878467005 10 10
      vertex 2.217444482178185 10 9.558922868516976
    endloop
  endfacet
  facet normal -0.6343932841636456 0 -0.7730104533627368
    outer loop
      vertex 1.5986883791814732 -4 11.598688379181473
      vertex 1.2560813995549314 10 11.879858660950843
      vertex 1.5986883791814732 10 11.598688379181473
    endloop
  endfacet
  facet normal -0.7730104533627369 0 -0.6343932841636457
    outer loop
      vertex 1.879858660950843 -4 11.256081399554931
      vertex 1.5986883791814732 10 11.598688379181473
      vertex 1.879858660950843 10 11.256081399554931
    endloop
  endfacet
  facet normal -0.9569403357322087 0 -0.290284677254463
    outer loop
      vertex 2.217444482178185 -4 10.441077131483024
      vertex 2.0887870286167542 10 10.865203916162057
      vertex 2.217444482178185 10 10.441077131483024
    endloop
  endfacet
  facet normal -0.8819212643483555 0 -0.4713967368259969
    outer loop
      vertex 2.0887870286167542 -4 10.865203916162057
      vertex 1.879858660950843 10 11.256081399554931
      vertex 2.0887870286167542 10 10.865203916162057
    endloop
  endfacet
  facet normal -0.9951847266721968 0 -0.09801714032956094
    outer loop
      vertex 2.2608867878467005 -4 10
      vertex 2.217444482178185 10 10.441077131483024
      vertex 2.2608867878467005 10 10
    endloop
  endfacet
  facet normal 0.6343932841636304 -0.5466009335008727 0.5466009335009024
    outer loop
      vertex -1.5986883791814732 -5.84011935455379 16.041129481330458
      vertex -1.5689218908463884 -5.822845636988064 16.023855763764733
      vertex -1.2560813995549314 -5.364859120773653 16.11875488929609
    endloop
  endfacet
  facet normal 0.8819212643483548 0.3333278292388736 -0.33332782923887355
    outer loop
      vertex -2.0887870286167542 -7.58235430470449 17.78336443148116
      vertex -2.0887870286167542 2.3171406319071757 27.682859368092828
      vertex -1.879858660950843 -7.858746423824723 18.059756550601392
    endloop
  endfacet
  facet normal 0.9569403357322094 0.20526226376117768 -0.20526226376117776
    outer loop
      vertex -2.0887870286167542 -7.58235430470449 17.78336443148116
      vertex -2.217444482178185 -7.282451379175097 17.483461505951766
      vertex -2.217444482178185 2.6170435574365705 27.38295644256343
    endloop
  endfacet
  facet normal 0.6343932841636482 0.5466009335008772 -0.5466009335008772
    outer loop
      vertex -1.5986883791814732 -8.101006142400491 18.30201626917716
      vertex -1.5986883791814732 1.7984887942111745 28.201511205788826
      vertex -1.2560813995549314 -8.299823555307745 18.500833682084416
    endloop
  endfacet
  facet normal 0.7730104533627351 0.4485837931713197 -0.4485837931713198
    outer loop
      vertex -1.879858660950843 -7.858746423824723 18.059756550601392
      vertex -1.879858660950843 2.0407485127869442 27.959251487213056
      vertex -1.5986883791814732 -8.101006142400491 18.30201626917716
    endloop
  endfacet
  facet normal 0.4713967368259963 0.6236125064933361 -0.6236125064933362
    outer loop
      vertex -1.2560813995549314 -8.299823555307745 18.500833682084416
      vertex -1.2560813995549314 1.5996713813039212 28.40032861869608
      vertex -0.8652039161620579 -8.447558220866547 18.648568347643216
    endloop
  endfacet
  facet normal 0.2902846772544593 0.6766590005871769 -0.6766590005871772
    outer loop
      vertex -0.8652039161620579 -8.447558220866547 18.648568347643216
      vertex -0.8652039161620579 1.451936715745119 28.54806328425488
      vertex -0.44107713148302263 -8.538532778730028 18.739542905506696
    endloop
  endfacet
  facet normal 0.09801714032956285 0.7037018687631912 -0.703701868763191
    outer loop
      vertex -0.44107713148302263 -8.538532778730028 18.739542905506696
      vertex -0.44107713148302263 1.3609621578816373 28.639037842118363
      vertex 0 -8.569251127658614 18.770261254435283
    endloop
  endfacet
  facet normal 0.9569403357322088 -0.20526226376117884 0.20526226376117881
    outer loop
      vertex -2.0887870286167542 -6.358771192249792 16.559781319026463
      vertex -2.0887870286167542 3.5407237443618733 26.45927625563813
      vertex -2.217444482178185 -6.658674117779185 16.859684244555854
    endloop
  endfacet
  facet normal 0.8819212643483562 -0.33332782923887194 0.33332782923887183
    outer loop
      vertex -2.0887870286167542 -6.358771192249792 16.559781319026463
      vertex -1.879858660950843 -6.082379073129559 16.283389199906228
      vertex -1.879858660950843 3.8171158634821047 26.182884136517895
    endloop
  endfacet
  facet normal 0.7730104533627374 -0.4485837931713178 0.44858379317131775
    outer loop
      vertex -1.879858660950843 -6.082379073129559 16.283389199906228
      vertex -1.5986883791814732 -5.84011935455379 16.041129481330458
      vertex -1.5986883791814732 4.059375582057875 25.940624417942125
    endloop
  endfacet
  facet normal 0.6343932841636446 -0.5466009335008791 0.5466009335008792
    outer loop
      vertex -1.5986883791814732 -5.84011935455379 16.041129481330458
      vertex -1.2560813995549314 -5.364859120773653 16.11875488929609
      vertex -1.2560813995549314 4.258192994965129 25.74180700503487
    endloop
  endfacet
  facet normal 0.4713967368260054 -0.6236125064933327 0.6236125064933327
    outer loop
      vertex -1.2560813995549314 -5.364859120773653 16.11875488929609
      vertex -1.2193145126008016 -5.325913443492609 16.12990800252019
      vertex -1.2560813995549314 4.258192994965129 25.74180700503487
    endloop
  endfacet
  facet normal 0.4713967368259954 -0.6236125064933365 0.6236125064933363
    outer loop
      vertex -1.2193145126008016 -5.325913443492609 16.12990800252019
      vertex -0.8652039161620579 -5.023359826845056 16.164784852107083
      vertex -0.8652039161620579 4.40592766052393 25.59407233947607
    endloop
  endfacet
  facet normal 0.29028467725446067 -0.6766590005871769 0.6766590005871765
    outer loop
      vertex -0.8652039161620579 -5.023359826845056 16.164784852107083
      vertex -0.44107713148302263 -4.7996378688936945 16.206557694331483
      vertex -0.8652039161620579 4.40592766052393 25.59407233947607
    endloop
  endfacet
  facet normal 0.09801714032956145 -0.7037018687631911 0.7037018687631911
    outer loop
      vertex -0.44107713148302263 -4.7996378688936945 16.206557694331483
      vertex 0 -4.694758865368005 16.25
      vertex -0.44107713148302263 4.496902218387411 25.50309778161259
    endloop
  endfacet
  facet normal 0.9951847266721968 0.06930858459954589 -0.06930858459954589
    outer loop
      vertex -2.2608867878467005 -6.970562748477141 17.17157287525381
      vertex -2.2608867878467005 2.928932188134524 27.071067811865476
      vertex -2.217444482178185 -7.282451379175097 17.483461505951766
    endloop
  endfacet
  facet normal 0.9951847266721968 -0.06930858459954631 0.06930858459954628
    outer loop
      vertex -2.2608867878467005 -6.970562748477141 17.17157287525381
      vertex -2.217444482178185 -6.658674117779185 16.859684244555854
      vertex -2.217444482178185 3.2408208188324785 26.75917918116752
    endloop
  endfacet
  facet normal 0.9951847266721968 0.06930858459954635 -0.06930858459954638
    outer loop
      vertex -2.217444482178185 -7.282451379175097 17.483461505951766
      vertex -2.2608867878467005 2.928932188134524 27.071067811865476
      vertex -2.217444482178185 2.6170435574365705 27.38295644256343
    endloop
  endfacet
  facet normal 0.9569403357322097 0.20526226376117634 -0.20526226376117632
    outer loop
      vertex -2.0887870286167542 -7.58235430470449 17.78336443148116
      vertex -2.217444482178185 2.6170435574365705 27.38295644256343
      vertex -2.0887870286167542 2.3171406319071757 27.682859368092828
    endloop
  endfacet
  facet normal 0.8819212643483526 0.3333278292388763 -0.3333278292388765
    outer loop
      vertex -1.879858660950843 -7.858746423824723 18.059756550601392
      vertex -2.0887870286167542 2.3171406319071757 27.682859368092828
      vertex -1.879858660950843 2.0407485127869442 27.959251487213056
    endloop
  endfacet
  facet normal 0.7730104533627381 0.4485837931713171 -0.44858379317131697
    outer loop
      vertex -1.5986883791814732 -8.101006142400491 18.30201626917716
      vertex -1.879858660950843 2.0407485127869442 27.959251487213056
      vertex -1.5986883791814732 1.7984887942111745 28.201511205788826
    endloop
  endfacet
  facet normal 0.6343932841636444 0.5466009335008793 -0.5466009335008795
    outer loop
      vertex -1.2560813995549314 -8.299823555307745 18.500833682084416
      vertex -1.5986883791814732 1.7984887942111745 28.201511205788826
      vertex -1.2560813995549314 1.5996713813039212 28.40032861869608
    endloop
  endfacet
  facet normal 0.47139673682599353 0.6236125064933371 -0.6236125064933373
    outer loop
      vertex -0.8652039161620579 -8.447558220866547 18.648568347643216
      vertex -1.2560813995549314 1.5996713813039212 28.40032861869608
      vertex -0.8652039161620579 1.451936715745119 28.54806328425488
    endloop
  endfacet
  facet normal 0.2902846772544642 0.676659000587176 -0.6766590005871759
    outer loop
      vertex -0.44107713148302263 -8.538532778730028 18.739542905506696
      vertex -0.8652039161620579 1.451936715745119 28.54806328425488
      vertex -0.44107713148302263 1.3609621578816373 28.639037842118363
    endloop
  endfacet
  facet normal 0.0980171403295675 0.7037018687631909 -0.7037018687631905
    outer loop
      vertex 0 -8.569251127658614 18.770261254435283
      vertex -0.44107713148302263 1.3609621578816373 28.639037842118363
      vertex 0 1.3302438089530504 28.66975619104695
    endloop
  endfacet
  facet normal 0.956940335732209 -0.20526226376117815 0.2052622637611781
    outer loop
      vertex -2.217444482178185 -6.658674117779185 16.859684244555854
      vertex -2.0887870286167542 3.5407237443618733 26.45927625563813
      vertex -2.217444482178185 3.2408208188324785 26.75917918116752
    endloop
  endfacet
  facet normal 0.8819212643483557 -0.33332782923887244 0.33332782923887233
    outer loop
      vertex -2.0887870286167542 -6.358771192249792 16.559781319026463
      vertex -1.879858660950843 3.8171158634821047 26.182884136517895
      vertex -2.0887870286167542 3.5407237443618733 26.45927625563813
    endloop
  endfacet
  facet normal 0.7730104533627392 -0.44858379317131636 0.4485837931713162
    outer loop
      vertex -1.879858660950843 -6.082379073129559 16.283389199906228
      vertex -1.5986883791814732 4.059375582057875 25.940624417942125
      vertex -1.879858660950843 3.8171158634821047 26.182884136517895
    endloop
  endfacet
  facet normal 0.634393284163647 -0.5466009335008779 0.5466009335008778
    outer loop
      vertex -1.5986883791814732 -5.84011935455379 16.041129481330458
      vertex -1.2560813995549314 4.258192994965129 25.74180700503487
      vertex -1.5986883791814732 4.059375582057875 25.940624417942125
    endloop
  endfacet
  facet normal 0.9951847266721968 -0.06930858459954653 0.06930858459954652
    outer loop
      vertex -2.2608867878467005 -6.970562748477141 17.17157287525381
      vertex -2.217444482178185 3.2408208188324785 26.75917918116752
      vertex -2.2608867878467005 2.928932188134524 27.071067811865476
    endloop
  endfacet
  facet normal 0.4713967368259952 -0.6236125064933367 0.6236125064933364
    outer loop
      vertex -1.2193145126008016 -5.325913443492609 16.12990800252019
      vertex -0.8652039161620579 4.40592766052393 25.59407233947607
      vertex -1.2560813995549314 4.258192994965129 25.74180700503487
    endloop
  endfacet
  facet normal 0.29028467725446366 -0.6766590005871761 0.6766590005871761
    outer loop
      vertex -0.44107713148302263 -4.7996378688936945 16.206557694331483
      vertex -0.44107713148302263 4.496902218387411 25.50309778161259
      vertex -0.8652039161620579 4.40592766052393 25.59407233947607
    endloop
  endfacet
  facet normal 0.09801714032956582 -0.7037018687631907 0.7037018687631911
    outer loop
      vertex 0 -4.694758865368005 16.25
      vertex 0 4.527620567315999 25.472379432684
      vertex -0.44107713148302263 4.496902218387411 25.50309778161259
    endloop
  endfacet
  facet normal -0.09801714032956287 0.7037018687631913 -0.703701868763191
    outer loop
      vertex 0 -8.569251127658614 18.770261254435283
      vertex 0 1.3302438089530504 28.66975619104695
      vertex 0.44107713148302263 -8.538532778730028 18.739542905506696
    endloop
  endfacet
  facet normal -0.29028467725445933 0.6766590005871771 -0.6766590005871771
    outer loop
      vertex 0.44107713148302263 -8.538532778730028 18.739542905506696
      vertex 0.44107713148302263 1.3609621578816382 28.639037842118363
      vertex 0.8652039161620579 -8.447558220866547 18.648568347643216
    endloop
  endfacet
  facet normal -0.4713967368259963 0.623612506493336 -0.6236125064933362
    outer loop
      vertex 0.8652039161620579 -8.447558220866547 18.648568347643216
      vertex 0.8652039161620579 1.4519367157451208 28.54806328425488
      vertex 1.2560813995549314 -8.299823555307745 18.500833682084416
    endloop
  endfacet
  facet normal -0.6343932841636482 0.5466009335008772 -0.5466009335008772
    outer loop
      vertex 1.2560813995549314 -8.299823555307745 18.500833682084416
      vertex 1.2560813995549314 1.5996713813039198 28.40032861869608
      vertex 1.5986883791814732 -8.101006142400491 18.30201626917716
    endloop
  endfacet
  facet normal -0.7730104533627351 0.4485837931713198 -0.44858379317131974
    outer loop
      vertex 1.5986883791814732 -8.101006142400491 18.30201626917716
      vertex 1.5986883791814732 1.798488794211174 28.201511205788826
      vertex 1.879858660950843 -7.858746423824723 18.059756550601392
    endloop
  endfacet
  facet normal -0.8819212643483548 0.3333278292388735 -0.3333278292388736
    outer loop
      vertex 1.879858660950843 -7.858746423824723 18.059756550601392
      vertex 1.879858660950843 2.0407485127869442 27.959251487213056
      vertex 2.0887870286167542 -7.58235430470449 17.78336443148116
    endloop
  endfacet
  facet normal -0.9569403357322093 0.2052622637611777 -0.2052622637611777
    outer loop
      vertex 2.0887870286167542 -7.58235430470449 17.78336443148116
      vertex 2.0887870286167542 2.317140631907174 27.682859368092824
      vertex 2.217444482178185 -7.282451379175097 17.483461505951766
    endloop
  endfacet
  facet normal -0.9951847266721968 0.06930858459954589 -0.0693085845995459
    outer loop
      vertex 2.217444482178185 -7.282451379175097 17.483461505951766
      vertex 2.217444482178185 2.6170435574365705 27.38295644256343
      vertex 2.2608867878467005 -6.970562748477141 17.17157287525381
    endloop
  endfacet
  facet normal -0.4713967368260054 -0.6236125064933327 0.6236125064933327
    outer loop
      vertex 1.2193145126008016 -5.325913443492609 16.12990800252019
      vertex 1.2560813995549314 -5.364859120773653 16.11875488929609
      vertex 1.2560813995549314 4.258192994965128 25.74180700503487
    endloop
  endfacet
  facet normal -0.09801714032956144 -0.7037018687631912 0.7037018687631912
    outer loop
      vertex 0 -4.694758865368005 16.25
      vertex 0.44107713148302263 -4.7996378688936945 16.206557694331483
      vertex 0.44107713148302263 4.496902218387412 25.50309778161259
    endloop
  endfacet
  facet normal -0.29028467725446067 -0.6766590005871769 0.6766590005871765
    outer loop
      vertex 0.8652039161620579 -5.023359826845056 16.164784852107083
      vertex 0.8652039161620579 4.405927660523929 25.59407233947607
      vertex 0.44107713148302263 -4.7996378688936945 16.206557694331483
    endloop
  endfacet
  facet normal -0.47139673682599537 -0.6236125064933365 0.6236125064933364
    outer loop
      vertex 0.8652039161620579 -5.023359826845056 16.164784852107083
      vertex 1.2193145126008016 -5.325913443492609 16.12990800252019
      vertex 1.2560813995549314 4.258192994965128 25.74180700503487
    endloop
  endfacet
  facet normal -0.634393284163646 -0.5466009335008785 0.5466009335008785
    outer loop
      vertex 1.2560813995549314 -5.364859120773653 16.11875488929609
      vertex 1.5689218908463884 -5.822845636988064 16.023855763764733
      vertex 1.5986883791814732 4.059375582057875 25.940624417942125
    endloop
  endfacet
  facet normal -0.6343932841636303 -0.5466009335008876 0.5466009335008875
    outer loop
      vertex 1.5689218908463884 -5.822845636988064 16.023855763764733
      vertex 1.5986883791814732 -5.84011935455379 16.041129481330458
      vertex 1.5986883791814732 4.059375582057875 25.940624417942125
    endloop
  endfacet
  facet normal -0.7730104533627374 -0.4485837931713179 0.4485837931713177
    outer loop
      vertex 1.5986883791814732 -5.84011935455379 16.041129481330458
      vertex 1.879858660950843 -6.082379073129559 16.283389199906228
      vertex 1.879858660950843 3.8171158634821047 26.182884136517895
    endloop
  endfacet
  facet normal -0.881921264348356 -0.3333278292388719 0.3333278292388719
    outer loop
      vertex 1.879858660950843 -6.082379073129559 16.283389199906228
      vertex 2.0887870286167542 -6.358771192249792 16.559781319026463
      vertex 2.0887870286167542 3.5407237443618715 26.459276255638127
    endloop
  endfacet
  facet normal -0.9569403357322088 -0.20526226376117887 0.2052622637611788
    outer loop
      vertex 2.0887870286167542 -6.358771192249792 16.559781319026463
      vertex 2.217444482178185 -6.658674117779185 16.859684244555854
      vertex 2.217444482178185 3.2408208188324785 26.75917918116752
    endloop
  endfacet
  facet normal -0.09801714032956749 0.7037018687631907 -0.7037018687631907
    outer loop
      vertex 0.44107713148302263 -8.538532778730028 18.739542905506696
      vertex 0 1.3302438089530504 28.66975619104695
      vertex 0.44107713148302263 1.3609621578816382 28.639037842118363
    endloop
  endfacet
  facet normal -0.2902846772544664 0.6766590005871754 -0.6766590005871757
    outer loop
      vertex 0.8652039161620579 -8.447558220866547 18.648568347643216
      vertex 0.44107713148302263 1.3609621578816382 28.639037842118363
      vertex 0.8652039161620579 1.4519367157451208 28.54806328425488
    endloop
  endfacet
  facet normal -0.47139673682599004 0.6236125064933385 -0.6236125064933385
    outer loop
      vertex 1.2560813995549314 -8.299823555307745 18.500833682084416
      vertex 0.8652039161620579 1.4519367157451208 28.54806328425488
      vertex 1.2560813995549314 1.5996713813039198 28.40032861869608
    endloop
  endfacet
  facet normal -0.9951847266721968 -0.0693085845995463 0.06930858459954628
    outer loop
      vertex 2.217444482178185 -6.658674117779185 16.859684244555854
      vertex 2.2608867878467005 -6.970562748477141 17.17157287525381
      vertex 2.2608867878467005 2.9289321881345254 27.071067811865476
    endloop
  endfacet
  facet normal -0.6343932841636456 0.5466009335008787 -0.5466009335008786
    outer loop
      vertex 1.5986883791814732 -8.101006142400491 18.30201626917716
      vertex 1.2560813995549314 1.5996713813039198 28.40032861869608
      vertex 1.5986883791814732 1.798488794211174 28.201511205788826
    endloop
  endfacet
  facet normal -0.7730104533627392 0.4485837931713162 -0.44858379317131636
    outer loop
      vertex 1.879858660950843 -7.858746423824723 18.059756550601392
      vertex 1.5986883791814732 1.798488794211174 28.201511205788826
      vertex 1.879858660950843 2.0407485127869442 27.959251487213056
    endloop
  endfacet
  facet normal -0.9569403357322097 0.20526226376117673 -0.20526226376117682
    outer loop
      vertex 2.217444482178185 -7.282451379175097 17.483461505951766
      vertex 2.0887870286167542 2.317140631907174 27.682859368092824
      vertex 2.217444482178185 2.6170435574365705 27.38295644256343
    endloop
  endfacet
  facet normal -0.8819212643483537 0.333327829238875 -0.333327829238875
    outer loop
      vertex 2.0887870286167542 -7.58235430470449 17.78336443148116
      vertex 1.879858660950843 2.0407485127869442 27.959251487213056
      vertex 2.0887870286167542 2.317140631907174 27.682859368092824
    endloop
  endfacet
  facet normal -0.9951847266721968 0.06930858459954638 -0.06930858459954638
    outer loop
      vertex 2.2608867878467005 -6.970562748477141 17.17157287525381
      vertex 2.217444482178185 2.6170435574365705 27.38295644256343
      vertex 2.2608867878467005 2.9289321881345254 27.071067811865476
    endloop
  endfacet
  facet normal -0.2902846772544659 -0.6766590005871755 0.6766590005871755
    outer loop
      vertex 0.44107713148302263 -4.7996378688936945 16.206557694331483
      vertex 0.8652039161620579 4.405927660523929 25.59407233947607
      vertex 0.44107713148302263 4.496902218387412 25.50309778161259
    endloop
  endfacet
  facet normal -0.4713967368259933 -0.6236125064933374 0.6236125064933372
    outer loop
      vertex 0.8652039161620579 -5.023359826845056 16.164784852107083
      vertex 1.2560813995549314 4.258192994965128 25.74180700503487
      vertex 0.8652039161620579 4.405927660523929 25.59407233947607
    endloop
  endfacet
  facet normal -0.09801714032956582 -0.7037018687631907 0.7037018687631911
    outer loop
      vertex 0 -4.694758865368005 16.25
      vertex 0.44107713148302263 4.496902218387412 25.50309778161259
      vertex 0 4.527620567315999 25.472379432684
    endloop
  endfacet
  facet normal -0.6343932841636445 -0.5466009335008795 0.5466009335008793
    outer loop
      vertex 1.2560813995549314 -5.364859120773653 16.11875488929609
      vertex 1.5986883791814732 4.059375582057875 25.940624417942125
      vertex 1.2560813995549314 4.258192994965128 25.74180700503487
    endloop
  endfacet
  facet normal -0.7730104533627381 -0.4485837931713171 0.44858379317131697
    outer loop
      vertex 1.5986883791814732 -5.84011935455379 16.041129481330458
      vertex 1.879858660950843 3.8171158634821047 26.182884136517895
      vertex 1.5986883791814732 4.059375582057875 25.940624417942125
    endloop
  endfacet
  facet normal -0.8819212643483546 -0.3333278292388738 0.3333278292388736
    outer loop
      vertex 1.879858660950843 -6.082379073129559 16.283389199906228
      vertex 2.0887870286167542 3.5407237443618715 26.459276255638127
      vertex 1.879858660950843 3.8171158634821047 26.182884136517895
    endloop
  endfacet
  facet normal -0.9569403357322094 -0.20526226376117765 0.20526226376117765
    outer loop
      vertex 2.0887870286167542 -6.358771192249792 16.559781319026463
      vertex 2.217444482178185 3.2408208188324785 26.75917918116752
      vertex 2.0887870286167542 3.5407237443618715 26.459276255638127
    endloop
  endfacet
  facet normal -0.9951847266721968 -0.06930858459954638 0.06930858459954635
    outer loop
      vertex 2.217444482178185 -6.658674117779185 16.859684244555854
      vertex 2.2608867878467005 2.9289321881345254 27.071067811865476
      vertex 2.217444482178185 3.2408208188324785 26.75917918116752
    endloop
  endfacet
  facet normal 0.9569403357322088 0 0.2902846772544626
    outer loop
      vertex -5.774247078195542 -10 -12.39177145228181
      vertex -5.774247078195542 -4 -12.39177145228181
      vertex -6.129908002520191 -10 -11.219314512600802
    endloop
  endfacet
  facet normal 0.9951847266721968 0 0.09801714032956034
    outer loop
      vertex -6.129908002520191 -10 -11.219314512600802
      vertex -6.129908002520191 -4 -11.219314512600802
      vertex -6.25 -10 -10
    endloop
  endfacet
  facet normal 0.8819212643483548 0 0.471396736825998
    outer loop
      vertex -5.196685076890907 -10 -13.472313956372513
      vertex -5.196685076890907 -4 -13.472313956372513
      vertex -5.774247078195542 -10 -12.39177145228181
    endloop
  endfacet
  facet normal 0.9951847266721968 0 -0.09801714032956034
    outer loop
      vertex -6.25 -10 -10
      vertex -6.25 -4 -10
      vertex -6.129908002520191 -10 -8.780685487399198
    endloop
  endfacet
  facet normal 0.9569403357322088 0 -0.2902846772544626
    outer loop
      vertex -6.129908002520191 -10 -8.780685487399198
      vertex -6.129908002520191 -4 -8.780685487399198
      vertex -5.774247078195542 -10 -7.6082285477181895
    endloop
  endfacet
  facet normal 0.8819212643483548 0 -0.471396736825998
    outer loop
      vertex -5.774247078195542 -10 -7.6082285477181895
      vertex -5.774247078195542 -4 -7.6082285477181895
      vertex -5.196685076890907 -10 -6.527686043627487
    endloop
  endfacet
  facet normal 0.9569403357322088 0 0.2902846772544626
    outer loop
      vertex -6.129908002520191 -10 -11.219314512600802
      vertex -5.774247078195542 -4 -12.39177145228181
      vertex -6.129908002520191 -4 -11.219314512600802
    endloop
  endfacet
  facet normal 0.9951847266721968 0 0.09801714032956034
    outer loop
      vertex -6.25 -10 -10
      vertex -6.129908002520191 -4 -11.219314512600802
      vertex -6.25 -4 -10
    endloop
  endfacet
  facet normal 0.8819212643483548 0 0.471396736825998
    outer loop
      vertex -5.774247078195542 -10 -12.39177145228181
      vertex -5.196685076890907 -4 -13.472313956372513
      vertex -5.774247078195542 -4 -12.39177145228181
    endloop
  endfacet
  facet normal 0.9951847266721968 0 -0.09801714032956034
    outer loop
      vertex -6.129908002520191 -10 -8.780685487399198
      vertex -6.25 -4 -10
      vertex -6.129908002520191 -4 -8.780685487399198
    endloop
  endfacet
  facet normal 0.9569403357322088 0 -0.2902846772544626
    outer loop
      vertex -5.774247078195542 -10 -7.6082285477181895
      vertex -6.129908002520191 -4 -8.780685487399198
      vertex -5.774247078195542 -4 -7.6082285477181895
    endloop
  endfacet
  facet normal 0.8819212643483548 0 -0.471396736825998
    outer loop
      vertex -5.774247078195542 -4 -7.6082285477181895
      vertex -5.196685076890907 -4 -6.527686043627487
      vertex -5.196685076890907 -10 -6.527686043627487
    endloop
  endfacet
  facet normal 0 -1 0
    outer loop
      vertex -6.129908002520191 -4 -11.219314512600802
      vertex -6.129908002520191 -4 -8.780685487399198
      vertex -6.25 -4 -10
    endloop
  endfacet
  facet normal 0 -1 0
    outer loop
      vertex -5.774247078195542 -4 -12.39177145228181
      vertex -5.774247078195542 -4 -7.6082285477181895
      vertex -6.129908002520191 -4 -11.219314512600802
    endloop
  endfacet
  facet normal 0 -1 0
    outer loop
      vertex -5.196685076890907 -4 -13.472313956372513
      vertex -5.196685076890907 -4 -6.527686043627487
      vertex -5.774247078195542 -4 -12.39177145228181
    endloop
  endfacet
  facet normal 0 -1 0
    outer loop
      vertex -6.129908002520191 -4 -11.219314512600802
      vertex -5.774247078195542 -4 -7.6082285477181895
      vertex -6.129908002520191 -4 -8.780685487399198
    endloop
  endfacet
  facet normal 0 -1 0
    outer loop
      vertex -5.774247078195542 -4 -12.39177145228181
      vertex -5.196685076890907 -4 -6.527686043627487
      vertex -5.774247078195542 -4 -7.6082285477181895
    endloop
  endfacet
  facet normal 0.7730104533627373 0 0.6343932841636449
    outer loop
      vertex -5.196685076890907 -10 -13.472313956372513
      vertex -4.419417382415922 -10 -14.419417382415922
      vertex -4.419417382415922 -4 -14.419417382415922
    endloop
  endfacet
  facet normal 0.6343932841636454 0 0.773010453362737
    outer loop
      vertex -4.419417382415922 -10 -14.419417382415922
      vertex -3.4723139563725134 -10 -15.196685076890908
      vertex -3.4723139563725134 -4 -15.196685076890908
    endloop
  endfacet
  facet normal 0.47139673682599814 0 0.8819212643483548
    outer loop
      vertex -3.4723139563725134 -10 -15.196685076890908
      vertex -2.391771452281811 -10 -15.774247078195543
      vertex -2.391771452281811 -4 -15.774247078195543
    endloop
  endfacet
  facet normal 0.7730104533627373 0 0.6343932841636449
    outer loop
      vertex -5.196685076890907 -10 -13.472313956372513
      vertex -4.419417382415922 -4 -14.419417382415922
      vertex -5.196685076890907 -4 -13.472313956372513
    endloop
  endfacet
  facet normal 0.6343932841636454 0 0.773010453362737
    outer loop
      vertex -4.419417382415922 -10 -14.419417382415922
      vertex -3.4723139563725134 -4 -15.196685076890908
      vertex -4.419417382415922 -4 -14.419417382415922
    endloop
  endfacet
  facet normal 0.47139673682599814 0 0.8819212643483548
    outer loop
      vertex -3.4723139563725134 -10 -15.196685076890908
      vertex -2.391771452281811 -4 -15.774247078195543
      vertex -3.4723139563725134 -4 -15.196685076890908
    endloop
  endfacet
  facet normal 0 -1 0
    outer loop
      vertex -5.196685076890907 -4 -13.472313956372513
      vertex -4.419417382415922 -4 -14.419417382415922
      vertex -4.419417382415922 -4 -5.580582617584078
    endloop
  endfacet
  facet normal 0 -1 0
    outer loop
      vertex -4.419417382415922 -4 -14.419417382415922
      vertex -3.4723139563725134 -4 -15.196685076890908
      vertex -3.4723139563725134 -4 -4.803314923109093
    endloop
  endfacet
  facet normal 0 -1 0
    outer loop
      vertex -5.196685076890907 -4 -13.472313956372513
      vertex -4.419417382415922 -4 -5.580582617584078
      vertex -5.196685076890907 -4 -6.527686043627487
    endloop
  endfacet
  facet normal 0 -1 0
    outer loop
      vertex -4.419417382415922 -4 -14.419417382415922
      vertex -3.4723139563725134 -4 -4.803314923109093
      vertex -4.419417382415922 -4 -5.580582617584078
    endloop
  endfacet
  facet normal 0 -1 0
    outer loop
      vertex -3.4723139563725134 -4 -15.196685076890908
      vertex -2.391771452281811 -4 -15.774247078195543
      vertex -2.391771452281811 -4 -4.225752921804458
    endloop
  endfacet
  facet normal 0 -1 0
    outer loop
      vertex -3.4723139563725134 -4 -15.196685076890908
      vertex -2.391771452281811 -4 -4.225752921804458
      vertex -3.4723139563725134 -4 -4.803314923109093
    endloop
  endfacet
  facet normal 0.2902846772544605 0 0.9569403357322094
    outer loop
      vertex -2.391771452281811 -10 -15.774247078195543
      vertex -1.2193145126008016 -10 -16.12990800252019
      vertex -1.2193145126008016 -4 -16.12990800252019
    endloop
  endfacet
  facet normal 0.09801714032956178 0 0.9951847266721967
    outer loop
      vertex -1.2193145126008016 -10 -16.12990800252019
      vertex 0 -10 -16.25
      vertex 0 -4 -16.25
    endloop
  endfacet
  facet normal 0.2902846772544605 0 0.9569403357322094
    outer loop
      vertex -2.391771452281811 -10 -15.774247078195543
      vertex -1.2193145126008016 -4 -16.12990800252019
      vertex -2.391771452281811 -4 -15.774247078195543
    endloop
  endfacet
  facet normal 0 -1 0
    outer loop
      vertex -2.391771452281811 -4 -15.774247078195543
      vertex -1.2193145126008016 -4 -16.12990800252019
      vertex -1.2560813995549314 -4 -11.879858660950843
    endloop
  endfacet
  facet normal 0.09801714032956178 0 0.9951847266721967
    outer loop
      vertex -1.2193145126008016 -10 -16.12990800252019
      vertex 0 -4 -16.25
      vertex -1.2193145126008016 -4 -16.12990800252019
    endloop
  endfacet
  facet normal 0 -1 0
    outer loop
      vertex -1.2193145126008016 -4 -16.12990800252019
      vertex -0.8652039161620579 -4 -12.088787028616753
      vertex -1.2560813995549314 -4 -11.879858660950843
    endloop
  endfacet
  facet normal 0 -1 0
    outer loop
      vertex -1.2193145126008016 -4 -16.12990800252019
      vertex -0.44107713148302263 -4 -12.217444482178184
      vertex -0.8652039161620579 -4 -12.088787028616753
    endloop
  endfacet
  facet normal 0 -1 0
    outer loop
      vertex -1.2193145126008016 -4 -16.12990800252019
      vertex 0 -4 -16.25
      vertex 0 -4 -12.260886787846701
    endloop
  endfacet
  facet normal 0 -1 0
    outer loop
      vertex -1.2193145126008016 -4 -16.12990800252019
      vertex 0 -4 -12.260886787846701
      vertex -0.44107713148302263 -4 -12.217444482178184
    endloop
  endfacet
  facet normal 0 -1 0
    outer loop
      vertex -2.391771452281811 -4 -15.774247078195543
      vertex -2.217444482178185 -4 -10.441077131483024
      vertex -2.2608867878467005 -4 -10
    endloop
  endfacet
  facet normal 0 -1 0
    outer loop
      vertex -2.391771452281811 -4 -15.774247078195543
      vertex -2.0887870286167542 -4 -10.865203916162057
      vertex -2.217444482178185 -4 -10.441077131483024
    endloop
  endfacet
  facet normal 0 -1 0
    outer loop
      vertex -2.391771452281811 -4 -15.774247078195543
      vertex -1.879858660950843 -4 -11.256081399554931
      vertex -2.0887870286167542 -4 -10.865203916162057
    endloop
  endfacet
  facet normal 0 -1 0
    outer loop
      vertex -2.391771452281811 -4 -15.774247078195543
      vertex -1.5986883791814732 -4 -11.598688379181473
      vertex -1.879858660950843 -4 -11.256081399554931
    endloop
  endfacet
  facet normal 0 -1 0
    outer loop
      vertex -2.391771452281811 -4 -15.774247078195543
      vertex -2.2608867878467005 -4 -10
      vertex -2.391771452281811 -4 -4.225752921804458
    endloop
  endfacet
  facet normal 0 -1 0
    outer loop
      vertex -2.391771452281811 -4 -15.774247078195543
      vertex -1.2560813995549314 -4 -11.879858660950843
      vertex -1.5986883791814732 -4 -11.598688379181473
    endloop
  endfacet
  facet normal 0 -1 0
    outer loop
      vertex -2.2608867878467005 -4 -10
      vertex -2.242595290723115 -4 -9.81428331305978
      vertex -2.391771452281811 -4 -4.225752921804458
    endloop
  endfacet
  facet normal 0 -1 0
    outer loop
      vertex -2.242595290723115 -4 -9.81428331305978
      vertex -2.217444482178185 -4 -9.558922868516976
      vertex -2.391771452281811 -4 -4.225752921804458
    endloop
  endfacet
  facet normal 0 -1 0
    outer loop
      vertex -2.217444482178185 -4 -9.558922868516976
      vertex -2.0887870286167542 -4 -9.134796083837943
      vertex -2.391771452281811 -4 -4.225752921804458
    endloop
  endfacet
  facet normal 0 -1 0
    outer loop
      vertex -2.0887870286167542 -4 -9.134796083837943
      vertex -1.879858660950843 -4 -8.743918600445069
      vertex -2.391771452281811 -4 -4.225752921804458
    endloop
  endfacet
  facet normal 0 -1 0
    outer loop
      vertex -1.879858660950843 -4 -8.743918600445069
      vertex -1.5986883791814732 -4 -8.401311620818527
      vertex -2.391771452281811 -4 -4.225752921804458
    endloop
  endfacet
  facet normal 0 -1 0
    outer loop
      vertex -1.5986883791814732 -4 -8.401311620818527
      vertex -1.2560813995549314 -4 -8.120141339049157
      vertex -1.2193145126008016 -4 -3.8700919974798094
    endloop
  endfacet
  facet normal 0.7730104533627373 0 -0.6343932841636449
    outer loop
      vertex -5.196685076890907 -10 -6.527686043627487
      vertex -5.196685076890907 -4 -6.527686043627487
      vertex -4.419417382415922 -10 -5.580582617584078
    endloop
  endfacet
  facet normal 0.6343932841636449 0 -0.7730104533627373
    outer loop
      vertex -4.419417382415922 -10 -5.580582617584078
      vertex -4.419417382415922 -4 -5.580582617584078
      vertex -3.4723139563725134 -10 -4.803314923109093
    endloop
  endfacet
  facet normal 0.47139673682599814 0 -0.8819212643483548
    outer loop
      vertex -3.4723139563725134 -10 -4.803314923109093
      vertex -3.4723139563725134 -4 -4.803314923109093
      vertex -2.391771452281811 -10 -4.225752921804458
    endloop
  endfacet
  facet normal 0.7730104533627373 0 -0.6343932841636449
    outer loop
      vertex -5.196685076890907 -4 -6.527686043627487
      vertex -4.419417382415922 -4 -5.580582617584078
      vertex -4.419417382415922 -10 -5.580582617584078
    endloop
  endfacet
  facet normal 0.6343932841636449 0 -0.7730104533627373
    outer loop
      vertex -3.4723139563725134 -10 -4.803314923109093
      vertex -4.419417382415922 -4 -5.580582617584078
      vertex -3.4723139563725134 -4 -4.803314923109093
    endloop
  endfacet
  facet normal 0.47139673682599814 0 -0.8819212643483548
    outer loop
      vertex -3.4723139563725134 -4 -4.803314923109093
      vertex -2.391771452281811 -4 -4.225752921804458
      vertex -2.391771452281811 -10 -4.225752921804458
    endloop
  endfacet
  facet normal 0.2902846772544625 0 -0.9569403357322088
    outer loop
      vertex -2.391771452281811 -10 -4.225752921804458
      vertex -2.391771452281811 -4 -4.225752921804458
      vertex -1.2193145126008016 -10 -3.8700919974798094
    endloop
  endfacet
  facet normal 0.09801714032956034 0 -0.9951847266721968
    outer loop
      vertex -1.2193145126008016 -10 -3.8700919974798094
      vertex -1.2193145126008016 -4 -3.8700919974798094
      vertex 0 -10 -3.75
    endloop
  endfacet
  facet normal 0.2902846772544625 0 -0.9569403357322088
    outer loop
      vertex -1.2193145126008016 -10 -3.8700919974798094
      vertex -2.391771452281811 -4 -4.225752921804458
      vertex -1.2193145126008016 -4 -3.8700919974798094
    endloop
  endfacet
  facet normal 0 -1 0
    outer loop
      vertex -1.5986883791814732 -4 -8.401311620818527
      vertex -1.2193145126008016 -4 -3.8700919974798094
      vertex -2.391771452281811 -4 -4.225752921804458
    endloop
  endfacet
  facet normal 0.09801714032956034 0 -0.9951847266721968
    outer loop
      vertex -1.2193145126008016 -4 -3.8700919974798094
      vertex 0 -4 -3.75
      vertex 0 -10 -3.75
    endloop
  endfacet
  facet normal 0 -1 0
    outer loop
      vertex -1.2560813995549314 -4 -8.120141339049157
      vertex -0.8652039161620579 -4 -7.911212971383246
      vertex -1.2193145126008016 -4 -3.8700919974798094
    endloop
  endfacet
  facet normal 0 -1 0
    outer loop
      vertex -0.8652039161620579 -4 -7.911212971383246
      vertex -0.44107713148302263 -4 -7.782555517821815
      vertex -1.2193145126008016 -4 -3.8700919974798094
    endloop
  endfacet
  facet normal 0 -1 0
    outer loop
      vertex -0.44107713148302263 -4 -7.782555517821815
      vertex 0 -4 -7.739113212153299
      vertex -1.2193145126008016 -4 -3.8700919974798094
    endloop
  endfacet
  facet normal 0 -1 0
    outer loop
      vertex -1.2193145126008016 -4 -3.8700919974798094
      vertex 0 -4 -7.739113212153299
      vertex 0 -4 -3.75
    endloop
  endfacet
  facet normal -0.09801714032956178 0 0.9951847266721967
    outer loop
      vertex 0 -10 -16.25
      vertex 1.2193145126008016 -10 -16.12990800252019
      vertex 1.2193145126008016 -4 -16.12990800252019
    endloop
  endfacet
  facet normal -0.2902846772544605 0 0.9569403357322094
    outer loop
      vertex 1.2193145126008016 -10 -16.12990800252019
      vertex 2.391771452281811 -10 -15.774247078195543
      vertex 2.391771452281811 -4 -15.774247078195543
    endloop
  endfacet
  facet normal -0.09801714032956178 0 0.9951847266721967
    outer loop
      vertex 0 -10 -16.25
      vertex 1.2193145126008016 -4 -16.12990800252019
      vertex 0 -4 -16.25
    endloop
  endfacet
  facet normal 0 -1 0
    outer loop
      vertex 0 -4 -16.25
      vertex 1.2193145126008016 -4 -16.12990800252019
      vertex 0 -4 -12.260886787846701
    endloop
  endfacet
  facet normal 0 -1 0
    outer loop
      vertex 1.2193145126008016 -4 -16.12990800252019
      vertex 0.44107713148302263 -4 -12.217444482178184
      vertex 0 -4 -12.260886787846701
    endloop
  endfacet
  facet normal 0 -1 0
    outer loop
      vertex 1.2193145126008016 -4 -16.12990800252019
      vertex 0.8652039161620579 -4 -12.088787028616753
      vertex 0.44107713148302263 -4 -12.217444482178184
    endloop
  endfacet
  facet normal 0 -1 0
    outer loop
      vertex 1.2193145126008016 -4 -16.12990800252019
      vertex 1.2560813995549314 -4 -11.879858660950843
      vertex 0.8652039161620579 -4 -12.088787028616753
    endloop
  endfacet
  facet normal -0.2902846772544605 0 0.9569403357322094
    outer loop
      vertex 1.2193145126008016 -10 -16.12990800252019
      vertex 2.391771452281811 -4 -15.774247078195543
      vertex 1.2193145126008016 -4 -16.12990800252019
    endloop
  endfacet
  facet normal 0 -1 0
    outer loop
      vertex 1.2193145126008016 -4 -16.12990800252019
      vertex 2.391771452281811 -4 -15.774247078195543
      vertex 1.5986883791814732 -4 -11.598688379181473
    endloop
  endfacet
  facet normal 0 -1 0
    outer loop
      vertex 1.2193145126008016 -4 -16.12990800252019
      vertex 1.5986883791814732 -4 -11.598688379181473
      vertex 1.2560813995549314 -4 -11.879858660950843
    endloop
  endfacet
  facet normal 0 -1 0
    outer loop
      vertex 2.391771452281811 -4 -15.774247078195543
      vertex 1.879858660950843 -4 -11.256081399554931
      vertex 1.5986883791814732 -4 -11.598688379181473
    endloop
  endfacet
  facet normal 0 -1 0
    outer loop
      vertex 2.391771452281811 -4 -15.774247078195543
      vertex 2.0887870286167542 -4 -10.865203916162057
      vertex 1.879858660950843 -4 -11.256081399554931
    endloop
  endfacet
  facet normal 0 -1 0
    outer loop
      vertex 2.391771452281811 -4 -15.774247078195543
      vertex 2.217444482178185 -4 -10.441077131483024
      vertex 2.0887870286167542 -4 -10.865203916162057
    endloop
  endfacet
  facet normal 0 -1 0
    outer loop
      vertex 2.391771452281811 -4 -15.774247078195543
      vertex 2.2608867878467005 -4 -10
      vertex 2.217444482178185 -4 -10.441077131483024
    endloop
  endfacet
  facet normal 0 -1 0
    outer loop
      vertex 2.391771452281811 -4 -15.774247078195543
      vertex 2.391771452281811 -4 -4.225752921804458
      vertex 2.2608867878467005 -4 -10
    endloop
  endfacet
  facet normal 0 -1 0
    outer loop
      vertex 1.5986883791814732 -4 -8.401311620818527
      vertex 2.391771452281811 -4 -4.225752921804458
      vertex 1.2560813995549314 -4 -8.120141339049157
    endloop
  endfacet
  facet normal 0 -1 0
    outer loop
      vertex 1.5986883791814732 -4 -8.401311620818527
      vertex 1.879858660950843 -4 -8.743918600445069
      vertex 2.391771452281811 -4 -4.225752921804458
    endloop
  endfacet
  facet normal 0 -1 0
    outer loop
      vertex 1.879858660950843 -4 -8.743918600445069
      vertex 2.0887870286167542 -4 -9.134796083837943
      vertex 2.391771452281811 -4 -4.225752921804458
    endloop
  endfacet
  facet normal 0 -1 0
    outer loop
      vertex 2.2608867878467005 -4 -10
      vertex 2.391771452281811 -4 -4.225752921804458
      vertex 2.217444482178185 -4 -9.558922868516976
    endloop
  endfacet
  facet normal 0 -1 0
    outer loop
      vertex 2.0887870286167542 -4 -9.134796083837943
      vertex 2.217444482178185 -4 -9.558922868516976
      vertex 2.391771452281811 -4 -4.225752921804458
    endloop
  endfacet
  facet normal -0.47139673682599814 0 0.8819212643483548
    outer loop
      vertex 2.391771452281811 -10 -15.774247078195543
      vertex 3.4723139563725134 -10 -15.196685076890908
      vertex 3.4723139563725134 -4 -15.196685076890908
    endloop
  endfacet
  facet normal -0.6343932841636454 0 0.773010453362737
    outer loop
      vertex 3.4723139563725134 -10 -15.196685076890908
      vertex 4.419417382415922 -10 -14.419417382415922
      vertex 4.419417382415922 -4 -14.419417382415922
    endloop
  endfacet
  facet normal -0.7730104533627373 0 0.6343932841636449
    outer loop
      vertex 4.419417382415922 -10 -14.419417382415922
      vertex 5.196685076890907 -10 -13.472313956372513
      vertex 5.196685076890907 -4 -13.472313956372513
    endloop
  endfacet
  facet normal -0.47139673682599814 0 0.8819212643483548
    outer loop
      vertex 2.391771452281811 -10 -15.774247078195543
      vertex 3.4723139563725134 -4 -15.196685076890908
      vertex 2.391771452281811 -4 -15.774247078195543
    endloop
  endfacet
  facet normal -0.6343932841636454 0 0.773010453362737
    outer loop
      vertex 3.4723139563725134 -10 -15.196685076890908
      vertex 4.419417382415922 -4 -14.419417382415922
      vertex 3.4723139563725134 -4 -15.196685076890908
    endloop
  endfacet
  facet normal -0.7730104533627373 0 0.6343932841636449
    outer loop
      vertex 4.419417382415922 -10 -14.419417382415922
      vertex 5.196685076890907 -4 -13.472313956372513
      vertex 4.419417382415922 -4 -14.419417382415922
    endloop
  endfacet
  facet normal 0 -1 0
    outer loop
      vertex 2.391771452281811 -4 -15.774247078195543
      vertex 3.4723139563725134 -4 -15.196685076890908
      vertex 3.4723139563725134 -4 -4.803314923109093
    endloop
  endfacet
  facet normal 0 -1 0
    outer loop
      vertex 2.391771452281811 -4 -15.774247078195543
      vertex 3.4723139563725134 -4 -4.803314923109093
      vertex 2.391771452281811 -4 -4.225752921804458
    endloop
  endfacet
  facet normal 0 -1 0
    outer loop
      vertex 3.4723139563725134 -4 -15.196685076890908
      vertex 4.419417382415922 -4 -14.419417382415922
      vertex 4.419417382415922 -4 -5.580582617584078
    endloop
  endfacet
  facet normal 0 -1 0
    outer loop
      vertex 4.419417382415922 -4 -14.419417382415922
      vertex 5.196685076890907 -4 -13.472313956372513
      vertex 5.196685076890907 -4 -6.527686043627487
    endloop
  endfacet
  facet normal 0 -1 0
    outer loop
      vertex 3.4723139563725134 -4 -15.196685076890908
      vertex 4.419417382415922 -4 -5.580582617584078
      vertex 3.4723139563725134 -4 -4.803314923109093
    endloop
  endfacet
  facet normal 0 -1 0
    outer loop
      vertex 4.419417382415922 -4 -14.419417382415922
      vertex 5.196685076890907 -4 -6.527686043627487
      vertex 4.419417382415922 -4 -5.580582617584078
    endloop
  endfacet
  facet normal -0.09801714032956034 0 -0.9951847266721968
    outer loop
      vertex 0 -10 -3.75
      vertex 0 -4 -3.75
      vertex 1.2193145126008016 -10 -3.8700919974798094
    endloop
  endfacet
  facet normal -0.2902846772544625 0 -0.9569403357322088
    outer loop
      vertex 1.2193145126008016 -10 -3.8700919974798094
      vertex 1.2193145126008016 -4 -3.8700919974798094
      vertex 2.391771452281811 -10 -4.225752921804458
    endloop
  endfacet
  facet normal -0.09801714032956034 0 -0.9951847266721968
    outer loop
      vertex 1.2193145126008016 -10 -3.8700919974798094
      vertex 0 -4 -3.75
      vertex 1.2193145126008016 -4 -3.8700919974798094
    endloop
  endfacet
  facet normal 0 -1 0
    outer loop
      vertex 0 -4 -7.739113212153299
      vertex 0.44107713148302263 -4 -7.782555517821815
      vertex 1.2193145126008016 -4 -3.8700919974798094
    endloop
  endfacet
  facet normal 0 -1 0
    outer loop
      vertex 0 -4 -7.739113212153299
      vertex 1.2193145126008016 -4 -3.8700919974798094
      vertex 0 -4 -3.75
    endloop
  endfacet
  facet normal 0 -1 0
    outer loop
      vertex 0.44107713148302263 -4 -7.782555517821815
      vertex 0.8652039161620579 -4 -7.911212971383246
      vertex 1.2193145126008016 -4 -3.8700919974798094
    endloop
  endfacet
  facet normal 0 -1 0
    outer loop
      vertex 0.8652039161620579 -4 -7.911212971383246
      vertex 1.2560813995549314 -4 -8.120141339049157
      vertex 1.2193145126008016 -4 -3.8700919974798094
    endloop
  endfacet
  facet normal -0.2902846772544625 0 -0.9569403357322088
    outer loop
      vertex 2.391771452281811 -10 -4.225752921804458
      vertex 1.2193145126008016 -4 -3.8700919974798094
      vertex 2.391771452281811 -4 -4.225752921804458
    endloop
  endfacet
  facet normal 0 -1 0
    outer loop
      vertex 1.2560813995549314 -4 -8.120141339049157
      vertex 2.391771452281811 -4 -4.225752921804458
      vertex 1.2193145126008016 -4 -3.8700919974798094
    endloop
  endfacet
  facet normal -0.47139673682599814 0 -0.8819212643483548
    outer loop
      vertex 2.391771452281811 -10 -4.225752921804458
      vertex 2.391771452281811 -4 -4.225752921804458
      vertex 3.4723139563725134 -10 -4.803314923109093
    endloop
  endfacet
  facet normal -0.6343932841636449 0 -0.7730104533627373
    outer loop
      vertex 3.4723139563725134 -10 -4.803314923109093
      vertex 3.4723139563725134 -4 -4.803314923109093
      vertex 4.419417382415922 -10 -5.580582617584078
    endloop
  endfacet
  facet normal -0.7730104533627373 0 -0.6343932841636449
    outer loop
      vertex 4.419417382415922 -10 -5.580582617584078
      vertex 4.419417382415922 -4 -5.580582617584078
      vertex 5.196685076890907 -10 -6.527686043627487
    endloop
  endfacet
  facet normal -0.47139673682599814 0 -0.8819212643483548
    outer loop
      vertex 2.391771452281811 -4 -4.225752921804458
      vertex 3.4723139563725134 -4 -4.803314923109093
      vertex 3.4723139563725134 -10 -4.803314923109093
    endloop
  endfacet
  facet normal -0.6343932841636449 0 -0.7730104533627373
    outer loop
      vertex 4.419417382415922 -10 -5.580582617584078
      vertex 3.4723139563725134 -4 -4.803314923109093
      vertex 4.419417382415922 -4 -5.580582617584078
    endloop
  endfacet
  facet normal -0.7730104533627373 0 -0.6343932841636449
    outer loop
      vertex 4.419417382415922 -4 -5.580582617584078
      vertex 5.196685076890907 -4 -6.527686043627487
      vertex 5.196685076890907 -10 -6.527686043627487
    endloop
  endfacet
  facet normal -0.8819212643483548 0 0.471396736825998
    outer loop
      vertex 5.196685076890907 -10 -13.472313956372513
      vertex 5.774247078195542 -10 -12.39177145228181
      vertex 5.774247078195542 -4 -12.39177145228181
    endloop
  endfacet
  facet normal -0.9569403357322088 0 0.2902846772544626
    outer loop
      vertex 5.774247078195542 -10 -12.39177145228181
      vertex 6.129908002520191 -10 -11.219314512600802
      vertex 6.129908002520191 -4 -11.219314512600802
    endloop
  endfacet
  facet normal -0.9951847266721968 0 0.09801714032956034
    outer loop
      vertex 6.129908002520191 -10 -11.219314512600802
      vertex 6.25 -10 -10
      vertex 6.25 -4 -10
    endloop
  endfacet
  facet normal -0.8819212643483548 0 -0.471396736825998
    outer loop
      vertex 5.774247078195542 -10 -7.6082285477181895
      vertex 5.196685076890907 -10 -6.527686043627487
      vertex 5.196685076890907 -4 -6.527686043627487
    endloop
  endfacet
  facet normal -0.9951847266721968 0 -0.09801714032956034
    outer loop
      vertex 6.129908002520191 -10 -8.780685487399198
      vertex 6.129908002520191 -4 -8.780685487399198
      vertex 6.25 -10 -10
    endloop
  endfacet
  facet normal -0.9569403357322088 0 -0.2902846772544626
    outer loop
      vertex 6.129908002520191 -10 -8.780685487399198
      vertex 5.774247078195542 -10 -7.6082285477181895
      vertex 5.774247078195542 -4 -7.6082285477181895
    endloop
  endfacet
  facet normal -0.8819212643483548 0 0.471396736825998
    outer loop
      vertex 5.196685076890907 -10 -13.472313956372513
      vertex 5.774247078195542 -4 -12.39177145228181
      vertex 5.196685076890907 -4 -13.472313956372513
    endloop
  endfacet
  facet normal -0.9569403357322088 0 0.2902846772544626
    outer loop
      vertex 5.774247078195542 -10 -12.39177145228181
      vertex 6.129908002520191 -4 -11.219314512600802
      vertex 5.774247078195542 -4 -12.39177145228181
    endloop
  endfacet
  facet normal -0.9951847266721968 0 0.09801714032956034
    outer loop
      vertex 6.129908002520191 -10 -11.219314512600802
      vertex 6.25 -4 -10
      vertex 6.129908002520191 -4 -11.219314512600802
    endloop
  endfacet
  facet normal -0.8819212643483548 0 -0.471396736825998
    outer loop
      vertex 5.774247078195542 -10 -7.6082285477181895
      vertex 5.196685076890907 -4 -6.527686043627487
      vertex 5.774247078195542 -4 -7.6082285477181895
    endloop
  endfacet
  facet normal -0.9951847266721968 0 -0.09801714032956034
    outer loop
      vertex 6.25 -10 -10
      vertex 6.129908002520191 -4 -8.780685487399198
      vertex 6.25 -4 -10
    endloop
  endfacet
  facet normal -0.9569403357322088 0 -0.2902846772544626
    outer loop
      vertex 6.129908002520191 -10 -8.780685487399198
      vertex 5.774247078195542 -4 -7.6082285477181895
      vertex 6.129908002520191 -4 -8.780685487399198
    endloop
  endfacet
  facet normal 0 -1 0
    outer loop
      vertex 5.196685076890907 -4 -13.472313956372513
      vertex 5.774247078195542 -4 -12.39177145228181
      vertex 5.774247078195542 -4 -7.6082285477181895
    endloop
  endfacet
  facet normal 0 -1 0
    outer loop
      vertex 5.774247078195542 -4 -12.39177145228181
      vertex 6.129908002520191 -4 -11.219314512600802
      vertex 6.129908002520191 -4 -8.780685487399198
    endloop
  endfacet
  facet normal 0 -1 0
    outer loop
      vertex 6.129908002520191 -4 -11.219314512600802
      vertex 6.25 -4 -10
      vertex 6.129908002520191 -4 -8.780685487399198
    endloop
  endfacet
  facet normal 0 -1 0
    outer loop
      vertex 5.196685076890907 -4 -13.472313956372513
      vertex 5.774247078195542 -4 -7.6082285477181895
      vertex 5.196685076890907 -4 -6.527686043627487
    endloop
  endfacet
  facet normal 0 -1 0
    outer loop
      vertex 5.774247078195542 -4 -12.39177145228181
      vertex 6.129908002520191 -4 -8.780685487399198
      vertex 5.774247078195542 -4 -7.6082285477181895
    endloop
  endfacet
  facet normal 0 1 0
    outer loop
      vertex -6.129908002520191 4 -11.219314512600802
      vertex -6.25 4 -10
      vertex -6.129908002520191 4 -8.780685487399198
    endloop
  endfacet
  facet normal 0 1 0
    outer loop
      vertex -5.774247078195542 4 -12.39177145228181
      vertex -6.129908002520191 4 -11.219314512600802
      vertex -6.129908002520191 4 -8.780685487399198
    endloop
  endfacet
  facet normal 0 1 0
    outer loop
      vertex -5.196685076890907 4 -13.472313956372513
      vertex -5.774247078195542 4 -12.39177145228181
      vertex -5.774247078195542 4 -7.6082285477181895
    endloop
  endfacet
  facet normal 0 1 0
    outer loop
      vertex -5.774247078195542 4 -12.39177145228181
      vertex -6.129908002520191 4 -8.780685487399198
      vertex -5.774247078195542 4 -7.6082285477181895
    endloop
  endfacet
  facet normal 0 1 0
    outer loop
      vertex -5.196685076890907 4 -13.472313956372513
      vertex -5.774247078195542 4 -7.6082285477181895
      vertex -5.196685076890907 4 -6.527686043627487
    endloop
  endfacet
  facet normal 0.9569403357322088 0 0.2902846772544626
    outer loop
      vertex -5.774247078195542 4 -12.39177145228181
      vertex -5.774247078195542 10 -12.39177145228181
      vertex -6.129908002520191 4 -11.219314512600802
    endloop
  endfacet
  facet normal 0.9951847266721968 0 0.09801714032956034
    outer loop
      vertex -6.129908002520191 4 -11.219314512600802
      vertex -6.129908002520191 10 -11.219314512600802
      vertex -6.25 4 -10
    endloop
  endfacet
  facet normal 0.8819212643483548 0 0.471396736825998
    outer loop
      vertex -5.196685076890907 4 -13.472313956372513
      vertex -5.196685076890907 10 -13.472313956372513
      vertex -5.774247078195542 4 -12.39177145228181
    endloop
  endfacet
  facet normal 0.9951847266721968 0 -0.09801714032956034
    outer loop
      vertex -6.25 4 -10
      vertex -6.25 10 -10
      vertex -6.129908002520191 4 -8.780685487399198
    endloop
  endfacet
  facet normal 0.9569403357322088 0 -0.2902846772544626
    outer loop
      vertex -6.129908002520191 4 -8.780685487399198
      vertex -6.129908002520191 10 -8.780685487399198
      vertex -5.774247078195542 4 -7.6082285477181895
    endloop
  endfacet
  facet normal 0.8819212643483548 0 -0.471396736825998
    outer loop
      vertex -5.774247078195542 4 -7.6082285477181895
      vertex -5.774247078195542 10 -7.6082285477181895
      vertex -5.196685076890907 4 -6.527686043627487
    endloop
  endfacet
  facet normal 0.9569403357322088 0 0.2902846772544626
    outer loop
      vertex -6.129908002520191 4 -11.219314512600802
      vertex -5.774247078195542 10 -12.39177145228181
      vertex -6.129908002520191 10 -11.219314512600802
    endloop
  endfacet
  facet normal 0.9951847266721968 0 0.09801714032956034
    outer loop
      vertex -6.25 4 -10
      vertex -6.129908002520191 10 -11.219314512600802
      vertex -6.25 10 -10
    endloop
  endfacet
  facet normal 0.8819212643483548 0 0.471396736825998
    outer loop
      vertex -5.774247078195542 4 -12.39177145228181
      vertex -5.196685076890907 10 -13.472313956372513
      vertex -5.774247078195542 10 -12.39177145228181
    endloop
  endfacet
  facet normal 0.9951847266721968 0 -0.09801714032956034
    outer loop
      vertex -6.129908002520191 4 -8.780685487399198
      vertex -6.25 10 -10
      vertex -6.129908002520191 10 -8.780685487399198
    endloop
  endfacet
  facet normal 0.9569403357322088 0 -0.2902846772544626
    outer loop
      vertex -5.774247078195542 4 -7.6082285477181895
      vertex -6.129908002520191 10 -8.780685487399198
      vertex -5.774247078195542 10 -7.6082285477181895
    endloop
  endfacet
  facet normal 0.8819212643483548 0 -0.471396736825998
    outer loop
      vertex -5.774247078195542 10 -7.6082285477181895
      vertex -5.196685076890907 10 -6.527686043627487
      vertex -5.196685076890907 4 -6.527686043627487
    endloop
  endfacet
  facet normal 0.7730104533627373 0 0.6343932841636449
    outer loop
      vertex -5.196685076890907 4 -13.472313956372513
      vertex -4.419417382415922 4 -14.419417382415922
      vertex -4.419417382415922 10 -14.419417382415922
    endloop
  endfacet
  facet normal 0.6343932841636454 0 0.773010453362737
    outer loop
      vertex -4.419417382415922 4 -14.419417382415922
      vertex -3.4723139563725134 4 -15.196685076890908
      vertex -3.4723139563725134 10 -15.196685076890908
    endloop
  endfacet
  facet normal 0.47139673682599814 0 0.8819212643483548
    outer loop
      vertex -3.4723139563725134 4 -15.196685076890908
      vertex -2.391771452281811 4 -15.774247078195543
      vertex -2.391771452281811 10 -15.774247078195543
    endloop
  endfacet
  facet normal 0 1 0
    outer loop
      vertex -5.196685076890907 4 -13.472313956372513
      vertex -5.196685076890907 4 -6.527686043627487
      vertex -4.419417382415922 4 -14.419417382415922
    endloop
  endfacet
  facet normal 0 1 0
    outer loop
      vertex -4.419417382415922 4 -14.419417382415922
      vertex -4.419417382415922 4 -5.580582617584078
      vertex -3.4723139563725134 4 -15.196685076890908
    endloop
  endfacet
  facet normal 0 1 0
    outer loop
      vertex -5.196685076890907 4 -6.527686043627487
      vertex -4.419417382415922 4 -5.580582617584078
      vertex -4.419417382415922 4 -14.419417382415922
    endloop
  endfacet
  facet normal 0 1 0
    outer loop
      vertex -3.4723139563725134 4 -15.196685076890908
      vertex -4.419417382415922 4 -5.580582617584078
      vertex -3.4723139563725134 4 -4.803314923109093
    endloop
  endfacet
  facet normal 0 1 0
    outer loop
      vertex -3.4723139563725134 4 -15.196685076890908
      vertex -3.4723139563725134 4 -4.803314923109093
      vertex -2.391771452281811 4 -15.774247078195543
    endloop
  endfacet
  facet normal 0 1 0
    outer loop
      vertex -2.391771452281811 4 -15.774247078195543
      vertex -3.4723139563725134 4 -4.803314923109093
      vertex -2.391771452281811 4 -4.225752921804458
    endloop
  endfacet
  facet normal 0.7730104533627373 0 0.6343932841636449
    outer loop
      vertex -5.196685076890907 4 -13.472313956372513
      vertex -4.419417382415922 10 -14.419417382415922
      vertex -5.196685076890907 10 -13.472313956372513
    endloop
  endfacet
  facet normal 0.6343932841636454 0 0.773010453362737
    outer loop
      vertex -4.419417382415922 4 -14.419417382415922
      vertex -3.4723139563725134 10 -15.196685076890908
      vertex -4.419417382415922 10 -14.419417382415922
    endloop
  endfacet
  facet normal 0.47139673682599814 0 0.8819212643483548
    outer loop
      vertex -3.4723139563725134 4 -15.196685076890908
      vertex -2.391771452281811 10 -15.774247078195543
      vertex -3.4723139563725134 10 -15.196685076890908
    endloop
  endfacet
  facet normal 0 1 0
    outer loop
      vertex -2.391771452281811 4 -15.774247078195543
      vertex -1.5986883791814732 4 -11.598688379181473
      vertex -1.2193145126008016 4 -16.12990800252019
    endloop
  endfacet
  facet normal 0.2902846772544605 0 0.9569403357322094
    outer loop
      vertex -2.391771452281811 4 -15.774247078195543
      vertex -1.2193145126008016 4 -16.12990800252019
      vertex -1.2193145126008016 10 -16.12990800252019
    endloop
  endfacet
  facet normal 0 1 0
    outer loop
      vertex -1.2193145126008016 4 -16.12990800252019
      vertex -1.2560813995549314 4 -11.879858660950843
      vertex -0.8652039161620579 4 -12.088787028616753
    endloop
  endfacet
  facet normal 0 1 0
    outer loop
      vertex -1.2193145126008016 4 -16.12990800252019
      vertex -0.8652039161620579 4 -12.088787028616753
      vertex -0.44107713148302263 4 -12.217444482178184
    endloop
  endfacet
  facet normal 0 1 0
    outer loop
      vertex -1.2193145126008016 4 -16.12990800252019
      vertex 0 4 -12.260886787846701
      vertex 0 4 -16.25
    endloop
  endfacet
  facet normal 0 1 0
    outer loop
      vertex -1.2193145126008016 4 -16.12990800252019
      vertex -0.44107713148302263 4 -12.217444482178184
      vertex 0 4 -12.260886787846701
    endloop
  endfacet
  facet normal 0.09801714032956178 0 0.9951847266721967
    outer loop
      vertex -1.2193145126008016 4 -16.12990800252019
      vertex 0 4 -16.25
      vertex 0 10 -16.25
    endloop
  endfacet
  facet normal 0 1 0
    outer loop
      vertex -2.391771452281811 4 -15.774247078195543
      vertex -2.242595290723115 4 -10.18571668694022
      vertex -2.217444482178185 4 -10.441077131483024
    endloop
  endfacet
  facet normal 0 1 0
    outer loop
      vertex -2.391771452281811 4 -15.774247078195543
      vertex -2.217444482178185 4 -10.441077131483024
      vertex -2.0887870286167542 4 -10.865203916162057
    endloop
  endfacet
  facet normal 0 1 0
    outer loop
      vertex -2.391771452281811 4 -15.774247078195543
      vertex -2.2608867878467005 4 -10
      vertex -2.242595290723115 4 -10.18571668694022
    endloop
  endfacet
  facet normal 0 1 0
    outer loop
      vertex -2.391771452281811 4 -15.774247078195543
      vertex -2.0887870286167542 4 -10.865203916162057
      vertex -1.879858660950843 4 -11.256081399554931
    endloop
  endfacet
  facet normal 0 1 0
    outer loop
      vertex -2.391771452281811 4 -15.774247078195543
      vertex -1.879858660950843 4 -11.256081399554931
      vertex -1.5986883791814732 4 -11.598688379181473
    endloop
  endfacet
  facet normal 0 1 0
    outer loop
      vertex -2.391771452281811 4 -15.774247078195543
      vertex -2.391771452281811 4 -4.225752921804458
      vertex -2.2608867878467005 4 -10
    endloop
  endfacet
  facet normal 0 1 0
    outer loop
      vertex -1.2193145126008016 4 -16.12990800252019
      vertex -1.5986883791814732 4 -11.598688379181473
      vertex -1.2560813995549314 4 -11.879858660950843
    endloop
  endfacet
  facet normal 0 1 0
    outer loop
      vertex -2.2608867878467005 4 -10
      vertex -2.391771452281811 4 -4.225752921804458
      vertex -2.2357359793017704 4 -9.744639555457196
    endloop
  endfacet
  facet normal 0 1 0
    outer loop
      vertex -2.2357359793017704 4 -9.744639555457196
      vertex -2.391771452281811 4 -4.225752921804458
      vertex -2.217444482178185 4 -9.558922868516976
    endloop
  endfacet
  facet normal 0 1 0
    outer loop
      vertex -2.217444482178185 4 -9.558922868516976
      vertex -2.391771452281811 4 -4.225752921804458
      vertex -2.0887870286167542 4 -9.134796083837943
    endloop
  endfacet
  facet normal 0 1 0
    outer loop
      vertex -2.0887870286167542 4 -9.134796083837943
      vertex -2.391771452281811 4 -4.225752921804458
      vertex -1.879858660950843 4 -8.743918600445069
    endloop
  endfacet
  facet normal 0 1 0
    outer loop
      vertex -1.879858660950843 4 -8.743918600445069
      vertex -2.391771452281811 4 -4.225752921804458
      vertex -1.5986883791814732 4 -8.401311620818527
    endloop
  endfacet
  facet normal 0 1 0
    outer loop
      vertex -1.5986883791814732 4 -8.401311620818527
      vertex -2.391771452281811 4 -4.225752921804458
      vertex -1.2560813995549314 4 -8.120141339049157
    endloop
  endfacet
  facet normal 0.2902846772544605 0 0.9569403357322094
    outer loop
      vertex -2.391771452281811 4 -15.774247078195543
      vertex -1.2193145126008016 10 -16.12990800252019
      vertex -2.391771452281811 10 -15.774247078195543
    endloop
  endfacet
  facet normal 0.09801714032956178 0 0.9951847266721967
    outer loop
      vertex -1.2193145126008016 4 -16.12990800252019
      vertex 0 10 -16.25
      vertex -1.2193145126008016 10 -16.12990800252019
    endloop
  endfacet
  facet normal 0.7730104533627373 0 -0.6343932841636449
    outer loop
      vertex -5.196685076890907 4 -6.527686043627487
      vertex -5.196685076890907 10 -6.527686043627487
      vertex -4.419417382415922 4 -5.580582617584078
    endloop
  endfacet
  facet normal 0.6343932841636449 0 -0.7730104533627373
    outer loop
      vertex -4.419417382415922 4 -5.580582617584078
      vertex -4.419417382415922 10 -5.580582617584078
      vertex -3.4723139563725134 4 -4.803314923109093
    endloop
  endfacet
  facet normal 0.47139673682599814 0 -0.8819212643483548
    outer loop
      vertex -3.4723139563725134 4 -4.803314923109093
      vertex -3.4723139563725134 10 -4.803314923109093
      vertex -2.391771452281811 4 -4.225752921804458
    endloop
  endfacet
  facet normal 0.7730104533627373 0 -0.6343932841636449
    outer loop
      vertex -5.196685076890907 10 -6.527686043627487
      vertex -4.419417382415922 10 -5.580582617584078
      vertex -4.419417382415922 4 -5.580582617584078
    endloop
  endfacet
  facet normal 0.6343932841636449 0 -0.7730104533627373
    outer loop
      vertex -3.4723139563725134 4 -4.803314923109093
      vertex -4.419417382415922 10 -5.580582617584078
      vertex -3.4723139563725134 10 -4.803314923109093
    endloop
  endfacet
  facet normal 0.47139673682599814 0 -0.8819212643483548
    outer loop
      vertex -3.4723139563725134 10 -4.803314923109093
      vertex -2.391771452281811 10 -4.225752921804458
      vertex -2.391771452281811 4 -4.225752921804458
    endloop
  endfacet
  facet normal 0 1 0
    outer loop
      vertex -1.2560813995549314 4 -8.120141339049157
      vertex -2.391771452281811 4 -4.225752921804458
      vertex -1.2193145126008016 4 -3.8700919974798094
    endloop
  endfacet
  facet normal 0.2902846772544625 0 -0.9569403357322088
    outer loop
      vertex -2.391771452281811 4 -4.225752921804458
      vertex -2.391771452281811 10 -4.225752921804458
      vertex -1.2193145126008016 4 -3.8700919974798094
    endloop
  endfacet
  facet normal 0 1 0
    outer loop
      vertex -1.2560813995549314 4 -8.120141339049157
      vertex -1.2193145126008016 4 -3.8700919974798094
      vertex -0.8652039161620579 4 -7.911212971383246
    endloop
  endfacet
  facet normal 0 1 0
    outer loop
      vertex -0.8652039161620579 4 -7.911212971383246
      vertex -1.2193145126008016 4 -3.8700919974798094
      vertex -0.44107713148302263 4 -7.782555517821815
    endloop
  endfacet
  facet normal 0 1 0
    outer loop
      vertex -0.44107713148302263 4 -7.782555517821815
      vertex -1.2193145126008016 4 -3.8700919974798094
      vertex 0 4 -7.739113212153299
    endloop
  endfacet
  facet normal 0 1 0
    outer loop
      vertex -1.2193145126008016 4 -3.8700919974798094
      vertex 0 4 -3.75
      vertex 0 4 -7.739113212153299
    endloop
  endfacet
  facet normal 0.09801714032956034 0 -0.9951847266721968
    outer loop
      vertex -1.2193145126008016 4 -3.8700919974798094
      vertex -1.2193145126008016 10 -3.8700919974798094
      vertex 0 4 -3.75
    endloop
  endfacet
  facet normal 0.2902846772544625 0 -0.9569403357322088
    outer loop
      vertex -1.2193145126008016 4 -3.8700919974798094
      vertex -2.391771452281811 10 -4.225752921804458
      vertex -1.2193145126008016 10 -3.8700919974798094
    endloop
  endfacet
  facet normal 0.09801714032956034 0 -0.9951847266721968
    outer loop
      vertex -1.2193145126008016 10 -3.8700919974798094
      vertex 0 10 -3.75
      vertex 0 4 -3.75
    endloop
  endfacet
  facet normal 0 1 0
    outer loop
      vertex 0 4 -16.25
      vertex 0 4 -12.260886787846701
      vertex 1.2193145126008016 4 -16.12990800252019
    endloop
  endfacet
  facet normal 0 1 0
    outer loop
      vertex 1.2193145126008016 4 -16.12990800252019
      vertex 0 4 -12.260886787846701
      vertex 0.44107713148302263 4 -12.217444482178184
    endloop
  endfacet
  facet normal 0 1 0
    outer loop
      vertex 1.2193145126008016 4 -16.12990800252019
      vertex 0.44107713148302263 4 -12.217444482178184
      vertex 0.8652039161620579 4 -12.088787028616753
    endloop
  endfacet
  facet normal 0 1 0
    outer loop
      vertex 1.2193145126008016 4 -16.12990800252019
      vertex 0.8652039161620579 4 -12.088787028616753
      vertex 1.2560813995549314 4 -11.879858660950843
    endloop
  endfacet
  facet normal -0.09801714032956178 0 0.9951847266721967
    outer loop
      vertex 0 4 -16.25
      vertex 1.2193145126008016 4 -16.12990800252019
      vertex 1.2193145126008016 10 -16.12990800252019
    endloop
  endfacet
  facet normal 0 1 0
    outer loop
      vertex 1.2193145126008016 4 -16.12990800252019
      vertex 1.2560813995549314 4 -11.879858660950843
      vertex 2.391771452281811 4 -15.774247078195543
    endloop
  endfacet
  facet normal -0.2902846772544605 0 0.9569403357322094
    outer loop
      vertex 1.2193145126008016 4 -16.12990800252019
      vertex 2.391771452281811 4 -15.774247078195543
      vertex 2.391771452281811 10 -15.774247078195543
    endloop
  endfacet
  facet normal 0 1 0
    outer loop
      vertex 2.391771452281811 4 -15.774247078195543
      vertex 1.2560813995549314 4 -11.879858660950843
      vertex 1.5986883791814732 4 -11.598688379181473
    endloop
  endfacet
  facet normal 0 1 0
    outer loop
      vertex 2.391771452281811 4 -15.774247078195543
      vertex 1.5986883791814732 4 -11.598688379181473
      vertex 1.879858660950843 4 -11.256081399554931
    endloop
  endfacet
  facet normal 0 1 0
    outer loop
      vertex 2.391771452281811 4 -15.774247078195543
      vertex 1.879858660950843 4 -11.256081399554931
      vertex 2.0887870286167542 4 -10.865203916162057
    endloop
  endfacet
  facet normal 0 1 0
    outer loop
      vertex 2.391771452281811 4 -15.774247078195543
      vertex 2.0887870286167542 4 -10.865203916162057
      vertex 2.217444482178185 4 -10.441077131483024
    endloop
  endfacet
  facet normal 0 1 0
    outer loop
      vertex 2.391771452281811 4 -15.774247078195543
      vertex 2.217444482178185 4 -10.441077131483024
      vertex 2.2608867878467005 4 -10
    endloop
  endfacet
  facet normal 0 1 0
    outer loop
      vertex 2.391771452281811 4 -15.774247078195543
      vertex 2.2608867878467005 4 -10
      vertex 2.391771452281811 4 -4.225752921804458
    endloop
  endfacet
  facet normal 0 1 0
    outer loop
      vertex 1.5986883791814732 4 -8.401311620818527
      vertex 1.2560813995549314 4 -8.120141339049157
      vertex 1.2193145126008016 4 -3.8700919974798094
    endloop
  endfacet
  facet normal 0 1 0
    outer loop
      vertex 1.5986883791814732 4 -8.401311620818527
      vertex 2.391771452281811 4 -4.225752921804458
      vertex 1.879858660950843 4 -8.743918600445069
    endloop
  endfacet
  facet normal 0 1 0
    outer loop
      vertex 1.879858660950843 4 -8.743918600445069
      vertex 2.391771452281811 4 -4.225752921804458
      vertex 2.0887870286167542 4 -9.134796083837943
    endloop
  endfacet
  facet normal 0 1 0
    outer loop
      vertex 2.2608867878467005 4 -10
      vertex 2.242595290723115 4 -9.81428331305978
      vertex 2.391771452281811 4 -4.225752921804458
    endloop
  endfacet
  facet normal 0 1 0
    outer loop
      vertex 2.0887870286167542 4 -9.134796083837943
      vertex 2.391771452281811 4 -4.225752921804458
      vertex 2.217444482178185 4 -9.558922868516976
    endloop
  endfacet
  facet normal 0 1 0
    outer loop
      vertex 2.242595290723115 4 -9.81428331305978
      vertex 2.217444482178185 4 -9.558922868516976
      vertex 2.391771452281811 4 -4.225752921804458
    endloop
  endfacet
  facet normal -0.09801714032956178 0 0.9951847266721967
    outer loop
      vertex 0 4 -16.25
      vertex 1.2193145126008016 10 -16.12990800252019
      vertex 0 10 -16.25
    endloop
  endfacet
  facet normal -0.2902846772544605 0 0.9569403357322094
    outer loop
      vertex 1.2193145126008016 4 -16.12990800252019
      vertex 2.391771452281811 10 -15.774247078195543
      vertex 1.2193145126008016 10 -16.12990800252019
    endloop
  endfacet
  facet normal -0.47139673682599814 0 0.8819212643483548
    outer loop
      vertex 2.391771452281811 4 -15.774247078195543
      vertex 3.4723139563725134 4 -15.196685076890908
      vertex 3.4723139563725134 10 -15.196685076890908
    endloop
  endfacet
  facet normal -0.6343932841636454 0 0.773010453362737
    outer loop
      vertex 3.4723139563725134 4 -15.196685076890908
      vertex 4.419417382415922 4 -14.419417382415922
      vertex 4.419417382415922 10 -14.419417382415922
    endloop
  endfacet
  facet normal -0.7730104533627373 0 0.6343932841636449
    outer loop
      vertex 4.419417382415922 4 -14.419417382415922
      vertex 5.196685076890907 4 -13.472313956372513
      vertex 5.196685076890907 10 -13.472313956372513
    endloop
  endfacet
  facet normal 0 1 0
    outer loop
      vertex 2.391771452281811 4 -15.774247078195543
      vertex 2.391771452281811 4 -4.225752921804458
      vertex 3.4723139563725134 4 -15.196685076890908
    endloop
  endfacet
  facet normal 0 1 0
    outer loop
      vertex 3.4723139563725134 4 -15.196685076890908
      vertex 2.391771452281811 4 -4.225752921804458
      vertex 3.4723139563725134 4 -4.803314923109093
    endloop
  endfacet
  facet normal 0 1 0
    outer loop
      vertex 3.4723139563725134 4 -15.196685076890908
      vertex 3.4723139563725134 4 -4.803314923109093
      vertex 4.419417382415922 4 -14.419417382415922
    endloop
  endfacet
  facet normal 0 1 0
    outer loop
      vertex 4.419417382415922 4 -14.419417382415922
      vertex 4.419417382415922 4 -5.580582617584078
      vertex 5.196685076890907 4 -13.472313956372513
    endloop
  endfacet
  facet normal 0 1 0
    outer loop
      vertex 4.419417382415922 4 -14.419417382415922
      vertex 3.4723139563725134 4 -4.803314923109093
      vertex 4.419417382415922 4 -5.580582617584078
    endloop
  endfacet
  facet normal 0 1 0
    outer loop
      vertex 4.419417382415922 4 -5.580582617584078
      vertex 5.196685076890907 4 -6.527686043627487
      vertex 5.196685076890907 4 -13.472313956372513
    endloop
  endfacet
  facet normal -0.47139673682599814 0 0.8819212643483548
    outer loop
      vertex 2.391771452281811 4 -15.774247078195543
      vertex 3.4723139563725134 10 -15.196685076890908
      vertex 2.391771452281811 10 -15.774247078195543
    endloop
  endfacet
  facet normal -0.6343932841636454 0 0.773010453362737
    outer loop
      vertex 3.4723139563725134 4 -15.196685076890908
      vertex 4.419417382415922 10 -14.419417382415922
      vertex 3.4723139563725134 10 -15.196685076890908
    endloop
  endfacet
  facet normal -0.7730104533627373 0 0.6343932841636449
    outer loop
      vertex 4.419417382415922 4 -14.419417382415922
      vertex 5.196685076890907 10 -13.472313956372513
      vertex 4.419417382415922 10 -14.419417382415922
    endloop
  endfacet
  facet normal 0 1 0
    outer loop
      vertex 0 4 -7.739113212153299
      vertex 1.2193145126008016 4 -3.8700919974798094
      vertex 0.44107713148302263 4 -7.782555517821815
    endloop
  endfacet
  facet normal 0 1 0
    outer loop
      vertex 0 4 -7.739113212153299
      vertex 0 4 -3.75
      vertex 1.2193145126008016 4 -3.8700919974798094
    endloop
  endfacet
  facet normal 0 1 0
    outer loop
      vertex 0.44107713148302263 4 -7.782555517821815
      vertex 1.2193145126008016 4 -3.8700919974798094
      vertex 0.8652039161620579 4 -7.911212971383246
    endloop
  endfacet
  facet normal 0 1 0
    outer loop
      vertex 0.8652039161620579 4 -7.911212971383246
      vertex 1.2193145126008016 4 -3.8700919974798094
      vertex 1.2560813995549314 4 -8.120141339049157
    endloop
  endfacet
  facet normal -0.09801714032956034 0 -0.9951847266721968
    outer loop
      vertex 0 4 -3.75
      vertex 0 10 -3.75
      vertex 1.2193145126008016 4 -3.8700919974798094
    endloop
  endfacet
  facet normal 0 1 0
    outer loop
      vertex 1.5986883791814732 4 -8.401311620818527
      vertex 1.2193145126008016 4 -3.8700919974798094
      vertex 2.391771452281811 4 -4.225752921804458
    endloop
  endfacet
  facet normal -0.2902846772544625 0 -0.9569403357322088
    outer loop
      vertex 1.2193145126008016 4 -3.8700919974798094
      vertex 1.2193145126008016 10 -3.8700919974798094
      vertex 2.391771452281811 4 -4.225752921804458
    endloop
  endfacet
  facet normal -0.09801714032956034 0 -0.9951847266721968
    outer loop
      vertex 1.2193145126008016 4 -3.8700919974798094
      vertex 0 10 -3.75
      vertex 1.2193145126008016 10 -3.8700919974798094
    endloop
  endfacet
  facet normal -0.2902846772544625 0 -0.9569403357322088
    outer loop
      vertex 2.391771452281811 4 -4.225752921804458
      vertex 1.2193145126008016 10 -3.8700919974798094
      vertex 2.391771452281811 10 -4.225752921804458
    endloop
  endfacet
  facet normal -0.47139673682599814 0 -0.8819212643483548
    outer loop
      vertex 2.391771452281811 4 -4.225752921804458
      vertex 2.391771452281811 10 -4.225752921804458
      vertex 3.4723139563725134 4 -4.803314923109093
    endloop
  endfacet
  facet normal -0.6343932841636449 0 -0.7730104533627373
    outer loop
      vertex 3.4723139563725134 4 -4.803314923109093
      vertex 3.4723139563725134 10 -4.803314923109093
      vertex 4.419417382415922 4 -5.580582617584078
    endloop
  endfacet
  facet normal -0.7730104533627373 0 -0.6343932841636449
    outer loop
      vertex 4.419417382415922 4 -5.580582617584078
      vertex 4.419417382415922 10 -5.580582617584078
      vertex 5.196685076890907 4 -6.527686043627487
    endloop
  endfacet
  facet normal -0.47139673682599814 0 -0.8819212643483548
    outer loop
      vertex 2.391771452281811 10 -4.225752921804458
      vertex 3.4723139563725134 10 -4.803314923109093
      vertex 3.4723139563725134 4 -4.803314923109093
    endloop
  endfacet
  facet normal -0.6343932841636449 0 -0.7730104533627373
    outer loop
      vertex 4.419417382415922 4 -5.580582617584078
      vertex 3.4723139563725134 10 -4.803314923109093
      vertex 4.419417382415922 10 -5.580582617584078
    endloop
  endfacet
  facet normal -0.7730104533627373 0 -0.6343932841636449
    outer loop
      vertex 4.419417382415922 10 -5.580582617584078
      vertex 5.196685076890907 10 -6.527686043627487
      vertex 5.196685076890907 4 -6.527686043627487
    endloop
  endfacet
  facet normal 0 1 0
    outer loop
      vertex 5.196685076890907 4 -13.472313956372513
      vertex 5.196685076890907 4 -6.527686043627487
      vertex 5.774247078195542 4 -12.39177145228181
    endloop
  endfacet
  facet normal 0 1 0
    outer loop
      vertex 5.774247078195542 4 -12.39177145228181
      vertex 5.774247078195542 4 -7.6082285477181895
      vertex 6.129908002520191 4 -11.219314512600802
    endloop
  endfacet
  facet normal 0 1 0
    outer loop
      vertex 6.129908002520191 4 -11.219314512600802
      vertex 6.129908002520191 4 -8.780685487399198
      vertex 6.25 4 -10
    endloop
  endfacet
  facet normal 0 1 0
    outer loop
      vertex 5.774247078195542 4 -12.39177145228181
      vertex 5.196685076890907 4 -6.527686043627487
      vertex 5.774247078195542 4 -7.6082285477181895
    endloop
  endfacet
  facet normal 0 1 0
    outer loop
      vertex 6.129908002520191 4 -11.219314512600802
      vertex 5.774247078195542 4 -7.6082285477181895
      vertex 6.129908002520191 4 -8.780685487399198
    endloop
  endfacet
  facet normal -0.8819212643483548 0 0.471396736825998
    outer loop
      vertex 5.196685076890907 4 -13.472313956372513
      vertex 5.774247078195542 4 -12.39177145228181
      vertex 5.774247078195542 10 -12.39177145228181
    endloop
  endfacet
  facet normal -0.9569403357322088 0 0.2902846772544626
    outer loop
      vertex 5.774247078195542 4 -12.39177145228181
      vertex 6.129908002520191 4 -11.219314512600802
      vertex 6.129908002520191 10 -11.219314512600802
    endloop
  endfacet
  facet normal -0.9951847266721968 0 0.09801714032956034
    outer loop
      vertex 6.129908002520191 4 -11.219314512600802
      vertex 6.25 4 -10
      vertex 6.25 10 -10
    endloop
  endfacet
  facet normal -0.8819212643483548 0 -0.471396736825998
    outer loop
      vertex 5.774247078195542 4 -7.6082285477181895
      vertex 5.196685076890907 4 -6.527686043627487
      vertex 5.196685076890907 10 -6.527686043627487
    endloop
  endfacet
  facet normal -0.9951847266721968 0 -0.09801714032956034
    outer loop
      vertex 6.129908002520191 4 -8.780685487399198
      vertex 6.129908002520191 10 -8.780685487399198
      vertex 6.25 4 -10
    endloop
  endfacet
  facet normal -0.9569403357322088 0 -0.2902846772544626
    outer loop
      vertex 6.129908002520191 4 -8.780685487399198
      vertex 5.774247078195542 4 -7.6082285477181895
      vertex 5.774247078195542 10 -7.6082285477181895
    endloop
  endfacet
  facet normal -0.8819212643483548 0 0.471396736825998
    outer loop
      vertex 5.196685076890907 4 -13.472313956372513
      vertex 5.774247078195542 10 -12.39177145228181
      vertex 5.196685076890907 10 -13.472313956372513
    endloop
  endfacet
  facet normal -0.9569403357322088 0 0.2902846772544626
    outer loop
      vertex 5.774247078195542 4 -12.39177145228181
      vertex 6.129908002520191 10 -11.219314512600802
      vertex 5.774247078195542 10 -12.39177145228181
    endloop
  endfacet
  facet normal -0.9951847266721968 0 0.09801714032956034
    outer loop
      vertex 6.129908002520191 4 -11.219314512600802
      vertex 6.25 10 -10
      vertex 6.129908002520191 10 -11.219314512600802
    endloop
  endfacet
  facet normal -0.8819212643483548 0 -0.471396736825998
    outer loop
      vertex 5.774247078195542 4 -7.6082285477181895
      vertex 5.196685076890907 10 -6.527686043627487
      vertex 5.774247078195542 10 -7.6082285477181895
    endloop
  endfacet
  facet normal -0.9951847266721968 0 -0.09801714032956034
    outer loop
      vertex 6.25 4 -10
      vertex 6.129908002520191 10 -8.780685487399198
      vertex 6.25 10 -10
    endloop
  endfacet
  facet normal -0.9569403357322088 0 -0.2902846772544626
    outer loop
      vertex 6.129908002520191 4 -8.780685487399198
      vertex 5.774247078195542 10 -7.6082285477181895
      vertex 6.129908002520191 10 -8.780685487399198
    endloop
  endfacet
  facet normal 0.7730104533627373 0 0.6343932841636449
    outer loop
      vertex -4.419417382415922 -4 5.580582617584078
      vertex -5.196685076890907 -10 6.527686043627487
      vertex -4.419417382415922 -10 5.580582617584078
    endloop
  endfacet
  facet normal 0.6343932841636449 0 0.7730104533627373
    outer loop
      vertex -3.4723139563725134 -4 4.803314923109093
      vertex -4.419417382415922 -10 5.580582617584078
      vertex -3.4723139563725134 -10 4.803314923109093
    endloop
  endfacet
  facet normal 0.47139673682599814 0 0.8819212643483548
    outer loop
      vertex -2.391771452281811 -4 4.225752921804458
      vertex -3.4723139563725134 -10 4.803314923109093
      vertex -2.391771452281811 -10 4.225752921804458
    endloop
  endfacet
  facet normal 0.7730104533627373 0 0.6343932841636449
    outer loop
      vertex -5.196685076890907 -4 6.527686043627487
      vertex -5.196685076890907 -10 6.527686043627487
      vertex -4.419417382415922 -4 5.580582617584078
    endloop
  endfacet
  facet normal 0.6343932841636449 0 0.7730104533627373
    outer loop
      vertex -4.419417382415922 -4 5.580582617584078
      vertex -4.419417382415922 -10 5.580582617584078
      vertex -3.4723139563725134 -4 4.803314923109093
    endloop
  endfacet
  facet normal 0.47139673682599814 0 0.8819212643483548
    outer loop
      vertex -3.4723139563725134 -4 4.803314923109093
      vertex -3.4723139563725134 -10 4.803314923109093
      vertex -2.391771452281811 -4 4.225752921804458
    endloop
  endfacet
  facet normal 0.2902846772544625 0 0.9569403357322088
    outer loop
      vertex -1.2193145126008016 -4 3.8700919974798094
      vertex -2.391771452281811 -10 4.225752921804458
      vertex -1.2193145126008016 -10 3.8700919974798094
    endloop
  endfacet
  facet normal 0.09801714032956034 0 0.9951847266721968
    outer loop
      vertex 0 -4 3.75
      vertex -1.2193145126008016 -10 3.8700919974798094
      vertex 0 -10 3.75
    endloop
  endfacet
  facet normal 0.2902846772544625 0 0.9569403357322088
    outer loop
      vertex -2.391771452281811 -4 4.225752921804458
      vertex -2.391771452281811 -10 4.225752921804458
      vertex -1.2193145126008016 -4 3.8700919974798094
    endloop
  endfacet
  facet normal 0 -1 0
    outer loop
      vertex -2.391771452281811 -4 4.225752921804458
      vertex -1.2193145126008016 -4 3.8700919974798094
      vertex -1.2560813995549314 -4 8.120141339049157
    endloop
  endfacet
  facet normal 0.09801714032956034 0 0.9951847266721968
    outer loop
      vertex -1.2193145126008016 -4 3.8700919974798094
      vertex -1.2193145126008016 -10 3.8700919974798094
      vertex 0 -4 3.75
    endloop
  endfacet
  facet normal 0 -1 0
    outer loop
      vertex -1.2193145126008016 -4 3.8700919974798094
      vertex -0.8652039161620579 -4 7.911212971383246
      vertex -1.2560813995549314 -4 8.120141339049157
    endloop
  endfacet
  facet normal 0 -1 0
    outer loop
      vertex -1.2193145126008016 -4 3.8700919974798094
      vertex -0.44107713148302263 -4 7.782555517821815
      vertex -0.8652039161620579 -4 7.911212971383246
    endloop
  endfacet
  facet normal 0 -1 0
    outer loop
      vertex -1.2193145126008016 -4 3.8700919974798094
      vertex 0 -4 3.75
      vertex 0 -4 7.739113212153299
    endloop
  endfacet
  facet normal 0 -1 0
    outer loop
      vertex -1.2193145126008016 -4 3.8700919974798094
      vertex 0 -4 7.739113212153299
      vertex -0.44107713148302263 -4 7.782555517821815
    endloop
  endfacet
  facet normal 0.9569403357322088 -1.6391211715849874e-16 -0.2902846772544623
    outer loop
      vertex -5.774247078195542 -8.36788854553541 12.39177145228181
      vertex -5.979322389139752 -10 11.715728752538098
      vertex -6.129908002520191 -10 11.219314512600802
    endloop
  endfacet
  facet normal 0.9569403357322088 0 0.2902846772544626
    outer loop
      vertex -5.774247078195542 -4 7.6082285477181895
      vertex -6.129908002520191 -10 8.780685487399198
      vertex -5.774247078195542 -10 7.6082285477181895
    endloop
  endfacet
  facet normal 0.9951847266721968 0 0.09801714032956034
    outer loop
      vertex -6.129908002520191 -4 8.780685487399198
      vertex -6.25 -10 10
      vertex -6.129908002520191 -10 8.780685487399198
    endloop
  endfacet
  facet normal 0.8819212643483548 0 0.471396736825998
    outer loop
      vertex -5.196685076890907 -4 6.527686043627487
      vertex -5.774247078195542 -10 7.6082285477181895
      vertex -5.196685076890907 -10 6.527686043627487
    endloop
  endfacet
  facet normal 0.9951847266721968 0 -0.09801714032956034
    outer loop
      vertex -6.25 -4 10
      vertex -6.129908002520191 -10 11.219314512600802
      vertex -6.25 -10 10
    endloop
  endfacet
  facet normal 0.9569403357322088 0 -0.2902846772544626
    outer loop
      vertex -5.774247078195542 -8.36788854553541 12.39177145228181
      vertex -6.129908002520191 -10 11.219314512600802
      vertex -6.129908002520191 -4 11.219314512600802
    endloop
  endfacet
  facet normal 0.9569403357322088 0 0.2902846772544626
    outer loop
      vertex -6.129908002520191 -4 8.780685487399198
      vertex -6.129908002520191 -10 8.780685487399198
      vertex -5.774247078195542 -4 7.6082285477181895
    endloop
  endfacet
  facet normal 0.9951847266721968 0 0.09801714032956034
    outer loop
      vertex -6.129908002520191 -4 8.780685487399198
      vertex -6.25 -4 10
      vertex -6.25 -10 10
    endloop
  endfacet
  facet normal 0.8819212643483548 0 0.471396736825998
    outer loop
      vertex -5.774247078195542 -4 7.6082285477181895
      vertex -5.774247078195542 -10 7.6082285477181895
      vertex -5.196685076890907 -4 6.527686043627487
    endloop
  endfacet
  facet normal 0.9951847266721968 0 -0.09801714032956034
    outer loop
      vertex -6.25 -4 10
      vertex -6.129908002520191 -4 11.219314512600802
      vertex -6.129908002520191 -10 11.219314512600802
    endloop
  endfacet
  facet normal 0.8819212643483549 0 -0.471396736825998
    outer loop
      vertex -5.774247078195542 -8.36788854553541 12.39177145228181
      vertex -5.774247078195542 -4 12.39177145228181
      vertex -5.196685076890907 -5.759228177439049 13.472313956372513
    endloop
  endfacet
  facet normal 0 -1 0
    outer loop
      vertex -6.129908002520191 -4 8.780685487399198
      vertex -6.129908002520191 -4 11.219314512600802
      vertex -6.25 -4 10
    endloop
  endfacet
  facet normal 0 -1 0
    outer loop
      vertex -6.129908002520191 -4 8.780685487399198
      vertex -5.774247078195542 -4 7.6082285477181895
      vertex -5.774247078195542 -4 12.39177145228181
    endloop
  endfacet
  facet normal 0 -1 0
    outer loop
      vertex -5.774247078195542 -4 7.6082285477181895
      vertex -5.196685076890907 -4 6.527686043627487
      vertex -5.196685076890907 -4 13.472313956372513
    endloop
  endfacet
  facet normal 0.9569403357322088 0 -0.29028467725446255
    outer loop
      vertex -5.774247078195542 -8.36788854553541 12.39177145228181
      vertex -6.129908002520191 -4 11.219314512600802
      vertex -5.774247078195542 -4 12.39177145228181
    endloop
  endfacet
  facet normal 0 -1 0
    outer loop
      vertex -6.129908002520191 -4 8.780685487399198
      vertex -5.774247078195542 -4 12.39177145228181
      vertex -6.129908002520191 -4 11.219314512600802
    endloop
  endfacet
  facet normal 0 -1 0
    outer loop
      vertex -5.774247078195542 -4 7.6082285477181895
      vertex -5.196685076890907 -4 13.472313956372513
      vertex -5.774247078195542 -4 12.39177145228181
    endloop
  endfacet
  facet normal 0.8819212643483548 0 -0.4713967368259979
    outer loop
      vertex -5.196685076890907 -5.759228177439049 13.472313956372513
      vertex -5.774247078195542 -4 12.39177145228181
      vertex -5.196685076890907 -4 13.472313956372513
    endloop
  endfacet
  facet normal 0 -1 0
    outer loop
      vertex -5.196685076890907 -4 6.527686043627487
      vertex -4.419417382415922 -4 5.580582617584078
      vertex -4.419417382415922 -4 13.89213562373095
    endloop
  endfacet
  facet normal 0 -1 0
    outer loop
      vertex -4.419417382415922 -4 5.580582617584078
      vertex -3.4723139563725134 -4 4.803314923109093
      vertex -3.4723139563725134 -4 12.792913108609957
    endloop
  endfacet
  facet normal 0 -1 0
    outer loop
      vertex -5.196685076890907 -4 6.527686043627487
      vertex -4.419417382415922 -4 13.89213562373095
      vertex -5.196685076890907 -4 13.472313956372513
    endloop
  endfacet
  facet normal 0 -1 0
    outer loop
      vertex -4.419417382415922 -4 5.580582617584078
      vertex -3.4723139563725134 -4 12.792913108609957
      vertex -4.419417382415922 -4 13.89213562373095
    endloop
  endfacet
  facet normal 0 -1 0
    outer loop
      vertex -3.4723139563725134 -4 4.803314923109093
      vertex -2.391771452281811 -4 4.225752921804458
      vertex -2.391771452281811 -4 11.976117093253595
    endloop
  endfacet
  facet normal 0 -1 0
    outer loop
      vertex -3.4723139563725134 -4 4.803314923109093
      vertex -2.391771452281811 -4 11.976117093253595
      vertex -3.4723139563725134 -4 12.792913108609957
    endloop
  endfacet
  facet normal 0.7730104533627372 0 -0.6343932841636449
    outer loop
      vertex -5.196685076890907 -5.759228177439049 13.472313956372513
      vertex -5.196685076890907 -4 13.472313956372513
      vertex -4.5986595848821485 -4 14.201010126776671
    endloop
  endfacet
  facet normal 0 -1 0
    outer loop
      vertex -5.196685076890907 -4 13.472313956372513
      vertex -4.419417382415922 -4 13.89213562373095
      vertex -4.5986595848821485 -4 14.201010126776671
    endloop
  endfacet
  facet normal 0.7730104533627377 0 -0.6343932841636447
    outer loop
      vertex -4.5986595848821485 -4 14.201010126776671
      vertex -4.419417382415922 -4 14.419417382415922
      vertex -4.419417382415922 -4.218407255639251 14.419417382415922
    endloop
  endfacet
  facet normal 0.6343932841636454 0 -0.773010453362737
    outer loop
      vertex -4.419417382415922 -4.218407255639251 14.419417382415922
      vertex -4.419417382415922 -4 14.419417382415922
      vertex -3.4723139563725134 -4 15.196685076890908
    endloop
  endfacet
  facet normal 0 -1 0
    outer loop
      vertex -4.5986595848821485 -4 14.201010126776671
      vertex -3.4723139563725134 -4 15.196685076890908
      vertex -4.419417382415922 -4 14.419417382415922
    endloop
  endfacet
  facet normal 0.6343932841636455 0 -0.773010453362737
    outer loop
      vertex -4.419417382415922 -4.218407255639251 14.419417382415922
      vertex -3.4723139563725134 -4 15.196685076890908
      vertex -3.4723139563725134 -4.995674950114237 15.196685076890908
    endloop
  endfacet
  facet normal 0 -1 0
    outer loop
      vertex -4.5986595848821485 -4 14.201010126776671
      vertex -2.391771452281811 -4 15.774247078195543
      vertex -3.4723139563725134 -4 15.196685076890908
    endloop
  endfacet
  facet normal 0.4713967368259981 0 -0.8819212643483548
    outer loop
      vertex -3.4723139563725134 -4.995674950114237 15.196685076890908
      vertex -2.391771452281811 -4 15.774247078195543
      vertex -2.391771452281811 -5.573236951418874 15.774247078195543
    endloop
  endfacet
  facet normal 0.4713967368259981 0 -0.8819212643483547
    outer loop
      vertex -3.4723139563725134 -4.995674950114237 15.196685076890908
      vertex -3.4723139563725134 -4 15.196685076890908
      vertex -2.391771452281811 -4 15.774247078195543
    endloop
  endfacet
  facet normal 0 -1 0
    outer loop
      vertex -4.5986595848821485 -4 14.201010126776671
      vertex -1.2193145126008016 -4 16.12990800252019
      vertex -2.391771452281811 -4 15.774247078195543
    endloop
  endfacet
  facet normal 0 -1 0
    outer loop
      vertex -2.391771452281811 -4 4.225752921804458
      vertex -2.217444482178185 -4 9.558922868516976
      vertex -2.2608867878467005 -4 10
    endloop
  endfacet
  facet normal 0 -1 0
    outer loop
      vertex -2.391771452281811 -4 4.225752921804458
      vertex -2.0887870286167542 -4 9.134796083837943
      vertex -2.217444482178185 -4 9.558922868516976
    endloop
  endfacet
  facet normal 0 -1 0
    outer loop
      vertex -2.391771452281811 -4 4.225752921804458
      vertex -1.879858660950843 -4 8.743918600445069
      vertex -2.0887870286167542 -4 9.134796083837943
    endloop
  endfacet
  facet normal 0 -1 0
    outer loop
      vertex -2.391771452281811 -4 4.225752921804458
      vertex -1.5986883791814732 -4 8.401311620818527
      vertex -1.879858660950843 -4 8.743918600445069
    endloop
  endfacet
  facet normal 0 -1 0
    outer loop
      vertex -2.391771452281811 -4 4.225752921804458
      vertex -2.2608867878467005 -4 10
      vertex -2.391771452281811 -4 11.976117093253595
    endloop
  endfacet
  facet normal 0 -1 0
    outer loop
      vertex -2.391771452281811 -4 4.225752921804458
      vertex -1.2560813995549314 -4 8.120141339049157
      vertex -1.5986883791814732 -4 8.401311620818527
    endloop
  endfacet
  facet normal 0 -1 0
    outer loop
      vertex -2.391771452281811 -4 11.976117093253595
      vertex -2.2608867878467005 -4 10
      vertex -2.217444482178185 -4 10.441077131483024
    endloop
  endfacet
  facet normal 0 -1 0
    outer loop
      vertex -2.391771452281811 -4 11.976117093253595
      vertex -2.217444482178185 -4 10.441077131483024
      vertex -2.0887870286167542 -4 10.865203916162057
    endloop
  endfacet
  facet normal 0 -1 0
    outer loop
      vertex -2.391771452281811 -4 11.976117093253595
      vertex -2.0887870286167542 -4 10.865203916162057
      vertex -1.879858660950843 -4 11.256081399554931
    endloop
  endfacet
  facet normal 0 -1 0
    outer loop
      vertex -2.391771452281811 -4 11.976117093253595
      vertex -1.879858660950843 -4 11.256081399554931
      vertex -1.5986883791814732 -4 11.598688379181473
    endloop
  endfacet
  facet normal 0 -1 0
    outer loop
      vertex -2.391771452281811 -4 11.976117093253595
      vertex -1.5986883791814732 -4 11.598688379181473
      vertex -1.5689218908463891 -4 11.623117104835526
    endloop
  endfacet
  facet normal 0.2902846772544606 2.568810230386588e-15 -0.9569403357322094
    outer loop
      vertex -2.391771452281811 -5.573236951418874 15.774247078195543
      vertex -1.2560813995549314 -5.364859120773653 16.11875488929609
      vertex -1.5689218908463884 -5.822845636988064 16.023855763764733
    endloop
  endfacet
  facet normal 0.29028467725446105 0 -0.9569403357322093
    outer loop
      vertex -2.391771452281811 -5.573236951418874 15.774247078195543
      vertex -2.391771452281811 -4 15.774247078195543
      vertex -1.2560813995549314 -5.364859120773653 16.11875488929609
    endloop
  endfacet
  facet normal 0 -1 0
    outer loop
      vertex -4.5986595848821485 -4 14.201010126776671
      vertex 0 -4 16.25
      vertex -1.2193145126008016 -4 16.12990800252019
    endloop
  endfacet
  facet normal 0.29028467725445134 -8.826578242515579e-15 -0.9569403357322122
    outer loop
      vertex -1.2560813995549314 -5.364859120773653 16.11875488929609
      vertex -2.391771452281811 -4 15.774247078195543
      vertex -1.2193145126008016 -5.325913443492609 16.12990800252019
    endloop
  endfacet
  facet normal 0.2902846772544605 0 -0.9569403357322094
    outer loop
      vertex -1.2193145126008016 -5.325913443492609 16.12990800252019
      vertex -2.391771452281811 -4 15.774247078195543
      vertex -1.2193145126008016 -4 16.12990800252019
    endloop
  endfacet
  facet normal 0.09801714032955933 0 -0.995184726672197
    outer loop
      vertex -1.2193145126008016 -5.325913443492609 16.12990800252019
      vertex -1.2193145126008016 -4 16.12990800252019
      vertex -0.8652039161620579 -5.023359826845056 16.164784852107083
    endloop
  endfacet
  facet normal 0 -1 0
    outer loop
      vertex -4.5986595848821485 -4 14.201010126776671
      vertex 1.2193145126008016 -4 16.12990800252019
      vertex 0 -4 16.25
    endloop
  endfacet
  facet normal 0.09801714032956109 6.121682184307908e-16 -0.9951847266721968
    outer loop
      vertex -0.8652039161620579 -5.023359826845056 16.164784852107083
      vertex -1.2193145126008016 -4 16.12990800252019
      vertex -0.44107713148302263 -4.7996378688936945 16.206557694331483
    endloop
  endfacet
  facet normal 0.09801714032956342 2.92549395724581e-15 -0.9951847266721965
    outer loop
      vertex -1.2193145126008016 -4 16.12990800252019
      vertex 0 -4.694758865368005 16.25
      vertex -0.44107713148302263 -4.7996378688936945 16.206557694331483
    endloop
  endfacet
  facet normal 0.09801714032956177 0 -0.9951847266721967
    outer loop
      vertex -1.2193145126008016 -4 16.12990800252019
      vertex 0 -4 16.25
      vertex 0 -4.694758865368005 16.25
    endloop
  endfacet
  facet normal 0 -1 0
    outer loop
      vertex -4.5986595848821485 -4 14.201010126776671
      vertex 2.391771452281811 -4 15.774247078195543
      vertex 1.2193145126008016 -4 16.12990800252019
    endloop
  endfacet
  facet normal -0.09801714032956034 0 0.9951847266721968
    outer loop
      vertex 1.2193145126008016 -4 3.8700919974798094
      vertex 0 -10 3.75
      vertex 1.2193145126008016 -10 3.8700919974798094
    endloop
  endfacet
  facet normal -0.2902846772544625 0 0.9569403357322088
    outer loop
      vertex 2.391771452281811 -4 4.225752921804458
      vertex 1.2193145126008016 -10 3.8700919974798094
      vertex 2.391771452281811 -10 4.225752921804458
    endloop
  endfacet
  facet normal -0.09801714032956034 0 0.9951847266721968
    outer loop
      vertex 0 -4 3.75
      vertex 0 -10 3.75
      vertex 1.2193145126008016 -4 3.8700919974798094
    endloop
  endfacet
  facet normal 0 -1 0
    outer loop
      vertex 0 -4 3.75
      vertex 1.2193145126008016 -4 3.8700919974798094
      vertex 0 -4 7.739113212153299
    endloop
  endfacet
  facet normal 0 -1 0
    outer loop
      vertex 0 -4 7.739113212153299
      vertex 1.2193145126008016 -4 3.8700919974798094
      vertex 0.44107713148302263 -4 7.782555517821815
    endloop
  endfacet
  facet normal 0 -1 0
    outer loop
      vertex 0.44107713148302263 -4 7.782555517821815
      vertex 1.2193145126008016 -4 3.8700919974798094
      vertex 0.8652039161620579 -4 7.911212971383246
    endloop
  endfacet
  facet normal 0 -1 0
    outer loop
      vertex 1.2193145126008016 -4 3.8700919974798094
      vertex 1.2560813995549314 -4 8.120141339049157
      vertex 0.8652039161620579 -4 7.911212971383246
    endloop
  endfacet
  facet normal -0.2902846772544625 0 0.9569403357322088
    outer loop
      vertex 1.2193145126008016 -4 3.8700919974798094
      vertex 1.2193145126008016 -10 3.8700919974798094
      vertex 2.391771452281811 -4 4.225752921804458
    endloop
  endfacet
  facet normal 0 -1 0
    outer loop
      vertex 1.2193145126008016 -4 3.8700919974798094
      vertex 2.391771452281811 -4 4.225752921804458
      vertex 1.5986883791814732 -4 8.401311620818527
    endloop
  endfacet
  facet normal -0.47139673682599814 0 0.8819212643483548
    outer loop
      vertex 3.4723139563725134 -4 4.803314923109093
      vertex 2.391771452281811 -10 4.225752921804458
      vertex 3.4723139563725134 -10 4.803314923109093
    endloop
  endfacet
  facet normal -0.6343932841636449 0 0.7730104533627373
    outer loop
      vertex 4.419417382415922 -4 5.580582617584078
      vertex 3.4723139563725134 -10 4.803314923109093
      vertex 4.419417382415922 -10 5.580582617584078
    endloop
  endfacet
  facet normal -0.7730104533627373 0 0.6343932841636449
    outer loop
      vertex 5.196685076890907 -4 6.527686043627487
      vertex 4.419417382415922 -10 5.580582617584078
      vertex 5.196685076890907 -10 6.527686043627487
    endloop
  endfacet
  facet normal -0.47139673682599814 0 0.8819212643483548
    outer loop
      vertex 2.391771452281811 -4 4.225752921804458
      vertex 2.391771452281811 -10 4.225752921804458
      vertex 3.4723139563725134 -4 4.803314923109093
    endloop
  endfacet
  facet normal -0.6343932841636449 0 0.7730104533627373
    outer loop
      vertex 3.4723139563725134 -4 4.803314923109093
      vertex 3.4723139563725134 -10 4.803314923109093
      vertex 4.419417382415922 -4 5.580582617584078
    endloop
  endfacet
  facet normal -0.7730104533627373 0 0.6343932841636449
    outer loop
      vertex 4.419417382415922 -4 5.580582617584078
      vertex 4.419417382415922 -10 5.580582617584078
      vertex 5.196685076890907 -4 6.527686043627487
    endloop
  endfacet
  facet normal 0 -1 0
    outer loop
      vertex 1.2193145126008016 -4 3.8700919974798094
      vertex 1.5986883791814732 -4 8.401311620818527
      vertex 1.2560813995549314 -4 8.120141339049157
    endloop
  endfacet
  facet normal 0 -1 0
    outer loop
      vertex 1.5986883791814732 -4 8.401311620818527
      vertex 2.391771452281811 -4 4.225752921804458
      vertex 1.879858660950843 -4 8.743918600445069
    endloop
  endfacet
  facet normal 0 -1 0
    outer loop
      vertex 1.879858660950843 -4 8.743918600445069
      vertex 2.391771452281811 -4 4.225752921804458
      vertex 2.0887870286167542 -4 9.134796083837943
    endloop
  endfacet
  facet normal 0 -1 0
    outer loop
      vertex 2.391771452281811 -4 4.225752921804458
      vertex 2.217444482178185 -4 9.558922868516976
      vertex 2.0887870286167542 -4 9.134796083837943
    endloop
  endfacet
  facet normal 0 -1 0
    outer loop
      vertex 2.391771452281811 -4 4.225752921804458
      vertex 2.2608867878467005 -4 10
      vertex 2.217444482178185 -4 9.558922868516976
    endloop
  endfacet
  facet normal 0 -1 0
    outer loop
      vertex 2.391771452281811 -4 4.225752921804458
      vertex 2.391771452281811 -4 11.976117093253595
      vertex 2.2608867878467005 -4 10
    endloop
  endfacet
  facet normal 0 -1 0
    outer loop
      vertex 1.568921890846389 -4 11.623117104835526
      vertex 1.5986883791814732 -4 11.598688379181473
      vertex 2.391771452281811 -4 11.976117093253595
    endloop
  endfacet
  facet normal 0 -1 0
    outer loop
      vertex 1.5986883791814732 -4 11.598688379181473
      vertex 1.879858660950843 -4 11.256081399554931
      vertex 2.391771452281811 -4 11.976117093253595
    endloop
  endfacet
  facet normal 0 -1 0
    outer loop
      vertex 1.879858660950843 -4 11.256081399554931
      vertex 2.0887870286167542 -4 10.865203916162057
      vertex 2.391771452281811 -4 11.976117093253595
    endloop
  endfacet
  facet normal 0 -1 0
    outer loop
      vertex 2.217444482178185 -4 10.441077131483024
      vertex 2.2608867878467005 -4 10
      vertex 2.391771452281811 -4 11.976117093253595
    endloop
  endfacet
  facet normal 0 -1 0
    outer loop
      vertex 2.0887870286167542 -4 10.865203916162057
      vertex 2.217444482178185 -4 10.441077131483024
      vertex 2.391771452281811 -4 11.976117093253595
    endloop
  endfacet
  facet normal 0 -1 0
    outer loop
      vertex -4.5986595848821485 -4 14.201010126776671
      vertex 3.4723139563725134 -4 15.196685076890908
      vertex 2.391771452281811 -4 15.774247078195543
    endloop
  endfacet
  facet normal -0.0980171403295641 0 -0.9951847266721966
    outer loop
      vertex 0 -4.694758865368005 16.25
      vertex 0 -4 16.25
      vertex 0.44107713148302263 -4.7996378688936945 16.206557694331483
    endloop
  endfacet
  facet normal -0.09801714032956178 1.2960923375352632e-15 -0.9951847266721968
    outer loop
      vertex 0 -4 16.25
      vertex 1.2193145126008016 -4 16.12990800252019
      vertex 0.44107713148302263 -4.7996378688936945 16.206557694331483
    endloop
  endfacet
  facet normal -0.09801714032955933 0 -0.995184726672197
    outer loop
      vertex 0.8652039161620579 -5.023359826845056 16.164784852107083
      vertex 1.2193145126008016 -4 16.12990800252019
      vertex 1.2193145126008016 -5.325913443492609 16.12990800252019
    endloop
  endfacet
  facet normal 0 -1 0
    outer loop
      vertex -4.5986595848821485 -4 14.201010126776671
      vertex 4.419417382415922 -4 14.419417382415922
      vertex 3.4723139563725134 -4 15.196685076890908
    endloop
  endfacet
  facet normal -0.09801714032956109 6.121682184307908e-16 -0.9951847266721968
    outer loop
      vertex 0.8652039161620579 -5.023359826845056 16.164784852107083
      vertex 0.44107713148302263 -4.7996378688936945 16.206557694331483
      vertex 1.2193145126008016 -4 16.12990800252019
    endloop
  endfacet
  facet normal -0.2902846772544514 -8.826578242515579e-15 -0.9569403357322122
    outer loop
      vertex 1.2193145126008016 -5.325913443492609 16.12990800252019
      vertex 2.391771452281811 -4 15.774247078195543
      vertex 1.2560813995549314 -5.364859120773653 16.11875488929609
    endloop
  endfacet
  facet normal -0.29028467725446244 1.2619594190598729e-15 -0.9569403357322088
    outer loop
      vertex 1.2560813995549314 -5.364859120773653 16.11875488929609
      vertex 2.391771452281811 -4 15.774247078195543
      vertex 1.5689218908463884 -5.822845636988064 16.023855763764733
    endloop
  endfacet
  facet normal 0 -1 0
    outer loop
      vertex -4.5986595848821485 -4 14.201010126776671
      vertex 4.5986595848821485 -4 14.201010126776671
      vertex 4.419417382415922 -4 14.419417382415922
    endloop
  endfacet
  facet normal -0.2902846772544605 0 -0.9569403357322094
    outer loop
      vertex 1.2193145126008016 -5.325913443492609 16.12990800252019
      vertex 1.2193145126008016 -4 16.12990800252019
      vertex 2.391771452281811 -4 15.774247078195543
    endloop
  endfacet
  facet normal -0.2902846772544599 0 -0.9569403357322096
    outer loop
      vertex 1.5689218908463884 -5.822845636988064 16.023855763764733
      vertex 2.391771452281811 -4 15.774247078195543
      vertex 2.391771452281811 -5.573236951418874 15.774247078195543
    endloop
  endfacet
  facet normal 0 -1 0
    outer loop
      vertex 2.391771452281811 -4 4.225752921804458
      vertex 3.4723139563725134 -4 4.803314923109093
      vertex 3.4723139563725134 -4 12.792913108609957
    endloop
  endfacet
  facet normal 0 -1 0
    outer loop
      vertex 2.391771452281811 -4 4.225752921804458
      vertex 3.4723139563725134 -4 12.792913108609957
      vertex 2.391771452281811 -4 11.976117093253595
    endloop
  endfacet
  facet normal 0 -1 0
    outer loop
      vertex 3.4723139563725134 -4 4.803314923109093
      vertex 4.419417382415922 -4 5.580582617584078
      vertex 4.419417382415922 -4 13.89213562373095
    endloop
  endfacet
  facet normal 0 -1 0
    outer loop
      vertex 4.419417382415922 -4 5.580582617584078
      vertex 5.196685076890907 -4 6.527686043627487
      vertex 5.196685076890907 -4 13.472313956372513
    endloop
  endfacet
  facet normal 0 -1 0
    outer loop
      vertex 3.4723139563725134 -4 4.803314923109093
      vertex 4.419417382415922 -4 13.89213562373095
      vertex 3.4723139563725134 -4 12.792913108609957
    endloop
  endfacet
  facet normal 0 -1 0
    outer loop
      vertex 4.419417382415922 -4 5.580582617584078
      vertex 5.196685076890907 -4 13.472313956372513
      vertex 4.419417382415922 -4 13.89213562373095
    endloop
  endfacet
  facet normal -0.4713967368259981 0 -0.8819212643483548
    outer loop
      vertex 2.391771452281811 -5.573236951418874 15.774247078195543
      vertex 2.391771452281811 -4 15.774247078195543
      vertex 3.4723139563725134 -4.995674950114237 15.196685076890908
    endloop
  endfacet
  facet normal -0.4713967368259981 0 -0.8819212643483547
    outer loop
      vertex 2.391771452281811 -4 15.774247078195543
      vertex 3.4723139563725134 -4 15.196685076890908
      vertex 3.4723139563725134 -4.995674950114237 15.196685076890908
    endloop
  endfacet
  facet normal -0.6343932841636454 0 -0.773010453362737
    outer loop
      vertex 3.4723139563725134 -4.995674950114237 15.196685076890908
      vertex 3.4723139563725134 -4 15.196685076890908
      vertex 4.419417382415922 -4.218407255639251 14.419417382415922
    endloop
  endfacet
  facet normal -0.6343932841636454 0 -0.773010453362737
    outer loop
      vertex 3.4723139563725134 -4 15.196685076890908
      vertex 4.419417382415922 -4 14.419417382415922
      vertex 4.419417382415922 -4.218407255639251 14.419417382415922
    endloop
  endfacet
  facet normal -0.7730104533627377 0 -0.6343932841636447
    outer loop
      vertex 4.419417382415922 -4.218407255639251 14.419417382415922
      vertex 4.419417382415922 -4 14.419417382415922
      vertex 4.5986595848821485 -4 14.201010126776671
    endloop
  endfacet
  facet normal -0.7730104533627372 0 -0.6343932841636449
    outer loop
      vertex 5.196685076890907 -5.759228177439049 13.472313956372513
      vertex 4.5986595848821485 -4 14.201010126776671
      vertex 5.196685076890907 -4 13.472313956372513
    endloop
  endfacet
  facet normal 0 -1 0
    outer loop
      vertex 4.419417382415922 -4 13.89213562373095
      vertex 5.196685076890907 -4 13.472313956372513
      vertex 4.5986595848821485 -4 14.201010126776671
    endloop
  endfacet
  facet normal -0.9569403357322088 -1.6391211715849874e-16 -0.2902846772544623
    outer loop
      vertex 5.774247078195542 -8.36788854553541 12.39177145228181
      vertex 6.129908002520191 -10 11.219314512600802
      vertex 5.979322389139752 -10 11.715728752538098
    endloop
  endfacet
  facet normal -0.8819212643483548 0 0.471396736825998
    outer loop
      vertex 5.774247078195542 -4 7.6082285477181895
      vertex 5.196685076890907 -10 6.527686043627487
      vertex 5.774247078195542 -10 7.6082285477181895
    endloop
  endfacet
  facet normal -0.9569403357322088 0 0.2902846772544626
    outer loop
      vertex 6.129908002520191 -4 8.780685487399198
      vertex 5.774247078195542 -10 7.6082285477181895
      vertex 6.129908002520191 -10 8.780685487399198
    endloop
  endfacet
  facet normal -0.9951847266721968 0 0.09801714032956034
    outer loop
      vertex 6.25 -4 10
      vertex 6.129908002520191 -10 8.780685487399198
      vertex 6.25 -10 10
    endloop
  endfacet
  facet normal -0.9951847266721968 0 -0.09801714032956034
    outer loop
      vertex 6.129908002520191 -4 11.219314512600802
      vertex 6.25 -10 10
      vertex 6.129908002520191 -10 11.219314512600802
    endloop
  endfacet
  facet normal -0.9569403357322088 0 -0.29028467725446255
    outer loop
      vertex 5.774247078195542 -8.36788854553541 12.39177145228181
      vertex 5.774247078195542 -4 12.39177145228181
      vertex 6.129908002520191 -10 11.219314512600802
    endloop
  endfacet
  facet normal -0.8819212643483548 0 0.471396736825998
    outer loop
      vertex 5.196685076890907 -4 6.527686043627487
      vertex 5.196685076890907 -10 6.527686043627487
      vertex 5.774247078195542 -4 7.6082285477181895
    endloop
  endfacet
  facet normal -0.9569403357322088 0 0.2902846772544626
    outer loop
      vertex 5.774247078195542 -4 7.6082285477181895
      vertex 5.774247078195542 -10 7.6082285477181895
      vertex 6.129908002520191 -4 8.780685487399198
    endloop
  endfacet
  facet normal -0.9951847266721968 0 0.09801714032956034
    outer loop
      vertex 6.129908002520191 -4 8.780685487399198
      vertex 6.129908002520191 -10 8.780685487399198
      vertex 6.25 -4 10
    endloop
  endfacet
  facet normal -0.8819212643483548 0 -0.4713967368259979
    outer loop
      vertex 5.196685076890907 -5.759228177439049 13.472313956372513
      vertex 5.196685076890907 -4 13.472313956372513
      vertex 5.774247078195542 -8.36788854553541 12.39177145228181
    endloop
  endfacet
  facet normal -0.9951847266721968 0 -0.09801714032956034
    outer loop
      vertex 6.25 -4 10
      vertex 6.25 -10 10
      vertex 6.129908002520191 -4 11.219314512600802
    endloop
  endfacet
  facet normal -0.9569403357322088 0 -0.2902846772544626
    outer loop
      vertex 5.774247078195542 -4 12.39177145228181
      vertex 6.129908002520191 -4 11.219314512600802
      vertex 6.129908002520191 -10 11.219314512600802
    endloop
  endfacet
  facet normal 0 -1 0
    outer loop
      vertex 5.196685076890907 -4 6.527686043627487
      vertex 5.774247078195542 -4 7.6082285477181895
      vertex 5.774247078195542 -4 12.39177145228181
    endloop
  endfacet
  facet normal 0 -1 0
    outer loop
      vertex 5.774247078195542 -4 7.6082285477181895
      vertex 6.129908002520191 -4 8.780685487399198
      vertex 6.129908002520191 -4 11.219314512600802
    endloop
  endfacet
  facet normal 0 -1 0
    outer loop
      vertex 6.129908002520191 -4 8.780685487399198
      vertex 6.25 -4 10
      vertex 6.129908002520191 -4 11.219314512600802
    endloop
  endfacet
  facet normal -0.8819212643483549 0 -0.471396736825998
    outer loop
      vertex 5.774247078195542 -8.36788854553541 12.39177145228181
      vertex 5.196685076890907 -4 13.472313956372513
      vertex 5.774247078195542 -4 12.39177145228181
    endloop
  endfacet
  facet normal 0 -1 0
    outer loop
      vertex 5.196685076890907 -4 6.527686043627487
      vertex 5.774247078195542 -4 12.39177145228181
      vertex 5.196685076890907 -4 13.472313956372513
    endloop
  endfacet
  facet normal 0 -1 0
    outer loop
      vertex 5.774247078195542 -4 7.6082285477181895
      vertex 6.129908002520191 -4 11.219314512600802
      vertex 5.774247078195542 -4 12.39177145228181
    endloop
  endfacet
  facet normal 0.956940335732209 0.20526226376117837 -0.2052622637611782
    outer loop
      vertex -6.129908002520191 -7.832748308736338 18.033758435513008
      vertex -5.774247078195542 -12.904441248553294 14.62017000109139
      vertex -6.129908002520191 -12.075388995855622 13.79111774839372
    endloop
  endfacet
  facet normal 0.8819212643483547 0.3333278292388736 -0.3333278292388738
    outer loop
      vertex -5.774247078195542 -8.661800561434006 18.862810688210676
      vertex -5.196685076890907 -13.668500180556121 15.384228933094219
      vertex -5.774247078195542 -12.904441248553294 14.62017000109139
    endloop
  endfacet
  facet normal 0.956940335732209 -0.20526226376117876 0.20526226376117765
    outer loop
      vertex -5.774247078195542 -8.36788854553541 12.39177145228181
      vertex -6.129908002520191 -10.351017875337229 12.066746627875327
      vertex -5.979322389139752 -10 11.715728752538098
    endloop
  endfacet
  facet normal 0.9951847266721968 0.06930858459954563 -0.06930858459954566
    outer loop
      vertex -6.25 -6.970562748477141 17.17157287525381
      vertex -6.129908002520191 -12.075388995855622 13.79111774839372
      vertex -6.25 -11.213203435596427 12.928932188134524
    endloop
  endfacet
  facet normal 0.995184726672197 -0.0693085845995455 0.0693085845995455
    outer loop
      vertex -6.129908002520191 -6.108377188217943 16.309387314994613
      vertex -6.25 -11.213203435596427 12.928932188134524
      vertex -6.129908002520191 -10.351017875337229 12.066746627875327
    endloop
  endfacet
  facet normal 0.995184726672197 0.06930858459954548 -0.0693085845995454
    outer loop
      vertex -6.129908002520191 -7.832748308736338 18.033758435513008
      vertex -6.129908002520191 -12.075388995855622 13.79111774839372
      vertex -6.25 -6.970562748477141 17.17157287525381
    endloop
  endfacet
  facet normal 0.9569403357322088 0.20526226376117887 -0.20526226376117893
    outer loop
      vertex -6.129908002520191 -7.832748308736338 18.033758435513008
      vertex -5.774247078195542 -8.661800561434006 18.862810688210676
      vertex -5.774247078195542 -12.904441248553294 14.62017000109139
    endloop
  endfacet
  facet normal 0.8819212643483549 0.33332782923887333 -0.33332782923887333
    outer loop
      vertex -5.774247078195542 -8.661800561434006 18.862810688210676
      vertex -5.196685076890907 -9.425859493436835 19.626869620213505
      vertex -5.196685076890907 -13.668500180556121 15.384228933094219
    endloop
  endfacet
  facet normal 0.9569403357322087 -0.20526226376117895 0.20526226376117893
    outer loop
      vertex -5.774247078195542 -8.36788854553541 12.39177145228181
      vertex -6.129908002520191 -6.108377188217943 16.309387314994613
      vertex -6.129908002520191 -10.351017875337229 12.066746627875327
    endloop
  endfacet
  facet normal 0.995184726672197 -0.06930858459954557 0.06930858459954559
    outer loop
      vertex -6.129908002520191 -6.108377188217943 16.309387314994613
      vertex -6.25 -6.970562748477141 17.17157287525381
      vertex -6.25 -11.213203435596427 12.928932188134524
    endloop
  endfacet
  facet normal 0 -0.7071067811865476 -0.7071067811865476
    outer loop
      vertex -6.129908002520191 -6.108377188217943 16.309387314994613
      vertex -5.774247078195542 -8.661800561434006 18.862810688210676
      vertex -6.129908002520191 -7.832748308736338 18.033758435513008
    endloop
  endfacet
  facet normal 0 -0.7071067811865475 -0.7071067811865475
    outer loop
      vertex -5.774247078195542 -5.279324935520275 15.480335062296945
      vertex -5.196685076890907 -9.425859493436835 19.626869620213505
      vertex -5.774247078195542 -8.661800561434006 18.862810688210676
    endloop
  endfacet
  facet normal 0.9569403357322086 -0.20526226376117895 0.20526226376117895
    outer loop
      vertex -5.774247078195542 -8.36788854553541 12.39177145228181
      vertex -5.774247078195542 -5.279324935520275 15.480335062296945
      vertex -6.129908002520191 -6.108377188217943 16.309387314994613
    endloop
  endfacet
  facet normal 0.8819212643483549 -0.3333278292388734 0.3333278292388734
    outer loop
      vertex -5.774247078195542 -8.36788854553541 12.39177145228181
      vertex -5.196685076890907 -5.759228177439049 13.472313956372513
      vertex -5.774247078195542 -5.279324935520275 15.480335062296945
    endloop
  endfacet
  facet normal 0 -0.7071067811865475 -0.7071067811865475
    outer loop
      vertex -5.774247078195542 -5.279324935520275 15.480335062296945
      vertex -5.196685076890907 -4.515266003517446 14.716276130294116
      vertex -5.196685076890907 -9.425859493436835 19.626869620213505
    endloop
  endfacet
  facet normal 9.856523705029182e-15 -0.7071067811865475 -0.7071067811865475
    outer loop
      vertex -6.129908002520191 -6.108377188217943 16.309387314994613
      vertex -6.129908002520191 -7.832748308736338 18.033758435513008
      vertex -6.25 -6.970562748477141 17.17157287525381
    endloop
  endfacet
  facet normal 0 -0.7071067811865475 -0.7071067811865475
    outer loop
      vertex -6.129908002520191 -6.108377188217943 16.309387314994613
      vertex -5.774247078195542 -5.279324935520275 15.480335062296945
      vertex -5.774247078195542 -8.661800561434006 18.862810688210676
    endloop
  endfacet
  facet normal 0.881921264348355 -0.3333278292388734 0.33332782923887344
    outer loop
      vertex -5.774247078195542 -5.279324935520275 15.480335062296945
      vertex -5.196685076890907 -5.759228177439049 13.472313956372513
      vertex -5.196685076890907 -4.515266003517446 14.716276130294116
    endloop
  endfacet
  facet normal 0.7730104533627374 0.44858379317131764 -0.44858379317131764
    outer loop
      vertex -5.196685076890907 -9.425859493436835 19.626869620213505
      vertex -4.419417382415922 -14.338203435596428 16.053932188134524
      vertex -5.196685076890907 -13.668500180556121 15.384228933094219
    endloop
  endfacet
  facet normal 0.6343932841636445 0.5466009335008793 -0.5466009335008793
    outer loop
      vertex -4.419417382415922 -10.09556274847714 20.296572875253812
      vertex -3.4723139563725134 -14.887814693156923 16.60354344569502
      vertex -4.419417382415922 -14.338203435596428 16.053932188134524
    endloop
  endfacet
  facet normal 0.7730104533627375 0.44858379317131764 -0.4485837931713177
    outer loop
      vertex -5.196685076890907 -9.425859493436835 19.626869620213505
      vertex -4.419417382415922 -10.09556274847714 20.296572875253812
      vertex -4.419417382415922 -14.338203435596428 16.053932188134524
    endloop
  endfacet
  facet normal 0.6343932841636454 0.546600933500879 -0.5466009335008788
    outer loop
      vertex -4.419417382415922 -10.09556274847714 20.296572875253812
      vertex -3.4723139563725134 -10.645174006037637 20.846184132814308
      vertex -3.4723139563725134 -14.887814693156923 16.60354344569502
    endloop
  endfacet
  facet normal 0.4713967368259994 0.623612506493335 -0.6236125064933348
    outer loop
      vertex -3.4723139563725134 -10.645174006037637 20.846184132814308
      vertex -2.391771452281811 -15.296212700835104 17.011941453373204
      vertex -3.4723139563725134 -14.887814693156923 16.60354344569502
    endloop
  endfacet
  facet normal 0.471396736825998 0.6236125064933354 -0.6236125064933357
    outer loop
      vertex -3.4723139563725134 -10.645174006037637 20.846184132814308
      vertex -2.391771452281811 -11.053572013715819 21.254582140492488
      vertex -2.391771452281811 -15.296212700835104 17.011941453373204
    endloop
  endfacet
  facet normal 0.09801714032956174 0.7037018687631913 -0.703701868763191
    outer loop
      vertex -1.2193145126008016 -11.305062265108852 21.50607239188552
      vertex 0 -15.632620818012349 17.348349570550447
      vertex -1.2193145126008016 -15.547702952228137 17.263431704766234
    endloop
  endfacet
  facet normal 0.2902846772544592 0.676659000587177 -0.6766590005871772
    outer loop
      vertex -2.391771452281811 -11.053572013715819 21.254582140492488
      vertex -1.2193145126008016 -15.547702952228137 17.263431704766234
      vertex -2.391771452281811 -15.296212700835104 17.011941453373204
    endloop
  endfacet
  facet normal 0.29028467725446117 0.6766590005871767 -0.6766590005871764
    outer loop
      vertex -2.391771452281811 -11.053572013715819 21.254582140492488
      vertex -1.2193145126008016 -11.305062265108852 21.50607239188552
      vertex -1.2193145126008016 -15.547702952228137 17.263431704766234
    endloop
  endfacet
  facet normal 0.09801714032955976 0.7037018687631912 -0.7037018687631915
    outer loop
      vertex -1.2193145126008016 -11.305062265108852 21.50607239188552
      vertex 0 -11.389980130893063 21.59099025766973
      vertex 0 -15.632620818012349 17.348349570550447
    endloop
  endfacet
  facet normal 1.5631628424526595e-15 -0.7071067811865476 -0.7071067811865476
    outer loop
      vertex -5.196685076890907 -9.425859493436835 19.626869620213505
      vertex -5.196685076890907 -4.515266003517446 14.716276130294116
      vertex -4.419417382415922 -10.09556274847714 20.296572875253812
    endloop
  endfacet
  facet normal 0 -0.7071067811865475 -0.7071067811865475
    outer loop
      vertex -4.419417382415922 -10.09556274847714 20.296572875253812
      vertex -3.4723139563725134 -4.995674950114237 15.196685076890908
      vertex -3.4723139563725134 -10.645174006037637 20.846184132814308
    endloop
  endfacet
  facet normal -1.1666187108156237e-15 -0.7071067811865476 -0.7071067811865476
    outer loop
      vertex -3.4723139563725134 -10.645174006037637 20.846184132814308
      vertex -2.391771452281811 -5.573236951418874 15.774247078195543
      vertex -2.391771452281811 -11.053572013715819 21.254582140492488
    endloop
  endfacet
  facet normal 1.099859998912916e-15 -0.7071067811865476 -0.7071067811865476
    outer loop
      vertex -4.419417382415922 -10.09556274847714 20.296572875253812
      vertex -5.196685076890907 -4.515266003517446 14.716276130294116
      vertex -4.419417382415922 -4.218407255639251 14.419417382415922
    endloop
  endfacet
  facet normal 0 -0.7071067811865476 -0.7071067811865476
    outer loop
      vertex -4.419417382415922 -10.09556274847714 20.296572875253812
      vertex -4.419417382415922 -4.218407255639251 14.419417382415922
      vertex -3.4723139563725134 -4.995674950114237 15.196685076890908
    endloop
  endfacet
  facet normal 0.7730104533627358 -0.4485837931713191 0.4485837931713191
    outer loop
      vertex -5.196685076890907 -5.759228177439049 13.472313956372513
      vertex -4.5986595848821485 -4 14.201010126776671
      vertex -5.196685076890907 -4.515266003517446 14.716276130294116
    endloop
  endfacet
  facet normal 1.2322982449375852e-15 -0.707106781186547 -0.707106781186548
    outer loop
      vertex -5.196685076890907 -4.515266003517446 14.716276130294116
      vertex -4.5986595848821485 -4 14.201010126776671
      vertex -4.419417382415922 -4.218407255639251 14.419417382415922
    endloop
  endfacet
  facet normal 0.7730104533627429 -0.44858379317131303 0.44858379317131303
    outer loop
      vertex -4.5986595848821485 -4 14.201010126776671
      vertex -4.419417382415922 -4 13.89213562373095
      vertex -4.419417382415922 -3.845562748477139 14.04657287525381
    endloop
  endfacet
  facet normal 0.6343932841636453 -0.5466009335008788 0.5466009335008788
    outer loop
      vertex -4.419417382415922 -4 13.89213562373095
      vertex -3.4723139563725134 -4 12.792913108609957
      vertex -4.419417382415922 -3.845562748477139 14.04657287525381
    endloop
  endfacet
  facet normal -1.234567015960518e-15 -0.7071067811865476 -0.7071067811865476
    outer loop
      vertex -3.4723139563725134 -10.645174006037637 20.846184132814308
      vertex -3.4723139563725134 -4.995674950114237 15.196685076890908
      vertex -2.391771452281811 -5.573236951418874 15.774247078195543
    endloop
  endfacet
  facet normal -3.6860024460368416e-15 -0.7071067811865472 -0.7071067811865478
    outer loop
      vertex -2.391771452281811 -11.053572013715819 21.254582140492488
      vertex -1.879858660950843 -7.858746423824723 18.059756550601392
      vertex -1.5986883791814732 -8.101006142400491 18.30201626917716
    endloop
  endfacet
  facet normal 7.67917176257675e-15 -0.7071067811865474 -0.7071067811865478
    outer loop
      vertex -1.5986883791814732 -8.101006142400491 18.30201626917716
      vertex -1.2560813995549314 -8.299823555307745 18.500833682084416
      vertex -1.2193145126008016 -11.305062265108852 21.50607239188552
    endloop
  endfacet
  facet normal 9.348154239709638e-15 -0.7071067811865478 -0.7071067811865474
    outer loop
      vertex -2.391771452281811 -11.053572013715819 21.254582140492488
      vertex -2.217444482178185 -7.282451379175097 17.483461505951766
      vertex -2.0887870286167542 -7.58235430470449 17.78336443148116
    endloop
  endfacet
  facet normal 2.3026444183090183e-14 -0.7071067811865481 -0.707106781186547
    outer loop
      vertex -2.391771452281811 -11.053572013715819 21.254582140492488
      vertex -2.2608867878467005 -6.970562748477141 17.17157287525381
      vertex -2.217444482178185 -7.282451379175097 17.483461505951766
    endloop
  endfacet
  facet normal -4.6580008843917805e-15 -0.7071067811865471 -0.7071067811865479
    outer loop
      vertex -2.391771452281811 -11.053572013715819 21.254582140492488
      vertex -2.0887870286167542 -7.58235430470449 17.78336443148116
      vertex -1.879858660950843 -7.858746423824723 18.059756550601392
    endloop
  endfacet
  facet normal -9.631236085177475e-15 -0.7071067811865475 -0.7071067811865475
    outer loop
      vertex -2.391771452281811 -5.573236951418874 15.774247078195543
      vertex -2.2608867878467005 -6.970562748477141 17.17157287525381
      vertex -2.391771452281811 -11.053572013715819 21.254582140492488
    endloop
  endfacet
  facet normal -3.222772766170901e-15 -0.7071067811865474 -0.7071067811865477
    outer loop
      vertex -1.2193145126008016 -11.305062265108852 21.50607239188552
      vertex -1.2560813995549314 -8.299823555307745 18.500833682084416
      vertex -0.8652039161620579 -8.447558220866547 18.648568347643216
    endloop
  endfacet
  facet normal -2.5239416926601465e-15 -0.7071067811865474 -0.7071067811865477
    outer loop
      vertex -1.2193145126008016 -11.305062265108852 21.50607239188552
      vertex -0.8652039161620579 -8.447558220866547 18.648568347643216
      vertex -0.44107713148302263 -8.538532778730028 18.739542905506696
    endloop
  endfacet
  facet normal 2.523941692660144e-15 -0.707106781186548 -0.707106781186547
    outer loop
      vertex -1.2193145126008016 -11.305062265108852 21.50607239188552
      vertex -0.44107713148302263 -8.538532778730028 18.739542905506696
      vertex 0 -8.569251127658614 18.770261254435283
    endloop
  endfacet
  facet normal 0.2902846772544616 -0.6766590005871743 0.6766590005871786
    outer loop
      vertex -2.391771452281811 -4 11.976117093253595
      vertex -1.5689218908463891 -4 11.623117104835526
      vertex -1.2560813995549314 -3.6090508135008914 11.879858660950843
    endloop
  endfacet
  facet normal 1.3918643361539103e-14 -0.7071067811865465 -0.7071067811865486
    outer loop
      vertex -2.391771452281811 -5.573236951418874 15.774247078195543
      vertex -2.217444482178185 -6.658674117779185 16.859684244555854
      vertex -2.2608867878467005 -6.970562748477141 17.17157287525381
    endloop
  endfacet
  facet normal 6.953438095694997e-15 -0.707106781186547 -0.7071067811865481
    outer loop
      vertex -2.391771452281811 -5.573236951418874 15.774247078195543
      vertex -2.0887870286167542 -6.358771192249792 16.559781319026463
      vertex -2.217444482178185 -6.658674117779185 16.859684244555854
    endloop
  endfacet
  facet normal -2.6921710032898284e-15 -0.7071067811865487 -0.7071067811865462
    outer loop
      vertex -2.391771452281811 -5.573236951418874 15.774247078195543
      vertex -1.879858660950843 -6.082379073129559 16.283389199906228
      vertex -2.0887870286167542 -6.358771192249792 16.559781319026463
    endloop
  endfacet
  facet normal -2.424147715692148e-15 -0.7071067811865487 -0.7071067811865464
    outer loop
      vertex -2.391771452281811 -5.573236951418874 15.774247078195543
      vertex -1.5986883791814732 -5.84011935455379 16.041129481330458
      vertex -1.879858660950843 -6.082379073129559 16.283389199906228
    endloop
  endfacet
  facet normal 6.8008955209366e-15 -0.7071067811865352 -0.7071067811865598
    outer loop
      vertex -2.391771452281811 -5.573236951418874 15.774247078195543
      vertex -1.5689218908463884 -5.822845636988064 16.023855763764733
      vertex -1.5986883791814732 -5.84011935455379 16.041129481330458
    endloop
  endfacet
  facet normal -8.576907003293328e-17 -0.7071067811865477 -0.7071067811865472
    outer loop
      vertex -2.391771452281811 -11.053572013715819 21.254582140492488
      vertex -1.5986883791814732 -8.101006142400491 18.30201626917716
      vertex -1.2193145126008016 -11.305062265108852 21.50607239188552
    endloop
  endfacet
  facet normal -9.986106245903837e-16 -0.7071067811865474 -0.7071067811865478
    outer loop
      vertex -1.2193145126008016 -11.305062265108852 21.50607239188552
      vertex 0 -8.569251127658614 18.770261254435283
      vertex 0 -11.389980130893063 21.59099025766973
    endloop
  endfacet
  facet normal 0.4713967368259979 -0.6236125064933355 0.6236125064933355
    outer loop
      vertex -3.4723139563725134 -4 12.792913108609957
      vertex -2.391771452281811 -4 11.976117093253595
      vertex -3.4723139563725134 -3.295951490916643 13.496961617693314
    endloop
  endfacet
  facet normal 0.4713967368259979 -0.6236125064933355 0.6236125064933355
    outer loop
      vertex -3.4723139563725134 -3.295951490916643 13.496961617693314
      vertex -2.391771452281811 -4 11.976117093253595
      vertex -2.391771452281811 -2.887553483238463 13.088563610015132
    endloop
  endfacet
  facet normal 4.190909745448916e-16 -0.7071067811865486 -0.7071067811865465
    outer loop
      vertex -4.5986595848821485 -4 14.201010126776671
      vertex -2.391771452281811 -2.887553483238463 13.088563610015132
      vertex -1.2193145126008016 -2.63606323184543 12.8370733586221
    endloop
  endfacet
  facet normal 0 -0.7071067811865475 -0.7071067811865475
    outer loop
      vertex -4.5986595848821485 -4 14.201010126776671
      vertex -4.419417382415922 -3.845562748477139 14.04657287525381
      vertex -3.4723139563725134 -3.295951490916643 13.496961617693314
    endloop
  endfacet
  facet normal 0.6343932841636454 -0.5466009335008789 0.5466009335008789
    outer loop
      vertex -4.419417382415922 -3.845562748477139 14.04657287525381
      vertex -3.4723139563725134 -4 12.792913108609957
      vertex -3.4723139563725134 -3.295951490916643 13.496961617693314
    endloop
  endfacet
  facet normal -2.871257429852988e-15 -0.7071067811865451 -0.7071067811865498
    outer loop
      vertex -4.5986595848821485 -4 14.201010126776671
      vertex -3.4723139563725134 -3.295951490916643 13.496961617693314
      vertex -2.391771452281811 -2.887553483238463 13.088563610015132
    endloop
  endfacet
  facet normal 0.2902846772544612 -0.6766590005871765 0.6766590005871765
    outer loop
      vertex -2.391771452281811 -4 11.976117093253595
      vertex -1.2193145126008016 -2.63606323184543 12.8370733586221
      vertex -2.391771452281811 -2.887553483238463 13.088563610015132
    endloop
  endfacet
  facet normal -1.1409717141064e-15 -0.7071067811865468 -0.7071067811865482
    outer loop
      vertex -4.5986595848821485 -4 14.201010126776671
      vertex -1.2193145126008016 -2.63606323184543 12.8370733586221
      vertex 0 -2.5511453660612204 12.752155492837888
    endloop
  endfacet
  facet normal 0.2902846772544622 -0.676659000587177 0.6766590005871758
    outer loop
      vertex -2.391771452281811 -4 11.976117093253595
      vertex -1.2560813995549314 -3.6090508135008914 11.879858660950843
      vertex -1.2193145126008016 -2.63606323184543 12.8370733586221
    endloop
  endfacet
  facet normal 0.2902846772544329 -0.6766590005871828 0.6766590005871828
    outer loop
      vertex -1.2560813995549314 -3.6090508135008914 11.879858660950843
      vertex -1.2193145126008016 -3.57362561900546 11.89951097146207
      vertex -1.2193145126008016 -2.63606323184543 12.8370733586221
    endloop
  endfacet
  facet normal 0.09801714032956105 -0.7037018687631912 0.7037018687631912
    outer loop
      vertex -1.2193145126008016 -3.57362561900546 11.89951097146207
      vertex -0.8652039161620579 -3.3350262481521433 12.088787028616753
      vertex -1.2193145126008016 -2.63606323184543 12.8370733586221
    endloop
  endfacet
  facet normal 7.278658727548147e-16 -0.7071067811865493 -0.7071067811865458
    outer loop
      vertex -4.5986595848821485 -4 14.201010126776671
      vertex 0 -2.5511453660612204 12.752155492837888
      vertex 1.2193145126008016 -2.63606323184543 12.8370733586221
    endloop
  endfacet
  facet normal 0.0980171403295594 -0.7037018687631917 0.703701868763191
    outer loop
      vertex -1.2193145126008016 -2.63606323184543 12.8370733586221
      vertex -0.8652039161620579 -3.3350262481521433 12.088787028616753
      vertex -0.44107713148302263 -3.1472930745780956 12.217444482178184
    endloop
  endfacet
  facet normal -1.0254264730872882e-16 -0.7071067811865479 -0.7071067811865472
    outer loop
      vertex -4.5986595848821485 -4 14.201010126776671
      vertex 1.2193145126008016 -2.63606323184543 12.8370733586221
      vertex 2.391771452281811 -2.887553483238463 13.088563610015132
    endloop
  endfacet
  facet normal 0.09801714032955976 -0.7037018687631915 0.7037018687631912
    outer loop
      vertex -1.2193145126008016 -2.63606323184543 12.8370733586221
      vertex -0.44107713148302263 -3.1472930745780956 12.217444482178184
      vertex 0 -2.5511453660612204 12.752155492837888
    endloop
  endfacet
  facet normal 0.09801714032955935 -0.7037018687631914 0.7037018687631914
    outer loop
      vertex -0.44107713148302263 -3.1472930745780956 12.217444482178184
      vertex 0 -3.0424140710524075 12.260886787846701
      vertex 0 -2.5511453660612204 12.752155492837888
    endloop
  endfacet
  facet normal -0.09801714032956178 0.703701868763191 -0.7037018687631913
    outer loop
      vertex 0 -11.389980130893063 21.59099025766973
      vertex 1.2193145126008016 -15.547702952228137 17.263431704766234
      vertex 0 -15.632620818012349 17.348349570550447
    endloop
  endfacet
  facet normal -0.29028467725445956 0.6766590005871771 -0.6766590005871769
    outer loop
      vertex 1.2193145126008016 -11.305062265108852 21.50607239188552
      vertex 2.391771452281811 -15.296212700835104 17.011941453373204
      vertex 1.2193145126008016 -15.547702952228137 17.263431704766234
    endloop
  endfacet
  facet normal -0.2902846772544612 0.6766590005871765 -0.6766590005871768
    outer loop
      vertex 1.2193145126008016 -11.305062265108852 21.50607239188552
      vertex 2.391771452281811 -11.053572013715819 21.254582140492488
      vertex 2.391771452281811 -15.296212700835104 17.011941453373204
    endloop
  endfacet
  facet normal -0.4713967368259996 0.6236125064933347 -0.623612506493335
    outer loop
      vertex 2.391771452281811 -11.053572013715819 21.254582140492488
      vertex 3.4723139563725134 -14.887814693156923 16.60354344569502
      vertex 2.391771452281811 -15.296212700835104 17.011941453373204
    endloop
  endfacet
  facet normal -0.47139673682599786 0.6236125064933357 -0.6236125064933353
    outer loop
      vertex 2.391771452281811 -11.053572013715819 21.254582140492488
      vertex 3.4723139563725134 -10.645174006037637 20.846184132814308
      vertex 3.4723139563725134 -14.887814693156923 16.60354344569502
    endloop
  endfacet
  facet normal -0.6343932841636442 0.5466009335008797 -0.5466009335008795
    outer loop
      vertex 3.4723139563725134 -10.645174006037637 20.846184132814308
      vertex 4.419417382415922 -14.338203435596427 16.053932188134528
      vertex 3.4723139563725134 -14.887814693156923 16.60354344569502
    endloop
  endfacet
  facet normal -0.773010453362738 0.4485837931713172 -0.44858379317131736
    outer loop
      vertex 4.419417382415922 -10.09556274847714 20.296572875253812
      vertex 5.196685076890907 -13.668500180556121 15.384228933094219
      vertex 4.419417382415922 -14.338203435596427 16.053932188134528
    endloop
  endfacet
  facet normal -0.6343932841636453 0.5466009335008787 -0.5466009335008789
    outer loop
      vertex 3.4723139563725134 -10.645174006037637 20.846184132814308
      vertex 4.419417382415922 -10.09556274847714 20.296572875253812
      vertex 4.419417382415922 -14.338203435596427 16.053932188134528
    endloop
  endfacet
  facet normal -0.7730104533627374 0.44858379317131775 -0.4485837931713177
    outer loop
      vertex 4.419417382415922 -10.09556274847714 20.296572875253812
      vertex 5.196685076890907 -9.425859493436835 19.626869620213505
      vertex 5.196685076890907 -13.668500180556121 15.384228933094219
    endloop
  endfacet
  facet normal -0.09801714032955976 0.7037018687631915 -0.7037018687631912
    outer loop
      vertex 0 -11.389980130893063 21.59099025766973
      vertex 1.2193145126008016 -11.305062265108852 21.50607239188552
      vertex 1.2193145126008016 -15.547702952228137 17.263431704766234
    endloop
  endfacet
  facet normal -2.7605612263470335e-15 -0.707106781186548 -0.7071067811865469
    outer loop
      vertex 0 -8.569251127658614 18.770261254435283
      vertex 0.44107713148302263 -8.538532778730028 18.739542905506696
      vertex 1.2193145126008016 -11.305062265108852 21.50607239188552
    endloop
  endfacet
  facet normal 2.8709836754009166e-15 -0.7071067811865472 -0.7071067811865477
    outer loop
      vertex 0.44107713148302263 -8.538532778730028 18.739542905506696
      vertex 0.8652039161620579 -8.447558220866547 18.648568347643216
      vertex 1.2193145126008016 -11.305062265108852 21.50607239188552
    endloop
  endfacet
  facet normal 3.222772766170901e-15 -0.7071067811865474 -0.7071067811865477
    outer loop
      vertex 1.2193145126008016 -11.305062265108852 21.50607239188552
      vertex 0.8652039161620579 -8.447558220866547 18.648568347643216
      vertex 1.2560813995549314 -8.299823555307745 18.500833682084416
    endloop
  endfacet
  facet normal -6.109840035865655e-15 -0.7071067811865486 -0.7071067811865466
    outer loop
      vertex 1.2560813995549314 -8.299823555307745 18.500833682084416
      vertex 1.5986883791814732 -8.101006142400491 18.30201626917716
      vertex 2.391771452281811 -11.053572013715819 21.254582140492488
    endloop
  endfacet
  facet normal 3.993169316539912e-15 -0.7071067811865471 -0.7071067811865478
    outer loop
      vertex 1.5986883791814732 -8.101006142400491 18.30201626917716
      vertex 1.879858660950843 -7.858746423824723 18.059756550601392
      vertex 2.391771452281811 -11.053572013715819 21.254582140492488
    endloop
  endfacet
  facet normal 4.949125939666267e-15 -0.7071067811865471 -0.7071067811865479
    outer loop
      vertex 1.879858660950843 -7.858746423824723 18.059756550601392
      vertex 2.0887870286167542 -7.58235430470449 17.78336443148116
      vertex 2.391771452281811 -11.053572013715819 21.254582140492488
    endloop
  endfacet
  facet normal -8.763894599727786e-15 -0.7071067811865478 -0.7071067811865474
    outer loop
      vertex 2.0887870286167542 -7.58235430470449 17.78336443148116
      vertex 2.217444482178185 -7.282451379175097 17.483461505951766
      vertex 2.391771452281811 -11.053572013715819 21.254582140492488
    endloop
  endfacet
  facet normal -2.1587291421647045e-14 -0.7071067811865481 -0.707106781186547
    outer loop
      vertex 2.217444482178185 -7.282451379175097 17.483461505951766
      vertex 2.2608867878467005 -6.970562748477141 17.17157287525381
      vertex 2.391771452281811 -11.053572013715819 21.254582140492488
    endloop
  endfacet
  facet normal 9.631236085177475e-15 -0.7071067811865475 -0.7071067811865475
    outer loop
      vertex 2.391771452281811 -5.573236951418874 15.774247078195543
      vertex 2.391771452281811 -11.053572013715819 21.254582140492488
      vertex 2.2608867878467005 -6.970562748477141 17.17157287525381
    endloop
  endfacet
  facet normal -0.2902846772544612 -0.676659000587175 0.6766590005871782
    outer loop
      vertex 1.2560813995549314 -3.6090508135008923 11.879858660950843
      vertex 1.568921890846389 -4 11.623117104835526
      vertex 2.391771452281811 -4 11.976117093253595
    endloop
  endfacet
  facet normal -6.7442213915954636e-15 -0.7071067811865351 -0.70710678118656
    outer loop
      vertex 1.5689218908463884 -5.822845636988064 16.023855763764733
      vertex 2.391771452281811 -5.573236951418874 15.774247078195543
      vertex 1.5986883791814732 -5.84011935455379 16.041129481330458
    endloop
  endfacet
  facet normal -1.3918643361539103e-14 -0.7071067811865465 -0.7071067811865486
    outer loop
      vertex 2.391771452281811 -5.573236951418874 15.774247078195543
      vertex 2.2608867878467005 -6.970562748477141 17.17157287525381
      vertex 2.217444482178185 -6.658674117779185 16.859684244555854
    endloop
  endfacet
  facet normal 2.5338080030963094e-15 -0.7071067811865488 -0.7071067811865462
    outer loop
      vertex 1.879858660950843 -6.082379073129559 16.283389199906228
      vertex 2.391771452281811 -5.573236951418874 15.774247078195543
      vertex 2.0887870286167542 -6.358771192249792 16.559781319026463
    endloop
  endfacet
  facet normal 2.3874182048483273e-15 -0.7071067811865487 -0.7071067811865464
    outer loop
      vertex 1.5986883791814732 -5.84011935455379 16.041129481330458
      vertex 2.391771452281811 -5.573236951418874 15.774247078195543
      vertex 1.879858660950843 -6.082379073129559 16.283389199906228
    endloop
  endfacet
  facet normal -7.0556945382787466e-15 -0.707106781186547 -0.707106781186548
    outer loop
      vertex 2.0887870286167542 -6.358771192249792 16.559781319026463
      vertex 2.391771452281811 -5.573236951418874 15.774247078195543
      vertex 2.217444482178185 -6.658674117779185 16.859684244555854
    endloop
  endfacet
  facet normal 0 -0.7071067811865476 -0.7071067811865476
    outer loop
      vertex -4.5986595848821485 -4 14.201010126776671
      vertex 4.419417382415922 -3.845562748477139 14.04657287525381
      vertex 4.5986595848821485 -4 14.201010126776671
    endloop
  endfacet
  facet normal 1.2726749572534077e-15 -0.7071067811865476 -0.7071067811865476
    outer loop
      vertex 2.391771452281811 -5.573236951418874 15.774247078195543
      vertex 3.4723139563725134 -10.645174006037637 20.846184132814308
      vertex 2.391771452281811 -11.053572013715819 21.254582140492488
    endloop
  endfacet
  facet normal 0 -0.7071067811865475 -0.7071067811865475
    outer loop
      vertex 3.4723139563725134 -10.645174006037637 20.846184132814308
      vertex 3.4723139563725134 -4.995674950114237 15.196685076890908
      vertex 4.419417382415922 -10.09556274847714 20.296572875253812
    endloop
  endfacet
  facet normal -1.5810487484373168e-15 -0.7071067811865476 -0.7071067811865476
    outer loop
      vertex 4.419417382415922 -10.09556274847714 20.296572875253812
      vertex 4.419417382415922 -4.218407255639251 14.419417382415922
      vertex 5.196685076890907 -9.425859493436835 19.626869620213505
    endloop
  endfacet
  facet normal 1.1831267236288297e-15 -0.7071067811865476 -0.7071067811865476
    outer loop
      vertex 2.391771452281811 -5.573236951418874 15.774247078195543
      vertex 3.4723139563725134 -4.995674950114237 15.196685076890908
      vertex 3.4723139563725134 -10.645174006037637 20.846184132814308
    endloop
  endfacet
  facet normal 0 -0.7071067811865476 -0.7071067811865476
    outer loop
      vertex 4.419417382415922 -10.09556274847714 20.296572875253812
      vertex 3.4723139563725134 -4.995674950114237 15.196685076890908
      vertex 4.419417382415922 -4.218407255639251 14.419417382415922
    endloop
  endfacet
  facet normal -1.7108877832171748e-15 -0.7071067811865476 -0.7071067811865476
    outer loop
      vertex 5.196685076890907 -9.425859493436835 19.626869620213505
      vertex 4.5986595848821485 -4 14.201010126776671
      vertex 5.196685076890907 -4.515266003517446 14.716276130294116
    endloop
  endfacet
  facet normal -2.2772370163061928e-15 -0.7071067811865474 -0.7071067811865476
    outer loop
      vertex 5.196685076890907 -9.425859493436835 19.626869620213505
      vertex 4.419417382415922 -4.218407255639251 14.419417382415922
      vertex 4.5986595848821485 -4 14.201010126776671
    endloop
  endfacet
  facet normal -0.7730104533627358 -0.4485837931713191 0.4485837931713191
    outer loop
      vertex 5.196685076890907 -5.759228177439049 13.472313956372513
      vertex 5.196685076890907 -4.515266003517446 14.716276130294116
      vertex 4.5986595848821485 -4 14.201010126776671
    endloop
  endfacet
  facet normal -0.7730104533627429 -0.44858379317131303 0.44858379317131303
    outer loop
      vertex 4.419417382415922 -4 13.89213562373095
      vertex 4.5986595848821485 -4 14.201010126776671
      vertex 4.419417382415922 -3.845562748477139 14.04657287525381
    endloop
  endfacet
  facet normal 9.986106245903837e-16 -0.7071067811865474 -0.7071067811865478
    outer loop
      vertex 0 -11.389980130893063 21.59099025766973
      vertex 0 -8.569251127658614 18.770261254435283
      vertex 1.2193145126008016 -11.305062265108852 21.50607239188552
    endloop
  endfacet
  facet normal -8.93553447582891e-17 -0.7071067811865472 -0.7071067811865477
    outer loop
      vertex 1.2193145126008016 -11.305062265108852 21.50607239188552
      vertex 1.2560813995549314 -8.299823555307745 18.500833682084416
      vertex 2.391771452281811 -11.053572013715819 21.254582140492488
    endloop
  endfacet
  facet normal -0.8819212643483549 0.3333278292388734 -0.3333278292388734
    outer loop
      vertex 5.196685076890907 -9.425859493436835 19.626869620213505
      vertex 5.774247078195542 -12.904441248553292 14.62017000109139
      vertex 5.196685076890907 -13.668500180556121 15.384228933094219
    endloop
  endfacet
  facet normal -0.9569403357322087 0.20526226376117893 -0.20526226376117893
    outer loop
      vertex 5.774247078195542 -8.661800561434006 18.862810688210676
      vertex 6.129908002520191 -12.075388995855624 13.791117748393722
      vertex 5.774247078195542 -12.904441248553292 14.62017000109139
    endloop
  endfacet
  facet normal -0.956940335732209 -0.20526226376117876 0.20526226376117765
    outer loop
      vertex 5.774247078195542 -8.36788854553541 12.39177145228181
      vertex 5.979322389139752 -10 11.715728752538098
      vertex 6.129908002520191 -10.351017875337229 12.066746627875327
    endloop
  endfacet
  facet normal -0.995184726672197 0.0693085845995455 -0.0693085845995455
    outer loop
      vertex 6.129908002520191 -7.832748308736338 18.033758435513008
      vertex 6.25 -11.213203435596427 12.928932188134524
      vertex 6.129908002520191 -12.075388995855624 13.791117748393722
    endloop
  endfacet
  facet normal -0.9951847266721968 -0.06930858459954549 0.06930858459954553
    outer loop
      vertex 6.25 -6.970562748477141 17.17157287525381
      vertex 6.129908002520191 -10.351017875337229 12.066746627875327
      vertex 6.25 -11.213203435596427 12.928932188134524
    endloop
  endfacet
  facet normal -0.8819212643483549 0.33332782923887333 -0.33332782923887333
    outer loop
      vertex 5.196685076890907 -9.425859493436835 19.626869620213505
      vertex 5.774247078195542 -8.661800561434006 18.862810688210676
      vertex 5.774247078195542 -12.904441248553292 14.62017000109139
    endloop
  endfacet
  facet normal -0.9569403357322087 0.20526226376117893 -0.20526226376117893
    outer loop
      vertex 5.774247078195542 -8.661800561434006 18.862810688210676
      vertex 6.129908002520191 -7.832748308736338 18.033758435513008
      vertex 6.129908002520191 -12.075388995855624 13.791117748393722
    endloop
  endfacet
  facet normal -0.9569403357322087 -0.20526226376117895 0.20526226376117893
    outer loop
      vertex 5.774247078195542 -8.36788854553541 12.39177145228181
      vertex 6.129908002520191 -10.351017875337229 12.066746627875327
      vertex 6.129908002520191 -6.108377188217943 16.309387314994613
    endloop
  endfacet
  facet normal -0.995184726672197 0.0693085845995454 -0.06930858459954546
    outer loop
      vertex 6.129908002520191 -7.832748308736338 18.033758435513008
      vertex 6.25 -6.970562748477141 17.17157287525381
      vertex 6.25 -11.213203435596427 12.928932188134524
    endloop
  endfacet
  facet normal -0.9951847266721968 -0.06930858459954557 0.06930858459954557
    outer loop
      vertex 6.129908002520191 -6.108377188217943 16.309387314994613
      vertex 6.129908002520191 -10.351017875337229 12.066746627875327
      vertex 6.25 -6.970562748477141 17.17157287525381
    endloop
  endfacet
  facet normal 0 -0.7071067811865475 -0.7071067811865475
    outer loop
      vertex 5.196685076890907 -9.425859493436835 19.626869620213505
      vertex 5.196685076890907 -4.515266003517446 14.716276130294116
      vertex 5.774247078195542 -8.661800561434006 18.862810688210676
    endloop
  endfacet
  facet normal 0 -0.7071067811865475 -0.7071067811865475
    outer loop
      vertex 5.774247078195542 -5.279324935520275 15.480335062296945
      vertex 6.129908002520191 -7.832748308736338 18.033758435513008
      vertex 5.774247078195542 -8.661800561434006 18.862810688210676
    endloop
  endfacet
  facet normal -0.8819212643483549 -0.3333278292388734 0.3333278292388734
    outer loop
      vertex 5.196685076890907 -5.759228177439049 13.472313956372513
      vertex 5.774247078195542 -8.36788854553541 12.39177145228181
      vertex 5.774247078195542 -5.279324935520275 15.480335062296945
    endloop
  endfacet
  facet normal 0 -0.7071067811865475 -0.7071067811865475
    outer loop
      vertex 5.774247078195542 -5.279324935520275 15.480335062296945
      vertex 5.774247078195542 -8.661800561434006 18.862810688210676
      vertex 5.196685076890907 -4.515266003517446 14.716276130294116
    endloop
  endfacet
  facet normal -0.9569403357322086 -0.20526226376117895 0.20526226376117895
    outer loop
      vertex 5.774247078195542 -8.36788854553541 12.39177145228181
      vertex 6.129908002520191 -6.108377188217943 16.309387314994613
      vertex 5.774247078195542 -5.279324935520275 15.480335062296945
    endloop
  endfacet
  facet normal 0 -0.7071067811865476 -0.7071067811865476
    outer loop
      vertex 5.774247078195542 -5.279324935520275 15.480335062296945
      vertex 6.129908002520191 -6.108377188217943 16.309387314994613
      vertex 6.129908002520191 -7.832748308736338 18.033758435513008
    endloop
  endfacet
  facet normal -9.856523705029182e-15 -0.7071067811865475 -0.7071067811865475
    outer loop
      vertex 6.129908002520191 -6.108377188217943 16.309387314994613
      vertex 6.25 -6.970562748477141 17.17157287525381
      vertex 6.129908002520191 -7.832748308736338 18.033758435513008
    endloop
  endfacet
  facet normal -0.881921264348355 -0.33332782923887344 0.33332782923887344
    outer loop
      vertex 5.196685076890907 -5.759228177439049 13.472313956372513
      vertex 5.774247078195542 -5.279324935520275 15.480335062296945
      vertex 5.196685076890907 -4.515266003517446 14.716276130294116
    endloop
  endfacet
  facet normal -0.09801714032955866 -0.7037018687631914 0.7037018687631914
    outer loop
      vertex 0 -3.0424140710524075 12.260886787846701
      vertex 0.44107713148302263 -3.147293074578095 12.217444482178184
      vertex 0 -2.5511453660612204 12.752155492837888
    endloop
  endfacet
  facet normal -0.09801714032955976 -0.7037018687631917 0.7037018687631909
    outer loop
      vertex 0 -2.5511453660612204 12.752155492837888
      vertex 0.44107713148302263 -3.147293074578095 12.217444482178184
      vertex 1.2193145126008016 -2.63606323184543 12.8370733586221
    endloop
  endfacet
  facet normal -0.09801714032956002 -0.7037018687631915 0.7037018687631911
    outer loop
      vertex 0.44107713148302263 -3.147293074578095 12.217444482178184
      vertex 0.8652039161620579 -3.3350262481521433 12.088787028616753
      vertex 1.2193145126008016 -2.63606323184543 12.8370733586221
    endloop
  endfacet
  facet normal -0.09801714032956106 -0.7037018687631913 0.7037018687631912
    outer loop
      vertex 0.8652039161620579 -3.3350262481521433 12.088787028616753
      vertex 1.2193145126008016 -3.57362561900546 11.89951097146207
      vertex 1.2193145126008016 -2.63606323184543 12.8370733586221
    endloop
  endfacet
  facet normal -0.29028467725444784 -0.6766590005871794 0.6766590005871794
    outer loop
      vertex 1.2193145126008016 -3.57362561900546 11.89951097146207
      vertex 1.2560813995549314 -3.6090508135008923 11.879858660950843
      vertex 1.2193145126008016 -2.63606323184543 12.8370733586221
    endloop
  endfacet
  facet normal -0.2902846772544617 -0.6766590005871769 0.6766590005871763
    outer loop
      vertex 1.2560813995549314 -3.6090508135008923 11.879858660950843
      vertex 2.391771452281811 -4 11.976117093253595
      vertex 1.2193145126008016 -2.63606323184543 12.8370733586221
    endloop
  endfacet
  facet normal -0.2902846772544612 -0.6766590005871765 0.6766590005871765
    outer loop
      vertex 1.2193145126008016 -2.63606323184543 12.8370733586221
      vertex 2.391771452281811 -4 11.976117093253595
      vertex 2.391771452281811 -2.887553483238463 13.088563610015132
    endloop
  endfacet
  facet normal 2.1285853112040343e-16 -0.7071067811865489 -0.7071067811865461
    outer loop
      vertex -4.5986595848821485 -4 14.201010126776671
      vertex 2.391771452281811 -2.887553483238463 13.088563610015132
      vertex 3.4723139563725134 -3.295951490916643 13.496961617693314
    endloop
  endfacet
  facet normal 0 -0.7071067811865476 -0.7071067811865476
    outer loop
      vertex -4.5986595848821485 -4 14.201010126776671
      vertex 3.4723139563725134 -3.295951490916643 13.496961617693314
      vertex 4.419417382415922 -3.845562748477139 14.04657287525381
    endloop
  endfacet
  facet normal -0.471396736825998 -0.6236125064933355 0.6236125064933355
    outer loop
      vertex 2.391771452281811 -4 11.976117093253595
      vertex 3.4723139563725134 -4 12.792913108609957
      vertex 2.391771452281811 -2.887553483238463 13.088563610015132
    endloop
  endfacet
  facet normal -0.47139673682599786 -0.6236125064933355 0.6236125064933355
    outer loop
      vertex 2.391771452281811 -2.887553483238463 13.088563610015132
      vertex 3.4723139563725134 -4 12.792913108609957
      vertex 3.4723139563725134 -3.295951490916643 13.496961617693314
    endloop
  endfacet
  facet normal -0.6343932841636454 -0.5466009335008789 0.5466009335008789
    outer loop
      vertex 3.4723139563725134 -4 12.792913108609957
      vertex 4.419417382415922 -4 13.89213562373095
      vertex 3.4723139563725134 -3.295951490916643 13.496961617693314
    endloop
  endfacet
  facet normal -0.6343932841636453 -0.5466009335008791 0.5466009335008787
    outer loop
      vertex 3.4723139563725134 -3.295951490916643 13.496961617693314
      vertex 4.419417382415922 -4 13.89213562373095
      vertex 4.419417382415922 -3.845562748477139 14.04657287525381
    endloop
  endfacet
  facet normal -0.5773502691896258 -0.5773502691896258 -0.5773502691896258
    outer loop
      vertex -10 -9 -19
      vertex -9 -9 -20
      vertex -9 -10 -19
    endloop
  endfacet
  facet normal -0.7071067811865475 -0.7071067811865475 0
    outer loop
      vertex -10 -9 -19
      vertex -9 -10 -19
      vertex -10 -9 12.129942314911194
    endloop
  endfacet
  facet normal 0 -1 0
    outer loop
      vertex -9 -10 -19
      vertex -5.774247078195542 -10 -12.39177145228181
      vertex -6.129908002520191 -10 -11.219314512600802
    endloop
  endfacet
  facet normal 0 -1 0
    outer loop
      vertex -9 -10 -19
      vertex -6.129908002520191 -10 -11.219314512600802
      vertex -6.25 -10 -10
    endloop
  endfacet
  facet normal 0 -1 0
    outer loop
      vertex -9 -10 -19
      vertex -5.196685076890907 -10 -13.472313956372513
      vertex -5.774247078195542 -10 -12.39177145228181
    endloop
  endfacet
  facet normal 0 -1 0
    outer loop
      vertex -9 -10 -19
      vertex -4.419417382415922 -10 -14.419417382415922
      vertex -5.196685076890907 -10 -13.472313956372513
    endloop
  endfacet
  facet normal 0 -1 0
    outer loop
      vertex -9 -10 -19
      vertex -3.4723139563725134 -10 -15.196685076890908
      vertex -4.419417382415922 -10 -14.419417382415922
    endloop
  endfacet
  facet normal 0 -1 0
    outer loop
      vertex -9 -10 -19
      vertex -6.25 -10 -10
      vertex -9 -10 11.715728752538098
    endloop
  endfacet
  facet normal -0.7071067811865476 -0.7071067811865476 0
    outer loop
      vertex -9 -10 -19
      vertex -9 -10 11.715728752538098
      vertex -10 -9 12.129942314911194
    endloop
  endfacet
  facet normal 0 -1 0
    outer loop
      vertex -6.25 -10 -10
      vertex -6.129908002520191 -10 -8.780685487399198
      vertex -9 -10 11.715728752538098
    endloop
  endfacet
  facet normal 0 -1 0
    outer loop
      vertex -6.129908002520191 -10 -8.780685487399198
      vertex -5.774247078195542 -10 -7.6082285477181895
      vertex -9 -10 11.715728752538098
    endloop
  endfacet
  facet normal 0 -1 0
    outer loop
      vertex -5.774247078195542 -10 -7.6082285477181895
      vertex -5.196685076890907 -10 -6.527686043627487
      vertex -9 -10 11.715728752538098
    endloop
  endfacet
  facet normal 0 -1 0
    outer loop
      vertex -5.196685076890907 -10 -6.527686043627487
      vertex -4.419417382415922 -10 -5.580582617584078
      vertex -9 -10 11.715728752538098
    endloop
  endfacet
  facet normal 0 -1 0
    outer loop
      vertex -4.419417382415922 -10 -5.580582617584078
      vertex -3.4723139563725134 -10 -4.803314923109093
      vertex -9 -10 11.715728752538098
    endloop
  endfacet
  facet normal 0 -1 0
    outer loop
      vertex -9 -10 -19
      vertex -1.2193145126008016 -10 -16.12990800252019
      vertex -2.391771452281811 -10 -15.774247078195543
    endloop
  endfacet
  facet normal 0 -1 0
    outer loop
      vertex -9 -10 -19
      vertex -2.391771452281811 -10 -15.774247078195543
      vertex -3.4723139563725134 -10 -15.196685076890908
    endloop
  endfacet
  facet normal 0 -0.7071067811865476 -0.7071067811865476
    outer loop
      vertex -9 -10 -19
      vertex -9 -9 -20
      vertex 9 -9 -20
    endloop
  endfacet
  facet normal 0 -1 0
    outer loop
      vertex -9 -10 -19
      vertex 9 -10 -19
      vertex -1.2193145126008016 -10 -16.12990800252019
    endloop
  endfacet
  facet normal 0 -1 0
    outer loop
      vertex -3.4723139563725134 -10 -4.803314923109093
      vertex -2.391771452281811 -10 -4.225752921804458
      vertex -9 -10 11.715728752538098
    endloop
  endfacet
  facet normal 0 -1 0
    outer loop
      vertex -2.391771452281811 -10 -4.225752921804458
      vertex -1.2193145126008016 -10 -3.8700919974798094
      vertex -9 -10 11.715728752538098
    endloop
  endfacet
  facet normal 0 -1 0
    outer loop
      vertex -9 -10 11.715728752538098
      vertex 2.391771452281811 -10 -4.225752921804458
      vertex -5.196685076890907 -10 6.527686043627487
    endloop
  endfacet
  facet normal 0 -1 0
    outer loop
      vertex -1.2193145126008016 -10 -3.8700919974798094
      vertex 0 -10 -3.75
      vertex -9 -10 11.715728752538098
    endloop
  endfacet
  facet normal 0 -1 0
    outer loop
      vertex -9 -10 11.715728752538098
      vertex 0 -10 -3.75
      vertex 1.2193145126008016 -10 -3.8700919974798094
    endloop
  endfacet
  facet normal 0 -1 0
    outer loop
      vertex 2.391771452281811 -10 -4.225752921804458
      vertex -4.419417382415922 -10 5.580582617584078
      vertex -5.196685076890907 -10 6.527686043627487
    endloop
  endfacet
  facet normal 0 -1 0
    outer loop
      vertex -9 -10 11.715728752538098
      vertex 1.2193145126008016 -10 -3.8700919974798094
      vertex 2.391771452281811 -10 -4.225752921804458
    endloop
  endfacet
  facet normal 0 -1 0
    outer loop
      vertex 5.196685076890907 -10 -6.527686043627487
      vertex -3.4723139563725134 -10 4.803314923109093
      vertex -4.419417382415922 -10 5.580582617584078
    endloop
  endfacet
  facet normal 0 -1 0
    outer loop
      vertex 5.196685076890907 -10 -6.527686043627487
      vertex -2.391771452281811 -10 4.225752921804458
      vertex -3.4723139563725134 -10 4.803314923109093
    endloop
  endfacet
  facet normal 0 -1 0
    outer loop
      vertex -9 -10 11.715728752538098
      vertex -5.774247078195542 -10 7.6082285477181895
      vertex -6.129908002520191 -10 8.780685487399198
    endloop
  endfacet
  facet normal 0 -1 0
    outer loop
      vertex -9 -10 11.715728752538098
      vertex -5.196685076890907 -10 6.527686043627487
      vertex -5.774247078195542 -10 7.6082285477181895
    endloop
  endfacet
  facet normal 0 -1 0
    outer loop
      vertex -9 -10 11.715728752538098
      vertex -6.129908002520191 -10 8.780685487399198
      vertex -6.25 -10 10
    endloop
  endfacet
  facet normal 0 -1 0
    outer loop
      vertex -9 -10 11.715728752538098
      vertex -6.25 -10 10
      vertex -6.129908002520191 -10 11.219314512600802
    endloop
  endfacet
  facet normal 0 -1 0
    outer loop
      vertex -9 -10 11.715728752538098
      vertex -6.129908002520191 -10 11.219314512600802
      vertex -5.979322389139752 -10 11.715728752538098
    endloop
  endfacet
  facet normal -0.7071067811865476 0 -0.7071067811865476
    outer loop
      vertex -10 -9 -19
      vertex -10 9 -19
      vertex -9 -9 -20
    endloop
  endfacet
  facet normal -1 0 0
    outer loop
      vertex -10 -9 -19
      vertex -10 -9 12.129942314911194
      vertex -10 9 -19
    endloop
  endfacet
  facet normal -0.7071067811865476 0 -0.7071067811865476
    outer loop
      vertex -9 -9 -20
      vertex -10 9 -19
      vertex -9 9 -20
    endloop
  endfacet
  facet normal -1 0 0
    outer loop
      vertex -10 -9 12.129942314911194
      vertex -10 -9 19
      vertex -10 9 -19
    endloop
  endfacet
  facet normal -1 0 0
    outer loop
      vertex -10 -9 19
      vertex -10 7.585786437626904 19
      vertex -10 9 -19
    endloop
  endfacet
  facet normal -0.5773502691896258 0.5773502691896258 -0.5773502691896258
    outer loop
      vertex -10 9 -19
      vertex -9 10 -19
      vertex -9 9 -20
    endloop
  endfacet
  facet normal 0 1 0
    outer loop
      vertex -9 10 -19
      vertex -6.129908002520191 10 -11.219314512600802
      vertex -5.774247078195542 10 -12.39177145228181
    endloop
  endfacet
  facet normal 0 1 0
    outer loop
      vertex -9 10 -19
      vertex -6.25 10 -10
      vertex -6.129908002520191 10 -11.219314512600802
    endloop
  endfacet
  facet normal 0 1 0
    outer loop
      vertex -9 10 -19
      vertex -5.774247078195542 10 -12.39177145228181
      vertex -5.196685076890907 10 -13.472313956372513
    endloop
  endfacet
  facet normal 0 1 0
    outer loop
      vertex -9 10 -19
      vertex -5.196685076890907 10 -13.472313956372513
      vertex -4.419417382415922 10 -14.419417382415922
    endloop
  endfacet
  facet normal 0 1 0
    outer loop
      vertex -9 10 -19
      vertex -4.419417382415922 10 -14.419417382415922
      vertex -3.4723139563725134 10 -15.196685076890908
    endloop
  endfacet
  facet normal 0 1 0
    outer loop
      vertex -9 10 -19
      vertex -6.129908002520191 10 -8.780685487399198
      vertex -6.25 10 -10
    endloop
  endfacet
  facet normal -0.7071067811865475 0.7071067811865475 0
    outer loop
      vertex -10 9 -19
      vertex -10 9 19
      vertex -9 10 -19
    endloop
  endfacet
  facet normal 0 1 0
    outer loop
      vertex -9 10 -19
      vertex -9 10 19
      vertex -6.129908002520191 10 -8.780685487399198
    endloop
  endfacet
  facet normal -1 0 0
    outer loop
      vertex -10 9 -19
      vertex -10 7.585786437626904 19
      vertex -10 9 19
    endloop
  endfacet
  facet normal -0.7071067811865475 0.7071067811865475 0
    outer loop
      vertex -9 10 -19
      vertex -10 9 19
      vertex -9 10 19
    endloop
  endfacet
  facet normal 0 1 0
    outer loop
      vertex -6.129908002520191 10 -8.780685487399198
      vertex -9 10 19
      vertex -5.774247078195542 10 -7.6082285477181895
    endloop
  endfacet
  facet normal 0 1 0
    outer loop
      vertex -5.774247078195542 10 -7.6082285477181895
      vertex -9 10 19
      vertex -5.196685076890907 10 -6.527686043627487
    endloop
  endfacet
  facet normal 0 1 0
    outer loop
      vertex -5.196685076890907 10 -6.527686043627487
      vertex -9 10 19
      vertex -4.419417382415922 10 -5.580582617584078
    endloop
  endfacet
  facet normal 0 1 0
    outer loop
      vertex -4.419417382415922 10 -5.580582617584078
      vertex -9 10 19
      vertex -3.4723139563725134 10 -4.803314923109093
    endloop
  endfacet
  facet normal 0 0 -1
    outer loop
      vertex -9 -9 -20
      vertex -9 9 -20
      vertex 9 9 -20
    endloop
  endfacet
  facet normal 0 1 0
    outer loop
      vertex -9 10 -19
      vertex -2.391771452281811 10 -15.774247078195543
      vertex -1.2193145126008016 10 -16.12990800252019
    endloop
  endfacet
  facet normal 0 1 0
    outer loop
      vertex -9 10 -19
      vertex -3.4723139563725134 10 -15.196685076890908
      vertex -2.391771452281811 10 -15.774247078195543
    endloop
  endfacet
  facet normal 0 0.7071067811865476 -0.7071067811865476
    outer loop
      vertex -9 9 -20
      vertex -9 10 -19
      vertex 9 9 -20
    endloop
  endfacet
  facet normal 0 1 0
    outer loop
      vertex -9 10 -19
      vertex -1.2193145126008016 10 -16.12990800252019
      vertex 9 10 -19
    endloop
  endfacet
  facet normal 0 1 0
    outer loop
      vertex -3.4723139563725134 10 -4.803314923109093
      vertex -9 10 19
      vertex -2.391771452281811 10 -4.225752921804458
    endloop
  endfacet
  facet normal 0 1 0
    outer loop
      vertex -2.391771452281811 10 -4.225752921804458
      vertex -2.217444482178185 10 9.558922868516976
      vertex -2.0887870286167542 10 9.134796083837943
    endloop
  endfacet
  facet normal 0 1 0
    outer loop
      vertex -2.391771452281811 10 -4.225752921804458
      vertex -2.0887870286167542 10 9.134796083837943
      vertex -1.879858660950843 10 8.743918600445069
    endloop
  endfacet
  facet normal 0 1 0
    outer loop
      vertex -2.391771452281811 10 -4.225752921804458
      vertex -1.879858660950843 10 8.743918600445069
      vertex -1.5986883791814732 10 8.401311620818527
    endloop
  endfacet
  facet normal 0 1 0
    outer loop
      vertex -2.391771452281811 10 -4.225752921804458
      vertex -2.2608867878467005 10 10
      vertex -2.217444482178185 10 9.558922868516976
    endloop
  endfacet
  facet normal 0 1 0
    outer loop
      vertex -2.391771452281811 10 -4.225752921804458
      vertex -1.5986883791814732 10 8.401311620818527
      vertex -1.2560813995549314 10 8.120141339049157
    endloop
  endfacet
  facet normal 0 1 0
    outer loop
      vertex -2.391771452281811 10 -4.225752921804458
      vertex -1.2560813995549314 10 8.120141339049157
      vertex -0.8652039161620579 10 7.911212971383246
    endloop
  endfacet
  facet normal 0 1 0
    outer loop
      vertex -2.391771452281811 10 -4.225752921804458
      vertex -0.8652039161620579 10 7.911212971383246
      vertex -0.44107713148302263 10 7.782555517821815
    endloop
  endfacet
  facet normal 0 1 0
    outer loop
      vertex -2.391771452281811 10 -4.225752921804458
      vertex -0.44107713148302263 10 7.782555517821815
      vertex 0 10 7.739113212153299
    endloop
  endfacet
  facet normal 0 1 0
    outer loop
      vertex -2.391771452281811 10 -4.225752921804458
      vertex 0 10 7.739113212153299
      vertex 0.44107713148302263 10 7.782555517821815
    endloop
  endfacet
  facet normal 0 1 0
    outer loop
      vertex -2.391771452281811 10 -4.225752921804458
      vertex 0.44107713148302263 10 7.782555517821815
      vertex 0.8652039161620579 10 7.911212971383246
    endloop
  endfacet
  facet normal 0 1 0
    outer loop
      vertex -2.391771452281811 10 -4.225752921804458
      vertex 0.8652039161620579 10 7.911212971383246
      vertex 1.2560813995549314 10 8.120141339049157
    endloop
  endfacet
  facet normal -0.7071067811865465 0 0.7071067811865486
    outer loop
      vertex -10 7.585786437626904 19
      vertex -9.414213562373094 9 19.585786437626904
      vertex -10 9 19
    endloop
  endfacet
  facet normal -0.5773502691896252 0.5773502691896252 0.5773502691896268
    outer loop
      vertex -10 9 19
      vertex -9.414213562373094 9 19.585786437626904
      vertex -9 10 19
    endloop
  endfacet
  facet normal -0.5773502691896256 0.5773502691896252 0.5773502691896266
    outer loop
      vertex -9.414213562373094 9 19.585786437626904
      vertex -9 9.292893218813452 19.707106781186546
      vertex -9 10 19
    endloop
  endfacet
  facet normal 0 1 0
    outer loop
      vertex -2.391771452281811 10 -4.225752921804458
      vertex -9 10 19
      vertex -2.2608867878467005 10 10
    endloop
  endfacet
  facet normal 0 1 0
    outer loop
      vertex -9 10 19
      vertex -2.217444482178185 10 10.441077131483024
      vertex -2.2608867878467005 10 10
    endloop
  endfacet
  facet normal 0 1 0
    outer loop
      vertex -9 10 19
      vertex -2.0887870286167542 10 10.865203916162057
      vertex -2.217444482178185 10 10.441077131483024
    endloop
  endfacet
  facet normal 0 1 0
    outer loop
      vertex -9 10 19
      vertex -1.879858660950843 10 11.256081399554931
      vertex -2.0887870286167542 10 10.865203916162057
    endloop
  endfacet
  facet normal 0 1 0
    outer loop
      vertex -9 10 19
      vertex -1.5986883791814732 10 11.598688379181473
      vertex -1.879858660950843 10 11.256081399554931
    endloop
  endfacet
  facet normal 0 1 0
    outer loop
      vertex -9 10 19
      vertex -1.2560813995549314 10 11.879858660950843
      vertex -1.5986883791814732 10 11.598688379181473
    endloop
  endfacet
  facet normal 0 1 0
    outer loop
      vertex -9 10 19
      vertex -0.8652039161620579 10 12.088787028616753
      vertex -1.2560813995549314 10 11.879858660950843
    endloop
  endfacet
  facet normal 0 1 0
    outer loop
      vertex -9 10 19
      vertex -0.44107713148302263 10 12.217444482178184
      vertex -0.8652039161620579 10 12.088787028616753
    endloop
  endfacet
  facet normal 0 1 0
    outer loop
      vertex -9 10 19
      vertex 0 10 12.260886787846701
      vertex -0.44107713148302263 10 12.217444482178184
    endloop
  endfacet
  facet normal 0 0.7071067811865467 0.7071067811865485
    outer loop
      vertex -9 9.292893218813452 19.707106781186546
      vertex 9 9.292893218813452 19.707106781186546
      vertex -9 10 19
    endloop
  endfacet
  facet normal 0 -1 0
    outer loop
      vertex -1.2193145126008016 -10 -16.12990800252019
      vertex 9 -10 -19
      vertex 0 -10 -16.25
    endloop
  endfacet
  facet normal 0 -0.7071067811865476 -0.7071067811865476
    outer loop
      vertex -9 -10 -19
      vertex 9 -9 -20
      vertex 9 -10 -19
    endloop
  endfacet
  facet normal 0 -1 0
    outer loop
      vertex 0 -10 -16.25
      vertex 9 -10 -19
      vertex 1.2193145126008016 -10 -16.12990800252019
    endloop
  endfacet
  facet normal 0 -1 0
    outer loop
      vertex 1.2193145126008016 -10 -16.12990800252019
      vertex 9 -10 -19
      vertex 2.391771452281811 -10 -15.774247078195543
    endloop
  endfacet
  facet normal 0 -1 0
    outer loop
      vertex 2.391771452281811 -10 -15.774247078195543
      vertex 9 -10 -19
      vertex 3.4723139563725134 -10 -15.196685076890908
    endloop
  endfacet
  facet normal 0 -1 0
    outer loop
      vertex 2.391771452281811 -10 -4.225752921804458
      vertex 3.4723139563725134 -10 -4.803314923109093
      vertex -4.419417382415922 -10 5.580582617584078
    endloop
  endfacet
  facet normal 0 -1 0
    outer loop
      vertex 3.4723139563725134 -10 -4.803314923109093
      vertex 4.419417382415922 -10 -5.580582617584078
      vertex -4.419417382415922 -10 5.580582617584078
    endloop
  endfacet
  facet normal 0 -1 0
    outer loop
      vertex 4.419417382415922 -10 -5.580582617584078
      vertex 5.196685076890907 -10 -6.527686043627487
      vertex -4.419417382415922 -10 5.580582617584078
    endloop
  endfacet
  facet normal 0 -1 0
    outer loop
      vertex 5.196685076890907 -10 -6.527686043627487
      vertex -1.2193145126008016 -10 3.8700919974798094
      vertex -2.391771452281811 -10 4.225752921804458
    endloop
  endfacet
  facet normal 0 -1 0
    outer loop
      vertex 5.196685076890907 -10 -6.527686043627487
      vertex 0 -10 3.75
      vertex -1.2193145126008016 -10 3.8700919974798094
    endloop
  endfacet
  facet normal 0 -1 0
    outer loop
      vertex 5.196685076890907 -10 -6.527686043627487
      vertex 1.2193145126008016 -10 3.8700919974798094
      vertex 0 -10 3.75
    endloop
  endfacet
  facet normal 0 -1 0
    outer loop
      vertex 5.196685076890907 -10 -6.527686043627487
      vertex 2.391771452281811 -10 4.225752921804458
      vertex 1.2193145126008016 -10 3.8700919974798094
    endloop
  endfacet
  facet normal 0 -1 0
    outer loop
      vertex 5.196685076890907 -10 -6.527686043627487
      vertex 3.4723139563725134 -10 4.803314923109093
      vertex 2.391771452281811 -10 4.225752921804458
    endloop
  endfacet
  facet normal 0 -1 0
    outer loop
      vertex 5.196685076890907 -10 -6.527686043627487
      vertex 4.419417382415922 -10 5.580582617584078
      vertex 3.4723139563725134 -10 4.803314923109093
    endloop
  endfacet
  facet normal 0 -1 0
    outer loop
      vertex 5.196685076890907 -10 -6.527686043627487
      vertex 5.196685076890907 -10 6.527686043627487
      vertex 4.419417382415922 -10 5.580582617584078
    endloop
  endfacet
  facet normal 0 -1 0
    outer loop
      vertex 3.4723139563725134 -10 -15.196685076890908
      vertex 9 -10 -19
      vertex 4.419417382415922 -10 -14.419417382415922
    endloop
  endfacet
  facet normal 0 -1 0
    outer loop
      vertex 4.419417382415922 -10 -14.419417382415922
      vertex 9 -10 -19
      vertex 5.196685076890907 -10 -13.472313956372513
    endloop
  endfacet
  facet normal 0 -1 0
    outer loop
      vertex 5.196685076890907 -10 -13.472313956372513
      vertex 9 -10 -19
      vertex 5.774247078195542 -10 -12.39177145228181
    endloop
  endfacet
  facet normal 0 -1 0
    outer loop
      vertex 5.774247078195542 -10 -12.39177145228181
      vertex 9 -10 -19
      vertex 6.129908002520191 -10 -11.219314512600802
    endloop
  endfacet
  facet normal 0 -1 0
    outer loop
      vertex 6.129908002520191 -10 -11.219314512600802
      vertex 9 -10 -19
      vertex 6.25 -10 -10
    endloop
  endfacet
  facet normal 0 -1 0
    outer loop
      vertex 6.129908002520191 -10 -8.780685487399198
      vertex 6.25 -10 -10
      vertex 9 -10 -19
    endloop
  endfacet
  facet normal 0.5773502691896258 -0.5773502691896258 -0.5773502691896258
    outer loop
      vertex 9 -10 -19
      vertex 9 -9 -20
      vertex 10 -9 -19
    endloop
  endfacet
  facet normal 0.7071067811865476 -0.7071067811865476 0
    outer loop
      vertex 9 -10 -19
      vertex 10 -9 -19
      vertex 9 -10 11.715728752538098
    endloop
  endfacet
  facet normal 0 -1 0
    outer loop
      vertex 5.774247078195542 -10 -7.6082285477181895
      vertex 9 -10 11.715728752538098
      vertex 5.196685076890907 -10 -6.527686043627487
    endloop
  endfacet
  facet normal 0 -1 0
    outer loop
      vertex 6.129908002520191 -10 -8.780685487399198
      vertex 9 -10 11.715728752538098
      vertex 5.774247078195542 -10 -7.6082285477181895
    endloop
  endfacet
  facet normal 0 -1 0
    outer loop
      vertex 5.196685076890907 -10 -6.527686043627487
      vertex 5.774247078195542 -10 7.6082285477181895
      vertex 5.196685076890907 -10 6.527686043627487
    endloop
  endfacet
  facet normal 0 -1 0
    outer loop
      vertex 5.196685076890907 -10 -6.527686043627487
      vertex 6.129908002520191 -10 8.780685487399198
      vertex 5.774247078195542 -10 7.6082285477181895
    endloop
  endfacet
  facet normal 0 -1 0
    outer loop
      vertex 5.196685076890907 -10 -6.527686043627487
      vertex 9 -10 11.715728752538098
      vertex 6.129908002520191 -10 8.780685487399198
    endloop
  endfacet
  facet normal 0 -1 0
    outer loop
      vertex 6.129908002520191 -10 -8.780685487399198
      vertex 9 -10 -19
      vertex 9 -10 11.715728752538098
    endloop
  endfacet
  facet normal 0.7071067811865475 -0.7071067811865475 0
    outer loop
      vertex 10 -9 -19
      vertex 10 -9 12.129942314911194
      vertex 9 -10 11.715728752538098
    endloop
  endfacet
  facet normal 0 -1 0
    outer loop
      vertex 9 -10 11.715728752538098
      vertex 6.25 -10 10
      vertex 6.129908002520191 -10 8.780685487399198
    endloop
  endfacet
  facet normal 0 -1 0
    outer loop
      vertex 9 -10 11.715728752538098
      vertex 6.129908002520191 -10 11.219314512600802
      vertex 6.25 -10 10
    endloop
  endfacet
  facet normal 0 -1 0
    outer loop
      vertex 9 -10 11.715728752538098
      vertex 5.979322389139752 -10 11.715728752538098
      vertex 6.129908002520191 -10 11.219314512600802
    endloop
  endfacet
  facet normal 0 0 -1
    outer loop
      vertex -9 -9 -20
      vertex 9 9 -20
      vertex 9 -9 -20
    endloop
  endfacet
  facet normal 0 0.7071067811865476 -0.7071067811865476
    outer loop
      vertex -9 10 -19
      vertex 9 10 -19
      vertex 9 9 -20
    endloop
  endfacet
  facet normal 0 1 0
    outer loop
      vertex -1.2193145126008016 10 -16.12990800252019
      vertex 0 10 -16.25
      vertex 9 10 -19
    endloop
  endfacet
  facet normal 0 1 0
    outer loop
      vertex 0 10 -16.25
      vertex 1.2193145126008016 10 -16.12990800252019
      vertex 9 10 -19
    endloop
  endfacet
  facet normal 0 1 0
    outer loop
      vertex 1.2193145126008016 10 -16.12990800252019
      vertex 2.391771452281811 10 -15.774247078195543
      vertex 9 10 -19
    endloop
  endfacet
  facet normal 0 1 0
    outer loop
      vertex 2.391771452281811 10 -15.774247078195543
      vertex 3.4723139563725134 10 -15.196685076890908
      vertex 9 10 -19
    endloop
  endfacet
  facet normal 0 1 0
    outer loop
      vertex -2.391771452281811 10 -4.225752921804458
      vertex 1.2560813995549314 10 8.120141339049157
      vertex 1.5986883791814732 10 8.401311620818527
    endloop
  endfacet
  facet normal 0 1 0
    outer loop
      vertex -2.391771452281811 10 -4.225752921804458
      vertex 1.5986883791814732 10 8.401311620818527
      vertex 1.879858660950843 10 8.743918600445069
    endloop
  endfacet
  facet normal 0 1 0
    outer loop
      vertex -2.391771452281811 10 -4.225752921804458
      vertex 9 10 19
      vertex -1.2193145126008016 10 -3.8700919974798094
    endloop
  endfacet
  facet normal 0 1 0
    outer loop
      vertex -1.2193145126008016 10 -3.8700919974798094
      vertex 9 10 19
      vertex 0 10 -3.75
    endloop
  endfacet
  facet normal 0 1 0
    outer loop
      vertex 0 10 -3.75
      vertex 9 10 19
      vertex 1.2193145126008016 10 -3.8700919974798094
    endloop
  endfacet
  facet normal 0 1 0
    outer loop
      vertex 2.391771452281811 10 -4.225752921804458
      vertex 9 10 19
      vertex 3.4723139563725134 10 -4.803314923109093
    endloop
  endfacet
  facet normal 0 1 0
    outer loop
      vertex 1.2193145126008016 10 -3.8700919974798094
      vertex 9 10 19
      vertex 2.391771452281811 10 -4.225752921804458
    endloop
  endfacet
  facet normal 0.7071067811865476 0 -0.7071067811865476
    outer loop
      vertex 9 -9 -20
      vertex 9 9 -20
      vertex 10 -9 -19
    endloop
  endfacet
  facet normal 0.7071067811865476 0 -0.7071067811865476
    outer loop
      vertex 10 -9 -19
      vertex 9 9 -20
      vertex 10 9 -19
    endloop
  endfacet
  facet normal 1 0 0
    outer loop
      vertex 10 -9 -19
      vertex 10 9 19
      vertex 10 -9 12.129942314911194
    endloop
  endfacet
  facet normal 1 0 0
    outer loop
      vertex 10 -9 -19
      vertex 10 9 -19
      vertex 10 9 19
    endloop
  endfacet
  facet normal 0 1 0
    outer loop
      vertex 3.4723139563725134 10 -15.196685076890908
      vertex 4.419417382415922 10 -14.419417382415922
      vertex 9 10 -19
    endloop
  endfacet
  facet normal 0 1 0
    outer loop
      vertex 4.419417382415922 10 -14.419417382415922
      vertex 5.196685076890907 10 -13.472313956372513
      vertex 9 10 -19
    endloop
  endfacet
  facet normal 0 1 0
    outer loop
      vertex 5.196685076890907 10 -13.472313956372513
      vertex 5.774247078195542 10 -12.39177145228181
      vertex 9 10 -19
    endloop
  endfacet
  facet normal 0 1 0
    outer loop
      vertex 5.774247078195542 10 -12.39177145228181
      vertex 6.129908002520191 10 -11.219314512600802
      vertex 9 10 -19
    endloop
  endfacet
  facet normal 0 1 0
    outer loop
      vertex 6.129908002520191 10 -11.219314512600802
      vertex 6.25 10 -10
      vertex 9 10 -19
    endloop
  endfacet
  facet normal 0.5773502691896258 0.5773502691896258 -0.5773502691896258
    outer loop
      vertex 9 9 -20
      vertex 9 10 -19
      vertex 10 9 -19
    endloop
  endfacet
  facet normal 0 1 0
    outer loop
      vertex 3.4723139563725134 10 -4.803314923109093
      vertex 9 10 19
      vertex 4.419417382415922 10 -5.580582617584078
    endloop
  endfacet
  facet normal 0 1 0
    outer loop
      vertex 4.419417382415922 10 -5.580582617584078
      vertex 9 10 19
      vertex 5.196685076890907 10 -6.527686043627487
    endloop
  endfacet
  facet normal 0 1 0
    outer loop
      vertex 5.774247078195542 10 -7.6082285477181895
      vertex 5.196685076890907 10 -6.527686043627487
      vertex 9 10 19
    endloop
  endfacet
  facet normal 0 1 0
    outer loop
      vertex 6.129908002520191 10 -8.780685487399198
      vertex 5.774247078195542 10 -7.6082285477181895
      vertex 9 10 19
    endloop
  endfacet
  facet normal 0 1 0
    outer loop
      vertex 6.129908002520191 10 -8.780685487399198
      vertex 9 10 19
      vertex 6.25 10 -10
    endloop
  endfacet
  facet normal 0 1 0
    outer loop
      vertex 6.25 10 -10
      vertex 9 10 19
      vertex 9 10 -19
    endloop
  endfacet
  facet normal 0.7071067811865475 0.7071067811865475 0
    outer loop
      vertex 9 10 -19
      vertex 9 10 19
      vertex 10 9 -19
    endloop
  endfacet
  facet normal 0.7071067811865475 0.7071067811865475 0
    outer loop
      vertex 10 9 -19
      vertex 9 10 19
      vertex 10 9 19
    endloop
  endfacet
  facet normal 0 1 0
    outer loop
      vertex -9 10 19
      vertex 9 10 19
      vertex 0 10 12.260886787846701
    endloop
  endfacet
  facet normal 0 1 0
    outer loop
      vertex -2.391771452281811 10 -4.225752921804458
      vertex 1.879858660950843 10 8.743918600445069
      vertex 9 10 19
    endloop
  endfacet
  facet normal 0 1 0
    outer loop
      vertex 9 10 19
      vertex 1.879858660950843 10 8.743918600445069
      vertex 2.0887870286167542 10 9.134796083837943
    endloop
  endfacet
  facet normal 0 1 0
    outer loop
      vertex 9 10 19
      vertex 2.0887870286167542 10 9.134796083837943
      vertex 2.217444482178185 10 9.558922868516976
    endloop
  endfacet
  facet normal 0 1 0
    outer loop
      vertex 9 10 19
      vertex 2.217444482178185 10 9.558922868516976
      vertex 2.2608867878467005 10 10
    endloop
  endfacet
  facet normal 0 1 0
    outer loop
      vertex 9 10 19
      vertex 2.2608867878467005 10 10
      vertex 2.217444482178185 10 10.441077131483024
    endloop
  endfacet
  facet normal 0 1 0
    outer loop
      vertex 9 10 19
      vertex 0.44107713148302263 10 12.217444482178184
      vertex 0 10 12.260886787846701
    endloop
  endfacet
  facet normal 0 1 0
    outer loop
      vertex 9 10 19
      vertex 0.8652039161620579 10 12.088787028616753
      vertex 0.44107713148302263 10 12.217444482178184
    endloop
  endfacet
  facet normal 0 1 0
    outer loop
      vertex 9 10 19
      vertex 1.2560813995549314 10 11.879858660950843
      vertex 0.8652039161620579 10 12.088787028616753
    endloop
  endfacet
  facet normal 0 0.7071067811865467 0.7071067811865485
    outer loop
      vertex -9 10 19
      vertex 9 9.292893218813452 19.707106781186546
      vertex 9 10 19
    endloop
  endfacet
  facet normal 0 1 0
    outer loop
      vertex 9 10 19
      vertex 1.5986883791814732 10 11.598688379181473
      vertex 1.2560813995549314 10 11.879858660950843
    endloop
  endfacet
  facet normal 0 1 0
    outer loop
      vertex 9 10 19
      vertex 1.879858660950843 10 11.256081399554931
      vertex 1.5986883791814732 10 11.598688379181473
    endloop
  endfacet
  facet normal 0 1 0
    outer loop
      vertex 9 10 19
      vertex 2.0887870286167542 10 10.865203916162057
      vertex 1.879858660950843 10 11.256081399554931
    endloop
  endfacet
  facet normal 0 1 0
    outer loop
      vertex 9 10 19
      vertex 2.217444482178185 10 10.441077131483024
      vertex 2.0887870286167542 10 10.865203916162057
    endloop
  endfacet
  facet normal 1 0 0
    outer loop
      vertex 10 -9 12.129942314911194
      vertex 10 7.585786437626904 19
      vertex 10 -9 19
    endloop
  endfacet
  facet normal 1 0 0
    outer loop
      vertex 10 -9 12.129942314911194
      vertex 10 9 19
      vertex 10 7.585786437626904 19
    endloop
  endfacet
  facet normal 0.5773502691896256 0.5773502691896252 0.5773502691896266
    outer loop
      vertex 9 9.292893218813452 19.707106781186546
      vertex 9.414213562373094 9 19.585786437626904
      vertex 9 10 19
    endloop
  endfacet
  facet normal 0.7071067811865465 0 0.7071067811865486
    outer loop
      vertex 10 7.585786437626904 19
      vertex 10 9 19
      vertex 9.414213562373094 9 19.585786437626904
    endloop
  endfacet
  facet normal 0.5773502691896252 0.5773502691896252 0.5773502691896268
    outer loop
      vertex 9 10 19
      vertex 9.414213562373094 9 19.585786437626904
      vertex 10 9 19
    endloop
  endfacet
  facet normal -0.577350269189627 -0.8164965809277253 0
    outer loop
      vertex -10 -16.870057685088806 20
      vertex -9 -17.577164466275356 19.292893218813454
      vertex -9 -17.577164466275356 20.707106781186546
    endloop
  endfacet
  facet normal -0.7071067811865477 -0.49999999999999983 -0.49999999999999983
    outer loop
      vertex -10 -16.870057685088806 20
      vertex -9 -10 11.715728752538098
      vertex -9 -17.577164466275356 19.292893218813454
    endloop
  endfacet
  facet normal -0.7071067811865478 -0.4999999999999998 -0.4999999999999998
    outer loop
      vertex -10 -16.870057685088806 20
      vertex -10 -9 12.129942314911194
      vertex -9 -10 11.715728752538098
    endloop
  endfacet
  facet normal -1 0 0
    outer loop
      vertex -10 -16.870057685088806 20
      vertex -10 -9 19
      vertex -10 -9 12.129942314911194
    endloop
  endfacet
  facet normal 0 -0.7071067811865476 -0.7071067811865476
    outer loop
      vertex -9 -17.577164466275356 19.292893218813454
      vertex -9 -10 11.715728752538098
      vertex -6.129908002520191 -12.075388995855622 13.79111774839372
    endloop
  endfacet
  facet normal -1.7380204327626251e-15 -0.7071067811865471 -0.707106781186548
    outer loop
      vertex -9 -17.577164466275356 19.292893218813454
      vertex -6.129908002520191 -12.075388995855622 13.79111774839372
      vertex -5.774247078195542 -12.904441248553294 14.62017000109139
    endloop
  endfacet
  facet normal 9.730496538541834e-16 -0.707106781186548 -0.707106781186547
    outer loop
      vertex -9 -17.577164466275356 19.292893218813454
      vertex -5.774247078195542 -12.904441248553294 14.62017000109139
      vertex -5.196685076890907 -13.668500180556121 15.384228933094219
    endloop
  endfacet
  facet normal -8.995778270927098e-16 -0.707106781186547 -0.707106781186548
    outer loop
      vertex -9 -17.577164466275356 19.292893218813454
      vertex -5.196685076890907 -13.668500180556121 15.384228933094219
      vertex -4.419417382415922 -14.338203435596428 16.053932188134524
    endloop
  endfacet
  facet normal 6.746833703195328e-16 -0.7071067811865482 -0.7071067811865469
    outer loop
      vertex -9 -17.577164466275356 19.292893218813454
      vertex -4.419417382415922 -14.338203435596428 16.053932188134524
      vertex -3.4723139563725134 -14.887814693156923 16.60354344569502
    endloop
  endfacet
  facet normal 0 -0.7071067811865476 -0.7071067811865476
    outer loop
      vertex -9 -10 11.715728752538098
      vertex -6.25 -11.213203435596427 12.928932188134524
      vertex -6.129908002520191 -12.075388995855622 13.79111774839372
    endloop
  endfacet
  facet normal -0.7071067811865477 -0.49999999999999983 0.4999999999999997
    outer loop
      vertex -10 -16.870057685088806 20
      vertex -9 -17.577164466275356 20.707106781186546
      vertex -10 -4.142135623730951 32.72792206135786
    endloop
  endfacet
  facet normal 0 -0.7071067811865476 -0.7071067811865476
    outer loop
      vertex -9 -10 11.715728752538098
      vertex -6.129908002520191 -10.351017875337229 12.066746627875327
      vertex -6.25 -11.213203435596427 12.928932188134524
    endloop
  endfacet
  facet normal 0 -0.7071067811865475 -0.7071067811865475
    outer loop
      vertex -9 -10 11.715728752538098
      vertex -5.979322389139752 -10 11.715728752538098
      vertex -6.129908002520191 -10.351017875337229 12.066746627875327
    endloop
  endfacet
  facet normal -1 0 0
    outer loop
      vertex -10 -16.870057685088806 20
      vertex -10 -4.142135623730951 32.72792206135786
      vertex -10 -9 19
    endloop
  endfacet
  facet normal -0.7071067811865469 -0.5000000000000004 0.5000000000000004
    outer loop
      vertex -9 -17.577164466275356 20.707106781186546
      vertex -9 -4.849242404917499 33.435028842544405
      vertex -10 -4.142135623730951 32.72792206135786
    endloop
  endfacet
  facet normal -0.5773502691896251 0 0.8164965809277266
    outer loop
      vertex -10 -4.142135623730951 32.72792206135786
      vertex -9 -4.849242404917499 33.435028842544405
      vertex -9 -3.435028842544403 33.435028842544405
    endloop
  endfacet
  facet normal 6.081560336588632e-16 -0.7071067811865482 -0.7071067811865468
    outer loop
      vertex -9 -17.577164466275356 19.292893218813454
      vertex -3.4723139563725134 -14.887814693156923 16.60354344569502
      vertex -2.391771452281811 -15.296212700835104 17.011941453373204
    endloop
  endfacet
  facet normal -1.1586802885084242e-15 -0.7071067811865456 -0.7071067811865496
    outer loop
      vertex -9 -17.577164466275356 19.292893218813454
      vertex -2.391771452281811 -15.296212700835104 17.011941453373204
      vertex -1.2193145126008016 -15.547702952228137 17.263431704766234
    endloop
  endfacet
  facet normal 0 -1 0
    outer loop
      vertex -9 -17.577164466275356 19.292893218813454
      vertex 9 -17.577164466275356 19.292893218813454
      vertex -9 -17.577164466275356 20.707106781186546
    endloop
  endfacet
  facet normal 0 -0.7071067811865479 -0.7071067811865474
    outer loop
      vertex -9 -17.577164466275356 19.292893218813454
      vertex -1.2193145126008016 -15.547702952228137 17.263431704766234
      vertex 9 -17.577164466275356 19.292893218813454
    endloop
  endfacet
  facet normal 0 -0.7071067811865476 0.7071067811865475
    outer loop
      vertex -9 -17.577164466275356 20.707106781186546
      vertex 9 -4.849242404917499 33.435028842544405
      vertex -9 -4.849242404917499 33.435028842544405
    endloop
  endfacet
  facet normal 0 0 1
    outer loop
      vertex -9 -4.849242404917499 33.435028842544405
      vertex 9 -3.435028842544403 33.435028842544405
      vertex -9 -3.435028842544403 33.435028842544405
    endloop
  endfacet
  facet normal -1 0 0
    outer loop
      vertex -10 -9 19
      vertex -10 -4.142135623730951 32.72792206135786
      vertex -10 7.585786437626904 19
    endloop
  endfacet
  facet normal -0.7071067811865472 0.5000000000000002 0.5000000000000001
    outer loop
      vertex -10 -4.142135623730951 32.72792206135786
      vertex -9 -3.435028842544403 33.435028842544405
      vertex -9 9.292893218813452 20.707106781186546
    endloop
  endfacet
  facet normal -0.7071067811865476 0.5 -0.5
    outer loop
      vertex -10 7.585786437626904 19
      vertex -10 8.585786437626904 20
      vertex -9.414213562373094 9 19.585786437626904
    endloop
  endfacet
  facet normal -0.5773502691896263 0.8164965809277258 0
    outer loop
      vertex -9.414213562373094 9 19.585786437626904
      vertex -9 9.292893218813452 20.707106781186546
      vertex -9 9.292893218813452 19.707106781186546
    endloop
  endfacet
  facet normal -1 0 0
    outer loop
      vertex -10 -4.142135623730951 32.72792206135786
      vertex -10 8.585786437626904 20
      vertex -10 7.585786437626904 19
    endloop
  endfacet
  facet normal -0.7071067811865475 0.5000000000000001 0.49999999999999994
    outer loop
      vertex -10 -4.142135623730951 32.72792206135786
      vertex -9 9.292893218813452 20.707106781186546
      vertex -10 8.585786437626904 20
    endloop
  endfacet
  facet normal -0.5773502691896258 0.8164965809277259 -1.6413513209470398e-16
    outer loop
      vertex -10 8.585786437626904 20
      vertex -9 9.292893218813452 20.707106781186546
      vertex -9.414213562373094 9 19.585786437626904
    endloop
  endfacet
  facet normal -3.4270044862949163e-16 0.7071067811865476 0.7071067811865474
    outer loop
      vertex -9 -3.435028842544403 33.435028842544405
      vertex -2.0887870286167542 3.5407237443618733 26.45927625563813
      vertex -9 9.292893218813452 20.707106781186546
    endloop
  endfacet
  facet normal -5.3587678919371754e-15 0.7071067811865501 0.7071067811865448
    outer loop
      vertex -9 -3.435028842544403 33.435028842544405
      vertex -2.0887870286167542 2.3171406319071757 27.682859368092828
      vertex -2.217444482178185 2.6170435574365705 27.38295644256343
    endloop
  endfacet
  facet normal 0 0.7071067811865476 0.7071067811865476
    outer loop
      vertex -9 -3.435028842544403 33.435028842544405
      vertex -2.2608867878467005 2.928932188134524 27.071067811865476
      vertex -2.217444482178185 3.2408208188324785 26.75917918116752
    endloop
  endfacet
  facet normal 0 0.7071067811865486 0.7071067811865465
    outer loop
      vertex -9 -3.435028842544403 33.435028842544405
      vertex -2.217444482178185 2.6170435574365705 27.38295644256343
      vertex -2.2608867878467005 2.928932188134524 27.071067811865476
    endloop
  endfacet
  facet normal 1.710092341848447e-14 0.7071067811865389 0.707106781186556
    outer loop
      vertex -9 -3.435028842544403 33.435028842544405
      vertex -2.217444482178185 3.2408208188324785 26.75917918116752
      vertex -2.0887870286167542 3.5407237443618733 26.45927625563813
    endloop
  endfacet
  facet normal 4.036232357716866e-15 0.7071067811865444 0.7071067811865508
    outer loop
      vertex -9 -3.435028842544403 33.435028842544405
      vertex -1.879858660950843 2.0407485127869442 27.959251487213056
      vertex -2.0887870286167542 2.3171406319071757 27.682859368092828
    endloop
  endfacet
  facet normal 0 0.7071067811865475 0.7071067811865475
    outer loop
      vertex -9 -3.435028842544403 33.435028842544405
      vertex -1.5986883791814732 1.7984887942111745 28.201511205788826
      vertex -1.879858660950843 2.0407485127869442 27.959251487213056
    endloop
  endfacet
  facet normal 0 0.7071067811865483 0.7071067811865468
    outer loop
      vertex -9 -3.435028842544403 33.435028842544405
      vertex -1.2560813995549314 1.5996713813039212 28.40032861869608
      vertex -1.5986883791814732 1.7984887942111745 28.201511205788826
    endloop
  endfacet
  facet normal 0 0.7071067811865477 0.7071067811865475
    outer loop
      vertex -9 -3.435028842544403 33.435028842544405
      vertex 9 -3.435028842544403 33.435028842544405
      vertex -1.2560813995549314 1.5996713813039212 28.40032861869608
    endloop
  endfacet
  facet normal 0 1 0
    outer loop
      vertex -9 9.292893218813452 19.707106781186546
      vertex -9 9.292893218813452 20.707106781186546
      vertex 9 9.292893218813452 19.707106781186546
    endloop
  endfacet
  facet normal 4.036232357716833e-15 0.7071067811865499 0.7071067811865451
    outer loop
      vertex -9 9.292893218813452 20.707106781186546
      vertex -2.0887870286167542 3.5407237443618733 26.45927625563813
      vertex -1.879858660950843 3.8171158634821047 26.182884136517895
    endloop
  endfacet
  facet normal 0 0.7071067811865475 0.7071067811865475
    outer loop
      vertex -9 9.292893218813452 20.707106781186546
      vertex -1.879858660950843 3.8171158634821047 26.182884136517895
      vertex -1.5986883791814732 4.059375582057875 25.940624417942125
    endloop
  endfacet
  facet normal -1.5390473255975202e-15 0.7071067811865476 0.7071067811865476
    outer loop
      vertex -9 9.292893218813452 20.707106781186546
      vertex -1.5986883791814732 4.059375582057875 25.940624417942125
      vertex -1.2560813995549314 4.258192994965129 25.74180700503487
    endloop
  endfacet
  facet normal 0 0.7071067811865475 0.7071067811865475
    outer loop
      vertex -9 9.292893218813452 20.707106781186546
      vertex -1.2560813995549314 4.258192994965129 25.74180700503487
      vertex -0.8652039161620579 4.40592766052393 25.59407233947607
    endloop
  endfacet
  facet normal 0 0.7071067811865477 0.7071067811865474
    outer loop
      vertex -9 9.292893218813452 20.707106781186546
      vertex -0.8652039161620579 4.40592766052393 25.59407233947607
      vertex 9 9.292893218813452 20.707106781186546
    endloop
  endfacet
  facet normal 1.5634969458506934e-15 -0.7071067811865444 -0.7071067811865507
    outer loop
      vertex 9 -17.577164466275356 19.292893218813454
      vertex -1.2193145126008016 -15.547702952228137 17.263431704766234
      vertex 0 -15.632620818012349 17.348349570550447
    endloop
  endfacet
  facet normal -8.012538206661235e-16 -0.7071067811865491 -0.7071067811865459
    outer loop
      vertex 9 -17.577164466275356 19.292893218813454
      vertex 0 -15.632620818012349 17.348349570550447
      vertex 1.2193145126008016 -15.547702952228137 17.263431704766234
    endloop
  endfacet
  facet normal 1.1586802885084242e-15 -0.7071067811865456 -0.7071067811865496
    outer loop
      vertex 9 -17.577164466275356 19.292893218813454
      vertex 1.2193145126008016 -15.547702952228137 17.263431704766234
      vertex 2.391771452281811 -15.296212700835104 17.011941453373204
    endloop
  endfacet
  facet normal -6.081560336588632e-16 -0.7071067811865482 -0.7071067811865468
    outer loop
      vertex 9 -17.577164466275356 19.292893218813454
      vertex 2.391771452281811 -15.296212700835104 17.011941453373204
      vertex 3.4723139563725134 -14.887814693156923 16.60354344569502
    endloop
  endfacet
  facet normal 0 -1 0
    outer loop
      vertex -9 -17.577164466275356 20.707106781186546
      vertex 9 -17.577164466275356 19.292893218813454
      vertex 9 -17.577164466275356 20.707106781186546
    endloop
  endfacet
  facet normal 0 -0.7071067811865476 0.7071067811865475
    outer loop
      vertex -9 -17.577164466275356 20.707106781186546
      vertex 9 -17.577164466275356 20.707106781186546
      vertex 9 -4.849242404917499 33.435028842544405
    endloop
  endfacet
  facet normal 0 0 1
    outer loop
      vertex -9 -4.849242404917499 33.435028842544405
      vertex 9 -4.849242404917499 33.435028842544405
      vertex 9 -3.435028842544403 33.435028842544405
    endloop
  endfacet
  facet normal 1.3493667406390665e-15 -0.7071067811865465 -0.7071067811865487
    outer loop
      vertex 9 -17.577164466275356 19.292893218813454
      vertex 3.4723139563725134 -14.887814693156923 16.60354344569502
      vertex 4.419417382415922 -14.338203435596427 16.053932188134528
    endloop
  endfacet
  facet normal -1.7991556541854185e-15 -0.7071067811865483 -0.7071067811865466
    outer loop
      vertex 9 -17.577164466275356 19.292893218813454
      vertex 4.419417382415922 -14.338203435596427 16.053932188134528
      vertex 5.196685076890907 -13.668500180556121 15.384228933094219
    endloop
  endfacet
  facet normal 0 -0.7071067811865476 -0.7071067811865476
    outer loop
      vertex 9 -17.577164466275356 19.292893218813454
      vertex 5.196685076890907 -13.668500180556121 15.384228933094219
      vertex 5.774247078195542 -12.904441248553292 14.62017000109139
    endloop
  endfacet
  facet normal 0 -0.7071067811865475 -0.7071067811865475
    outer loop
      vertex 9 -17.577164466275356 19.292893218813454
      vertex 5.774247078195542 -12.904441248553292 14.62017000109139
      vertex 6.129908002520191 -12.075388995855624 13.791117748393722
    endloop
  endfacet
  facet normal 0 -0.7071067811865476 -0.7071067811865476
    outer loop
      vertex 9 -17.577164466275356 19.292893218813454
      vertex 6.129908002520191 -12.075388995855624 13.791117748393722
      vertex 6.25 -11.213203435596427 12.928932188134524
    endloop
  endfacet
  facet normal 0.577350269189627 -0.8164965809277253 0
    outer loop
      vertex 9 -17.577164466275356 19.292893218813454
      vertex 10 -16.870057685088806 20
      vertex 9 -17.577164466275356 20.707106781186546
    endloop
  endfacet
  facet normal 0.7071067811865477 -0.49999999999999983 -0.49999999999999983
    outer loop
      vertex 9 -17.577164466275356 19.292893218813454
      vertex 9 -10 11.715728752538098
      vertex 10 -16.870057685088806 20
    endloop
  endfacet
  facet normal 0 -0.7071067811865476 -0.7071067811865476
    outer loop
      vertex 9 -17.577164466275356 19.292893218813454
      vertex 6.25 -11.213203435596427 12.928932188134524
      vertex 9 -10 11.715728752538098
    endloop
  endfacet
  facet normal 0.7071067811865478 -0.4999999999999998 -0.4999999999999998
    outer loop
      vertex 10 -16.870057685088806 20
      vertex 9 -10 11.715728752538098
      vertex 10 -9 12.129942314911194
    endloop
  endfacet
  facet normal 1 0 0
    outer loop
      vertex 10 -16.870057685088806 20
      vertex 10 -9 12.129942314911194
      vertex 10 -9 19
    endloop
  endfacet
  facet normal 0.7071067811865477 -0.49999999999999983 0.4999999999999998
    outer loop
      vertex 10 -16.870057685088806 20
      vertex 9 -4.849242404917499 33.435028842544405
      vertex 9 -17.577164466275356 20.707106781186546
    endloop
  endfacet
  facet normal 0 -0.7071067811865476 -0.7071067811865476
    outer loop
      vertex 9 -10 11.715728752538098
      vertex 6.25 -11.213203435596427 12.928932188134524
      vertex 6.129908002520191 -10.351017875337229 12.066746627875327
    endloop
  endfacet
  facet normal 0 -0.7071067811865475 -0.7071067811865475
    outer loop
      vertex 9 -10 11.715728752538098
      vertex 6.129908002520191 -10.351017875337229 12.066746627875327
      vertex 5.979322389139752 -10 11.715728752538098
    endloop
  endfacet
  facet normal 1 0 0
    outer loop
      vertex 10 -16.870057685088806 20
      vertex 10 -9 19
      vertex 10 -4.142135623730951 32.72792206135786
    endloop
  endfacet
  facet normal 0.7071067811865475 -0.5000000000000001 0.49999999999999994
    outer loop
      vertex 10 -16.870057685088806 20
      vertex 10 -4.142135623730951 32.72792206135786
      vertex 9 -4.849242404917499 33.435028842544405
    endloop
  endfacet
  facet normal 0.5773502691896251 0 0.8164965809277266
    outer loop
      vertex 9 -4.849242404917499 33.435028842544405
      vertex 10 -4.142135623730951 32.72792206135786
      vertex 9 -3.435028842544403 33.435028842544405
    endloop
  endfacet
  facet normal 5.548370564829763e-15 0.707106781186553 0.7071067811865419
    outer loop
      vertex 9 -3.435028842544403 33.435028842544405
      vertex -0.8652039161620579 1.451936715745119 28.54806328425488
      vertex -1.2560813995549314 1.5996713813039212 28.40032861869608
    endloop
  endfacet
  facet normal -4.2752308546212084e-15 0.7071067811865454 0.7071067811865497
    outer loop
      vertex 9 -3.435028842544403 33.435028842544405
      vertex -0.44107713148302263 1.3609621578816373 28.639037842118363
      vertex -0.8652039161620579 1.451936715745119 28.54806328425488
    endloop
  endfacet
  facet normal -1.3762270889857797e-15 0.7071067811865461 0.7071067811865489
    outer loop
      vertex 9 -3.435028842544403 33.435028842544405
      vertex 0 1.3302438089530504 28.66975619104695
      vertex -0.44107713148302263 1.3609621578816373 28.639037842118363
    endloop
  endfacet
  facet normal 0 0.7071067811865476 0.7071067811865476
    outer loop
      vertex 9 -3.435028842544403 33.435028842544405
      vertex 0.44107713148302263 1.3609621578816382 28.639037842118363
      vertex 0 1.3302438089530504 28.66975619104695
    endloop
  endfacet
  facet normal 0 0.7071067811865475 0.7071067811865475
    outer loop
      vertex 9 -3.435028842544403 33.435028842544405
      vertex 0.8652039161620579 1.4519367157451208 28.54806328425488
      vertex 0.44107713148302263 1.3609621578816382 28.639037842118363
    endloop
  endfacet
  facet normal 1.6144929430867425e-15 0.7071067811865491 0.7071067811865458
    outer loop
      vertex 9 -3.435028842544403 33.435028842544405
      vertex 1.2560813995549314 1.5996713813039198 28.40032861869608
      vertex 0.8652039161620579 1.4519367157451208 28.54806328425488
    endloop
  endfacet
  facet normal -1.5390473255975202e-15 0.7071067811865476 0.7071067811865476
    outer loop
      vertex 9 -3.435028842544403 33.435028842544405
      vertex 1.5986883791814732 1.798488794211174 28.201511205788826
      vertex 1.2560813995549314 1.5996713813039198 28.40032861869608
    endloop
  endfacet
  facet normal 0 0.7071067811865475 0.7071067811865475
    outer loop
      vertex 9 -3.435028842544403 33.435028842544405
      vertex 1.879858660950843 2.0407485127869442 27.959251487213056
      vertex 1.5986883791814732 1.798488794211174 28.201511205788826
    endloop
  endfacet
  facet normal 2.4217394146301137e-15 0.7071067811865491 0.7071067811865458
    outer loop
      vertex 9 -3.435028842544403 33.435028842544405
      vertex 2.0887870286167542 2.317140631907174 27.682859368092824
      vertex 1.879858660950843 2.0407485127869442 27.959251487213056
    endloop
  endfacet
  facet normal 6.4128462819317925e-15 0.7071067811865432 0.7071067811865518
    outer loop
      vertex 9 9.292893218813452 20.707106781186546
      vertex -0.8652039161620579 4.40592766052393 25.59407233947607
      vertex -0.44107713148302263 4.496902218387411 25.50309778161259
    endloop
  endfacet
  facet normal -1.376227088985785e-15 0.7071067811865488 0.7071067811865461
    outer loop
      vertex 9 9.292893218813452 20.707106781186546
      vertex -0.44107713148302263 4.496902218387411 25.50309778161259
      vertex 0 4.527620567315999 25.472379432684
    endloop
  endfacet
  facet normal 0 0.7071067811865476 0.7071067811865476
    outer loop
      vertex 9 9.292893218813452 20.707106781186546
      vertex 0 4.527620567315999 25.472379432684
      vertex 0.44107713148302263 4.496902218387412 25.50309778161259
    endloop
  endfacet
  facet normal 0 0.7071067811865475 0.7071067811865475
    outer loop
      vertex 9 9.292893218813452 20.707106781186546
      vertex 0.44107713148302263 4.496902218387412 25.50309778161259
      vertex 0.8652039161620579 4.405927660523929 25.59407233947607
    endloop
  endfacet
  facet normal 0 0.7071067811865475 0.7071067811865475
    outer loop
      vertex 9 9.292893218813452 20.707106781186546
      vertex 0.8652039161620579 4.405927660523929 25.59407233947607
      vertex 1.2560813995549314 4.258192994965128 25.74180700503487
    endloop
  endfacet
  facet normal 4.2752308546210664e-15 0.7071067811865432 0.7071067811865518
    outer loop
      vertex 9 9.292893218813452 20.707106781186546
      vertex 2.217444482178185 2.6170435574365705 27.38295644256343
      vertex 2.0887870286167542 2.317140631907174 27.682859368092824
    endloop
  endfacet
  facet normal 2.421739414630103e-15 0.7071067811865459 0.7071067811865491
    outer loop
      vertex 9 9.292893218813452 20.707106781186546
      vertex 1.879858660950843 3.8171158634821047 26.182884136517895
      vertex 2.0887870286167542 3.5407237443618715 26.459276255638127
    endloop
  endfacet
  facet normal 0 0.7071067811865483 0.7071067811865468
    outer loop
      vertex 9 9.292893218813452 20.707106781186546
      vertex 1.2560813995549314 4.258192994965128 25.74180700503487
      vertex 1.5986883791814732 4.059375582057875 25.940624417942125
    endloop
  endfacet
  facet normal 0 0.7071067811865475 0.7071067811865475
    outer loop
      vertex 9 9.292893218813452 20.707106781186546
      vertex 1.5986883791814732 4.059375582057875 25.940624417942125
      vertex 1.879858660950843 3.8171158634821047 26.182884136517895
    endloop
  endfacet
  facet normal 2.75245417797157e-15 0.7071067811865461 0.7071067811865488
    outer loop
      vertex 9 9.292893218813452 20.707106781186546
      vertex 2.2608867878467005 2.9289321881345254 27.071067811865476
      vertex 2.217444482178185 2.6170435574365705 27.38295644256343
    endloop
  endfacet
  facet normal -2.112541725281601e-15 0.7071067811865496 0.7071067811865454
    outer loop
      vertex 9 9.292893218813452 20.707106781186546
      vertex 2.217444482178185 3.2408208188324785 26.75917918116752
      vertex 2.2608867878467005 2.9289321881345254 27.071067811865476
    endloop
  endfacet
  facet normal -1.78625596397907e-15 0.7071067811865492 0.7071067811865457
    outer loop
      vertex 9 9.292893218813452 20.707106781186546
      vertex 2.0887870286167542 3.5407237443618715 26.459276255638127
      vertex 2.217444482178185 3.2408208188324785 26.75917918116752
    endloop
  endfacet
  facet normal 0 1 0
    outer loop
      vertex -9 9.292893218813452 20.707106781186546
      vertex 9 9.292893218813452 20.707106781186546
      vertex 9 9.292893218813452 19.707106781186546
    endloop
  endfacet
  facet normal 1 0 0
    outer loop
      vertex 10 -9 19
      vertex 10 7.585786437626904 19
      vertex 10 8.585786437626904 20
    endloop
  endfacet
  facet normal -2.284669657529944e-16 0.7071067811865476 0.7071067811865474
    outer loop
      vertex 9 -3.435028842544403 33.435028842544405
      vertex 9 9.292893218813452 20.707106781186546
      vertex 2.0887870286167542 2.317140631907174 27.682859368092824
    endloop
  endfacet
  facet normal 1 0 0
    outer loop
      vertex 10 -9 19
      vertex 10 8.585786437626904 20
      vertex 10 -4.142135623730951 32.72792206135786
    endloop
  endfacet
  facet normal 0.7071067811865472 0.5000000000000002 0.5000000000000001
    outer loop
      vertex 10 -4.142135623730951 32.72792206135786
      vertex 10 8.585786437626904 20
      vertex 9 -3.435028842544403 33.435028842544405
    endloop
  endfacet
  facet normal 0.5773502691896263 0.8164965809277258 0
    outer loop
      vertex 9 9.292893218813452 19.707106781186546
      vertex 9 9.292893218813452 20.707106781186546
      vertex 9.414213562373094 9 19.585786437626904
    endloop
  endfacet
  facet normal 0.7071067811865476 0.5 -0.5
    outer loop
      vertex 10 7.585786437626904 19
      vertex 9.414213562373094 9 19.585786437626904
      vertex 10 8.585786437626904 20
    endloop
  endfacet
  facet normal 0.7071067811865475 0.5000000000000001 0.49999999999999994
    outer loop
      vertex 9 -3.435028842544403 33.435028842544405
      vertex 10 8.585786437626904 20
      vertex 9 9.292893218813452 20.707106781186546
    endloop
  endfacet
  facet normal 0.577350269189626 0.8164965809277259 -1.914909874438213e-16
    outer loop
      vertex 9.414213562373094 9 19.585786437626904
      vertex 9 9.292893218813452 20.707106781186546
      vertex 10 8.585786437626904 20
    endloop
  endfacet
endsolid OpenSCAD_Model
