solid OpenSCAD_Model
  facet normal 0.9951847266721968 0 0.09801714032956094
    outer loop
      vertex -2.217444482178185 -4 -10.441077131483024
      vertex -2.217444482178185 4 -10.441077131483024
      vertex -2.2608867878467005 -4 -10
    endloop
  endfacet
  facet normal 0.9569403357322087 0 0.290284677254463
    outer loop
      vertex -2.217444482178185 -4 -10.441077131483024
      vertex -2.0887870286167542 -4 -10.865203916162057
      vertex -2.0887870286167542 4 -10.865203916162057
    endloop
  endfacet
  facet normal 0.8819212643483554 0 0.47139673682599686
    outer loop
      vertex -2.0887870286167542 -4 -10.865203916162057
      vertex -1.879858660950843 -4 -11.256081399554931
      vertex -1.879858660950843 4 -11.256081399554931
    endloop
  endfacet
  facet normal 0.7730104533627369 0 0.6343932841636456
    outer loop
      vertex -1.879858660950843 -4 -11.256081399554931
      vertex -1.5986883791814732 -4 -11.598688379181473
      vertex -1.5986883791814732 4 -11.598688379181473
    endloop
  endfacet
  facet normal 0.6343932841636457 0 0.7730104533627368
    outer loop
      vertex -1.5986883791814732 -4 -11.598688379181473
      vertex -1.2560813995549314 -4 -11.879858660950843
      vertex -1.2560813995549314 4 -11.879858660950843
    endloop
  endfacet
  facet normal 0.47139673682599575 0 0.881921264348356
    outer loop
      vertex -1.2560813995549314 -4 -11.879858660950843
      vertex -0.8652039161620579 -4 -12.088787028616753
      vertex -0.8652039161620579 4 -12.088787028616753
    endloop
  endfacet
  facet normal 0.29028467725446216 0 0.9569403357322089
    outer loop
      vertex -0.44107713148302263 -4 -12.217444482178184
      vertex -0.44107713148302263 4 -12.217444482178184
      vertex -0.8652039161620579 -4 -12.088787028616753
    endloop
  endfacet
  facet normal 0.09801714032956411 0 0.9951847266721966
    outer loop
      vertex -0.44107713148302263 -4 -12.217444482178184
      vertex 0 -4 -12.260886787846701
      vertex 0 4 -12.260886787846701
    endloop
  endfacet
  facet normal 0.9951847266721968 0 -0.0980171403295608
    outer loop
      vertex -2.242595290723115 -4 -9.81428331305978
      vertex -2.217444482178185 4 -9.558922868516976
      vertex -2.217444482178185 -4 -9.558922868516976
    endloop
  endfacet
  facet normal 0.9569403357322087 0 -0.290284677254463
    outer loop
      vertex -2.217444482178185 -4 -9.558922868516976
      vertex -2.217444482178185 4 -9.558922868516976
      vertex -2.0887870286167542 -4 -9.134796083837943
    endloop
  endfacet
  facet normal 0.8819212643483554 0 -0.47139673682599686
    outer loop
      vertex -2.0887870286167542 -4 -9.134796083837943
      vertex -2.0887870286167542 4 -9.134796083837943
      vertex -1.879858660950843 -4 -8.743918600445069
    endloop
  endfacet
  facet normal 0.7730104533627369 0 -0.6343932841636456
    outer loop
      vertex -1.879858660950843 -4 -8.743918600445069
      vertex -1.879858660950843 4 -8.743918600445069
      vertex -1.5986883791814732 -4 -8.401311620818527
    endloop
  endfacet
  facet normal 0.6343932841636457 0 -0.7730104533627368
    outer loop
      vertex -1.5986883791814732 -4 -8.401311620818527
      vertex -1.5986883791814732 4 -8.401311620818527
      vertex -1.2560813995549314 -4 -8.120141339049157
    endloop
  endfacet
  facet normal 0.4713967368259973 0 -0.8819212643483552
    outer loop
      vertex -1.2560813995549314 -4 -8.120141339049157
      vertex -1.2560813995549314 4 -8.120141339049157
      vertex -0.8652039161620579 -4 -7.911212971383246
    endloop
  endfacet
  facet normal 0.29028467725446216 0 -0.9569403357322089
    outer loop
      vertex -0.8652039161620579 -4 -7.911212971383246
      vertex -0.8652039161620579 4 -7.911212971383246
      vertex -0.44107713148302263 -4 -7.782555517821815
    endloop
  endfacet
  facet normal 0.09801714032956212 0 -0.9951847266721967
    outer loop
      vertex -0.44107713148302263 -4 -7.782555517821815
      vertex -0.44107713148302263 4 -7.782555517821815
      vertex 0 -4 -7.739113212153299
    endloop
  endfacet
  facet normal 0.9951847266721968 0 0.09801714032956094
    outer loop
      vertex -2.2608867878467005 -4 -10
      vertex -2.217444482178185 4 -10.441077131483024
      vertex -2.2608867878467005 4 -10
    endloop
  endfacet
  facet normal 0.8819212643483554 0 0.47139673682599686
    outer loop
      vertex -2.0887870286167542 -4 -10.865203916162057
      vertex -1.879858660950843 4 -11.256081399554931
      vertex -2.0887870286167542 4 -10.865203916162057
    endloop
  endfacet
  facet normal 0.9569403357322087 0 0.290284677254463
    outer loop
      vertex -2.217444482178185 -4 -10.441077131483024
      vertex -2.0887870286167542 4 -10.865203916162057
      vertex -2.217444482178185 4 -10.441077131483024
    endloop
  endfacet
  facet normal 0.7730104533627369 0 0.6343932841636456
    outer loop
      vertex -1.879858660950843 -4 -11.256081399554931
      vertex -1.5986883791814732 4 -11.598688379181473
      vertex -1.879858660950843 4 -11.256081399554931
    endloop
  endfacet
  facet normal 0.6343932841636457 0 0.7730104533627368
    outer loop
      vertex -1.5986883791814732 -4 -11.598688379181473
      vertex -1.2560813995549314 4 -11.879858660950843
      vertex -1.5986883791814732 4 -11.598688379181473
    endloop
  endfacet
  facet normal 0.47139673682599575 0 0.881921264348356
    outer loop
      vertex -1.2560813995549314 -4 -11.879858660950843
      vertex -0.8652039161620579 4 -12.088787028616753
      vertex -1.2560813995549314 4 -11.879858660950843
    endloop
  endfacet
  facet normal 0.29028467725446216 0 0.9569403357322089
    outer loop
      vertex -0.8652039161620579 -4 -12.088787028616753
      vertex -0.44107713148302263 4 -12.217444482178184
      vertex -0.8652039161620579 4 -12.088787028616753
    endloop
  endfacet
  facet normal 0.09801714032956411 0 0.9951847266721966
    outer loop
      vertex -0.44107713148302263 -4 -12.217444482178184
      vertex 0 4 -12.260886787846701
      vertex -0.44107713148302263 4 -12.217444482178184
    endloop
  endfacet
  facet normal 0.9951847266721968 4.6478599654524206e-18 -0.09801714032956094
    outer loop
      vertex -2.242595290723115 -4 -9.81428331305978
      vertex -2.2608867878467005 4 -10
      vertex -2.217444482178185 4 -9.558922868516976
    endloop
  endfacet
  facet normal 0.9569403357322087 0 -0.290284677254463
    outer loop
      vertex -2.0887870286167542 -4 -9.134796083837943
      vertex -2.217444482178185 4 -9.558922868516976
      vertex -2.0887870286167542 4 -9.134796083837943
    endloop
  endfacet
  facet normal 0.8819212643483554 0 -0.47139673682599686
    outer loop
      vertex -1.879858660950843 -4 -8.743918600445069
      vertex -2.0887870286167542 4 -9.134796083837943
      vertex -1.879858660950843 4 -8.743918600445069
    endloop
  endfacet
  facet normal 0.7730104533627369 0 -0.6343932841636456
    outer loop
      vertex -1.5986883791814732 -4 -8.401311620818527
      vertex -1.879858660950843 4 -8.743918600445069
      vertex -1.5986883791814732 4 -8.401311620818527
    endloop
  endfacet
  facet normal 0.6343932841636457 0 -0.7730104533627368
    outer loop
      vertex -1.2560813995549314 -4 -8.120141339049157
      vertex -1.5986883791814732 4 -8.401311620818527
      vertex -1.2560813995549314 4 -8.120141339049157
    endloop
  endfacet
  facet normal 0.4713967368259973 0 -0.8819212643483552
    outer loop
      vertex -0.8652039161620579 -4 -7.911212971383246
      vertex -1.2560813995549314 4 -8.120141339049157
      vertex -0.8652039161620579 4 -7.911212971383246
    endloop
  endfacet
  facet normal 0.29028467725446216 0 -0.9569403357322089
    outer loop
      vertex -0.44107713148302263 -4 -7.782555517821815
      vertex -0.8652039161620579 4 -7.911212971383246
      vertex -0.44107713148302263 4 -7.782555517821815
    endloop
  endfacet
  facet normal 0.09801714032956212 0 -0.9951847266721967
    outer loop
      vertex -0.44107713148302263 4 -7.782555517821815
      vertex 0 4 -7.739113212153299
      vertex 0 -4 -7.739113212153299
    endloop
  endfacet
  facet normal -0.09801714032956411 0 0.9951847266721966
    outer loop
      vertex 0 -4 -12.260886787846701
      vertex 0.44107713148302263 -4 -12.217444482178184
      vertex 0.44107713148302263 4 -12.217444482178184
    endloop
  endfacet
  facet normal -0.29028467725446216 0 0.9569403357322089
    outer loop
      vertex 0.44107713148302263 -4 -12.217444482178184
      vertex 0.8652039161620579 -4 -12.088787028616753
      vertex 0.8652039161620579 4 -12.088787028616753
    endloop
  endfacet
  facet normal -0.47139673682599575 0 0.881921264348356
    outer loop
      vertex 0.8652039161620579 -4 -12.088787028616753
      vertex 1.2560813995549314 -4 -11.879858660950843
      vertex 1.2560813995549314 4 -11.879858660950843
    endloop
  endfacet
  facet normal -0.6343932841636457 0 0.7730104533627368
    outer loop
      vertex 1.2560813995549314 -4 -11.879858660950843
      vertex 1.5986883791814732 -4 -11.598688379181473
      vertex 1.5986883791814732 4 -11.598688379181473
    endloop
  endfacet
  facet normal -0.7730104533627369 0 0.6343932841636456
    outer loop
      vertex 1.5986883791814732 -4 -11.598688379181473
      vertex 1.879858660950843 -4 -11.256081399554931
      vertex 1.879858660950843 4 -11.256081399554931
    endloop
  endfacet
  facet normal -0.8819212643483554 0 0.47139673682599686
    outer loop
      vertex 1.879858660950843 -4 -11.256081399554931
      vertex 2.0887870286167542 -4 -10.865203916162057
      vertex 2.0887870286167542 4 -10.865203916162057
    endloop
  endfacet
  facet normal -0.9569403357322087 0 0.290284677254463
    outer loop
      vertex 2.0887870286167542 -4 -10.865203916162057
      vertex 2.217444482178185 -4 -10.441077131483024
      vertex 2.217444482178185 4 -10.441077131483024
    endloop
  endfacet
  facet normal -0.9951847266721968 0 0.0980171403295608
    outer loop
      vertex 2.217444482178185 -4 -10.441077131483024
      vertex 2.242595290723115 -4 -10.18571668694022
      vertex 2.217444482178185 4 -10.441077131483024
    endloop
  endfacet
  facet normal -0.09801714032956212 0 -0.9951847266721967
    outer loop
      vertex 0 -4 -7.739113212153299
      vertex 0 4 -7.739113212153299
      vertex 0.44107713148302263 -4 -7.782555517821815
    endloop
  endfacet
  facet normal -0.29028467725446216 0 -0.9569403357322089
    outer loop
      vertex 0.44107713148302263 -4 -7.782555517821815
      vertex 0.44107713148302263 4 -7.782555517821815
      vertex 0.8652039161620579 -4 -7.911212971383246
    endloop
  endfacet
  facet normal -0.4713967368259973 0 -0.8819212643483552
    outer loop
      vertex 0.8652039161620579 -4 -7.911212971383246
      vertex 0.8652039161620579 4 -7.911212971383246
      vertex 1.2560813995549314 -4 -8.120141339049157
    endloop
  endfacet
  facet normal -0.6343932841636457 0 -0.7730104533627368
    outer loop
      vertex 1.5986883791814732 -4 -8.401311620818527
      vertex 1.2560813995549314 -4 -8.120141339049157
      vertex 1.2560813995549314 4 -8.120141339049157
    endloop
  endfacet
  facet normal -0.7730104533627369 0 -0.6343932841636456
    outer loop
      vertex 1.5986883791814732 -4 -8.401311620818527
      vertex 1.5986883791814732 4 -8.401311620818527
      vertex 1.879858660950843 -4 -8.743918600445069
    endloop
  endfacet
  facet normal -0.8819212643483554 0 -0.47139673682599686
    outer loop
      vertex 1.879858660950843 -4 -8.743918600445069
      vertex 1.879858660950843 4 -8.743918600445069
      vertex 2.0887870286167542 -4 -9.134796083837943
    endloop
  endfacet
  facet normal -0.9569403357322087 0 -0.290284677254463
    outer loop
      vertex 2.217444482178185 -4 -9.558922868516976
      vertex 2.0887870286167542 -4 -9.134796083837943
      vertex 2.0887870286167542 4 -9.134796083837943
    endloop
  endfacet
  facet normal -0.9951847266721969 0 -0.09801714032956113
    outer loop
      vertex 2.2357359793017704 -4 -9.744639555457196
      vertex 2.217444482178185 -4 -9.558922868516976
      vertex 2.217444482178185 4 -9.558922868516976
    endloop
  endfacet
  facet normal -0.09801714032956411 0 0.9951847266721966
    outer loop
      vertex 0 -4 -12.260886787846701
      vertex 0.44107713148302263 4 -12.217444482178184
      vertex 0 4 -12.260886787846701
    endloop
  endfacet
  facet normal -0.29028467725446216 0 0.9569403357322089
    outer loop
      vertex 0.44107713148302263 -4 -12.217444482178184
      vertex 0.8652039161620579 4 -12.088787028616753
      vertex 0.44107713148302263 4 -12.217444482178184
    endloop
  endfacet
  facet normal -0.47139673682599575 0 0.881921264348356
    outer loop
      vertex 0.8652039161620579 -4 -12.088787028616753
      vertex 1.2560813995549314 4 -11.879858660950843
      vertex 0.8652039161620579 4 -12.088787028616753
    endloop
  endfacet
  facet normal -0.6343932841636457 0 0.7730104533627368
    outer loop
      vertex 1.2560813995549314 -4 -11.879858660950843
      vertex 1.5986883791814732 4 -11.598688379181473
      vertex 1.2560813995549314 4 -11.879858660950843
    endloop
  endfacet
  facet normal -0.7730104533627369 0 0.6343932841636456
    outer loop
      vertex 1.5986883791814732 -4 -11.598688379181473
      vertex 1.879858660950843 4 -11.256081399554931
      vertex 1.5986883791814732 4 -11.598688379181473
    endloop
  endfacet
  facet normal -0.8819212643483554 0 0.47139673682599686
    outer loop
      vertex 1.879858660950843 -4 -11.256081399554931
      vertex 2.0887870286167542 4 -10.865203916162057
      vertex 1.879858660950843 4 -11.256081399554931
    endloop
  endfacet
  facet normal -0.9569403357322087 0 0.290284677254463
    outer loop
      vertex 2.0887870286167542 -4 -10.865203916162057
      vertex 2.217444482178185 4 -10.441077131483024
      vertex 2.0887870286167542 4 -10.865203916162057
    endloop
  endfacet
  facet normal -0.9951847266721968 4.6478599654524206e-18 0.09801714032956094
    outer loop
      vertex 2.242595290723115 -4 -10.18571668694022
      vertex 2.2608867878467005 4 -10
      vertex 2.217444482178185 4 -10.441077131483024
    endloop
  endfacet
  facet normal -0.09801714032956212 0 -0.9951847266721967
    outer loop
      vertex 0.44107713148302263 -4 -7.782555517821815
      vertex 0 4 -7.739113212153299
      vertex 0.44107713148302263 4 -7.782555517821815
    endloop
  endfacet
  facet normal -0.29028467725446216 0 -0.9569403357322089
    outer loop
      vertex 0.8652039161620579 -4 -7.911212971383246
      vertex 0.44107713148302263 4 -7.782555517821815
      vertex 0.8652039161620579 4 -7.911212971383246
    endloop
  endfacet
  facet normal -0.4713967368259973 0 -0.8819212643483552
    outer loop
      vertex 1.2560813995549314 -4 -8.120141339049157
      vertex 0.8652039161620579 4 -7.911212971383246
      vertex 1.2560813995549314 4 -8.120141339049157
    endloop
  endfacet
  facet normal -0.6343932841636457 0 -0.7730104533627368
    outer loop
      vertex 1.5986883791814732 -4 -8.401311620818527
      vertex 1.2560813995549314 4 -8.120141339049157
      vertex 1.5986883791814732 4 -8.401311620818527
    endloop
  endfacet
  facet normal -0.7730104533627369 0 -0.6343932841636456
    outer loop
      vertex 1.879858660950843 -4 -8.743918600445069
      vertex 1.5986883791814732 4 -8.401311620818527
      vertex 1.879858660950843 4 -8.743918600445069
    endloop
  endfacet
  facet normal -0.9569403357322087 0 -0.290284677254463
    outer loop
      vertex 2.217444482178185 -4 -9.558922868516976
      vertex 2.0887870286167542 4 -9.134796083837943
      vertex 2.217444482178185 4 -9.558922868516976
    endloop
  endfacet
  facet normal -0.8819212643483554 0 -0.47139673682599686
    outer loop
      vertex 2.0887870286167542 -4 -9.134796083837943
      vertex 1.879858660950843 4 -8.743918600445069
      vertex 2.0887870286167542 4 -9.134796083837943
    endloop
  endfacet
  facet normal -0.9951847266721968 -7.816855396442682e-18 -0.0980171403295608
    outer loop
      vertex 2.2357359793017704 -4 -9.744639555457196
      vertex 2.217444482178185 4 -9.558922868516976
      vertex 2.242595290723115 4 -9.81428331305978
    endloop
  endfacet
  facet normal 0.9951847266721968 0 0.09801714032956094
    outer loop
      vertex -2.217444482178185 -4 9.558922868516976
      vertex -2.217444482178185 4 9.558922868516976
      vertex -2.2608867878467005 -4 10
    endloop
  endfacet
  facet normal 0.9569403357322087 0 0.290284677254463
    outer loop
      vertex -2.0887870286167542 -4 9.134796083837943
      vertex -2.0887870286167542 4 9.134796083837943
      vertex -2.217444482178185 -4 9.558922868516976
    endloop
  endfacet
  facet normal 0.8819212643483554 0 0.47139673682599686
    outer loop
      vertex -2.0887870286167542 -4 9.134796083837943
      vertex -1.879858660950843 -4 8.743918600445069
      vertex -1.879858660950843 4 8.743918600445069
    endloop
  endfacet
  facet normal 0.7730104533627369 0 0.6343932841636456
    outer loop
      vertex -1.879858660950843 -4 8.743918600445069
      vertex -1.5986883791814732 -4 8.401311620818527
      vertex -1.5986883791814732 4 8.401311620818527
    endloop
  endfacet
  facet normal 0.6343932841636457 0 0.7730104533627368
    outer loop
      vertex -1.2560813995549314 -4 8.120141339049157
      vertex -1.2560813995549314 4 8.120141339049157
      vertex -1.5986883791814732 -4 8.401311620818527
    endloop
  endfacet
  facet normal 0.4713967368259973 0 0.8819212643483552
    outer loop
      vertex -1.2560813995549314 -4 8.120141339049157
      vertex -0.8652039161620579 -4 7.911212971383246
      vertex -0.8652039161620579 4 7.911212971383246
    endloop
  endfacet
  facet normal 0.29028467725446216 0 0.9569403357322089
    outer loop
      vertex -0.8652039161620579 -4 7.911212971383246
      vertex -0.44107713148302263 -4 7.782555517821815
      vertex -0.44107713148302263 4 7.782555517821815
    endloop
  endfacet
  facet normal 0.09801714032956212 0 0.9951847266721967
    outer loop
      vertex -0.44107713148302263 -4 7.782555517821815
      vertex 0 -4 7.739113212153299
      vertex 0 4 7.739113212153299
    endloop
  endfacet
  facet normal 0.9951847266721968 0 -0.0980171403295608
    outer loop
      vertex -2.242595290723115 -4 10.18571668694022
      vertex -2.217444482178185 4 10.441077131483024
      vertex -2.217444482178185 -4 10.441077131483024
    endloop
  endfacet
  facet normal 0.9569403357322087 0 -0.290284677254463
    outer loop
      vertex -2.217444482178185 -4 10.441077131483024
      vertex -2.217444482178185 4 10.441077131483024
      vertex -2.0887870286167542 -4 10.865203916162057
    endloop
  endfacet
  facet normal 0.8819212643483554 0 -0.47139673682599686
    outer loop
      vertex -2.0887870286167542 -4 10.865203916162057
      vertex -2.0887870286167542 4 10.865203916162057
      vertex -1.879858660950843 -4 11.256081399554931
    endloop
  endfacet
  facet normal 0.7730104533627369 0 -0.6343932841636456
    outer loop
      vertex -1.879858660950843 -4 11.256081399554931
      vertex -1.879858660950843 4 11.256081399554931
      vertex -1.5986883791814732 -4 11.598688379181473
    endloop
  endfacet
  facet normal 0.6343932841636457 0 -0.7730104533627368
    outer loop
      vertex -1.5986883791814732 -4 11.598688379181473
      vertex -1.5986883791814732 4 11.598688379181473
      vertex -1.2560813995549314 -4 11.879858660950843
    endloop
  endfacet
  facet normal 0.47139673682599575 0 -0.881921264348356
    outer loop
      vertex -1.2560813995549314 -4 11.879858660950843
      vertex -1.2560813995549314 4 11.879858660950843
      vertex -0.8652039161620579 -4 12.088787028616753
    endloop
  endfacet
  facet normal 0.29028467725446216 0 -0.9569403357322089
    outer loop
      vertex -0.8652039161620579 -4 12.088787028616753
      vertex -0.8652039161620579 4 12.088787028616753
      vertex -0.44107713148302263 -4 12.217444482178184
    endloop
  endfacet
  facet normal 0.09801714032956411 0 -0.9951847266721966
    outer loop
      vertex -0.44107713148302263 -4 12.217444482178184
      vertex -0.44107713148302263 4 12.217444482178184
      vertex 0 -4 12.260886787846701
    endloop
  endfacet
  facet normal 0.9951847266721968 0 0.09801714032956094
    outer loop
      vertex -2.2608867878467005 -4 10
      vertex -2.217444482178185 4 9.558922868516976
      vertex -2.2608867878467005 4 10
    endloop
  endfacet
  facet normal 0.8819212643483554 0 0.47139673682599686
    outer loop
      vertex -2.0887870286167542 -4 9.134796083837943
      vertex -1.879858660950843 4 8.743918600445069
      vertex -2.0887870286167542 4 9.134796083837943
    endloop
  endfacet
  facet normal 0.9569403357322087 0 0.290284677254463
    outer loop
      vertex -2.217444482178185 -4 9.558922868516976
      vertex -2.0887870286167542 4 9.134796083837943
      vertex -2.217444482178185 4 9.558922868516976
    endloop
  endfacet
  facet normal 0.7730104533627369 0 0.6343932841636456
    outer loop
      vertex -1.879858660950843 -4 8.743918600445069
      vertex -1.5986883791814732 4 8.401311620818527
      vertex -1.879858660950843 4 8.743918600445069
    endloop
  endfacet
  facet normal 0.6343932841636457 0 0.7730104533627368
    outer loop
      vertex -1.5986883791814732 -4 8.401311620818527
      vertex -1.2560813995549314 4 8.120141339049157
      vertex -1.5986883791814732 4 8.401311620818527
    endloop
  endfacet
  facet normal 0.4713967368259973 0 0.8819212643483552
    outer loop
      vertex -1.2560813995549314 -4 8.120141339049157
      vertex -0.8652039161620579 4 7.911212971383246
      vertex -1.2560813995549314 4 8.120141339049157
    endloop
  endfacet
  facet normal 0.29028467725446216 0 0.9569403357322089
    outer loop
      vertex -0.8652039161620579 -4 7.911212971383246
      vertex -0.44107713148302263 4 7.782555517821815
      vertex -0.8652039161620579 4 7.911212971383246
    endloop
  endfacet
  facet normal 0.09801714032956212 0 0.9951847266721967
    outer loop
      vertex -0.44107713148302263 -4 7.782555517821815
      vertex 0 4 7.739113212153299
      vertex -0.44107713148302263 4 7.782555517821815
    endloop
  endfacet
  facet normal 0.9951847266721968 4.6478599654524206e-18 -0.09801714032956094
    outer loop
      vertex -2.242595290723115 -4 10.18571668694022
      vertex -2.2608867878467005 4 10
      vertex -2.217444482178185 4 10.441077131483024
    endloop
  endfacet
  facet normal 0.9569403357322087 0 -0.290284677254463
    outer loop
      vertex -2.0887870286167542 -4 10.865203916162057
      vertex -2.217444482178185 4 10.441077131483024
      vertex -2.0887870286167542 4 10.865203916162057
    endloop
  endfacet
  facet normal 0.8819212643483554 0 -0.47139673682599686
    outer loop
      vertex -1.879858660950843 -4 11.256081399554931
      vertex -2.0887870286167542 4 10.865203916162057
      vertex -1.879858660950843 4 11.256081399554931
    endloop
  endfacet
  facet normal 0.7730104533627369 0 -0.6343932841636456
    outer loop
      vertex -1.5986883791814732 -4 11.598688379181473
      vertex -1.879858660950843 4 11.256081399554931
      vertex -1.5986883791814732 4 11.598688379181473
    endloop
  endfacet
  facet normal 0.6343932841636457 0 -0.7730104533627368
    outer loop
      vertex -1.2560813995549314 -4 11.879858660950843
      vertex -1.5986883791814732 4 11.598688379181473
      vertex -1.2560813995549314 4 11.879858660950843
    endloop
  endfacet
  facet normal 0.47139673682599575 0 -0.881921264348356
    outer loop
      vertex -0.8652039161620579 -4 12.088787028616753
      vertex -1.2560813995549314 4 11.879858660950843
      vertex -0.8652039161620579 4 12.088787028616753
    endloop
  endfacet
  facet normal 0.29028467725446216 0 -0.9569403357322089
    outer loop
      vertex -0.44107713148302263 -4 12.217444482178184
      vertex -0.8652039161620579 4 12.088787028616753
      vertex -0.44107713148302263 4 12.217444482178184
    endloop
  endfacet
  facet normal 0.09801714032956411 0 -0.9951847266721966
    outer loop
      vertex -0.44107713148302263 4 12.217444482178184
      vertex 0 4 12.260886787846701
      vertex 0 -4 12.260886787846701
    endloop
  endfacet
  facet normal -0.09801714032956212 0 0.9951847266721967
    outer loop
      vertex 0 -4 7.739113212153299
      vertex 0.44107713148302263 -4 7.782555517821815
      vertex 0.44107713148302263 4 7.782555517821815
    endloop
  endfacet
  facet normal -0.29028467725446216 0 0.9569403357322089
    outer loop
      vertex 0.44107713148302263 -4 7.782555517821815
      vertex 0.8652039161620579 -4 7.911212971383246
      vertex 0.8652039161620579 4 7.911212971383246
    endloop
  endfacet
  facet normal -0.4713967368259973 0 0.8819212643483552
    outer loop
      vertex 0.8652039161620579 -4 7.911212971383246
      vertex 1.2560813995549314 -4 8.120141339049157
      vertex 1.2560813995549314 4 8.120141339049157
    endloop
  endfacet
  facet normal -0.6343932841636457 0 0.7730104533627368
    outer loop
      vertex 1.2560813995549314 -4 8.120141339049157
      vertex 1.5986883791814732 -4 8.401311620818527
      vertex 1.5986883791814732 4 8.401311620818527
    endloop
  endfacet
  facet normal -0.7730104533627369 0 0.6343932841636456
    outer loop
      vertex 1.5986883791814732 -4 8.401311620818527
      vertex 1.879858660950843 -4 8.743918600445069
      vertex 1.879858660950843 4 8.743918600445069
    endloop
  endfacet
  facet normal -0.8819212643483554 0 0.47139673682599686
    outer loop
      vertex 1.879858660950843 -4 8.743918600445069
      vertex 2.0887870286167542 -4 9.134796083837943
      vertex 2.0887870286167542 4 9.134796083837943
    endloop
  endfacet
  facet normal -0.9569403357322087 0 0.290284677254463
    outer loop
      vertex 2.0887870286167542 -4 9.134796083837943
      vertex 2.217444482178185 -4 9.558922868516976
      vertex 2.217444482178185 4 9.558922868516976
    endloop
  endfacet
  facet normal -0.9951847266721968 0 0.0980171403295608
    outer loop
      vertex 2.217444482178185 -4 9.558922868516976
      vertex 2.242595290723115 -4 9.81428331305978
      vertex 2.217444482178185 4 9.558922868516976
    endloop
  endfacet
  facet normal -0.09801714032956411 0 -0.9951847266721966
    outer loop
      vertex 0 -4 12.260886787846701
      vertex 0 4 12.260886787846701
      vertex 0.44107713148302263 -4 12.217444482178184
    endloop
  endfacet
  facet normal -0.29028467725446216 0 -0.9569403357322089
    outer loop
      vertex 0.8652039161620579 -4 12.088787028616753
      vertex 0.44107713148302263 -4 12.217444482178184
      vertex 0.44107713148302263 4 12.217444482178184
    endloop
  endfacet
  facet normal -0.47139673682599575 0 -0.881921264348356
    outer loop
      vertex 0.8652039161620579 -4 12.088787028616753
      vertex 0.8652039161620579 4 12.088787028616753
      vertex 1.2560813995549314 -4 11.879858660950843
    endloop
  endfacet
  facet normal -0.6343932841636457 0 -0.7730104533627368
    outer loop
      vertex 1.2560813995549314 -4 11.879858660950843
      vertex 1.2560813995549314 4 11.879858660950843
      vertex 1.5986883791814732 -4 11.598688379181473
    endloop
  endfacet
  facet normal -0.7730104533627369 0 -0.6343932841636456
    outer loop
      vertex 1.5986883791814732 -4 11.598688379181473
      vertex 1.5986883791814732 4 11.598688379181473
      vertex 1.879858660950843 -4 11.256081399554931
    endloop
  endfacet
  facet normal -0.8819212643483554 0 -0.47139673682599686
    outer loop
      vertex 1.879858660950843 -4 11.256081399554931
      vertex 1.879858660950843 4 11.256081399554931
      vertex 2.0887870286167542 -4 10.865203916162057
    endloop
  endfacet
  facet normal -0.9569403357322087 0 -0.290284677254463
    outer loop
      vertex 2.0887870286167542 -4 10.865203916162057
      vertex 2.0887870286167542 4 10.865203916162057
      vertex 2.217444482178185 -4 10.441077131483024
    endloop
  endfacet
  facet normal -0.9951847266721969 0 -0.09801714032956113
    outer loop
      vertex 2.2357359793017704 -4 10.255360444542804
      vertex 2.217444482178185 -4 10.441077131483024
      vertex 2.217444482178185 4 10.441077131483024
    endloop
  endfacet
  facet normal -0.09801714032956212 0 0.9951847266721967
    outer loop
      vertex 0 -4 7.739113212153299
      vertex 0.44107713148302263 4 7.782555517821815
      vertex 0 4 7.739113212153299
    endloop
  endfacet
  facet normal -0.29028467725446216 0 0.9569403357322089
    outer loop
      vertex 0.44107713148302263 -4 7.782555517821815
      vertex 0.8652039161620579 4 7.911212971383246
      vertex 0.44107713148302263 4 7.782555517821815
    endloop
  endfacet
  facet normal -0.4713967368259973 0 0.8819212643483552
    outer loop
      vertex 0.8652039161620579 -4 7.911212971383246
      vertex 1.2560813995549314 4 8.120141339049157
      vertex 0.8652039161620579 4 7.911212971383246
    endloop
  endfacet
  facet normal -0.6343932841636457 0 0.7730104533627368
    outer loop
      vertex 1.2560813995549314 -4 8.120141339049157
      vertex 1.5986883791814732 4 8.401311620818527
      vertex 1.2560813995549314 4 8.120141339049157
    endloop
  endfacet
  facet normal -0.7730104533627369 0 0.6343932841636456
    outer loop
      vertex 1.5986883791814732 -4 8.401311620818527
      vertex 1.879858660950843 4 8.743918600445069
      vertex 1.5986883791814732 4 8.401311620818527
    endloop
  endfacet
  facet normal -0.8819212643483554 0 0.47139673682599686
    outer loop
      vertex 1.879858660950843 -4 8.743918600445069
      vertex 2.0887870286167542 4 9.134796083837943
      vertex 1.879858660950843 4 8.743918600445069
    endloop
  endfacet
  facet normal -0.9569403357322087 0 0.290284677254463
    outer loop
      vertex 2.0887870286167542 -4 9.134796083837943
      vertex 2.217444482178185 4 9.558922868516976
      vertex 2.0887870286167542 4 9.134796083837943
    endloop
  endfacet
  facet normal -0.9951847266721968 4.6478599654524206e-18 0.09801714032956094
    outer loop
      vertex 2.242595290723115 -4 9.81428331305978
      vertex 2.2608867878467005 4 10
      vertex 2.217444482178185 4 9.558922868516976
    endloop
  endfacet
  facet normal -0.09801714032956411 0 -0.9951847266721966
    outer loop
      vertex 0.44107713148302263 -4 12.217444482178184
      vertex 0 4 12.260886787846701
      vertex 0.44107713148302263 4 12.217444482178184
    endloop
  endfacet
  facet normal -0.29028467725446216 0 -0.9569403357322089
    outer loop
      vertex 0.8652039161620579 -4 12.088787028616753
      vertex 0.44107713148302263 4 12.217444482178184
      vertex 0.8652039161620579 4 12.088787028616753
    endloop
  endfacet
  facet normal -0.47139673682599575 0 -0.881921264348356
    outer loop
      vertex 1.2560813995549314 -4 11.879858660950843
      vertex 0.8652039161620579 4 12.088787028616753
      vertex 1.2560813995549314 4 11.879858660950843
    endloop
  endfacet
  facet normal -0.6343932841636457 0 -0.7730104533627368
    outer loop
      vertex 1.5986883791814732 -4 11.598688379181473
      vertex 1.2560813995549314 4 11.879858660950843
      vertex 1.5986883791814732 4 11.598688379181473
    endloop
  endfacet
  facet normal -0.7730104533627369 0 -0.6343932841636456
    outer loop
      vertex 1.879858660950843 -4 11.256081399554931
      vertex 1.5986883791814732 4 11.598688379181473
      vertex 1.879858660950843 4 11.256081399554931
    endloop
  endfacet
  facet normal -0.9569403357322087 0 -0.290284677254463
    outer loop
      vertex 2.217444482178185 -4 10.441077131483024
      vertex 2.0887870286167542 4 10.865203916162057
      vertex 2.217444482178185 4 10.441077131483024
    endloop
  endfacet
  facet normal -0.8819212643483554 0 -0.47139673682599686
    outer loop
      vertex 2.0887870286167542 -4 10.865203916162057
      vertex 1.879858660950843 4 11.256081399554931
      vertex 2.0887870286167542 4 10.865203916162057
    endloop
  endfacet
  facet normal -0.9951847266721968 -7.816855396442682e-18 -0.0980171403295608
    outer loop
      vertex 2.2357359793017704 -4 10.255360444542804
      vertex 2.217444482178185 4 10.441077131483024
      vertex 2.242595290723115 4 10.18571668694022
    endloop
  endfacet
  facet normal 0.9951847266721969 0 -0.09801714032956113
    outer loop
      vertex -2.2608867878467005 -4 10
      vertex -2.2608867878467005 4 10
      vertex -2.242595290723115 -4 10.18571668694022
    endloop
  endfacet
  facet normal -0.9951847266721969 0 0.09801714032956113
    outer loop
      vertex 2.242595290723115 -4 9.81428331305978
      vertex 2.2608867878467005 -4 10
      vertex 2.2608867878467005 4 10
    endloop
  endfacet
  facet normal -0.9951847266721968 -8.028121758508701e-18 -0.0980171403295608
    outer loop
      vertex 2.2608867878467005 -4 10
      vertex 2.2357359793017704 -4 10.255360444542804
      vertex 2.242595290723115 4 10.18571668694022
    endloop
  endfacet
  facet normal -0.9951847266721969 0 -0.09801714032956113
    outer loop
      vertex 2.2608867878467005 -4 10
      vertex 2.242595290723115 4 10.18571668694022
      vertex 2.2608867878467005 4 10
    endloop
  endfacet
  facet normal 0.9951847266721969 0 -0.09801714032956113
    outer loop
      vertex -2.2608867878467005 -4 -10
      vertex -2.2608867878467005 4 -10
      vertex -2.242595290723115 -4 -9.81428331305978
    endloop
  endfacet
  facet normal -0.9951847266721969 0 0.09801714032956113
    outer loop
      vertex 2.242595290723115 -4 -10.18571668694022
      vertex 2.2608867878467005 -4 -10
      vertex 2.2608867878467005 4 -10
    endloop
  endfacet
  facet normal -0.9951847266721968 -7.816855396442682e-18 -0.0980171403295608
    outer loop
      vertex 2.2357359793017704 -4 -9.744639555457196
      vertex 2.242595290723115 4 -9.81428331305978
      vertex 2.2608867878467005 -4 -10
    endloop
  endfacet
  facet normal -0.9951847266721969 0 -0.09801714032956113
    outer loop
      vertex 2.2608867878467005 -4 -10
      vertex 2.242595290723115 4 -9.81428331305978
      vertex 2.2608867878467005 4 -10
    endloop
  endfacet
  facet normal 0 1 0
    outer loop
      vertex -5.774247078195542 4 -12.39177145228181
      vertex -6.129908002520191 4 -11.219314512600802
      vertex -6.129908002520191 4 -8.780685487399198
    endloop
  endfacet
  facet normal 0 1 0
    outer loop
      vertex -5.774247078195542 4 -12.39177145228181
      vertex -5.774247078195542 4 -7.6082285477181895
      vertex -5.196685076890907 4 -13.472313956372513
    endloop
  endfacet
  facet normal 0 1 0
    outer loop
      vertex -6.129908002520191 4 -11.219314512600802
      vertex -6.25 4 -10
      vertex -6.129908002520191 4 -8.780685487399198
    endloop
  endfacet
  facet normal 0 1 0
    outer loop
      vertex -5.774247078195542 4 -12.39177145228181
      vertex -6.129908002520191 4 -8.780685487399198
      vertex -5.774247078195542 4 -7.6082285477181895
    endloop
  endfacet
  facet normal 0 1 0
    outer loop
      vertex -5.196685076890907 4 -13.472313956372513
      vertex -5.774247078195542 4 -7.6082285477181895
      vertex -5.196685076890907 4 -6.527686043627487
    endloop
  endfacet
  facet normal 0.8819212643483548 0 0.471396736825998
    outer loop
      vertex -5.774247078195542 4 -12.39177145228181
      vertex -5.196685076890907 4 -13.472313956372513
      vertex -5.196685076890907 10 -13.472313956372513
    endloop
  endfacet
  facet normal 0.9569403357322088 0 0.2902846772544626
    outer loop
      vertex -5.774247078195542 4 -12.39177145228181
      vertex -5.774247078195542 10 -12.39177145228181
      vertex -6.129908002520191 4 -11.219314512600802
    endloop
  endfacet
  facet normal 0.9951847266721968 0 0.09801714032956034
    outer loop
      vertex -6.129908002520191 4 -11.219314512600802
      vertex -6.129908002520191 10 -11.219314512600802
      vertex -6.25 4 -10
    endloop
  endfacet
  facet normal 0.8819212643483548 0 0.471396736825998
    outer loop
      vertex -5.774247078195542 4 -12.39177145228181
      vertex -5.196685076890907 10 -13.472313956372513
      vertex -5.774247078195542 10 -12.39177145228181
    endloop
  endfacet
  facet normal 0.9569403357322088 0 0.2902846772544626
    outer loop
      vertex -6.129908002520191 4 -11.219314512600802
      vertex -5.774247078195542 10 -12.39177145228181
      vertex -6.129908002520191 10 -11.219314512600802
    endloop
  endfacet
  facet normal 0.9951847266721968 0 0.09801714032956034
    outer loop
      vertex -6.25 4 -10
      vertex -6.129908002520191 10 -11.219314512600802
      vertex -6.25 10 -10
    endloop
  endfacet
  facet normal 0.9951847266721968 0 -0.09801714032956034
    outer loop
      vertex -6.25 4 -10
      vertex -6.25 10 -10
      vertex -6.129908002520191 4 -8.780685487399198
    endloop
  endfacet
  facet normal 0.9569403357322088 0 -0.2902846772544626
    outer loop
      vertex -6.129908002520191 4 -8.780685487399198
      vertex -6.129908002520191 10 -8.780685487399198
      vertex -5.774247078195542 4 -7.6082285477181895
    endloop
  endfacet
  facet normal 0.8819212643483548 0 -0.471396736825998
    outer loop
      vertex -5.774247078195542 4 -7.6082285477181895
      vertex -5.774247078195542 10 -7.6082285477181895
      vertex -5.196685076890907 4 -6.527686043627487
    endloop
  endfacet
  facet normal 0.9951847266721968 0 -0.09801714032956034
    outer loop
      vertex -6.129908002520191 4 -8.780685487399198
      vertex -6.25 10 -10
      vertex -6.129908002520191 10 -8.780685487399198
    endloop
  endfacet
  facet normal 0.9569403357322088 0 -0.2902846772544626
    outer loop
      vertex -5.774247078195542 4 -7.6082285477181895
      vertex -6.129908002520191 10 -8.780685487399198
      vertex -5.774247078195542 10 -7.6082285477181895
    endloop
  endfacet
  facet normal 0.8819212643483548 0 -0.471396736825998
    outer loop
      vertex -5.196685076890907 4 -6.527686043627487
      vertex -5.774247078195542 10 -7.6082285477181895
      vertex -5.196685076890907 10 -6.527686043627487
    endloop
  endfacet
  facet normal 0 1 0
    outer loop
      vertex -5.196685076890907 4 -13.472313956372513
      vertex -5.196685076890907 4 -6.527686043627487
      vertex -4.419417382415922 4 -14.419417382415922
    endloop
  endfacet
  facet normal 0 1 0
    outer loop
      vertex -4.419417382415922 4 -14.419417382415922
      vertex -4.419417382415922 4 -5.580582617584078
      vertex -3.4723139563725134 4 -15.196685076890908
    endloop
  endfacet
  facet normal 0 1 0
    outer loop
      vertex -3.4723139563725134 4 -15.196685076890908
      vertex -3.4723139563725134 4 -4.803314923109093
      vertex -2.391771452281811 4 -15.774247078195543
    endloop
  endfacet
  facet normal 0 1 0
    outer loop
      vertex -2.391771452281811 4 -15.774247078195543
      vertex -2.0887870286167542 4 -10.865203916162057
      vertex -1.879858660950843 4 -11.256081399554931
    endloop
  endfacet
  facet normal 0 1 0
    outer loop
      vertex -2.391771452281811 4 -15.774247078195543
      vertex -1.879858660950843 4 -11.256081399554931
      vertex -1.5986883791814732 4 -11.598688379181473
    endloop
  endfacet
  facet normal 0 1 0
    outer loop
      vertex -2.391771452281811 4 -15.774247078195543
      vertex -1.5986883791814732 4 -11.598688379181473
      vertex -1.2193145126008016 4 -16.12990800252019
    endloop
  endfacet
  facet normal 0 1 0
    outer loop
      vertex -1.5986883791814732 4 -11.598688379181473
      vertex -1.2560813995549314 4 -11.879858660950843
      vertex -1.2193145126008016 4 -16.12990800252019
    endloop
  endfacet
  facet normal 0 1 0
    outer loop
      vertex -2.391771452281811 4 -15.774247078195543
      vertex -2.217444482178185 4 -10.441077131483024
      vertex -2.0887870286167542 4 -10.865203916162057
    endloop
  endfacet
  facet normal 0 1 0
    outer loop
      vertex -2.391771452281811 4 -15.774247078195543
      vertex -2.2608867878467005 4 -10
      vertex -2.217444482178185 4 -10.441077131483024
    endloop
  endfacet
  facet normal 0 1 0
    outer loop
      vertex -1.2193145126008016 4 -16.12990800252019
      vertex -1.2560813995549314 4 -11.879858660950843
      vertex -0.8652039161620579 4 -12.088787028616753
    endloop
  endfacet
  facet normal 0 1 0
    outer loop
      vertex -1.2193145126008016 4 -16.12990800252019
      vertex -0.8652039161620579 4 -12.088787028616753
      vertex -0.44107713148302263 4 -12.217444482178184
    endloop
  endfacet
  facet normal 0 1 0
    outer loop
      vertex -1.2193145126008016 4 -16.12990800252019
      vertex 0 4 -12.260886787846701
      vertex 0 4 -16.25
    endloop
  endfacet
  facet normal 0 1 0
    outer loop
      vertex -1.2193145126008016 4 -16.12990800252019
      vertex -0.44107713148302263 4 -12.217444482178184
      vertex 0 4 -12.260886787846701
    endloop
  endfacet
  facet normal 0 1 0
    outer loop
      vertex -4.419417382415922 4 -14.419417382415922
      vertex -5.196685076890907 4 -6.527686043627487
      vertex -4.419417382415922 4 -5.580582617584078
    endloop
  endfacet
  facet normal 0 1 0
    outer loop
      vertex -3.4723139563725134 4 -15.196685076890908
      vertex -4.419417382415922 4 -5.580582617584078
      vertex -3.4723139563725134 4 -4.803314923109093
    endloop
  endfacet
  facet normal 0 1 0
    outer loop
      vertex -3.4723139563725134 4 -4.803314923109093
      vertex -2.391771452281811 4 -4.225752921804458
      vertex -2.391771452281811 4 -15.774247078195543
    endloop
  endfacet
  facet normal 0 1 0
    outer loop
      vertex -2.391771452281811 4 -15.774247078195543
      vertex -2.391771452281811 4 -4.225752921804458
      vertex -2.2608867878467005 4 -10
    endloop
  endfacet
  facet normal 0 1 0
    outer loop
      vertex -2.2608867878467005 4 -10
      vertex -2.391771452281811 4 -4.225752921804458
      vertex -2.217444482178185 4 -9.558922868516976
    endloop
  endfacet
  facet normal 0 1 0
    outer loop
      vertex -2.217444482178185 4 -9.558922868516976
      vertex -2.391771452281811 4 -4.225752921804458
      vertex -2.0887870286167542 4 -9.134796083837943
    endloop
  endfacet
  facet normal 0 1 0
    outer loop
      vertex -2.0887870286167542 4 -9.134796083837943
      vertex -2.391771452281811 4 -4.225752921804458
      vertex -1.879858660950843 4 -8.743918600445069
    endloop
  endfacet
  facet normal 0 1 0
    outer loop
      vertex -1.879858660950843 4 -8.743918600445069
      vertex -2.391771452281811 4 -4.225752921804458
      vertex -1.5986883791814732 4 -8.401311620818527
    endloop
  endfacet
  facet normal 0 1 0
    outer loop
      vertex -1.5986883791814732 4 -8.401311620818527
      vertex -2.391771452281811 4 -4.225752921804458
      vertex -1.2560813995549314 4 -8.120141339049157
    endloop
  endfacet
  facet normal 0 1 0
    outer loop
      vertex -2.391771452281811 4 -4.225752921804458
      vertex -1.2193145126008016 4 -3.8700919974798094
      vertex -1.2560813995549314 4 -8.120141339049157
    endloop
  endfacet
  facet normal 0 1 0
    outer loop
      vertex -1.2560813995549314 4 -8.120141339049157
      vertex -1.2193145126008016 4 -3.8700919974798094
      vertex -0.8652039161620579 4 -7.911212971383246
    endloop
  endfacet
  facet normal 0 1 0
    outer loop
      vertex -0.8652039161620579 4 -7.911212971383246
      vertex -1.2193145126008016 4 -3.8700919974798094
      vertex -0.44107713148302263 4 -7.782555517821815
    endloop
  endfacet
  facet normal 0 1 0
    outer loop
      vertex -0.44107713148302263 4 -7.782555517821815
      vertex -1.2193145126008016 4 -3.8700919974798094
      vertex 0 4 -7.739113212153299
    endloop
  endfacet
  facet normal 0 1 0
    outer loop
      vertex -1.2193145126008016 4 -3.8700919974798094
      vertex 0 4 -3.75
      vertex 0 4 -7.739113212153299
    endloop
  endfacet
  facet normal 0.47139673682599814 0 0.8819212643483548
    outer loop
      vertex -3.4723139563725134 4 -15.196685076890908
      vertex -2.391771452281811 4 -15.774247078195543
      vertex -2.391771452281811 10 -15.774247078195543
    endloop
  endfacet
  facet normal 0.7730104533627373 0 0.6343932841636449
    outer loop
      vertex -5.196685076890907 4 -13.472313956372513
      vertex -4.419417382415922 4 -14.419417382415922
      vertex -4.419417382415922 10 -14.419417382415922
    endloop
  endfacet
  facet normal 0.6343932841636454 0 0.773010453362737
    outer loop
      vertex -4.419417382415922 4 -14.419417382415922
      vertex -3.4723139563725134 4 -15.196685076890908
      vertex -3.4723139563725134 10 -15.196685076890908
    endloop
  endfacet
  facet normal 0.47139673682599814 0 0.8819212643483548
    outer loop
      vertex -3.4723139563725134 4 -15.196685076890908
      vertex -2.391771452281811 10 -15.774247078195543
      vertex -3.4723139563725134 10 -15.196685076890908
    endloop
  endfacet
  facet normal 0.7730104533627373 0 0.6343932841636449
    outer loop
      vertex -5.196685076890907 4 -13.472313956372513
      vertex -4.419417382415922 10 -14.419417382415922
      vertex -5.196685076890907 10 -13.472313956372513
    endloop
  endfacet
  facet normal 0.6343932841636454 0 0.773010453362737
    outer loop
      vertex -4.419417382415922 4 -14.419417382415922
      vertex -3.4723139563725134 10 -15.196685076890908
      vertex -4.419417382415922 10 -14.419417382415922
    endloop
  endfacet
  facet normal 0.2902846772544605 0 0.9569403357322094
    outer loop
      vertex -2.391771452281811 4 -15.774247078195543
      vertex -1.2193145126008016 4 -16.12990800252019
      vertex -1.2193145126008016 10 -16.12990800252019
    endloop
  endfacet
  facet normal 0.09801714032956178 0 0.9951847266721967
    outer loop
      vertex -1.2193145126008016 4 -16.12990800252019
      vertex 0 4 -16.25
      vertex 0 10 -16.25
    endloop
  endfacet
  facet normal 0.2902846772544605 0 0.9569403357322094
    outer loop
      vertex -2.391771452281811 4 -15.774247078195543
      vertex -1.2193145126008016 10 -16.12990800252019
      vertex -2.391771452281811 10 -15.774247078195543
    endloop
  endfacet
  facet normal 0.09801714032956178 0 0.9951847266721967
    outer loop
      vertex -1.2193145126008016 4 -16.12990800252019
      vertex 0 10 -16.25
      vertex -1.2193145126008016 10 -16.12990800252019
    endloop
  endfacet
  facet normal 0.7730104533627373 0 -0.6343932841636449
    outer loop
      vertex -5.196685076890907 4 -6.527686043627487
      vertex -5.196685076890907 10 -6.527686043627487
      vertex -4.419417382415922 4 -5.580582617584078
    endloop
  endfacet
  facet normal 0.6343932841636449 0 -0.7730104533627373
    outer loop
      vertex -4.419417382415922 4 -5.580582617584078
      vertex -4.419417382415922 10 -5.580582617584078
      vertex -3.4723139563725134 4 -4.803314923109093
    endloop
  endfacet
  facet normal 0.47139673682599814 0 -0.8819212643483548
    outer loop
      vertex -3.4723139563725134 4 -4.803314923109093
      vertex -3.4723139563725134 10 -4.803314923109093
      vertex -2.391771452281811 4 -4.225752921804458
    endloop
  endfacet
  facet normal 0.7730104533627373 0 -0.6343932841636449
    outer loop
      vertex -4.419417382415922 4 -5.580582617584078
      vertex -5.196685076890907 10 -6.527686043627487
      vertex -4.419417382415922 10 -5.580582617584078
    endloop
  endfacet
  facet normal 0.6343932841636449 0 -0.7730104533627373
    outer loop
      vertex -3.4723139563725134 4 -4.803314923109093
      vertex -4.419417382415922 10 -5.580582617584078
      vertex -3.4723139563725134 10 -4.803314923109093
    endloop
  endfacet
  facet normal 0.47139673682599814 0 -0.8819212643483548
    outer loop
      vertex -2.391771452281811 4 -4.225752921804458
      vertex -3.4723139563725134 10 -4.803314923109093
      vertex -2.391771452281811 10 -4.225752921804458
    endloop
  endfacet
  facet normal 0.2902846772544625 0 -0.9569403357322088
    outer loop
      vertex -2.391771452281811 4 -4.225752921804458
      vertex -2.391771452281811 10 -4.225752921804458
      vertex -1.2193145126008016 4 -3.8700919974798094
    endloop
  endfacet
  facet normal 0.09801714032956034 0 -0.9951847266721968
    outer loop
      vertex -1.2193145126008016 4 -3.8700919974798094
      vertex -1.2193145126008016 10 -3.8700919974798094
      vertex 0 4 -3.75
    endloop
  endfacet
  facet normal 0.2902846772544625 0 -0.9569403357322088
    outer loop
      vertex -1.2193145126008016 4 -3.8700919974798094
      vertex -2.391771452281811 10 -4.225752921804458
      vertex -1.2193145126008016 10 -3.8700919974798094
    endloop
  endfacet
  facet normal 0.09801714032956034 0 -0.9951847266721968
    outer loop
      vertex 0 4 -3.75
      vertex -1.2193145126008016 10 -3.8700919974798094
      vertex 0 10 -3.75
    endloop
  endfacet
  facet normal 0 1 0
    outer loop
      vertex 0 4 -16.25
      vertex 0 4 -12.260886787846701
      vertex 1.2193145126008016 4 -16.12990800252019
    endloop
  endfacet
  facet normal 0 1 0
    outer loop
      vertex 0 4 -12.260886787846701
      vertex 0.44107713148302263 4 -12.217444482178184
      vertex 1.2193145126008016 4 -16.12990800252019
    endloop
  endfacet
  facet normal 0 1 0
    outer loop
      vertex 0.44107713148302263 4 -12.217444482178184
      vertex 0.8652039161620579 4 -12.088787028616753
      vertex 1.2193145126008016 4 -16.12990800252019
    endloop
  endfacet
  facet normal 0 1 0
    outer loop
      vertex 1.2193145126008016 4 -16.12990800252019
      vertex 0.8652039161620579 4 -12.088787028616753
      vertex 1.2560813995549314 4 -11.879858660950843
    endloop
  endfacet
  facet normal 0 1 0
    outer loop
      vertex 1.2193145126008016 4 -16.12990800252019
      vertex 1.2560813995549314 4 -11.879858660950843
      vertex 2.391771452281811 4 -15.774247078195543
    endloop
  endfacet
  facet normal 0 1 0
    outer loop
      vertex 1.2560813995549314 4 -11.879858660950843
      vertex 1.5986883791814732 4 -11.598688379181473
      vertex 2.391771452281811 4 -15.774247078195543
    endloop
  endfacet
  facet normal 0 1 0
    outer loop
      vertex 2.391771452281811 4 -15.774247078195543
      vertex 1.5986883791814732 4 -11.598688379181473
      vertex 1.879858660950843 4 -11.256081399554931
    endloop
  endfacet
  facet normal 0 1 0
    outer loop
      vertex 2.391771452281811 4 -15.774247078195543
      vertex 1.879858660950843 4 -11.256081399554931
      vertex 2.0887870286167542 4 -10.865203916162057
    endloop
  endfacet
  facet normal 0 1 0
    outer loop
      vertex 2.391771452281811 4 -15.774247078195543
      vertex 2.0887870286167542 4 -10.865203916162057
      vertex 2.217444482178185 4 -10.441077131483024
    endloop
  endfacet
  facet normal 0 1 0
    outer loop
      vertex 2.391771452281811 4 -15.774247078195543
      vertex 2.217444482178185 4 -10.441077131483024
      vertex 2.2608867878467005 4 -10
    endloop
  endfacet
  facet normal 0 1 0
    outer loop
      vertex 2.391771452281811 4 -15.774247078195543
      vertex 2.391771452281811 4 -4.225752921804458
      vertex 3.4723139563725134 4 -15.196685076890908
    endloop
  endfacet
  facet normal 0 1 0
    outer loop
      vertex 3.4723139563725134 4 -15.196685076890908
      vertex 3.4723139563725134 4 -4.803314923109093
      vertex 4.419417382415922 4 -14.419417382415922
    endloop
  endfacet
  facet normal 0 1 0
    outer loop
      vertex 4.419417382415922 4 -14.419417382415922
      vertex 4.419417382415922 4 -5.580582617584078
      vertex 5.196685076890907 4 -13.472313956372513
    endloop
  endfacet
  facet normal 0 1 0
    outer loop
      vertex 0 4 -7.739113212153299
      vertex 1.2193145126008016 4 -3.8700919974798094
      vertex 0.44107713148302263 4 -7.782555517821815
    endloop
  endfacet
  facet normal 0 1 0
    outer loop
      vertex 0 4 -7.739113212153299
      vertex 0 4 -3.75
      vertex 1.2193145126008016 4 -3.8700919974798094
    endloop
  endfacet
  facet normal 0 1 0
    outer loop
      vertex 0.44107713148302263 4 -7.782555517821815
      vertex 1.2193145126008016 4 -3.8700919974798094
      vertex 0.8652039161620579 4 -7.911212971383246
    endloop
  endfacet
  facet normal 0 1 0
    outer loop
      vertex 0.8652039161620579 4 -7.911212971383246
      vertex 1.2193145126008016 4 -3.8700919974798094
      vertex 1.2560813995549314 4 -8.120141339049157
    endloop
  endfacet
  facet normal 0 1 0
    outer loop
      vertex 2.391771452281811 4 -15.774247078195543
      vertex 2.2608867878467005 4 -10
      vertex 2.391771452281811 4 -4.225752921804458
    endloop
  endfacet
  facet normal 0 1 0
    outer loop
      vertex 2.242595290723115 4 -9.81428331305978
      vertex 2.391771452281811 4 -4.225752921804458
      vertex 2.2608867878467005 4 -10
    endloop
  endfacet
  facet normal 0 1 0
    outer loop
      vertex 2.242595290723115 4 -9.81428331305978
      vertex 2.217444482178185 4 -9.558922868516976
      vertex 2.391771452281811 4 -4.225752921804458
    endloop
  endfacet
  facet normal 0 1 0
    outer loop
      vertex 2.217444482178185 4 -9.558922868516976
      vertex 2.0887870286167542 4 -9.134796083837943
      vertex 2.391771452281811 4 -4.225752921804458
    endloop
  endfacet
  facet normal 0 1 0
    outer loop
      vertex 1.5986883791814732 4 -8.401311620818527
      vertex 1.2560813995549314 4 -8.120141339049157
      vertex 1.2193145126008016 4 -3.8700919974798094
    endloop
  endfacet
  facet normal 0 1 0
    outer loop
      vertex 1.5986883791814732 4 -8.401311620818527
      vertex 1.2193145126008016 4 -3.8700919974798094
      vertex 2.391771452281811 4 -4.225752921804458
    endloop
  endfacet
  facet normal 0 1 0
    outer loop
      vertex 1.5986883791814732 4 -8.401311620818527
      vertex 2.391771452281811 4 -4.225752921804458
      vertex 1.879858660950843 4 -8.743918600445069
    endloop
  endfacet
  facet normal 0 1 0
    outer loop
      vertex 1.879858660950843 4 -8.743918600445069
      vertex 2.391771452281811 4 -4.225752921804458
      vertex 2.0887870286167542 4 -9.134796083837943
    endloop
  endfacet
  facet normal 0 1 0
    outer loop
      vertex 2.391771452281811 4 -4.225752921804458
      vertex 3.4723139563725134 4 -4.803314923109093
      vertex 3.4723139563725134 4 -15.196685076890908
    endloop
  endfacet
  facet normal 0 1 0
    outer loop
      vertex 4.419417382415922 4 -14.419417382415922
      vertex 3.4723139563725134 4 -4.803314923109093
      vertex 4.419417382415922 4 -5.580582617584078
    endloop
  endfacet
  facet normal 0 1 0
    outer loop
      vertex 5.196685076890907 4 -13.472313956372513
      vertex 4.419417382415922 4 -5.580582617584078
      vertex 5.196685076890907 4 -6.527686043627487
    endloop
  endfacet
  facet normal -0.09801714032956178 0 0.9951847266721967
    outer loop
      vertex 0 4 -16.25
      vertex 1.2193145126008016 4 -16.12990800252019
      vertex 1.2193145126008016 10 -16.12990800252019
    endloop
  endfacet
  facet normal -0.2902846772544605 0 0.9569403357322094
    outer loop
      vertex 1.2193145126008016 4 -16.12990800252019
      vertex 2.391771452281811 4 -15.774247078195543
      vertex 2.391771452281811 10 -15.774247078195543
    endloop
  endfacet
  facet normal -0.09801714032956178 0 0.9951847266721967
    outer loop
      vertex 0 4 -16.25
      vertex 1.2193145126008016 10 -16.12990800252019
      vertex 0 10 -16.25
    endloop
  endfacet
  facet normal -0.2902846772544605 0 0.9569403357322094
    outer loop
      vertex 1.2193145126008016 4 -16.12990800252019
      vertex 2.391771452281811 10 -15.774247078195543
      vertex 1.2193145126008016 10 -16.12990800252019
    endloop
  endfacet
  facet normal -0.47139673682599814 0 0.8819212643483548
    outer loop
      vertex 2.391771452281811 4 -15.774247078195543
      vertex 3.4723139563725134 4 -15.196685076890908
      vertex 3.4723139563725134 10 -15.196685076890908
    endloop
  endfacet
  facet normal -0.6343932841636454 0 0.773010453362737
    outer loop
      vertex 3.4723139563725134 4 -15.196685076890908
      vertex 4.419417382415922 4 -14.419417382415922
      vertex 4.419417382415922 10 -14.419417382415922
    endloop
  endfacet
  facet normal -0.7730104533627373 0 0.6343932841636449
    outer loop
      vertex 4.419417382415922 4 -14.419417382415922
      vertex 5.196685076890907 4 -13.472313956372513
      vertex 5.196685076890907 10 -13.472313956372513
    endloop
  endfacet
  facet normal -0.47139673682599814 0 0.8819212643483548
    outer loop
      vertex 2.391771452281811 4 -15.774247078195543
      vertex 3.4723139563725134 10 -15.196685076890908
      vertex 2.391771452281811 10 -15.774247078195543
    endloop
  endfacet
  facet normal -0.6343932841636454 0 0.773010453362737
    outer loop
      vertex 3.4723139563725134 4 -15.196685076890908
      vertex 4.419417382415922 10 -14.419417382415922
      vertex 3.4723139563725134 10 -15.196685076890908
    endloop
  endfacet
  facet normal -0.7730104533627373 0 0.6343932841636449
    outer loop
      vertex 4.419417382415922 4 -14.419417382415922
      vertex 5.196685076890907 10 -13.472313956372513
      vertex 4.419417382415922 10 -14.419417382415922
    endloop
  endfacet
  facet normal -0.09801714032956034 0 -0.9951847266721968
    outer loop
      vertex 0 4 -3.75
      vertex 0 10 -3.75
      vertex 1.2193145126008016 4 -3.8700919974798094
    endloop
  endfacet
  facet normal -0.2902846772544625 0 -0.9569403357322088
    outer loop
      vertex 1.2193145126008016 4 -3.8700919974798094
      vertex 1.2193145126008016 10 -3.8700919974798094
      vertex 2.391771452281811 4 -4.225752921804458
    endloop
  endfacet
  facet normal -0.09801714032956034 0 -0.9951847266721968
    outer loop
      vertex 1.2193145126008016 4 -3.8700919974798094
      vertex 0 10 -3.75
      vertex 1.2193145126008016 10 -3.8700919974798094
    endloop
  endfacet
  facet normal -0.2902846772544625 0 -0.9569403357322088
    outer loop
      vertex 2.391771452281811 4 -4.225752921804458
      vertex 1.2193145126008016 10 -3.8700919974798094
      vertex 2.391771452281811 10 -4.225752921804458
    endloop
  endfacet
  facet normal -0.6343932841636449 0 -0.7730104533627373
    outer loop
      vertex 3.4723139563725134 4 -4.803314923109093
      vertex 3.4723139563725134 10 -4.803314923109093
      vertex 4.419417382415922 4 -5.580582617584078
    endloop
  endfacet
  facet normal -0.7730104533627373 0 -0.6343932841636449
    outer loop
      vertex 4.419417382415922 4 -5.580582617584078
      vertex 4.419417382415922 10 -5.580582617584078
      vertex 5.196685076890907 4 -6.527686043627487
    endloop
  endfacet
  facet normal -0.47139673682599814 0 -0.8819212643483548
    outer loop
      vertex 2.391771452281811 4 -4.225752921804458
      vertex 2.391771452281811 10 -4.225752921804458
      vertex 3.4723139563725134 4 -4.803314923109093
    endloop
  endfacet
  facet normal -0.6343932841636449 0 -0.7730104533627373
    outer loop
      vertex 4.419417382415922 4 -5.580582617584078
      vertex 3.4723139563725134 10 -4.803314923109093
      vertex 4.419417382415922 10 -5.580582617584078
    endloop
  endfacet
  facet normal -0.7730104533627373 0 -0.6343932841636449
    outer loop
      vertex 5.196685076890907 4 -6.527686043627487
      vertex 4.419417382415922 10 -5.580582617584078
      vertex 5.196685076890907 10 -6.527686043627487
    endloop
  endfacet
  facet normal -0.47139673682599814 0 -0.8819212643483548
    outer loop
      vertex 3.4723139563725134 4 -4.803314923109093
      vertex 2.391771452281811 10 -4.225752921804458
      vertex 3.4723139563725134 10 -4.803314923109093
    endloop
  endfacet
  facet normal 0 1 0
    outer loop
      vertex 5.196685076890907 4 -13.472313956372513
      vertex 5.196685076890907 4 -6.527686043627487
      vertex 5.774247078195542 4 -12.39177145228181
    endloop
  endfacet
  facet normal 0 1 0
    outer loop
      vertex 5.774247078195542 4 -12.39177145228181
      vertex 5.774247078195542 4 -7.6082285477181895
      vertex 6.129908002520191 4 -11.219314512600802
    endloop
  endfacet
  facet normal 0 1 0
    outer loop
      vertex 5.774247078195542 4 -12.39177145228181
      vertex 5.196685076890907 4 -6.527686043627487
      vertex 5.774247078195542 4 -7.6082285477181895
    endloop
  endfacet
  facet normal 0 1 0
    outer loop
      vertex 6.129908002520191 4 -11.219314512600802
      vertex 6.129908002520191 4 -8.780685487399198
      vertex 6.25 4 -10
    endloop
  endfacet
  facet normal 0 1 0
    outer loop
      vertex 6.129908002520191 4 -11.219314512600802
      vertex 5.774247078195542 4 -7.6082285477181895
      vertex 6.129908002520191 4 -8.780685487399198
    endloop
  endfacet
  facet normal -0.8819212643483548 0 0.471396736825998
    outer loop
      vertex 5.196685076890907 4 -13.472313956372513
      vertex 5.774247078195542 4 -12.39177145228181
      vertex 5.774247078195542 10 -12.39177145228181
    endloop
  endfacet
  facet normal -0.9569403357322088 0 0.2902846772544626
    outer loop
      vertex 5.774247078195542 4 -12.39177145228181
      vertex 6.129908002520191 4 -11.219314512600802
      vertex 6.129908002520191 10 -11.219314512600802
    endloop
  endfacet
  facet normal -0.9951847266721968 0 0.09801714032956034
    outer loop
      vertex 6.129908002520191 4 -11.219314512600802
      vertex 6.25 4 -10
      vertex 6.25 10 -10
    endloop
  endfacet
  facet normal -0.8819212643483548 0 0.471396736825998
    outer loop
      vertex 5.196685076890907 4 -13.472313956372513
      vertex 5.774247078195542 10 -12.39177145228181
      vertex 5.196685076890907 10 -13.472313956372513
    endloop
  endfacet
  facet normal -0.9569403357322088 0 0.2902846772544626
    outer loop
      vertex 5.774247078195542 4 -12.39177145228181
      vertex 6.129908002520191 10 -11.219314512600802
      vertex 5.774247078195542 10 -12.39177145228181
    endloop
  endfacet
  facet normal -0.9951847266721968 0 0.09801714032956034
    outer loop
      vertex 6.129908002520191 4 -11.219314512600802
      vertex 6.25 10 -10
      vertex 6.129908002520191 10 -11.219314512600802
    endloop
  endfacet
  facet normal -0.9951847266721968 0 -0.09801714032956034
    outer loop
      vertex 6.25 4 -10
      vertex 6.129908002520191 4 -8.780685487399198
      vertex 6.129908002520191 10 -8.780685487399198
    endloop
  endfacet
  facet normal -0.9569403357322088 0 -0.2902846772544626
    outer loop
      vertex 6.129908002520191 4 -8.780685487399198
      vertex 5.774247078195542 4 -7.6082285477181895
      vertex 5.774247078195542 10 -7.6082285477181895
    endloop
  endfacet
  facet normal -0.8819212643483548 0 -0.471396736825998
    outer loop
      vertex 5.196685076890907 4 -6.527686043627487
      vertex 5.196685076890907 10 -6.527686043627487
      vertex 5.774247078195542 4 -7.6082285477181895
    endloop
  endfacet
  facet normal -0.9951847266721968 0 -0.09801714032956034
    outer loop
      vertex 6.25 4 -10
      vertex 6.129908002520191 10 -8.780685487399198
      vertex 6.25 10 -10
    endloop
  endfacet
  facet normal -0.9569403357322088 0 -0.2902846772544626
    outer loop
      vertex 6.129908002520191 4 -8.780685487399198
      vertex 5.774247078195542 10 -7.6082285477181895
      vertex 6.129908002520191 10 -8.780685487399198
    endloop
  endfacet
  facet normal -0.8819212643483548 0 -0.471396736825998
    outer loop
      vertex 5.774247078195542 4 -7.6082285477181895
      vertex 5.196685076890907 10 -6.527686043627487
      vertex 5.774247078195542 10 -7.6082285477181895
    endloop
  endfacet
  facet normal 0 1 0
    outer loop
      vertex -5.774247078195542 4 7.6082285477181895
      vertex -6.129908002520191 4 8.780685487399198
      vertex -6.129908002520191 4 11.219314512600802
    endloop
  endfacet
  facet normal 0 1 0
    outer loop
      vertex -5.774247078195542 4 7.6082285477181895
      vertex -5.774247078195542 4 12.39177145228181
      vertex -5.196685076890907 4 6.527686043627487
    endloop
  endfacet
  facet normal 0 1 0
    outer loop
      vertex -6.129908002520191 4 8.780685487399198
      vertex -6.25 4 10
      vertex -6.129908002520191 4 11.219314512600802
    endloop
  endfacet
  facet normal 0 1 0
    outer loop
      vertex -5.774247078195542 4 7.6082285477181895
      vertex -6.129908002520191 4 11.219314512600802
      vertex -5.774247078195542 4 12.39177145228181
    endloop
  endfacet
  facet normal 0 1 0
    outer loop
      vertex -5.196685076890907 4 6.527686043627487
      vertex -5.774247078195542 4 12.39177145228181
      vertex -5.196685076890907 4 13.472313956372513
    endloop
  endfacet
  facet normal 0.8819212643483548 0 0.471396736825998
    outer loop
      vertex -5.774247078195542 4 7.6082285477181895
      vertex -5.196685076890907 4 6.527686043627487
      vertex -5.196685076890907 10 6.527686043627487
    endloop
  endfacet
  facet normal 0.9569403357322088 0 0.2902846772544626
    outer loop
      vertex -5.774247078195542 4 7.6082285477181895
      vertex -5.774247078195542 10 7.6082285477181895
      vertex -6.129908002520191 4 8.780685487399198
    endloop
  endfacet
  facet normal 0.9951847266721968 0 0.09801714032956034
    outer loop
      vertex -6.129908002520191 4 8.780685487399198
      vertex -6.129908002520191 10 8.780685487399198
      vertex -6.25 4 10
    endloop
  endfacet
  facet normal 0.8819212643483548 0 0.471396736825998
    outer loop
      vertex -5.774247078195542 4 7.6082285477181895
      vertex -5.196685076890907 10 6.527686043627487
      vertex -5.774247078195542 10 7.6082285477181895
    endloop
  endfacet
  facet normal 0.9569403357322088 0 0.2902846772544626
    outer loop
      vertex -6.129908002520191 4 8.780685487399198
      vertex -5.774247078195542 10 7.6082285477181895
      vertex -6.129908002520191 10 8.780685487399198
    endloop
  endfacet
  facet normal 0.9951847266721968 0 0.09801714032956034
    outer loop
      vertex -6.25 4 10
      vertex -6.129908002520191 10 8.780685487399198
      vertex -6.25 10 10
    endloop
  endfacet
  facet normal 0.9951847266721968 0 -0.09801714032956034
    outer loop
      vertex -6.25 4 10
      vertex -6.25 10 10
      vertex -6.129908002520191 4 11.219314512600802
    endloop
  endfacet
  facet normal 0.9569403357322088 0 -0.2902846772544626
    outer loop
      vertex -6.129908002520191 4 11.219314512600802
      vertex -6.129908002520191 10 11.219314512600802
      vertex -5.774247078195542 4 12.39177145228181
    endloop
  endfacet
  facet normal 0.8819212643483548 0 -0.471396736825998
    outer loop
      vertex -5.774247078195542 4 12.39177145228181
      vertex -5.774247078195542 10 12.39177145228181
      vertex -5.196685076890907 4 13.472313956372513
    endloop
  endfacet
  facet normal 0.9951847266721968 0 -0.09801714032956034
    outer loop
      vertex -6.129908002520191 4 11.219314512600802
      vertex -6.25 10 10
      vertex -6.129908002520191 10 11.219314512600802
    endloop
  endfacet
  facet normal 0.9569403357322088 0 -0.2902846772544626
    outer loop
      vertex -5.774247078195542 4 12.39177145228181
      vertex -6.129908002520191 10 11.219314512600802
      vertex -5.774247078195542 10 12.39177145228181
    endloop
  endfacet
  facet normal 0.8819212643483548 0 -0.471396736825998
    outer loop
      vertex -5.196685076890907 4 13.472313956372513
      vertex -5.774247078195542 10 12.39177145228181
      vertex -5.196685076890907 10 13.472313956372513
    endloop
  endfacet
  facet normal 0 1 0
    outer loop
      vertex -5.196685076890907 4 6.527686043627487
      vertex -5.196685076890907 4 13.472313956372513
      vertex -4.419417382415922 4 5.580582617584078
    endloop
  endfacet
  facet normal 0 1 0
    outer loop
      vertex -4.419417382415922 4 5.580582617584078
      vertex -4.419417382415922 4 14.419417382415922
      vertex -3.4723139563725134 4 4.803314923109093
    endloop
  endfacet
  facet normal 0 1 0
    outer loop
      vertex -3.4723139563725134 4 4.803314923109093
      vertex -3.4723139563725134 4 15.196685076890908
      vertex -2.391771452281811 4 4.225752921804458
    endloop
  endfacet
  facet normal 0 1 0
    outer loop
      vertex -2.391771452281811 4 4.225752921804458
      vertex -2.0887870286167542 4 9.134796083837943
      vertex -1.879858660950843 4 8.743918600445069
    endloop
  endfacet
  facet normal 0 1 0
    outer loop
      vertex -2.391771452281811 4 4.225752921804458
      vertex -1.879858660950843 4 8.743918600445069
      vertex -1.5986883791814732 4 8.401311620818527
    endloop
  endfacet
  facet normal 0 1 0
    outer loop
      vertex -2.391771452281811 4 4.225752921804458
      vertex -1.5986883791814732 4 8.401311620818527
      vertex -1.2193145126008016 4 3.8700919974798094
    endloop
  endfacet
  facet normal 0 1 0
    outer loop
      vertex -1.2193145126008016 4 3.8700919974798094
      vertex -1.5986883791814732 4 8.401311620818527
      vertex -1.2560813995549314 4 8.120141339049157
    endloop
  endfacet
  facet normal 0 1 0
    outer loop
      vertex -2.391771452281811 4 4.225752921804458
      vertex -2.217444482178185 4 9.558922868516976
      vertex -2.0887870286167542 4 9.134796083837943
    endloop
  endfacet
  facet normal 0 1 0
    outer loop
      vertex -2.391771452281811 4 4.225752921804458
      vertex -2.2608867878467005 4 10
      vertex -2.217444482178185 4 9.558922868516976
    endloop
  endfacet
  facet normal 0 1 0
    outer loop
      vertex -1.2193145126008016 4 3.8700919974798094
      vertex -1.2560813995549314 4 8.120141339049157
      vertex -0.8652039161620579 4 7.911212971383246
    endloop
  endfacet
  facet normal 0 1 0
    outer loop
      vertex -1.2193145126008016 4 3.8700919974798094
      vertex -0.8652039161620579 4 7.911212971383246
      vertex -0.44107713148302263 4 7.782555517821815
    endloop
  endfacet
  facet normal 0 1 0
    outer loop
      vertex -1.2193145126008016 4 3.8700919974798094
      vertex 0 4 7.739113212153299
      vertex 0 4 3.75
    endloop
  endfacet
  facet normal 0 1 0
    outer loop
      vertex -1.2193145126008016 4 3.8700919974798094
      vertex -0.44107713148302263 4 7.782555517821815
      vertex 0 4 7.739113212153299
    endloop
  endfacet
  facet normal 0 1 0
    outer loop
      vertex -4.419417382415922 4 5.580582617584078
      vertex -5.196685076890907 4 13.472313956372513
      vertex -4.419417382415922 4 14.419417382415922
    endloop
  endfacet
  facet normal 0 1 0
    outer loop
      vertex -3.4723139563725134 4 4.803314923109093
      vertex -4.419417382415922 4 14.419417382415922
      vertex -3.4723139563725134 4 15.196685076890908
    endloop
  endfacet
  facet normal 0 1 0
    outer loop
      vertex -3.4723139563725134 4 15.196685076890908
      vertex -2.391771452281811 4 15.774247078195543
      vertex -2.391771452281811 4 4.225752921804458
    endloop
  endfacet
  facet normal 0 1 0
    outer loop
      vertex -2.391771452281811 4 4.225752921804458
      vertex -2.391771452281811 4 15.774247078195543
      vertex -2.2608867878467005 4 10
    endloop
  endfacet
  facet normal 0 1 0
    outer loop
      vertex -2.2608867878467005 4 10
      vertex -2.391771452281811 4 15.774247078195543
      vertex -2.217444482178185 4 10.441077131483024
    endloop
  endfacet
  facet normal 0 1 0
    outer loop
      vertex -2.217444482178185 4 10.441077131483024
      vertex -2.391771452281811 4 15.774247078195543
      vertex -2.0887870286167542 4 10.865203916162057
    endloop
  endfacet
  facet normal 0 1 0
    outer loop
      vertex -2.0887870286167542 4 10.865203916162057
      vertex -2.391771452281811 4 15.774247078195543
      vertex -1.879858660950843 4 11.256081399554931
    endloop
  endfacet
  facet normal 0 1 0
    outer loop
      vertex -1.879858660950843 4 11.256081399554931
      vertex -2.391771452281811 4 15.774247078195543
      vertex -1.5986883791814732 4 11.598688379181473
    endloop
  endfacet
  facet normal 0 1 0
    outer loop
      vertex -1.5986883791814732 4 11.598688379181473
      vertex -2.391771452281811 4 15.774247078195543
      vertex -1.2560813995549314 4 11.879858660950843
    endloop
  endfacet
  facet normal 0 1 0
    outer loop
      vertex -2.391771452281811 4 15.774247078195543
      vertex -1.2193145126008016 4 16.12990800252019
      vertex -1.2560813995549314 4 11.879858660950843
    endloop
  endfacet
  facet normal 0 1 0
    outer loop
      vertex -1.2560813995549314 4 11.879858660950843
      vertex -1.2193145126008016 4 16.12990800252019
      vertex -0.8652039161620579 4 12.088787028616753
    endloop
  endfacet
  facet normal 0 1 0
    outer loop
      vertex -0.8652039161620579 4 12.088787028616753
      vertex -1.2193145126008016 4 16.12990800252019
      vertex -0.44107713148302263 4 12.217444482178184
    endloop
  endfacet
  facet normal 0 1 0
    outer loop
      vertex -1.2193145126008016 4 16.12990800252019
      vertex 0 4 12.260886787846701
      vertex -0.44107713148302263 4 12.217444482178184
    endloop
  endfacet
  facet normal 0 1 0
    outer loop
      vertex -1.2193145126008016 4 16.12990800252019
      vertex 0 4 16.25
      vertex 0 4 12.260886787846701
    endloop
  endfacet
  facet normal 0.47139673682599814 0 0.8819212643483548
    outer loop
      vertex -3.4723139563725134 4 4.803314923109093
      vertex -2.391771452281811 4 4.225752921804458
      vertex -2.391771452281811 10 4.225752921804458
    endloop
  endfacet
  facet normal 0.7730104533627373 0 0.6343932841636449
    outer loop
      vertex -5.196685076890907 4 6.527686043627487
      vertex -4.419417382415922 4 5.580582617584078
      vertex -4.419417382415922 10 5.580582617584078
    endloop
  endfacet
  facet normal 0.6343932841636449 0 0.7730104533627373
    outer loop
      vertex -4.419417382415922 4 5.580582617584078
      vertex -3.4723139563725134 4 4.803314923109093
      vertex -3.4723139563725134 10 4.803314923109093
    endloop
  endfacet
  facet normal 0.47139673682599814 0 0.8819212643483548
    outer loop
      vertex -3.4723139563725134 4 4.803314923109093
      vertex -2.391771452281811 10 4.225752921804458
      vertex -3.4723139563725134 10 4.803314923109093
    endloop
  endfacet
  facet normal 0.7730104533627373 0 0.6343932841636449
    outer loop
      vertex -5.196685076890907 4 6.527686043627487
      vertex -4.419417382415922 10 5.580582617584078
      vertex -5.196685076890907 10 6.527686043627487
    endloop
  endfacet
  facet normal 0.6343932841636449 0 0.7730104533627373
    outer loop
      vertex -4.419417382415922 4 5.580582617584078
      vertex -3.4723139563725134 10 4.803314923109093
      vertex -4.419417382415922 10 5.580582617584078
    endloop
  endfacet
  facet normal 0.2902846772544625 0 0.9569403357322088
    outer loop
      vertex -2.391771452281811 4 4.225752921804458
      vertex -1.2193145126008016 4 3.8700919974798094
      vertex -1.2193145126008016 10 3.8700919974798094
    endloop
  endfacet
  facet normal 0.09801714032956034 0 0.9951847266721968
    outer loop
      vertex -1.2193145126008016 4 3.8700919974798094
      vertex 0 4 3.75
      vertex 0 10 3.75
    endloop
  endfacet
  facet normal 0.2902846772544625 0 0.9569403357322088
    outer loop
      vertex -2.391771452281811 4 4.225752921804458
      vertex -1.2193145126008016 10 3.8700919974798094
      vertex -2.391771452281811 10 4.225752921804458
    endloop
  endfacet
  facet normal 0.09801714032956034 0 0.9951847266721968
    outer loop
      vertex -1.2193145126008016 4 3.8700919974798094
      vertex 0 10 3.75
      vertex -1.2193145126008016 10 3.8700919974798094
    endloop
  endfacet
  facet normal 0.7730104533627373 0 -0.6343932841636449
    outer loop
      vertex -5.196685076890907 4 13.472313956372513
      vertex -5.196685076890907 10 13.472313956372513
      vertex -4.419417382415922 4 14.419417382415922
    endloop
  endfacet
  facet normal 0.6343932841636454 0 -0.773010453362737
    outer loop
      vertex -4.419417382415922 4 14.419417382415922
      vertex -4.419417382415922 10 14.419417382415922
      vertex -3.4723139563725134 4 15.196685076890908
    endloop
  endfacet
  facet normal 0.47139673682599814 0 -0.8819212643483548
    outer loop
      vertex -3.4723139563725134 4 15.196685076890908
      vertex -3.4723139563725134 10 15.196685076890908
      vertex -2.391771452281811 4 15.774247078195543
    endloop
  endfacet
  facet normal 0.7730104533627373 0 -0.6343932841636449
    outer loop
      vertex -4.419417382415922 4 14.419417382415922
      vertex -5.196685076890907 10 13.472313956372513
      vertex -4.419417382415922 10 14.419417382415922
    endloop
  endfacet
  facet normal 0.6343932841636454 0 -0.773010453362737
    outer loop
      vertex -3.4723139563725134 4 15.196685076890908
      vertex -4.419417382415922 10 14.419417382415922
      vertex -3.4723139563725134 10 15.196685076890908
    endloop
  endfacet
  facet normal 0.47139673682599814 0 -0.8819212643483548
    outer loop
      vertex -2.391771452281811 4 15.774247078195543
      vertex -3.4723139563725134 10 15.196685076890908
      vertex -2.391771452281811 10 15.774247078195543
    endloop
  endfacet
  facet normal 0.2902846772544605 0 -0.9569403357322094
    outer loop
      vertex -2.391771452281811 4 15.774247078195543
      vertex -2.391771452281811 10 15.774247078195543
      vertex -1.2193145126008016 4 16.12990800252019
    endloop
  endfacet
  facet normal 0.09801714032956178 0 -0.9951847266721967
    outer loop
      vertex -1.2193145126008016 4 16.12990800252019
      vertex -1.2193145126008016 10 16.12990800252019
      vertex 0 4 16.25
    endloop
  endfacet
  facet normal 0.2902846772544605 0 -0.9569403357322094
    outer loop
      vertex -1.2193145126008016 4 16.12990800252019
      vertex -2.391771452281811 10 15.774247078195543
      vertex -1.2193145126008016 10 16.12990800252019
    endloop
  endfacet
  facet normal 0.09801714032956178 0 -0.9951847266721967
    outer loop
      vertex 0 4 16.25
      vertex -1.2193145126008016 10 16.12990800252019
      vertex 0 10 16.25
    endloop
  endfacet
  facet normal 0 1 0
    outer loop
      vertex 0 4 3.75
      vertex 0 4 7.739113212153299
      vertex 1.2193145126008016 4 3.8700919974798094
    endloop
  endfacet
  facet normal 0 1 0
    outer loop
      vertex 1.2193145126008016 4 3.8700919974798094
      vertex 0 4 7.739113212153299
      vertex 0.44107713148302263 4 7.782555517821815
    endloop
  endfacet
  facet normal 0 1 0
    outer loop
      vertex 1.2193145126008016 4 3.8700919974798094
      vertex 0.44107713148302263 4 7.782555517821815
      vertex 0.8652039161620579 4 7.911212971383246
    endloop
  endfacet
  facet normal 0 1 0
    outer loop
      vertex 1.2193145126008016 4 3.8700919974798094
      vertex 0.8652039161620579 4 7.911212971383246
      vertex 1.2560813995549314 4 8.120141339049157
    endloop
  endfacet
  facet normal 0 1 0
    outer loop
      vertex 1.2193145126008016 4 3.8700919974798094
      vertex 1.2560813995549314 4 8.120141339049157
      vertex 2.391771452281811 4 4.225752921804458
    endloop
  endfacet
  facet normal 0 1 0
    outer loop
      vertex 1.2560813995549314 4 8.120141339049157
      vertex 1.5986883791814732 4 8.401311620818527
      vertex 2.391771452281811 4 4.225752921804458
    endloop
  endfacet
  facet normal 0 1 0
    outer loop
      vertex 2.391771452281811 4 4.225752921804458
      vertex 1.5986883791814732 4 8.401311620818527
      vertex 1.879858660950843 4 8.743918600445069
    endloop
  endfacet
  facet normal 0 1 0
    outer loop
      vertex 2.391771452281811 4 4.225752921804458
      vertex 1.879858660950843 4 8.743918600445069
      vertex 2.0887870286167542 4 9.134796083837943
    endloop
  endfacet
  facet normal 0 1 0
    outer loop
      vertex 2.391771452281811 4 4.225752921804458
      vertex 2.0887870286167542 4 9.134796083837943
      vertex 2.217444482178185 4 9.558922868516976
    endloop
  endfacet
  facet normal 0 1 0
    outer loop
      vertex 2.391771452281811 4 4.225752921804458
      vertex 2.217444482178185 4 9.558922868516976
      vertex 2.2608867878467005 4 10
    endloop
  endfacet
  facet normal 0 1 0
    outer loop
      vertex 2.391771452281811 4 4.225752921804458
      vertex 2.391771452281811 4 15.774247078195543
      vertex 3.4723139563725134 4 4.803314923109093
    endloop
  endfacet
  facet normal 0 1 0
    outer loop
      vertex 3.4723139563725134 4 4.803314923109093
      vertex 3.4723139563725134 4 15.196685076890908
      vertex 4.419417382415922 4 5.580582617584078
    endloop
  endfacet
  facet normal 0 1 0
    outer loop
      vertex 4.419417382415922 4 5.580582617584078
      vertex 4.419417382415922 4 14.419417382415922
      vertex 5.196685076890907 4 6.527686043627487
    endloop
  endfacet
  facet normal 0 1 0
    outer loop
      vertex 0 4 12.260886787846701
      vertex 1.2193145126008016 4 16.12990800252019
      vertex 0.44107713148302263 4 12.217444482178184
    endloop
  endfacet
  facet normal 0 1 0
    outer loop
      vertex 0 4 12.260886787846701
      vertex 0 4 16.25
      vertex 1.2193145126008016 4 16.12990800252019
    endloop
  endfacet
  facet normal 0 1 0
    outer loop
      vertex 0.8652039161620579 4 12.088787028616753
      vertex 0.44107713148302263 4 12.217444482178184
      vertex 1.2193145126008016 4 16.12990800252019
    endloop
  endfacet
  facet normal 0 1 0
    outer loop
      vertex 0.8652039161620579 4 12.088787028616753
      vertex 1.2193145126008016 4 16.12990800252019
      vertex 1.2560813995549314 4 11.879858660950843
    endloop
  endfacet
  facet normal 0 1 0
    outer loop
      vertex 2.391771452281811 4 4.225752921804458
      vertex 2.2608867878467005 4 10
      vertex 2.391771452281811 4 15.774247078195543
    endloop
  endfacet
  facet normal 0 1 0
    outer loop
      vertex 2.2608867878467005 4 10
      vertex 2.242595290723115 4 10.18571668694022
      vertex 2.391771452281811 4 15.774247078195543
    endloop
  endfacet
  facet normal 0 1 0
    outer loop
      vertex 2.242595290723115 4 10.18571668694022
      vertex 2.217444482178185 4 10.441077131483024
      vertex 2.391771452281811 4 15.774247078195543
    endloop
  endfacet
  facet normal 0 1 0
    outer loop
      vertex 2.0887870286167542 4 10.865203916162057
      vertex 2.391771452281811 4 15.774247078195543
      vertex 2.217444482178185 4 10.441077131483024
    endloop
  endfacet
  facet normal 0 1 0
    outer loop
      vertex 1.2560813995549314 4 11.879858660950843
      vertex 1.2193145126008016 4 16.12990800252019
      vertex 1.5986883791814732 4 11.598688379181473
    endloop
  endfacet
  facet normal 0 1 0
    outer loop
      vertex 1.2193145126008016 4 16.12990800252019
      vertex 2.391771452281811 4 15.774247078195543
      vertex 1.5986883791814732 4 11.598688379181473
    endloop
  endfacet
  facet normal 0 1 0
    outer loop
      vertex 1.5986883791814732 4 11.598688379181473
      vertex 2.391771452281811 4 15.774247078195543
      vertex 1.879858660950843 4 11.256081399554931
    endloop
  endfacet
  facet normal 0 1 0
    outer loop
      vertex 1.879858660950843 4 11.256081399554931
      vertex 2.391771452281811 4 15.774247078195543
      vertex 2.0887870286167542 4 10.865203916162057
    endloop
  endfacet
  facet normal 0 1 0
    outer loop
      vertex 2.391771452281811 4 15.774247078195543
      vertex 3.4723139563725134 4 15.196685076890908
      vertex 3.4723139563725134 4 4.803314923109093
    endloop
  endfacet
  facet normal 0 1 0
    outer loop
      vertex 4.419417382415922 4 5.580582617584078
      vertex 3.4723139563725134 4 15.196685076890908
      vertex 4.419417382415922 4 14.419417382415922
    endloop
  endfacet
  facet normal 0 1 0
    outer loop
      vertex 5.196685076890907 4 6.527686043627487
      vertex 4.419417382415922 4 14.419417382415922
      vertex 5.196685076890907 4 13.472313956372513
    endloop
  endfacet
  facet normal -0.09801714032956034 0 0.9951847266721968
    outer loop
      vertex 0 4 3.75
      vertex 1.2193145126008016 4 3.8700919974798094
      vertex 1.2193145126008016 10 3.8700919974798094
    endloop
  endfacet
  facet normal -0.2902846772544625 0 0.9569403357322088
    outer loop
      vertex 1.2193145126008016 4 3.8700919974798094
      vertex 2.391771452281811 4 4.225752921804458
      vertex 2.391771452281811 10 4.225752921804458
    endloop
  endfacet
  facet normal -0.09801714032956034 0 0.9951847266721968
    outer loop
      vertex 0 4 3.75
      vertex 1.2193145126008016 10 3.8700919974798094
      vertex 0 10 3.75
    endloop
  endfacet
  facet normal -0.2902846772544625 0 0.9569403357322088
    outer loop
      vertex 1.2193145126008016 4 3.8700919974798094
      vertex 2.391771452281811 10 4.225752921804458
      vertex 1.2193145126008016 10 3.8700919974798094
    endloop
  endfacet
  facet normal -0.47139673682599814 0 0.8819212643483548
    outer loop
      vertex 2.391771452281811 4 4.225752921804458
      vertex 3.4723139563725134 4 4.803314923109093
      vertex 3.4723139563725134 10 4.803314923109093
    endloop
  endfacet
  facet normal -0.6343932841636449 0 0.7730104533627373
    outer loop
      vertex 3.4723139563725134 4 4.803314923109093
      vertex 4.419417382415922 4 5.580582617584078
      vertex 4.419417382415922 10 5.580582617584078
    endloop
  endfacet
  facet normal -0.7730104533627373 0 0.6343932841636449
    outer loop
      vertex 4.419417382415922 4 5.580582617584078
      vertex 5.196685076890907 4 6.527686043627487
      vertex 5.196685076890907 10 6.527686043627487
    endloop
  endfacet
  facet normal -0.47139673682599814 0 0.8819212643483548
    outer loop
      vertex 2.391771452281811 4 4.225752921804458
      vertex 3.4723139563725134 10 4.803314923109093
      vertex 2.391771452281811 10 4.225752921804458
    endloop
  endfacet
  facet normal -0.6343932841636449 0 0.7730104533627373
    outer loop
      vertex 3.4723139563725134 4 4.803314923109093
      vertex 4.419417382415922 10 5.580582617584078
      vertex 3.4723139563725134 10 4.803314923109093
    endloop
  endfacet
  facet normal -0.7730104533627373 0 0.6343932841636449
    outer loop
      vertex 4.419417382415922 4 5.580582617584078
      vertex 5.196685076890907 10 6.527686043627487
      vertex 4.419417382415922 10 5.580582617584078
    endloop
  endfacet
  facet normal -0.09801714032956178 0 -0.9951847266721967
    outer loop
      vertex 0 4 16.25
      vertex 0 10 16.25
      vertex 1.2193145126008016 4 16.12990800252019
    endloop
  endfacet
  facet normal -0.2902846772544605 0 -0.9569403357322094
    outer loop
      vertex 1.2193145126008016 4 16.12990800252019
      vertex 1.2193145126008016 10 16.12990800252019
      vertex 2.391771452281811 4 15.774247078195543
    endloop
  endfacet
  facet normal -0.09801714032956178 0 -0.9951847266721967
    outer loop
      vertex 1.2193145126008016 4 16.12990800252019
      vertex 0 10 16.25
      vertex 1.2193145126008016 10 16.12990800252019
    endloop
  endfacet
  facet normal -0.2902846772544605 0 -0.9569403357322094
    outer loop
      vertex 2.391771452281811 4 15.774247078195543
      vertex 1.2193145126008016 10 16.12990800252019
      vertex 2.391771452281811 10 15.774247078195543
    endloop
  endfacet
  facet normal -0.6343932841636454 0 -0.773010453362737
    outer loop
      vertex 3.4723139563725134 4 15.196685076890908
      vertex 3.4723139563725134 10 15.196685076890908
      vertex 4.419417382415922 4 14.419417382415922
    endloop
  endfacet
  facet normal -0.7730104533627373 0 -0.6343932841636449
    outer loop
      vertex 4.419417382415922 4 14.419417382415922
      vertex 4.419417382415922 10 14.419417382415922
      vertex 5.196685076890907 4 13.472313956372513
    endloop
  endfacet
  facet normal -0.47139673682599814 0 -0.8819212643483548
    outer loop
      vertex 2.391771452281811 4 15.774247078195543
      vertex 2.391771452281811 10 15.774247078195543
      vertex 3.4723139563725134 4 15.196685076890908
    endloop
  endfacet
  facet normal -0.6343932841636454 0 -0.773010453362737
    outer loop
      vertex 4.419417382415922 4 14.419417382415922
      vertex 3.4723139563725134 10 15.196685076890908
      vertex 4.419417382415922 10 14.419417382415922
    endloop
  endfacet
  facet normal -0.7730104533627373 0 -0.6343932841636449
    outer loop
      vertex 5.196685076890907 4 13.472313956372513
      vertex 4.419417382415922 10 14.419417382415922
      vertex 5.196685076890907 10 13.472313956372513
    endloop
  endfacet
  facet normal -0.47139673682599814 0 -0.8819212643483548
    outer loop
      vertex 3.4723139563725134 4 15.196685076890908
      vertex 2.391771452281811 10 15.774247078195543
      vertex 3.4723139563725134 10 15.196685076890908
    endloop
  endfacet
  facet normal 0 1 0
    outer loop
      vertex 5.196685076890907 4 6.527686043627487
      vertex 5.196685076890907 4 13.472313956372513
      vertex 5.774247078195542 4 7.6082285477181895
    endloop
  endfacet
  facet normal 0 1 0
    outer loop
      vertex 5.774247078195542 4 7.6082285477181895
      vertex 5.774247078195542 4 12.39177145228181
      vertex 6.129908002520191 4 8.780685487399198
    endloop
  endfacet
  facet normal 0 1 0
    outer loop
      vertex 5.774247078195542 4 7.6082285477181895
      vertex 5.196685076890907 4 13.472313956372513
      vertex 5.774247078195542 4 12.39177145228181
    endloop
  endfacet
  facet normal 0 1 0
    outer loop
      vertex 6.129908002520191 4 8.780685487399198
      vertex 6.129908002520191 4 11.219314512600802
      vertex 6.25 4 10
    endloop
  endfacet
  facet normal 0 1 0
    outer loop
      vertex 6.129908002520191 4 8.780685487399198
      vertex 5.774247078195542 4 12.39177145228181
      vertex 6.129908002520191 4 11.219314512600802
    endloop
  endfacet
  facet normal -0.8819212643483548 0 0.471396736825998
    outer loop
      vertex 5.196685076890907 4 6.527686043627487
      vertex 5.774247078195542 4 7.6082285477181895
      vertex 5.774247078195542 10 7.6082285477181895
    endloop
  endfacet
  facet normal -0.9569403357322088 0 0.2902846772544626
    outer loop
      vertex 5.774247078195542 4 7.6082285477181895
      vertex 6.129908002520191 4 8.780685487399198
      vertex 6.129908002520191 10 8.780685487399198
    endloop
  endfacet
  facet normal -0.9951847266721968 0 0.09801714032956034
    outer loop
      vertex 6.129908002520191 4 8.780685487399198
      vertex 6.25 4 10
      vertex 6.25 10 10
    endloop
  endfacet
  facet normal -0.8819212643483548 0 0.471396736825998
    outer loop
      vertex 5.196685076890907 4 6.527686043627487
      vertex 5.774247078195542 10 7.6082285477181895
      vertex 5.196685076890907 10 6.527686043627487
    endloop
  endfacet
  facet normal -0.9569403357322088 0 0.2902846772544626
    outer loop
      vertex 5.774247078195542 4 7.6082285477181895
      vertex 6.129908002520191 10 8.780685487399198
      vertex 5.774247078195542 10 7.6082285477181895
    endloop
  endfacet
  facet normal -0.9951847266721968 0 0.09801714032956034
    outer loop
      vertex 6.129908002520191 4 8.780685487399198
      vertex 6.25 10 10
      vertex 6.129908002520191 10 8.780685487399198
    endloop
  endfacet
  facet normal -0.9951847266721968 0 -0.09801714032956034
    outer loop
      vertex 6.25 4 10
      vertex 6.129908002520191 4 11.219314512600802
      vertex 6.129908002520191 10 11.219314512600802
    endloop
  endfacet
  facet normal -0.9569403357322088 0 -0.2902846772544626
    outer loop
      vertex 6.129908002520191 4 11.219314512600802
      vertex 5.774247078195542 4 12.39177145228181
      vertex 5.774247078195542 10 12.39177145228181
    endloop
  endfacet
  facet normal -0.8819212643483548 0 -0.471396736825998
    outer loop
      vertex 5.196685076890907 4 13.472313956372513
      vertex 5.196685076890907 10 13.472313956372513
      vertex 5.774247078195542 4 12.39177145228181
    endloop
  endfacet
  facet normal -0.9951847266721968 0 -0.09801714032956034
    outer loop
      vertex 6.25 4 10
      vertex 6.129908002520191 10 11.219314512600802
      vertex 6.25 10 10
    endloop
  endfacet
  facet normal -0.9569403357322088 0 -0.2902846772544626
    outer loop
      vertex 6.129908002520191 4 11.219314512600802
      vertex 5.774247078195542 10 12.39177145228181
      vertex 6.129908002520191 10 11.219314512600802
    endloop
  endfacet
  facet normal -0.8819212643483548 0 -0.471396736825998
    outer loop
      vertex 5.774247078195542 4 12.39177145228181
      vertex 5.196685076890907 10 13.472313956372513
      vertex 5.774247078195542 10 12.39177145228181
    endloop
  endfacet
  facet normal 0.8819212643483548 0 0.471396736825998
    outer loop
      vertex -5.196685076890907 -4 6.527686043627487
      vertex -5.774247078195542 -10 7.6082285477181895
      vertex -5.196685076890907 -10 6.527686043627487
    endloop
  endfacet
  facet normal 0.9569403357322088 0 0.2902846772544626
    outer loop
      vertex -5.774247078195542 -4 7.6082285477181895
      vertex -6.129908002520191 -10 8.780685487399198
      vertex -5.774247078195542 -10 7.6082285477181895
    endloop
  endfacet
  facet normal 0.9951847266721968 0 0.09801714032956034
    outer loop
      vertex -6.129908002520191 -4 8.780685487399198
      vertex -6.25 -10 10
      vertex -6.129908002520191 -10 8.780685487399198
    endloop
  endfacet
  facet normal 0.8819212643483548 0 0.471396736825998
    outer loop
      vertex -5.774247078195542 -4 7.6082285477181895
      vertex -5.774247078195542 -10 7.6082285477181895
      vertex -5.196685076890907 -4 6.527686043627487
    endloop
  endfacet
  facet normal 0.9569403357322088 0 0.2902846772544626
    outer loop
      vertex -5.774247078195542 -4 7.6082285477181895
      vertex -6.129908002520191 -4 8.780685487399198
      vertex -6.129908002520191 -10 8.780685487399198
    endloop
  endfacet
  facet normal 0.9951847266721968 0 0.09801714032956034
    outer loop
      vertex -6.129908002520191 -4 8.780685487399198
      vertex -6.25 -4 10
      vertex -6.25 -10 10
    endloop
  endfacet
  facet normal 0.9951847266721968 0 -0.09801714032956034
    outer loop
      vertex -6.25 -4 10
      vertex -6.129908002520191 -10 11.219314512600802
      vertex -6.25 -10 10
    endloop
  endfacet
  facet normal 0.9569403357322088 0 -0.2902846772544626
    outer loop
      vertex -6.129908002520191 -4 11.219314512600802
      vertex -5.774247078195542 -10 12.39177145228181
      vertex -6.129908002520191 -10 11.219314512600802
    endloop
  endfacet
  facet normal 0.8819212643483548 0 -0.471396736825998
    outer loop
      vertex -5.774247078195542 -4 12.39177145228181
      vertex -5.196685076890907 -10 13.472313956372513
      vertex -5.774247078195542 -10 12.39177145228181
    endloop
  endfacet
  facet normal 0.9951847266721968 0 -0.09801714032956034
    outer loop
      vertex -6.25 -4 10
      vertex -6.129908002520191 -4 11.219314512600802
      vertex -6.129908002520191 -10 11.219314512600802
    endloop
  endfacet
  facet normal 0.9569403357322088 0 -0.2902846772544626
    outer loop
      vertex -6.129908002520191 -4 11.219314512600802
      vertex -5.774247078195542 -4 12.39177145228181
      vertex -5.774247078195542 -10 12.39177145228181
    endloop
  endfacet
  facet normal 0.8819212643483548 0 -0.471396736825998
    outer loop
      vertex -5.774247078195542 -4 12.39177145228181
      vertex -5.196685076890907 -4 13.472313956372513
      vertex -5.196685076890907 -10 13.472313956372513
    endloop
  endfacet
  facet normal 0 -1 0
    outer loop
      vertex -5.774247078195542 -4 7.6082285477181895
      vertex -5.774247078195542 -4 12.39177145228181
      vertex -6.129908002520191 -4 8.780685487399198
    endloop
  endfacet
  facet normal 0 -1 0
    outer loop
      vertex -5.774247078195542 -4 7.6082285477181895
      vertex -5.196685076890907 -4 6.527686043627487
      vertex -5.196685076890907 -4 13.472313956372513
    endloop
  endfacet
  facet normal 0 -1 0
    outer loop
      vertex -6.129908002520191 -4 8.780685487399198
      vertex -6.129908002520191 -4 11.219314512600802
      vertex -6.25 -4 10
    endloop
  endfacet
  facet normal 0 -1 0
    outer loop
      vertex -6.129908002520191 -4 8.780685487399198
      vertex -5.774247078195542 -4 12.39177145228181
      vertex -6.129908002520191 -4 11.219314512600802
    endloop
  endfacet
  facet normal 0 -1 0
    outer loop
      vertex -5.774247078195542 -4 7.6082285477181895
      vertex -5.196685076890907 -4 13.472313956372513
      vertex -5.774247078195542 -4 12.39177145228181
    endloop
  endfacet
  facet normal 0.47139673682599814 0 0.8819212643483548
    outer loop
      vertex -2.391771452281811 -4 4.225752921804458
      vertex -3.4723139563725134 -10 4.803314923109093
      vertex -2.391771452281811 -10 4.225752921804458
    endloop
  endfacet
  facet normal 0.7730104533627373 0 0.6343932841636449
    outer loop
      vertex -4.419417382415922 -4 5.580582617584078
      vertex -5.196685076890907 -10 6.527686043627487
      vertex -4.419417382415922 -10 5.580582617584078
    endloop
  endfacet
  facet normal 0.6343932841636449 0 0.7730104533627373
    outer loop
      vertex -3.4723139563725134 -4 4.803314923109093
      vertex -4.419417382415922 -10 5.580582617584078
      vertex -3.4723139563725134 -10 4.803314923109093
    endloop
  endfacet
  facet normal 0.47139673682599814 0 0.8819212643483548
    outer loop
      vertex -3.4723139563725134 -4 4.803314923109093
      vertex -3.4723139563725134 -10 4.803314923109093
      vertex -2.391771452281811 -4 4.225752921804458
    endloop
  endfacet
  facet normal 0.7730104533627373 0 0.6343932841636449
    outer loop
      vertex -5.196685076890907 -4 6.527686043627487
      vertex -5.196685076890907 -10 6.527686043627487
      vertex -4.419417382415922 -4 5.580582617584078
    endloop
  endfacet
  facet normal 0.6343932841636449 0 0.7730104533627373
    outer loop
      vertex -4.419417382415922 -4 5.580582617584078
      vertex -4.419417382415922 -10 5.580582617584078
      vertex -3.4723139563725134 -4 4.803314923109093
    endloop
  endfacet
  facet normal 0.2902846772544625 0 0.9569403357322088
    outer loop
      vertex -1.2193145126008016 -4 3.8700919974798094
      vertex -2.391771452281811 -10 4.225752921804458
      vertex -1.2193145126008016 -10 3.8700919974798094
    endloop
  endfacet
  facet normal 0.09801714032956034 0 0.9951847266721968
    outer loop
      vertex 0 -4 3.75
      vertex -1.2193145126008016 -10 3.8700919974798094
      vertex 0 -10 3.75
    endloop
  endfacet
  facet normal 0.2902846772544625 0 0.9569403357322088
    outer loop
      vertex -2.391771452281811 -4 4.225752921804458
      vertex -2.391771452281811 -10 4.225752921804458
      vertex -1.2193145126008016 -4 3.8700919974798094
    endloop
  endfacet
  facet normal 0.09801714032956034 0 0.9951847266721968
    outer loop
      vertex -1.2193145126008016 -4 3.8700919974798094
      vertex -1.2193145126008016 -10 3.8700919974798094
      vertex 0 -4 3.75
    endloop
  endfacet
  facet normal 0.7730104533627373 0 -0.6343932841636449
    outer loop
      vertex -5.196685076890907 -4 13.472313956372513
      vertex -4.419417382415922 -10 14.419417382415922
      vertex -5.196685076890907 -10 13.472313956372513
    endloop
  endfacet
  facet normal 0.6343932841636454 0 -0.773010453362737
    outer loop
      vertex -4.419417382415922 -4 14.419417382415922
      vertex -3.4723139563725134 -10 15.196685076890908
      vertex -4.419417382415922 -10 14.419417382415922
    endloop
  endfacet
  facet normal 0.47139673682599814 0 -0.8819212643483548
    outer loop
      vertex -3.4723139563725134 -4 15.196685076890908
      vertex -2.391771452281811 -10 15.774247078195543
      vertex -3.4723139563725134 -10 15.196685076890908
    endloop
  endfacet
  facet normal 0.7730104533627373 0 -0.6343932841636449
    outer loop
      vertex -5.196685076890907 -4 13.472313956372513
      vertex -4.419417382415922 -4 14.419417382415922
      vertex -4.419417382415922 -10 14.419417382415922
    endloop
  endfacet
  facet normal 0.6343932841636454 0 -0.773010453362737
    outer loop
      vertex -4.419417382415922 -4 14.419417382415922
      vertex -3.4723139563725134 -4 15.196685076890908
      vertex -3.4723139563725134 -10 15.196685076890908
    endloop
  endfacet
  facet normal 0.47139673682599814 0 -0.8819212643483548
    outer loop
      vertex -3.4723139563725134 -4 15.196685076890908
      vertex -2.391771452281811 -4 15.774247078195543
      vertex -2.391771452281811 -10 15.774247078195543
    endloop
  endfacet
  facet normal 0.2902846772544605 0 -0.9569403357322094
    outer loop
      vertex -2.391771452281811 -4 15.774247078195543
      vertex -1.2193145126008016 -10 16.12990800252019
      vertex -2.391771452281811 -10 15.774247078195543
    endloop
  endfacet
  facet normal 0.09801714032956178 0 -0.9951847266721967
    outer loop
      vertex -1.2193145126008016 -4 16.12990800252019
      vertex 0 -10 16.25
      vertex -1.2193145126008016 -10 16.12990800252019
    endloop
  endfacet
  facet normal 0.2902846772544605 0 -0.9569403357322094
    outer loop
      vertex -2.391771452281811 -4 15.774247078195543
      vertex -1.2193145126008016 -4 16.12990800252019
      vertex -1.2193145126008016 -10 16.12990800252019
    endloop
  endfacet
  facet normal 0.09801714032956178 0 -0.9951847266721967
    outer loop
      vertex -1.2193145126008016 -4 16.12990800252019
      vertex 0 -4 16.25
      vertex 0 -10 16.25
    endloop
  endfacet
  facet normal 0 -1 0
    outer loop
      vertex -5.196685076890907 -4 6.527686043627487
      vertex -4.419417382415922 -4 5.580582617584078
      vertex -4.419417382415922 -4 14.419417382415922
    endloop
  endfacet
  facet normal 0 -1 0
    outer loop
      vertex -4.419417382415922 -4 5.580582617584078
      vertex -3.4723139563725134 -4 4.803314923109093
      vertex -3.4723139563725134 -4 15.196685076890908
    endloop
  endfacet
  facet normal 0 -1 0
    outer loop
      vertex -3.4723139563725134 -4 4.803314923109093
      vertex -2.391771452281811 -4 4.225752921804458
      vertex -2.391771452281811 -4 15.774247078195543
    endloop
  endfacet
  facet normal 0 -1 0
    outer loop
      vertex -2.391771452281811 -4 4.225752921804458
      vertex -1.879858660950843 -4 8.743918600445069
      vertex -2.0887870286167542 -4 9.134796083837943
    endloop
  endfacet
  facet normal 0 -1 0
    outer loop
      vertex -2.391771452281811 -4 4.225752921804458
      vertex -1.5986883791814732 -4 8.401311620818527
      vertex -1.879858660950843 -4 8.743918600445069
    endloop
  endfacet
  facet normal 0 -1 0
    outer loop
      vertex -2.391771452281811 -4 4.225752921804458
      vertex -1.2193145126008016 -4 3.8700919974798094
      vertex -1.2560813995549314 -4 8.120141339049157
    endloop
  endfacet
  facet normal 0 -1 0
    outer loop
      vertex -2.391771452281811 -4 4.225752921804458
      vertex -1.2560813995549314 -4 8.120141339049157
      vertex -1.5986883791814732 -4 8.401311620818527
    endloop
  endfacet
  facet normal 0 -1 0
    outer loop
      vertex -2.391771452281811 -4 4.225752921804458
      vertex -2.0887870286167542 -4 9.134796083837943
      vertex -2.217444482178185 -4 9.558922868516976
    endloop
  endfacet
  facet normal 0 -1 0
    outer loop
      vertex -2.391771452281811 -4 4.225752921804458
      vertex -2.217444482178185 -4 9.558922868516976
      vertex -2.2608867878467005 -4 10
    endloop
  endfacet
  facet normal 0 -1 0
    outer loop
      vertex -1.2193145126008016 -4 3.8700919974798094
      vertex -0.8652039161620579 -4 7.911212971383246
      vertex -1.2560813995549314 -4 8.120141339049157
    endloop
  endfacet
  facet normal 0 -1 0
    outer loop
      vertex -1.2193145126008016 -4 3.8700919974798094
      vertex -0.44107713148302263 -4 7.782555517821815
      vertex -0.8652039161620579 -4 7.911212971383246
    endloop
  endfacet
  facet normal 0 -1 0
    outer loop
      vertex -1.2193145126008016 -4 3.8700919974798094
      vertex 0 -4 3.75
      vertex 0 -4 7.739113212153299
    endloop
  endfacet
  facet normal 0 -1 0
    outer loop
      vertex -1.2193145126008016 -4 3.8700919974798094
      vertex 0 -4 7.739113212153299
      vertex -0.44107713148302263 -4 7.782555517821815
    endloop
  endfacet
  facet normal 0 -1 0
    outer loop
      vertex -5.196685076890907 -4 6.527686043627487
      vertex -4.419417382415922 -4 14.419417382415922
      vertex -5.196685076890907 -4 13.472313956372513
    endloop
  endfacet
  facet normal 0 -1 0
    outer loop
      vertex -4.419417382415922 -4 5.580582617584078
      vertex -3.4723139563725134 -4 15.196685076890908
      vertex -4.419417382415922 -4 14.419417382415922
    endloop
  endfacet
  facet normal 0 -1 0
    outer loop
      vertex -3.4723139563725134 -4 4.803314923109093
      vertex -2.391771452281811 -4 15.774247078195543
      vertex -3.4723139563725134 -4 15.196685076890908
    endloop
  endfacet
  facet normal 0 -1 0
    outer loop
      vertex -2.391771452281811 -4 4.225752921804458
      vertex -2.2608867878467005 -4 10
      vertex -2.391771452281811 -4 15.774247078195543
    endloop
  endfacet
  facet normal 0 -1 0
    outer loop
      vertex -2.2608867878467005 -4 10
      vertex -2.242595290723115 -4 10.18571668694022
      vertex -2.391771452281811 -4 15.774247078195543
    endloop
  endfacet
  facet normal 0 -1 0
    outer loop
      vertex -2.242595290723115 -4 10.18571668694022
      vertex -2.217444482178185 -4 10.441077131483024
      vertex -2.391771452281811 -4 15.774247078195543
    endloop
  endfacet
  facet normal 0 -1 0
    outer loop
      vertex -2.217444482178185 -4 10.441077131483024
      vertex -2.0887870286167542 -4 10.865203916162057
      vertex -2.391771452281811 -4 15.774247078195543
    endloop
  endfacet
  facet normal 0 -1 0
    outer loop
      vertex -2.0887870286167542 -4 10.865203916162057
      vertex -1.879858660950843 -4 11.256081399554931
      vertex -2.391771452281811 -4 15.774247078195543
    endloop
  endfacet
  facet normal 0 -1 0
    outer loop
      vertex -1.879858660950843 -4 11.256081399554931
      vertex -1.5986883791814732 -4 11.598688379181473
      vertex -2.391771452281811 -4 15.774247078195543
    endloop
  endfacet
  facet normal 0 -1 0
    outer loop
      vertex -1.5986883791814732 -4 11.598688379181473
      vertex -1.2560813995549314 -4 11.879858660950843
      vertex -1.2193145126008016 -4 16.12990800252019
    endloop
  endfacet
  facet normal 0 -1 0
    outer loop
      vertex -1.5986883791814732 -4 11.598688379181473
      vertex -1.2193145126008016 -4 16.12990800252019
      vertex -2.391771452281811 -4 15.774247078195543
    endloop
  endfacet
  facet normal 0 -1 0
    outer loop
      vertex -1.2560813995549314 -4 11.879858660950843
      vertex -0.8652039161620579 -4 12.088787028616753
      vertex -1.2193145126008016 -4 16.12990800252019
    endloop
  endfacet
  facet normal 0 -1 0
    outer loop
      vertex -0.8652039161620579 -4 12.088787028616753
      vertex -0.44107713148302263 -4 12.217444482178184
      vertex -1.2193145126008016 -4 16.12990800252019
    endloop
  endfacet
  facet normal 0 -1 0
    outer loop
      vertex -1.2193145126008016 -4 16.12990800252019
      vertex -0.44107713148302263 -4 12.217444482178184
      vertex 0 -4 12.260886787846701
    endloop
  endfacet
  facet normal 0 -1 0
    outer loop
      vertex -1.2193145126008016 -4 16.12990800252019
      vertex 0 -4 12.260886787846701
      vertex 0 -4 16.25
    endloop
  endfacet
  facet normal -0.09801714032956034 0 0.9951847266721968
    outer loop
      vertex 1.2193145126008016 -4 3.8700919974798094
      vertex 0 -10 3.75
      vertex 1.2193145126008016 -10 3.8700919974798094
    endloop
  endfacet
  facet normal -0.2902846772544625 0 0.9569403357322088
    outer loop
      vertex 2.391771452281811 -4 4.225752921804458
      vertex 1.2193145126008016 -10 3.8700919974798094
      vertex 2.391771452281811 -10 4.225752921804458
    endloop
  endfacet
  facet normal -0.09801714032956034 0 0.9951847266721968
    outer loop
      vertex 0 -4 3.75
      vertex 0 -10 3.75
      vertex 1.2193145126008016 -4 3.8700919974798094
    endloop
  endfacet
  facet normal -0.2902846772544625 0 0.9569403357322088
    outer loop
      vertex 1.2193145126008016 -4 3.8700919974798094
      vertex 1.2193145126008016 -10 3.8700919974798094
      vertex 2.391771452281811 -4 4.225752921804458
    endloop
  endfacet
  facet normal -0.47139673682599814 0 0.8819212643483548
    outer loop
      vertex 3.4723139563725134 -4 4.803314923109093
      vertex 2.391771452281811 -10 4.225752921804458
      vertex 3.4723139563725134 -10 4.803314923109093
    endloop
  endfacet
  facet normal -0.6343932841636449 0 0.7730104533627373
    outer loop
      vertex 4.419417382415922 -4 5.580582617584078
      vertex 3.4723139563725134 -10 4.803314923109093
      vertex 4.419417382415922 -10 5.580582617584078
    endloop
  endfacet
  facet normal -0.7730104533627373 0 0.6343932841636449
    outer loop
      vertex 5.196685076890907 -4 6.527686043627487
      vertex 4.419417382415922 -10 5.580582617584078
      vertex 5.196685076890907 -10 6.527686043627487
    endloop
  endfacet
  facet normal -0.47139673682599814 0 0.8819212643483548
    outer loop
      vertex 2.391771452281811 -4 4.225752921804458
      vertex 2.391771452281811 -10 4.225752921804458
      vertex 3.4723139563725134 -4 4.803314923109093
    endloop
  endfacet
  facet normal -0.6343932841636449 0 0.7730104533627373
    outer loop
      vertex 3.4723139563725134 -4 4.803314923109093
      vertex 3.4723139563725134 -10 4.803314923109093
      vertex 4.419417382415922 -4 5.580582617584078
    endloop
  endfacet
  facet normal -0.7730104533627373 0 0.6343932841636449
    outer loop
      vertex 4.419417382415922 -4 5.580582617584078
      vertex 4.419417382415922 -10 5.580582617584078
      vertex 5.196685076890907 -4 6.527686043627487
    endloop
  endfacet
  facet normal -0.09801714032956178 0 -0.9951847266721967
    outer loop
      vertex 0 -4 16.25
      vertex 1.2193145126008016 -10 16.12990800252019
      vertex 0 -10 16.25
    endloop
  endfacet
  facet normal -0.2902846772544605 0 -0.9569403357322094
    outer loop
      vertex 1.2193145126008016 -4 16.12990800252019
      vertex 2.391771452281811 -10 15.774247078195543
      vertex 1.2193145126008016 -10 16.12990800252019
    endloop
  endfacet
  facet normal -0.09801714032956178 0 -0.9951847266721967
    outer loop
      vertex 0 -4 16.25
      vertex 1.2193145126008016 -4 16.12990800252019
      vertex 1.2193145126008016 -10 16.12990800252019
    endloop
  endfacet
  facet normal -0.2902846772544605 0 -0.9569403357322094
    outer loop
      vertex 1.2193145126008016 -4 16.12990800252019
      vertex 2.391771452281811 -4 15.774247078195543
      vertex 2.391771452281811 -10 15.774247078195543
    endloop
  endfacet
  facet normal -0.6343932841636454 0 -0.773010453362737
    outer loop
      vertex 3.4723139563725134 -4 15.196685076890908
      vertex 4.419417382415922 -10 14.419417382415922
      vertex 3.4723139563725134 -10 15.196685076890908
    endloop
  endfacet
  facet normal -0.7730104533627373 0 -0.6343932841636449
    outer loop
      vertex 4.419417382415922 -4 14.419417382415922
      vertex 5.196685076890907 -10 13.472313956372513
      vertex 4.419417382415922 -10 14.419417382415922
    endloop
  endfacet
  facet normal -0.47139673682599814 0 -0.8819212643483548
    outer loop
      vertex 2.391771452281811 -4 15.774247078195543
      vertex 3.4723139563725134 -10 15.196685076890908
      vertex 2.391771452281811 -10 15.774247078195543
    endloop
  endfacet
  facet normal -0.6343932841636454 0 -0.773010453362737
    outer loop
      vertex 3.4723139563725134 -4 15.196685076890908
      vertex 4.419417382415922 -4 14.419417382415922
      vertex 4.419417382415922 -10 14.419417382415922
    endloop
  endfacet
  facet normal -0.7730104533627373 0 -0.6343932841636449
    outer loop
      vertex 4.419417382415922 -4 14.419417382415922
      vertex 5.196685076890907 -4 13.472313956372513
      vertex 5.196685076890907 -10 13.472313956372513
    endloop
  endfacet
  facet normal -0.47139673682599814 0 -0.8819212643483548
    outer loop
      vertex 2.391771452281811 -4 15.774247078195543
      vertex 3.4723139563725134 -4 15.196685076890908
      vertex 3.4723139563725134 -10 15.196685076890908
    endloop
  endfacet
  facet normal 0 -1 0
    outer loop
      vertex 0 -4 3.75
      vertex 1.2193145126008016 -4 3.8700919974798094
      vertex 0 -4 7.739113212153299
    endloop
  endfacet
  facet normal 0 -1 0
    outer loop
      vertex 1.2193145126008016 -4 3.8700919974798094
      vertex 0.44107713148302263 -4 7.782555517821815
      vertex 0 -4 7.739113212153299
    endloop
  endfacet
  facet normal 0 -1 0
    outer loop
      vertex 1.2193145126008016 -4 3.8700919974798094
      vertex 0.8652039161620579 -4 7.911212971383246
      vertex 0.44107713148302263 -4 7.782555517821815
    endloop
  endfacet
  facet normal 0 -1 0
    outer loop
      vertex 1.2193145126008016 -4 3.8700919974798094
      vertex 1.2560813995549314 -4 8.120141339049157
      vertex 0.8652039161620579 -4 7.911212971383246
    endloop
  endfacet
  facet normal 0 -1 0
    outer loop
      vertex 1.2193145126008016 -4 3.8700919974798094
      vertex 2.391771452281811 -4 4.225752921804458
      vertex 1.5986883791814732 -4 8.401311620818527
    endloop
  endfacet
  facet normal 0 -1 0
    outer loop
      vertex 1.2193145126008016 -4 3.8700919974798094
      vertex 1.5986883791814732 -4 8.401311620818527
      vertex 1.2560813995549314 -4 8.120141339049157
    endloop
  endfacet
  facet normal 0 -1 0
    outer loop
      vertex 2.391771452281811 -4 4.225752921804458
      vertex 1.879858660950843 -4 8.743918600445069
      vertex 1.5986883791814732 -4 8.401311620818527
    endloop
  endfacet
  facet normal 0 -1 0
    outer loop
      vertex 2.391771452281811 -4 4.225752921804458
      vertex 2.0887870286167542 -4 9.134796083837943
      vertex 1.879858660950843 -4 8.743918600445069
    endloop
  endfacet
  facet normal 0 -1 0
    outer loop
      vertex 2.391771452281811 -4 4.225752921804458
      vertex 2.217444482178185 -4 9.558922868516976
      vertex 2.0887870286167542 -4 9.134796083837943
    endloop
  endfacet
  facet normal 0 -1 0
    outer loop
      vertex 2.391771452281811 -4 4.225752921804458
      vertex 2.242595290723115 -4 9.81428331305978
      vertex 2.217444482178185 -4 9.558922868516976
    endloop
  endfacet
  facet normal 0 -1 0
    outer loop
      vertex 2.391771452281811 -4 4.225752921804458
      vertex 2.2608867878467005 -4 10
      vertex 2.242595290723115 -4 9.81428331305978
    endloop
  endfacet
  facet normal 0 -1 0
    outer loop
      vertex 2.391771452281811 -4 4.225752921804458
      vertex 3.4723139563725134 -4 4.803314923109093
      vertex 3.4723139563725134 -4 15.196685076890908
    endloop
  endfacet
  facet normal 0 -1 0
    outer loop
      vertex 3.4723139563725134 -4 4.803314923109093
      vertex 4.419417382415922 -4 5.580582617584078
      vertex 4.419417382415922 -4 14.419417382415922
    endloop
  endfacet
  facet normal 0 -1 0
    outer loop
      vertex 4.419417382415922 -4 5.580582617584078
      vertex 5.196685076890907 -4 6.527686043627487
      vertex 5.196685076890907 -4 13.472313956372513
    endloop
  endfacet
  facet normal 0 -1 0
    outer loop
      vertex 0 -4 12.260886787846701
      vertex 0.44107713148302263 -4 12.217444482178184
      vertex 1.2193145126008016 -4 16.12990800252019
    endloop
  endfacet
  facet normal 0 -1 0
    outer loop
      vertex 0 -4 12.260886787846701
      vertex 1.2193145126008016 -4 16.12990800252019
      vertex 0 -4 16.25
    endloop
  endfacet
  facet normal 0 -1 0
    outer loop
      vertex 0.8652039161620579 -4 12.088787028616753
      vertex 1.2193145126008016 -4 16.12990800252019
      vertex 0.44107713148302263 -4 12.217444482178184
    endloop
  endfacet
  facet normal 0 -1 0
    outer loop
      vertex 0.8652039161620579 -4 12.088787028616753
      vertex 1.2560813995549314 -4 11.879858660950843
      vertex 1.2193145126008016 -4 16.12990800252019
    endloop
  endfacet
  facet normal 0 -1 0
    outer loop
      vertex 2.391771452281811 -4 4.225752921804458
      vertex 2.391771452281811 -4 15.774247078195543
      vertex 2.2608867878467005 -4 10
    endloop
  endfacet
  facet normal 0 -1 0
    outer loop
      vertex 2.2608867878467005 -4 10
      vertex 2.391771452281811 -4 15.774247078195543
      vertex 2.2357359793017704 -4 10.255360444542804
    endloop
  endfacet
  facet normal 0 -1 0
    outer loop
      vertex 2.2357359793017704 -4 10.255360444542804
      vertex 2.391771452281811 -4 15.774247078195543
      vertex 2.217444482178185 -4 10.441077131483024
    endloop
  endfacet
  facet normal 0 -1 0
    outer loop
      vertex 2.0887870286167542 -4 10.865203916162057
      vertex 2.217444482178185 -4 10.441077131483024
      vertex 2.391771452281811 -4 15.774247078195543
    endloop
  endfacet
  facet normal 0 -1 0
    outer loop
      vertex 1.2560813995549314 -4 11.879858660950843
      vertex 1.5986883791814732 -4 11.598688379181473
      vertex 2.391771452281811 -4 15.774247078195543
    endloop
  endfacet
  facet normal 0 -1 0
    outer loop
      vertex 1.2560813995549314 -4 11.879858660950843
      vertex 2.391771452281811 -4 15.774247078195543
      vertex 1.2193145126008016 -4 16.12990800252019
    endloop
  endfacet
  facet normal 0 -1 0
    outer loop
      vertex 1.5986883791814732 -4 11.598688379181473
      vertex 1.879858660950843 -4 11.256081399554931
      vertex 2.391771452281811 -4 15.774247078195543
    endloop
  endfacet
  facet normal 0 -1 0
    outer loop
      vertex 1.879858660950843 -4 11.256081399554931
      vertex 2.0887870286167542 -4 10.865203916162057
      vertex 2.391771452281811 -4 15.774247078195543
    endloop
  endfacet
  facet normal 0 -1 0
    outer loop
      vertex 2.391771452281811 -4 4.225752921804458
      vertex 3.4723139563725134 -4 15.196685076890908
      vertex 2.391771452281811 -4 15.774247078195543
    endloop
  endfacet
  facet normal 0 -1 0
    outer loop
      vertex 3.4723139563725134 -4 4.803314923109093
      vertex 4.419417382415922 -4 14.419417382415922
      vertex 3.4723139563725134 -4 15.196685076890908
    endloop
  endfacet
  facet normal 0 -1 0
    outer loop
      vertex 4.419417382415922 -4 5.580582617584078
      vertex 5.196685076890907 -4 13.472313956372513
      vertex 4.419417382415922 -4 14.419417382415922
    endloop
  endfacet
  facet normal -0.8819212643483548 0 0.471396736825998
    outer loop
      vertex 5.774247078195542 -4 7.6082285477181895
      vertex 5.196685076890907 -10 6.527686043627487
      vertex 5.774247078195542 -10 7.6082285477181895
    endloop
  endfacet
  facet normal -0.9569403357322088 0 0.2902846772544626
    outer loop
      vertex 6.129908002520191 -4 8.780685487399198
      vertex 5.774247078195542 -10 7.6082285477181895
      vertex 6.129908002520191 -10 8.780685487399198
    endloop
  endfacet
  facet normal -0.9951847266721968 0 0.09801714032956034
    outer loop
      vertex 6.25 -4 10
      vertex 6.129908002520191 -10 8.780685487399198
      vertex 6.25 -10 10
    endloop
  endfacet
  facet normal -0.8819212643483548 0 0.471396736825998
    outer loop
      vertex 5.196685076890907 -4 6.527686043627487
      vertex 5.196685076890907 -10 6.527686043627487
      vertex 5.774247078195542 -4 7.6082285477181895
    endloop
  endfacet
  facet normal -0.9569403357322088 0 0.2902846772544626
    outer loop
      vertex 5.774247078195542 -4 7.6082285477181895
      vertex 5.774247078195542 -10 7.6082285477181895
      vertex 6.129908002520191 -4 8.780685487399198
    endloop
  endfacet
  facet normal -0.9951847266721968 0 0.09801714032956034
    outer loop
      vertex 6.129908002520191 -4 8.780685487399198
      vertex 6.129908002520191 -10 8.780685487399198
      vertex 6.25 -4 10
    endloop
  endfacet
  facet normal -0.9951847266721968 0 -0.09801714032956034
    outer loop
      vertex 6.129908002520191 -4 11.219314512600802
      vertex 6.25 -10 10
      vertex 6.129908002520191 -10 11.219314512600802
    endloop
  endfacet
  facet normal -0.9569403357322088 0 -0.2902846772544626
    outer loop
      vertex 5.774247078195542 -4 12.39177145228181
      vertex 6.129908002520191 -10 11.219314512600802
      vertex 5.774247078195542 -10 12.39177145228181
    endloop
  endfacet
  facet normal -0.8819212643483548 0 -0.471396736825998
    outer loop
      vertex 5.196685076890907 -4 13.472313956372513
      vertex 5.774247078195542 -10 12.39177145228181
      vertex 5.196685076890907 -10 13.472313956372513
    endloop
  endfacet
  facet normal -0.9951847266721968 0 -0.09801714032956034
    outer loop
      vertex 6.25 -4 10
      vertex 6.25 -10 10
      vertex 6.129908002520191 -4 11.219314512600802
    endloop
  endfacet
  facet normal -0.9569403357322088 0 -0.2902846772544626
    outer loop
      vertex 6.129908002520191 -4 11.219314512600802
      vertex 6.129908002520191 -10 11.219314512600802
      vertex 5.774247078195542 -4 12.39177145228181
    endloop
  endfacet
  facet normal -0.8819212643483548 0 -0.471396736825998
    outer loop
      vertex 5.196685076890907 -4 13.472313956372513
      vertex 5.774247078195542 -4 12.39177145228181
      vertex 5.774247078195542 -10 12.39177145228181
    endloop
  endfacet
  facet normal 0 -1 0
    outer loop
      vertex 5.196685076890907 -4 6.527686043627487
      vertex 5.774247078195542 -4 7.6082285477181895
      vertex 5.774247078195542 -4 12.39177145228181
    endloop
  endfacet
  facet normal 0 -1 0
    outer loop
      vertex 5.774247078195542 -4 7.6082285477181895
      vertex 6.129908002520191 -4 8.780685487399198
      vertex 6.129908002520191 -4 11.219314512600802
    endloop
  endfacet
  facet normal 0 -1 0
    outer loop
      vertex 5.196685076890907 -4 6.527686043627487
      vertex 5.774247078195542 -4 12.39177145228181
      vertex 5.196685076890907 -4 13.472313956372513
    endloop
  endfacet
  facet normal 0 -1 0
    outer loop
      vertex 5.774247078195542 -4 7.6082285477181895
      vertex 6.129908002520191 -4 11.219314512600802
      vertex 5.774247078195542 -4 12.39177145228181
    endloop
  endfacet
  facet normal 0 -1 0
    outer loop
      vertex 6.129908002520191 -4 8.780685487399198
      vertex 6.25 -4 10
      vertex 6.129908002520191 -4 11.219314512600802
    endloop
  endfacet
  facet normal 0.8819212643483548 0 0.471396736825998
    outer loop
      vertex -5.196685076890907 -4 -13.472313956372513
      vertex -5.774247078195542 -10 -12.39177145228181
      vertex -5.196685076890907 -10 -13.472313956372513
    endloop
  endfacet
  facet normal 0.9569403357322088 0 0.2902846772544626
    outer loop
      vertex -5.774247078195542 -4 -12.39177145228181
      vertex -6.129908002520191 -10 -11.219314512600802
      vertex -5.774247078195542 -10 -12.39177145228181
    endloop
  endfacet
  facet normal 0.9951847266721968 0 0.09801714032956034
    outer loop
      vertex -6.129908002520191 -4 -11.219314512600802
      vertex -6.25 -10 -10
      vertex -6.129908002520191 -10 -11.219314512600802
    endloop
  endfacet
  facet normal 0.8819212643483548 0 0.471396736825998
    outer loop
      vertex -5.774247078195542 -4 -12.39177145228181
      vertex -5.774247078195542 -10 -12.39177145228181
      vertex -5.196685076890907 -4 -13.472313956372513
    endloop
  endfacet
  facet normal 0.9569403357322088 0 0.2902846772544626
    outer loop
      vertex -5.774247078195542 -4 -12.39177145228181
      vertex -6.129908002520191 -4 -11.219314512600802
      vertex -6.129908002520191 -10 -11.219314512600802
    endloop
  endfacet
  facet normal 0.9951847266721968 0 0.09801714032956034
    outer loop
      vertex -6.129908002520191 -4 -11.219314512600802
      vertex -6.25 -4 -10
      vertex -6.25 -10 -10
    endloop
  endfacet
  facet normal 0.9951847266721968 0 -0.09801714032956034
    outer loop
      vertex -6.25 -4 -10
      vertex -6.129908002520191 -10 -8.780685487399198
      vertex -6.25 -10 -10
    endloop
  endfacet
  facet normal 0.9569403357322088 0 -0.2902846772544626
    outer loop
      vertex -6.129908002520191 -4 -8.780685487399198
      vertex -5.774247078195542 -10 -7.6082285477181895
      vertex -6.129908002520191 -10 -8.780685487399198
    endloop
  endfacet
  facet normal 0.8819212643483548 0 -0.471396736825998
    outer loop
      vertex -5.774247078195542 -4 -7.6082285477181895
      vertex -5.196685076890907 -10 -6.527686043627487
      vertex -5.774247078195542 -10 -7.6082285477181895
    endloop
  endfacet
  facet normal 0.9951847266721968 0 -0.09801714032956034
    outer loop
      vertex -6.25 -4 -10
      vertex -6.129908002520191 -4 -8.780685487399198
      vertex -6.129908002520191 -10 -8.780685487399198
    endloop
  endfacet
  facet normal 0.9569403357322088 0 -0.2902846772544626
    outer loop
      vertex -6.129908002520191 -4 -8.780685487399198
      vertex -5.774247078195542 -4 -7.6082285477181895
      vertex -5.774247078195542 -10 -7.6082285477181895
    endloop
  endfacet
  facet normal 0.8819212643483548 0 -0.471396736825998
    outer loop
      vertex -5.774247078195542 -4 -7.6082285477181895
      vertex -5.196685076890907 -4 -6.527686043627487
      vertex -5.196685076890907 -10 -6.527686043627487
    endloop
  endfacet
  facet normal 0 -1 0
    outer loop
      vertex -5.774247078195542 -4 -12.39177145228181
      vertex -5.774247078195542 -4 -7.6082285477181895
      vertex -6.129908002520191 -4 -11.219314512600802
    endloop
  endfacet
  facet normal 0 -1 0
    outer loop
      vertex -5.774247078195542 -4 -12.39177145228181
      vertex -5.196685076890907 -4 -13.472313956372513
      vertex -5.196685076890907 -4 -6.527686043627487
    endloop
  endfacet
  facet normal 0 -1 0
    outer loop
      vertex -6.129908002520191 -4 -11.219314512600802
      vertex -6.129908002520191 -4 -8.780685487399198
      vertex -6.25 -4 -10
    endloop
  endfacet
  facet normal 0 -1 0
    outer loop
      vertex -6.129908002520191 -4 -11.219314512600802
      vertex -5.774247078195542 -4 -7.6082285477181895
      vertex -6.129908002520191 -4 -8.780685487399198
    endloop
  endfacet
  facet normal 0 -1 0
    outer loop
      vertex -5.774247078195542 -4 -12.39177145228181
      vertex -5.196685076890907 -4 -6.527686043627487
      vertex -5.774247078195542 -4 -7.6082285477181895
    endloop
  endfacet
  facet normal 0.47139673682599814 0 0.8819212643483548
    outer loop
      vertex -2.391771452281811 -4 -15.774247078195543
      vertex -3.4723139563725134 -10 -15.196685076890908
      vertex -2.391771452281811 -10 -15.774247078195543
    endloop
  endfacet
  facet normal 0.7730104533627373 0 0.6343932841636449
    outer loop
      vertex -4.419417382415922 -4 -14.419417382415922
      vertex -5.196685076890907 -10 -13.472313956372513
      vertex -4.419417382415922 -10 -14.419417382415922
    endloop
  endfacet
  facet normal 0.6343932841636454 0 0.773010453362737
    outer loop
      vertex -3.4723139563725134 -4 -15.196685076890908
      vertex -4.419417382415922 -10 -14.419417382415922
      vertex -3.4723139563725134 -10 -15.196685076890908
    endloop
  endfacet
  facet normal 0.47139673682599814 0 0.8819212643483548
    outer loop
      vertex -3.4723139563725134 -4 -15.196685076890908
      vertex -3.4723139563725134 -10 -15.196685076890908
      vertex -2.391771452281811 -4 -15.774247078195543
    endloop
  endfacet
  facet normal 0.7730104533627373 0 0.6343932841636449
    outer loop
      vertex -5.196685076890907 -4 -13.472313956372513
      vertex -5.196685076890907 -10 -13.472313956372513
      vertex -4.419417382415922 -4 -14.419417382415922
    endloop
  endfacet
  facet normal 0.6343932841636454 0 0.773010453362737
    outer loop
      vertex -4.419417382415922 -4 -14.419417382415922
      vertex -4.419417382415922 -10 -14.419417382415922
      vertex -3.4723139563725134 -4 -15.196685076890908
    endloop
  endfacet
  facet normal 0.2902846772544605 0 0.9569403357322094
    outer loop
      vertex -1.2193145126008016 -4 -16.12990800252019
      vertex -2.391771452281811 -10 -15.774247078195543
      vertex -1.2193145126008016 -10 -16.12990800252019
    endloop
  endfacet
  facet normal 0.09801714032956178 0 0.9951847266721967
    outer loop
      vertex 0 -4 -16.25
      vertex -1.2193145126008016 -10 -16.12990800252019
      vertex 0 -10 -16.25
    endloop
  endfacet
  facet normal 0.2902846772544605 0 0.9569403357322094
    outer loop
      vertex -2.391771452281811 -4 -15.774247078195543
      vertex -2.391771452281811 -10 -15.774247078195543
      vertex -1.2193145126008016 -4 -16.12990800252019
    endloop
  endfacet
  facet normal 0.09801714032956178 0 0.9951847266721967
    outer loop
      vertex -1.2193145126008016 -4 -16.12990800252019
      vertex -1.2193145126008016 -10 -16.12990800252019
      vertex 0 -4 -16.25
    endloop
  endfacet
  facet normal 0.7730104533627373 0 -0.6343932841636449
    outer loop
      vertex -5.196685076890907 -4 -6.527686043627487
      vertex -4.419417382415922 -10 -5.580582617584078
      vertex -5.196685076890907 -10 -6.527686043627487
    endloop
  endfacet
  facet normal 0.6343932841636449 0 -0.7730104533627373
    outer loop
      vertex -4.419417382415922 -4 -5.580582617584078
      vertex -3.4723139563725134 -10 -4.803314923109093
      vertex -4.419417382415922 -10 -5.580582617584078
    endloop
  endfacet
  facet normal 0.47139673682599814 0 -0.8819212643483548
    outer loop
      vertex -3.4723139563725134 -4 -4.803314923109093
      vertex -2.391771452281811 -10 -4.225752921804458
      vertex -3.4723139563725134 -10 -4.803314923109093
    endloop
  endfacet
  facet normal 0.7730104533627373 0 -0.6343932841636449
    outer loop
      vertex -5.196685076890907 -4 -6.527686043627487
      vertex -4.419417382415922 -4 -5.580582617584078
      vertex -4.419417382415922 -10 -5.580582617584078
    endloop
  endfacet
  facet normal 0.6343932841636449 0 -0.7730104533627373
    outer loop
      vertex -4.419417382415922 -4 -5.580582617584078
      vertex -3.4723139563725134 -4 -4.803314923109093
      vertex -3.4723139563725134 -10 -4.803314923109093
    endloop
  endfacet
  facet normal 0.47139673682599814 0 -0.8819212643483548
    outer loop
      vertex -3.4723139563725134 -4 -4.803314923109093
      vertex -2.391771452281811 -4 -4.225752921804458
      vertex -2.391771452281811 -10 -4.225752921804458
    endloop
  endfacet
  facet normal 0.2902846772544625 0 -0.9569403357322088
    outer loop
      vertex -2.391771452281811 -4 -4.225752921804458
      vertex -1.2193145126008016 -10 -3.8700919974798094
      vertex -2.391771452281811 -10 -4.225752921804458
    endloop
  endfacet
  facet normal 0.09801714032956034 0 -0.9951847266721968
    outer loop
      vertex -1.2193145126008016 -4 -3.8700919974798094
      vertex 0 -10 -3.75
      vertex -1.2193145126008016 -10 -3.8700919974798094
    endloop
  endfacet
  facet normal 0.2902846772544625 0 -0.9569403357322088
    outer loop
      vertex -2.391771452281811 -4 -4.225752921804458
      vertex -1.2193145126008016 -4 -3.8700919974798094
      vertex -1.2193145126008016 -10 -3.8700919974798094
    endloop
  endfacet
  facet normal 0.09801714032956034 0 -0.9951847266721968
    outer loop
      vertex -1.2193145126008016 -4 -3.8700919974798094
      vertex 0 -4 -3.75
      vertex 0 -10 -3.75
    endloop
  endfacet
  facet normal 0 -1 0
    outer loop
      vertex -5.196685076890907 -4 -13.472313956372513
      vertex -4.419417382415922 -4 -14.419417382415922
      vertex -4.419417382415922 -4 -5.580582617584078
    endloop
  endfacet
  facet normal 0 -1 0
    outer loop
      vertex -4.419417382415922 -4 -14.419417382415922
      vertex -3.4723139563725134 -4 -15.196685076890908
      vertex -3.4723139563725134 -4 -4.803314923109093
    endloop
  endfacet
  facet normal 0 -1 0
    outer loop
      vertex -3.4723139563725134 -4 -15.196685076890908
      vertex -2.391771452281811 -4 -15.774247078195543
      vertex -2.391771452281811 -4 -4.225752921804458
    endloop
  endfacet
  facet normal 0 -1 0
    outer loop
      vertex -2.391771452281811 -4 -15.774247078195543
      vertex -1.879858660950843 -4 -11.256081399554931
      vertex -2.0887870286167542 -4 -10.865203916162057
    endloop
  endfacet
  facet normal 0 -1 0
    outer loop
      vertex -2.391771452281811 -4 -15.774247078195543
      vertex -1.5986883791814732 -4 -11.598688379181473
      vertex -1.879858660950843 -4 -11.256081399554931
    endloop
  endfacet
  facet normal 0 -1 0
    outer loop
      vertex -2.391771452281811 -4 -15.774247078195543
      vertex -1.2193145126008016 -4 -16.12990800252019
      vertex -1.2560813995549314 -4 -11.879858660950843
    endloop
  endfacet
  facet normal 0 -1 0
    outer loop
      vertex -2.391771452281811 -4 -15.774247078195543
      vertex -1.2560813995549314 -4 -11.879858660950843
      vertex -1.5986883791814732 -4 -11.598688379181473
    endloop
  endfacet
  facet normal 0 -1 0
    outer loop
      vertex -2.391771452281811 -4 -15.774247078195543
      vertex -2.0887870286167542 -4 -10.865203916162057
      vertex -2.217444482178185 -4 -10.441077131483024
    endloop
  endfacet
  facet normal 0 -1 0
    outer loop
      vertex -2.391771452281811 -4 -15.774247078195543
      vertex -2.217444482178185 -4 -10.441077131483024
      vertex -2.2608867878467005 -4 -10
    endloop
  endfacet
  facet normal 0 -1 0
    outer loop
      vertex -1.2193145126008016 -4 -16.12990800252019
      vertex -0.8652039161620579 -4 -12.088787028616753
      vertex -1.2560813995549314 -4 -11.879858660950843
    endloop
  endfacet
  facet normal 0 -1 0
    outer loop
      vertex -1.2193145126008016 -4 -16.12990800252019
      vertex -0.44107713148302263 -4 -12.217444482178184
      vertex -0.8652039161620579 -4 -12.088787028616753
    endloop
  endfacet
  facet normal 0 -1 0
    outer loop
      vertex -1.2193145126008016 -4 -16.12990800252019
      vertex 0 -4 -16.25
      vertex 0 -4 -12.260886787846701
    endloop
  endfacet
  facet normal 0 -1 0
    outer loop
      vertex -1.2193145126008016 -4 -16.12990800252019
      vertex 0 -4 -12.260886787846701
      vertex -0.44107713148302263 -4 -12.217444482178184
    endloop
  endfacet
  facet normal 0 -1 0
    outer loop
      vertex -5.196685076890907 -4 -13.472313956372513
      vertex -4.419417382415922 -4 -5.580582617584078
      vertex -5.196685076890907 -4 -6.527686043627487
    endloop
  endfacet
  facet normal 0 -1 0
    outer loop
      vertex -4.419417382415922 -4 -14.419417382415922
      vertex -3.4723139563725134 -4 -4.803314923109093
      vertex -4.419417382415922 -4 -5.580582617584078
    endloop
  endfacet
  facet normal 0 -1 0
    outer loop
      vertex -3.4723139563725134 -4 -15.196685076890908
      vertex -2.391771452281811 -4 -4.225752921804458
      vertex -3.4723139563725134 -4 -4.803314923109093
    endloop
  endfacet
  facet normal 0 -1 0
    outer loop
      vertex -2.391771452281811 -4 -15.774247078195543
      vertex -2.2608867878467005 -4 -10
      vertex -2.391771452281811 -4 -4.225752921804458
    endloop
  endfacet
  facet normal 0 -1 0
    outer loop
      vertex -2.2608867878467005 -4 -10
      vertex -2.242595290723115 -4 -9.81428331305978
      vertex -2.391771452281811 -4 -4.225752921804458
    endloop
  endfacet
  facet normal 0 -1 0
    outer loop
      vertex -2.242595290723115 -4 -9.81428331305978
      vertex -2.217444482178185 -4 -9.558922868516976
      vertex -2.391771452281811 -4 -4.225752921804458
    endloop
  endfacet
  facet normal 0 -1 0
    outer loop
      vertex -2.217444482178185 -4 -9.558922868516976
      vertex -2.0887870286167542 -4 -9.134796083837943
      vertex -2.391771452281811 -4 -4.225752921804458
    endloop
  endfacet
  facet normal 0 -1 0
    outer loop
      vertex -2.0887870286167542 -4 -9.134796083837943
      vertex -1.879858660950843 -4 -8.743918600445069
      vertex -2.391771452281811 -4 -4.225752921804458
    endloop
  endfacet
  facet normal 0 -1 0
    outer loop
      vertex -1.879858660950843 -4 -8.743918600445069
      vertex -1.5986883791814732 -4 -8.401311620818527
      vertex -2.391771452281811 -4 -4.225752921804458
    endloop
  endfacet
  facet normal 0 -1 0
    outer loop
      vertex -1.5986883791814732 -4 -8.401311620818527
      vertex -1.2560813995549314 -4 -8.120141339049157
      vertex -1.2193145126008016 -4 -3.8700919974798094
    endloop
  endfacet
  facet normal 0 -1 0
    outer loop
      vertex -1.5986883791814732 -4 -8.401311620818527
      vertex -1.2193145126008016 -4 -3.8700919974798094
      vertex -2.391771452281811 -4 -4.225752921804458
    endloop
  endfacet
  facet normal 0 -1 0
    outer loop
      vertex -1.2560813995549314 -4 -8.120141339049157
      vertex -0.8652039161620579 -4 -7.911212971383246
      vertex -1.2193145126008016 -4 -3.8700919974798094
    endloop
  endfacet
  facet normal 0 -1 0
    outer loop
      vertex -0.8652039161620579 -4 -7.911212971383246
      vertex -0.44107713148302263 -4 -7.782555517821815
      vertex -1.2193145126008016 -4 -3.8700919974798094
    endloop
  endfacet
  facet normal 0 -1 0
    outer loop
      vertex -0.44107713148302263 -4 -7.782555517821815
      vertex 0 -4 -7.739113212153299
      vertex -1.2193145126008016 -4 -3.8700919974798094
    endloop
  endfacet
  facet normal 0 -1 0
    outer loop
      vertex -1.2193145126008016 -4 -3.8700919974798094
      vertex 0 -4 -7.739113212153299
      vertex 0 -4 -3.75
    endloop
  endfacet
  facet normal -0.09801714032956178 0 0.9951847266721967
    outer loop
      vertex 1.2193145126008016 -4 -16.12990800252019
      vertex 0 -10 -16.25
      vertex 1.2193145126008016 -10 -16.12990800252019
    endloop
  endfacet
  facet normal -0.2902846772544605 0 0.9569403357322094
    outer loop
      vertex 2.391771452281811 -4 -15.774247078195543
      vertex 1.2193145126008016 -10 -16.12990800252019
      vertex 2.391771452281811 -10 -15.774247078195543
    endloop
  endfacet
  facet normal -0.09801714032956178 0 0.9951847266721967
    outer loop
      vertex 0 -4 -16.25
      vertex 0 -10 -16.25
      vertex 1.2193145126008016 -4 -16.12990800252019
    endloop
  endfacet
  facet normal -0.2902846772544605 0 0.9569403357322094
    outer loop
      vertex 1.2193145126008016 -4 -16.12990800252019
      vertex 1.2193145126008016 -10 -16.12990800252019
      vertex 2.391771452281811 -4 -15.774247078195543
    endloop
  endfacet
  facet normal -0.47139673682599814 0 0.8819212643483548
    outer loop
      vertex 3.4723139563725134 -4 -15.196685076890908
      vertex 2.391771452281811 -10 -15.774247078195543
      vertex 3.4723139563725134 -10 -15.196685076890908
    endloop
  endfacet
  facet normal -0.6343932841636454 0 0.773010453362737
    outer loop
      vertex 4.419417382415922 -4 -14.419417382415922
      vertex 3.4723139563725134 -10 -15.196685076890908
      vertex 4.419417382415922 -10 -14.419417382415922
    endloop
  endfacet
  facet normal -0.7730104533627373 0 0.6343932841636449
    outer loop
      vertex 5.196685076890907 -4 -13.472313956372513
      vertex 4.419417382415922 -10 -14.419417382415922
      vertex 5.196685076890907 -10 -13.472313956372513
    endloop
  endfacet
  facet normal -0.47139673682599814 0 0.8819212643483548
    outer loop
      vertex 2.391771452281811 -4 -15.774247078195543
      vertex 2.391771452281811 -10 -15.774247078195543
      vertex 3.4723139563725134 -4 -15.196685076890908
    endloop
  endfacet
  facet normal -0.6343932841636454 0 0.773010453362737
    outer loop
      vertex 3.4723139563725134 -4 -15.196685076890908
      vertex 3.4723139563725134 -10 -15.196685076890908
      vertex 4.419417382415922 -4 -14.419417382415922
    endloop
  endfacet
  facet normal -0.7730104533627373 0 0.6343932841636449
    outer loop
      vertex 4.419417382415922 -4 -14.419417382415922
      vertex 4.419417382415922 -10 -14.419417382415922
      vertex 5.196685076890907 -4 -13.472313956372513
    endloop
  endfacet
  facet normal -0.09801714032956034 0 -0.9951847266721968
    outer loop
      vertex 0 -4 -3.75
      vertex 1.2193145126008016 -10 -3.8700919974798094
      vertex 0 -10 -3.75
    endloop
  endfacet
  facet normal -0.2902846772544625 0 -0.9569403357322088
    outer loop
      vertex 1.2193145126008016 -4 -3.8700919974798094
      vertex 2.391771452281811 -10 -4.225752921804458
      vertex 1.2193145126008016 -10 -3.8700919974798094
    endloop
  endfacet
  facet normal -0.09801714032956034 0 -0.9951847266721968
    outer loop
      vertex 0 -4 -3.75
      vertex 1.2193145126008016 -4 -3.8700919974798094
      vertex 1.2193145126008016 -10 -3.8700919974798094
    endloop
  endfacet
  facet normal -0.2902846772544625 0 -0.9569403357322088
    outer loop
      vertex 1.2193145126008016 -4 -3.8700919974798094
      vertex 2.391771452281811 -4 -4.225752921804458
      vertex 2.391771452281811 -10 -4.225752921804458
    endloop
  endfacet
  facet normal -0.6343932841636449 0 -0.7730104533627373
    outer loop
      vertex 3.4723139563725134 -4 -4.803314923109093
      vertex 4.419417382415922 -10 -5.580582617584078
      vertex 3.4723139563725134 -10 -4.803314923109093
    endloop
  endfacet
  facet normal -0.7730104533627373 0 -0.6343932841636449
    outer loop
      vertex 4.419417382415922 -4 -5.580582617584078
      vertex 5.196685076890907 -10 -6.527686043627487
      vertex 4.419417382415922 -10 -5.580582617584078
    endloop
  endfacet
  facet normal -0.47139673682599814 0 -0.8819212643483548
    outer loop
      vertex 2.391771452281811 -4 -4.225752921804458
      vertex 3.4723139563725134 -10 -4.803314923109093
      vertex 2.391771452281811 -10 -4.225752921804458
    endloop
  endfacet
  facet normal -0.6343932841636449 0 -0.7730104533627373
    outer loop
      vertex 3.4723139563725134 -4 -4.803314923109093
      vertex 4.419417382415922 -4 -5.580582617584078
      vertex 4.419417382415922 -10 -5.580582617584078
    endloop
  endfacet
  facet normal -0.7730104533627373 0 -0.6343932841636449
    outer loop
      vertex 4.419417382415922 -4 -5.580582617584078
      vertex 5.196685076890907 -4 -6.527686043627487
      vertex 5.196685076890907 -10 -6.527686043627487
    endloop
  endfacet
  facet normal -0.47139673682599814 0 -0.8819212643483548
    outer loop
      vertex 2.391771452281811 -4 -4.225752921804458
      vertex 3.4723139563725134 -4 -4.803314923109093
      vertex 3.4723139563725134 -10 -4.803314923109093
    endloop
  endfacet
  facet normal 0 -1 0
    outer loop
      vertex 0 -4 -16.25
      vertex 1.2193145126008016 -4 -16.12990800252019
      vertex 0 -4 -12.260886787846701
    endloop
  endfacet
  facet normal 0 -1 0
    outer loop
      vertex 0 -4 -12.260886787846701
      vertex 1.2193145126008016 -4 -16.12990800252019
      vertex 0.44107713148302263 -4 -12.217444482178184
    endloop
  endfacet
  facet normal 0 -1 0
    outer loop
      vertex 0.44107713148302263 -4 -12.217444482178184
      vertex 1.2193145126008016 -4 -16.12990800252019
      vertex 0.8652039161620579 -4 -12.088787028616753
    endloop
  endfacet
  facet normal 0 -1 0
    outer loop
      vertex 1.2193145126008016 -4 -16.12990800252019
      vertex 1.2560813995549314 -4 -11.879858660950843
      vertex 0.8652039161620579 -4 -12.088787028616753
    endloop
  endfacet
  facet normal 0 -1 0
    outer loop
      vertex 1.2193145126008016 -4 -16.12990800252019
      vertex 2.391771452281811 -4 -15.774247078195543
      vertex 1.5986883791814732 -4 -11.598688379181473
    endloop
  endfacet
  facet normal 0 -1 0
    outer loop
      vertex 1.2193145126008016 -4 -16.12990800252019
      vertex 1.5986883791814732 -4 -11.598688379181473
      vertex 1.2560813995549314 -4 -11.879858660950843
    endloop
  endfacet
  facet normal 0 -1 0
    outer loop
      vertex 2.391771452281811 -4 -15.774247078195543
      vertex 1.879858660950843 -4 -11.256081399554931
      vertex 1.5986883791814732 -4 -11.598688379181473
    endloop
  endfacet
  facet normal 0 -1 0
    outer loop
      vertex 2.391771452281811 -4 -15.774247078195543
      vertex 2.0887870286167542 -4 -10.865203916162057
      vertex 1.879858660950843 -4 -11.256081399554931
    endloop
  endfacet
  facet normal 0 -1 0
    outer loop
      vertex 2.391771452281811 -4 -15.774247078195543
      vertex 2.217444482178185 -4 -10.441077131483024
      vertex 2.0887870286167542 -4 -10.865203916162057
    endloop
  endfacet
  facet normal 0 -1 0
    outer loop
      vertex 2.391771452281811 -4 -15.774247078195543
      vertex 2.242595290723115 -4 -10.18571668694022
      vertex 2.217444482178185 -4 -10.441077131483024
    endloop
  endfacet
  facet normal 0 -1 0
    outer loop
      vertex 2.391771452281811 -4 -15.774247078195543
      vertex 2.2608867878467005 -4 -10
      vertex 2.242595290723115 -4 -10.18571668694022
    endloop
  endfacet
  facet normal 0 -1 0
    outer loop
      vertex 2.391771452281811 -4 -15.774247078195543
      vertex 3.4723139563725134 -4 -15.196685076890908
      vertex 3.4723139563725134 -4 -4.803314923109093
    endloop
  endfacet
  facet normal 0 -1 0
    outer loop
      vertex 3.4723139563725134 -4 -15.196685076890908
      vertex 4.419417382415922 -4 -14.419417382415922
      vertex 4.419417382415922 -4 -5.580582617584078
    endloop
  endfacet
  facet normal 0 -1 0
    outer loop
      vertex 4.419417382415922 -4 -14.419417382415922
      vertex 5.196685076890907 -4 -13.472313956372513
      vertex 5.196685076890907 -4 -6.527686043627487
    endloop
  endfacet
  facet normal 0 -1 0
    outer loop
      vertex 0 -4 -7.739113212153299
      vertex 0.44107713148302263 -4 -7.782555517821815
      vertex 1.2193145126008016 -4 -3.8700919974798094
    endloop
  endfacet
  facet normal 0 -1 0
    outer loop
      vertex 0 -4 -7.739113212153299
      vertex 1.2193145126008016 -4 -3.8700919974798094
      vertex 0 -4 -3.75
    endloop
  endfacet
  facet normal 0 -1 0
    outer loop
      vertex 0.44107713148302263 -4 -7.782555517821815
      vertex 0.8652039161620579 -4 -7.911212971383246
      vertex 1.2193145126008016 -4 -3.8700919974798094
    endloop
  endfacet
  facet normal 0 -1 0
    outer loop
      vertex 0.8652039161620579 -4 -7.911212971383246
      vertex 1.2560813995549314 -4 -8.120141339049157
      vertex 1.2193145126008016 -4 -3.8700919974798094
    endloop
  endfacet
  facet normal 0 -1 0
    outer loop
      vertex 2.391771452281811 -4 -15.774247078195543
      vertex 2.391771452281811 -4 -4.225752921804458
      vertex 2.2608867878467005 -4 -10
    endloop
  endfacet
  facet normal 0 -1 0
    outer loop
      vertex 2.2357359793017704 -4 -9.744639555457196
      vertex 2.2608867878467005 -4 -10
      vertex 2.391771452281811 -4 -4.225752921804458
    endloop
  endfacet
  facet normal 0 -1 0
    outer loop
      vertex 2.2357359793017704 -4 -9.744639555457196
      vertex 2.391771452281811 -4 -4.225752921804458
      vertex 2.217444482178185 -4 -9.558922868516976
    endloop
  endfacet
  facet normal 0 -1 0
    outer loop
      vertex 2.217444482178185 -4 -9.558922868516976
      vertex 2.391771452281811 -4 -4.225752921804458
      vertex 2.0887870286167542 -4 -9.134796083837943
    endloop
  endfacet
  facet normal 0 -1 0
    outer loop
      vertex 1.5986883791814732 -4 -8.401311620818527
      vertex 2.391771452281811 -4 -4.225752921804458
      vertex 1.2560813995549314 -4 -8.120141339049157
    endloop
  endfacet
  facet normal 0 -1 0
    outer loop
      vertex 1.2560813995549314 -4 -8.120141339049157
      vertex 2.391771452281811 -4 -4.225752921804458
      vertex 1.2193145126008016 -4 -3.8700919974798094
    endloop
  endfacet
  facet normal 0 -1 0
    outer loop
      vertex 1.5986883791814732 -4 -8.401311620818527
      vertex 1.879858660950843 -4 -8.743918600445069
      vertex 2.391771452281811 -4 -4.225752921804458
    endloop
  endfacet
  facet normal 0 -1 0
    outer loop
      vertex 1.879858660950843 -4 -8.743918600445069
      vertex 2.0887870286167542 -4 -9.134796083837943
      vertex 2.391771452281811 -4 -4.225752921804458
    endloop
  endfacet
  facet normal 0 -1 0
    outer loop
      vertex 2.391771452281811 -4 -15.774247078195543
      vertex 3.4723139563725134 -4 -4.803314923109093
      vertex 2.391771452281811 -4 -4.225752921804458
    endloop
  endfacet
  facet normal 0 -1 0
    outer loop
      vertex 3.4723139563725134 -4 -15.196685076890908
      vertex 4.419417382415922 -4 -5.580582617584078
      vertex 3.4723139563725134 -4 -4.803314923109093
    endloop
  endfacet
  facet normal 0 -1 0
    outer loop
      vertex 4.419417382415922 -4 -14.419417382415922
      vertex 5.196685076890907 -4 -6.527686043627487
      vertex 4.419417382415922 -4 -5.580582617584078
    endloop
  endfacet
  facet normal -0.8819212643483548 0 0.471396736825998
    outer loop
      vertex 5.774247078195542 -4 -12.39177145228181
      vertex 5.196685076890907 -10 -13.472313956372513
      vertex 5.774247078195542 -10 -12.39177145228181
    endloop
  endfacet
  facet normal -0.9569403357322088 0 0.2902846772544626
    outer loop
      vertex 6.129908002520191 -4 -11.219314512600802
      vertex 5.774247078195542 -10 -12.39177145228181
      vertex 6.129908002520191 -10 -11.219314512600802
    endloop
  endfacet
  facet normal -0.9951847266721968 0 0.09801714032956034
    outer loop
      vertex 6.25 -4 -10
      vertex 6.129908002520191 -10 -11.219314512600802
      vertex 6.25 -10 -10
    endloop
  endfacet
  facet normal -0.8819212643483548 0 0.471396736825998
    outer loop
      vertex 5.196685076890907 -4 -13.472313956372513
      vertex 5.196685076890907 -10 -13.472313956372513
      vertex 5.774247078195542 -4 -12.39177145228181
    endloop
  endfacet
  facet normal -0.9569403357322088 0 0.2902846772544626
    outer loop
      vertex 5.774247078195542 -4 -12.39177145228181
      vertex 5.774247078195542 -10 -12.39177145228181
      vertex 6.129908002520191 -4 -11.219314512600802
    endloop
  endfacet
  facet normal -0.9951847266721968 0 0.09801714032956034
    outer loop
      vertex 6.129908002520191 -4 -11.219314512600802
      vertex 6.129908002520191 -10 -11.219314512600802
      vertex 6.25 -4 -10
    endloop
  endfacet
  facet normal -0.9951847266721968 0 -0.09801714032956034
    outer loop
      vertex 6.129908002520191 -4 -8.780685487399198
      vertex 6.25 -10 -10
      vertex 6.129908002520191 -10 -8.780685487399198
    endloop
  endfacet
  facet normal -0.9569403357322088 0 -0.2902846772544626
    outer loop
      vertex 5.774247078195542 -4 -7.6082285477181895
      vertex 6.129908002520191 -10 -8.780685487399198
      vertex 5.774247078195542 -10 -7.6082285477181895
    endloop
  endfacet
  facet normal -0.8819212643483548 0 -0.471396736825998
    outer loop
      vertex 5.196685076890907 -4 -6.527686043627487
      vertex 5.774247078195542 -10 -7.6082285477181895
      vertex 5.196685076890907 -10 -6.527686043627487
    endloop
  endfacet
  facet normal -0.9951847266721968 0 -0.09801714032956034
    outer loop
      vertex 6.25 -4 -10
      vertex 6.25 -10 -10
      vertex 6.129908002520191 -4 -8.780685487399198
    endloop
  endfacet
  facet normal -0.9569403357322088 0 -0.2902846772544626
    outer loop
      vertex 6.129908002520191 -4 -8.780685487399198
      vertex 6.129908002520191 -10 -8.780685487399198
      vertex 5.774247078195542 -4 -7.6082285477181895
    endloop
  endfacet
  facet normal -0.8819212643483548 0 -0.471396736825998
    outer loop
      vertex 5.196685076890907 -4 -6.527686043627487
      vertex 5.774247078195542 -4 -7.6082285477181895
      vertex 5.774247078195542 -10 -7.6082285477181895
    endloop
  endfacet
  facet normal 0 -1 0
    outer loop
      vertex 5.196685076890907 -4 -13.472313956372513
      vertex 5.774247078195542 -4 -12.39177145228181
      vertex 5.774247078195542 -4 -7.6082285477181895
    endloop
  endfacet
  facet normal 0 -1 0
    outer loop
      vertex 5.774247078195542 -4 -12.39177145228181
      vertex 6.129908002520191 -4 -11.219314512600802
      vertex 6.129908002520191 -4 -8.780685487399198
    endloop
  endfacet
  facet normal 0 -1 0
    outer loop
      vertex 5.196685076890907 -4 -13.472313956372513
      vertex 5.774247078195542 -4 -7.6082285477181895
      vertex 5.196685076890907 -4 -6.527686043627487
    endloop
  endfacet
  facet normal 0 -1 0
    outer loop
      vertex 5.774247078195542 -4 -12.39177145228181
      vertex 6.129908002520191 -4 -8.780685487399198
      vertex 5.774247078195542 -4 -7.6082285477181895
    endloop
  endfacet
  facet normal 0 -1 0
    outer loop
      vertex 6.129908002520191 -4 -11.219314512600802
      vertex 6.25 -4 -10
      vertex 6.129908002520191 -4 -8.780685487399198
    endloop
  endfacet
  facet normal -0.5773502691896258 -0.5773502691896258 -0.5773502691896258
    outer loop
      vertex -10 -9 -19
      vertex -9 -9 -20
      vertex -9 -10 -19
    endloop
  endfacet
  facet normal 0 -1 0
    outer loop
      vertex -9 -10 -19
      vertex -4.419417382415922 -10 -14.419417382415922
      vertex -5.196685076890907 -10 -13.472313956372513
    endloop
  endfacet
  facet normal 0 -1 0
    outer loop
      vertex -9 -10 -19
      vertex -3.4723139563725134 -10 -15.196685076890908
      vertex -4.419417382415922 -10 -14.419417382415922
    endloop
  endfacet
  facet normal 0 -1 0
    outer loop
      vertex -9 -10 -19
      vertex -5.774247078195542 -10 -12.39177145228181
      vertex -6.129908002520191 -10 -11.219314512600802
    endloop
  endfacet
  facet normal 0 -1 0
    outer loop
      vertex -9 -10 -19
      vertex -6.129908002520191 -10 -11.219314512600802
      vertex -6.25 -10 -10
    endloop
  endfacet
  facet normal 0 -1 0
    outer loop
      vertex -9 -10 -19
      vertex -5.196685076890907 -10 -13.472313956372513
      vertex -5.774247078195542 -10 -12.39177145228181
    endloop
  endfacet
  facet normal -0.7071067811865475 -0.7071067811865475 0
    outer loop
      vertex -10 -9 -19
      vertex -9 -10 -19
      vertex -10 -9 19
    endloop
  endfacet
  facet normal 0 -1 0
    outer loop
      vertex -9 -10 -19
      vertex -6.25 -10 -10
      vertex -9 -10 19
    endloop
  endfacet
  facet normal 0 -1 0
    outer loop
      vertex -6.129908002520191 -10 -8.780685487399198
      vertex -6.25 -10 10
      vertex -6.25 -10 -10
    endloop
  endfacet
  facet normal 0 -1 0
    outer loop
      vertex -5.774247078195542 -10 -7.6082285477181895
      vertex -6.129908002520191 -10 8.780685487399198
      vertex -6.129908002520191 -10 -8.780685487399198
    endloop
  endfacet
  facet normal 0 -1 0
    outer loop
      vertex -5.196685076890907 -10 -6.527686043627487
      vertex -5.774247078195542 -10 7.6082285477181895
      vertex -5.774247078195542 -10 -7.6082285477181895
    endloop
  endfacet
  facet normal -0.7071067811865476 0 -0.7071067811865476
    outer loop
      vertex -10 -9 -19
      vertex -10 9 -19
      vertex -9 -9 -20
    endloop
  endfacet
  facet normal -1 0 0
    outer loop
      vertex -10 -9 -19
      vertex -10 -9 19
      vertex -10 9 -19
    endloop
  endfacet
  facet normal 0 -1 0
    outer loop
      vertex -9 -10 -19
      vertex -2.391771452281811 -10 -15.774247078195543
      vertex -3.4723139563725134 -10 -15.196685076890908
    endloop
  endfacet
  facet normal 0 -1 0
    outer loop
      vertex -9 -10 -19
      vertex -1.2193145126008016 -10 -16.12990800252019
      vertex -2.391771452281811 -10 -15.774247078195543
    endloop
  endfacet
  facet normal 0 -0.7071067811865476 -0.7071067811865476
    outer loop
      vertex -9 -10 -19
      vertex -9 -9 -20
      vertex 9 -9 -20
    endloop
  endfacet
  facet normal 0 -1 0
    outer loop
      vertex -9 -10 -19
      vertex 9 -10 -19
      vertex -1.2193145126008016 -10 -16.12990800252019
    endloop
  endfacet
  facet normal 0 -1 0
    outer loop
      vertex -4.419417382415922 -10 -5.580582617584078
      vertex -5.196685076890907 -10 6.527686043627487
      vertex -5.196685076890907 -10 -6.527686043627487
    endloop
  endfacet
  facet normal 0 -1 0
    outer loop
      vertex -4.419417382415922 -10 -5.580582617584078
      vertex -3.4723139563725134 -10 -4.803314923109093
      vertex -4.419417382415922 -10 5.580582617584078
    endloop
  endfacet
  facet normal 0 -1 0
    outer loop
      vertex -3.4723139563725134 -10 -4.803314923109093
      vertex -2.391771452281811 -10 -4.225752921804458
      vertex -3.4723139563725134 -10 4.803314923109093
    endloop
  endfacet
  facet normal 0 -1 0
    outer loop
      vertex -1.2193145126008016 -10 -3.8700919974798094
      vertex -2.391771452281811 -10 4.225752921804458
      vertex -2.391771452281811 -10 -4.225752921804458
    endloop
  endfacet
  facet normal -0.7071067811865475 -0.7071067811865475 0
    outer loop
      vertex -9 -10 -19
      vertex -9 -10 19
      vertex -10 -9 19
    endloop
  endfacet
  facet normal 0 -1 0
    outer loop
      vertex -6.129908002520191 -10 -8.780685487399198
      vertex -6.129908002520191 -10 8.780685487399198
      vertex -6.25 -10 10
    endloop
  endfacet
  facet normal 0 -1 0
    outer loop
      vertex -5.774247078195542 -10 -7.6082285477181895
      vertex -5.774247078195542 -10 7.6082285477181895
      vertex -6.129908002520191 -10 8.780685487399198
    endloop
  endfacet
  facet normal 0 -1 0
    outer loop
      vertex -5.196685076890907 -10 -6.527686043627487
      vertex -5.196685076890907 -10 6.527686043627487
      vertex -5.774247078195542 -10 7.6082285477181895
    endloop
  endfacet
  facet normal 0 -1 0
    outer loop
      vertex -9 -10 19
      vertex -6.25 -10 -10
      vertex -6.25 -10 10
    endloop
  endfacet
  facet normal -0.5773502691896258 -0.5773502691896258 0.5773502691896258
    outer loop
      vertex -10 -9 19
      vertex -9 -10 19
      vertex -9 -9 20
    endloop
  endfacet
  facet normal 0 -1 0
    outer loop
      vertex -9 -10 19
      vertex -6.25 -10 10
      vertex -6.129908002520191 -10 11.219314512600802
    endloop
  endfacet
  facet normal 0 -1 0
    outer loop
      vertex -9 -10 19
      vertex -6.129908002520191 -10 11.219314512600802
      vertex -5.774247078195542 -10 12.39177145228181
    endloop
  endfacet
  facet normal 0 -1 0
    outer loop
      vertex -9 -10 19
      vertex -5.774247078195542 -10 12.39177145228181
      vertex -5.196685076890907 -10 13.472313956372513
    endloop
  endfacet
  facet normal 0 -1 0
    outer loop
      vertex -9 -10 19
      vertex -5.196685076890907 -10 13.472313956372513
      vertex -4.419417382415922 -10 14.419417382415922
    endloop
  endfacet
  facet normal 0 -1 0
    outer loop
      vertex -9 -10 19
      vertex -4.419417382415922 -10 14.419417382415922
      vertex -3.4723139563725134 -10 15.196685076890908
    endloop
  endfacet
  facet normal -0.7071067811865476 0 0.7071067811865476
    outer loop
      vertex -10 -9 19
      vertex -9 -9 20
      vertex -9 9 20
    endloop
  endfacet
  facet normal 0 -1 0
    outer loop
      vertex -4.419417382415922 -10 -5.580582617584078
      vertex -4.419417382415922 -10 5.580582617584078
      vertex -5.196685076890907 -10 6.527686043627487
    endloop
  endfacet
  facet normal 0 -1 0
    outer loop
      vertex -3.4723139563725134 -10 -4.803314923109093
      vertex -3.4723139563725134 -10 4.803314923109093
      vertex -4.419417382415922 -10 5.580582617584078
    endloop
  endfacet
  facet normal 0 -1 0
    outer loop
      vertex -2.391771452281811 -10 -4.225752921804458
      vertex -2.391771452281811 -10 4.225752921804458
      vertex -3.4723139563725134 -10 4.803314923109093
    endloop
  endfacet
  facet normal 0 -1 0
    outer loop
      vertex -1.2193145126008016 -10 -3.8700919974798094
      vertex -1.2193145126008016 -10 3.8700919974798094
      vertex -2.391771452281811 -10 4.225752921804458
    endloop
  endfacet
  facet normal 0 -1 0
    outer loop
      vertex -1.2193145126008016 -10 -3.8700919974798094
      vertex 0 -10 3.75
      vertex -1.2193145126008016 -10 3.8700919974798094
    endloop
  endfacet
  facet normal 0 -1 0
    outer loop
      vertex -9 -10 19
      vertex -3.4723139563725134 -10 15.196685076890908
      vertex -2.391771452281811 -10 15.774247078195543
    endloop
  endfacet
  facet normal 0 -1 0
    outer loop
      vertex -9 -10 19
      vertex -2.391771452281811 -10 15.774247078195543
      vertex -1.2193145126008016 -10 16.12990800252019
    endloop
  endfacet
  facet normal 0 -1 0
    outer loop
      vertex -9 -10 19
      vertex -1.2193145126008016 -10 16.12990800252019
      vertex 0 -10 16.25
    endloop
  endfacet
  facet normal 0 -1 0
    outer loop
      vertex -9 -10 19
      vertex 0 -10 16.25
      vertex 1.2193145126008016 -10 16.12990800252019
    endloop
  endfacet
  facet normal 0 -0.7071067811865476 0.7071067811865476
    outer loop
      vertex -9 -10 19
      vertex 9 -10 19
      vertex -9 -9 20
    endloop
  endfacet
  facet normal 0 0 1
    outer loop
      vertex -9 -9 20
      vertex 9 -9 20
      vertex -9 9 20
    endloop
  endfacet
  facet normal -0.7071067811865476 0 -0.7071067811865476
    outer loop
      vertex -9 -9 -20
      vertex -10 9 -19
      vertex -9 9 -20
    endloop
  endfacet
  facet normal -0.5773502691896258 0.5773502691896258 -0.5773502691896258
    outer loop
      vertex -10 9 -19
      vertex -9 10 -19
      vertex -9 9 -20
    endloop
  endfacet
  facet normal 0 1 0
    outer loop
      vertex -9 10 -19
      vertex -5.196685076890907 10 -13.472313956372513
      vertex -4.419417382415922 10 -14.419417382415922
    endloop
  endfacet
  facet normal 0 1 0
    outer loop
      vertex -9 10 -19
      vertex -4.419417382415922 10 -14.419417382415922
      vertex -3.4723139563725134 10 -15.196685076890908
    endloop
  endfacet
  facet normal 0 1 0
    outer loop
      vertex -9 10 -19
      vertex -6.129908002520191 10 -11.219314512600802
      vertex -5.774247078195542 10 -12.39177145228181
    endloop
  endfacet
  facet normal 0 1 0
    outer loop
      vertex -9 10 -19
      vertex -6.25 10 -10
      vertex -6.129908002520191 10 -11.219314512600802
    endloop
  endfacet
  facet normal 0 1 0
    outer loop
      vertex -9 10 -19
      vertex -5.774247078195542 10 -12.39177145228181
      vertex -5.196685076890907 10 -13.472313956372513
    endloop
  endfacet
  facet normal -0.7071067811865475 0.7071067811865475 0
    outer loop
      vertex -10 9 -19
      vertex -10 9 19
      vertex -9 10 -19
    endloop
  endfacet
  facet normal 0 1 0
    outer loop
      vertex -9 10 -19
      vertex -6.25 10 10
      vertex -6.25 10 -10
    endloop
  endfacet
  facet normal 0 1 0
    outer loop
      vertex -6.25 10 -10
      vertex -6.129908002520191 10 8.780685487399198
      vertex -6.129908002520191 10 -8.780685487399198
    endloop
  endfacet
  facet normal 0 1 0
    outer loop
      vertex -6.129908002520191 10 -8.780685487399198
      vertex -5.774247078195542 10 7.6082285477181895
      vertex -5.774247078195542 10 -7.6082285477181895
    endloop
  endfacet
  facet normal 0 1 0
    outer loop
      vertex -5.774247078195542 10 -7.6082285477181895
      vertex -5.196685076890907 10 6.527686043627487
      vertex -5.196685076890907 10 -6.527686043627487
    endloop
  endfacet
  facet normal 0 0 -1
    outer loop
      vertex -9 -9 -20
      vertex -9 9 -20
      vertex 9 9 -20
    endloop
  endfacet
  facet normal 0 1 0
    outer loop
      vertex -9 10 -19
      vertex -3.4723139563725134 10 -15.196685076890908
      vertex -2.391771452281811 10 -15.774247078195543
    endloop
  endfacet
  facet normal 0 1 0
    outer loop
      vertex -9 10 -19
      vertex -2.391771452281811 10 -15.774247078195543
      vertex -1.2193145126008016 10 -16.12990800252019
    endloop
  endfacet
  facet normal 0 0.7071067811865476 -0.7071067811865476
    outer loop
      vertex -9 9 -20
      vertex -9 10 -19
      vertex 9 9 -20
    endloop
  endfacet
  facet normal 0 1 0
    outer loop
      vertex -9 10 -19
      vertex -1.2193145126008016 10 -16.12990800252019
      vertex 9 10 -19
    endloop
  endfacet
  facet normal 0 1 0
    outer loop
      vertex -5.196685076890907 10 -6.527686043627487
      vertex -4.419417382415922 10 5.580582617584078
      vertex -4.419417382415922 10 -5.580582617584078
    endloop
  endfacet
  facet normal 0 1 0
    outer loop
      vertex -3.4723139563725134 10 -4.803314923109093
      vertex -4.419417382415922 10 -5.580582617584078
      vertex -3.4723139563725134 10 4.803314923109093
    endloop
  endfacet
  facet normal 0 1 0
    outer loop
      vertex -2.391771452281811 10 -4.225752921804458
      vertex -3.4723139563725134 10 -4.803314923109093
      vertex -2.391771452281811 10 4.225752921804458
    endloop
  endfacet
  facet normal 0 1 0
    outer loop
      vertex -2.391771452281811 10 -4.225752921804458
      vertex 2.391771452281811 10 4.225752921804458
      vertex -1.2193145126008016 10 -3.8700919974798094
    endloop
  endfacet
  facet normal -1 0 0
    outer loop
      vertex -10 -9 19
      vertex -10 9 19
      vertex -10 9 -19
    endloop
  endfacet
  facet normal -0.7071067811865476 0 0.7071067811865476
    outer loop
      vertex -10 -9 19
      vertex -9 9 20
      vertex -10 9 19
    endloop
  endfacet
  facet normal 0 1 0
    outer loop
      vertex -9 10 -19
      vertex -9 10 19
      vertex -6.25 10 10
    endloop
  endfacet
  facet normal -0.7071067811865475 0.7071067811865475 0
    outer loop
      vertex -9 10 -19
      vertex -10 9 19
      vertex -9 10 19
    endloop
  endfacet
  facet normal 0 1 0
    outer loop
      vertex -5.774247078195542 10 -7.6082285477181895
      vertex -5.774247078195542 10 7.6082285477181895
      vertex -5.196685076890907 10 6.527686043627487
    endloop
  endfacet
  facet normal 0 1 0
    outer loop
      vertex -6.25 10 -10
      vertex -6.25 10 10
      vertex -6.129908002520191 10 8.780685487399198
    endloop
  endfacet
  facet normal 0 1 0
    outer loop
      vertex -6.129908002520191 10 -8.780685487399198
      vertex -6.129908002520191 10 8.780685487399198
      vertex -5.774247078195542 10 7.6082285477181895
    endloop
  endfacet
  facet normal -0.5773502691896258 0.5773502691896258 0.5773502691896258
    outer loop
      vertex -10 9 19
      vertex -9 9 20
      vertex -9 10 19
    endloop
  endfacet
  facet normal 0 1 0
    outer loop
      vertex -9 10 19
      vertex -6.129908002520191 10 11.219314512600802
      vertex -6.25 10 10
    endloop
  endfacet
  facet normal 0 1 0
    outer loop
      vertex -9 10 19
      vertex -5.774247078195542 10 12.39177145228181
      vertex -6.129908002520191 10 11.219314512600802
    endloop
  endfacet
  facet normal 0 1 0
    outer loop
      vertex -9 10 19
      vertex -5.196685076890907 10 13.472313956372513
      vertex -5.774247078195542 10 12.39177145228181
    endloop
  endfacet
  facet normal 0 1 0
    outer loop
      vertex -9 10 19
      vertex -4.419417382415922 10 14.419417382415922
      vertex -5.196685076890907 10 13.472313956372513
    endloop
  endfacet
  facet normal 0 1 0
    outer loop
      vertex -9 10 19
      vertex -3.4723139563725134 10 15.196685076890908
      vertex -4.419417382415922 10 14.419417382415922
    endloop
  endfacet
  facet normal 0 1 0
    outer loop
      vertex -5.196685076890907 10 -6.527686043627487
      vertex -5.196685076890907 10 6.527686043627487
      vertex -4.419417382415922 10 5.580582617584078
    endloop
  endfacet
  facet normal 0 1 0
    outer loop
      vertex -4.419417382415922 10 -5.580582617584078
      vertex -4.419417382415922 10 5.580582617584078
      vertex -3.4723139563725134 10 4.803314923109093
    endloop
  endfacet
  facet normal 0 1 0
    outer loop
      vertex -3.4723139563725134 10 -4.803314923109093
      vertex -3.4723139563725134 10 4.803314923109093
      vertex -2.391771452281811 10 4.225752921804458
    endloop
  endfacet
  facet normal 0 1 0
    outer loop
      vertex -2.391771452281811 10 -4.225752921804458
      vertex -2.391771452281811 10 4.225752921804458
      vertex -1.2193145126008016 10 3.8700919974798094
    endloop
  endfacet
  facet normal 0 1 0
    outer loop
      vertex -2.391771452281811 10 -4.225752921804458
      vertex -1.2193145126008016 10 3.8700919974798094
      vertex 0 10 3.75
    endloop
  endfacet
  facet normal 0 1 0
    outer loop
      vertex -2.391771452281811 10 -4.225752921804458
      vertex 0 10 3.75
      vertex 1.2193145126008016 10 3.8700919974798094
    endloop
  endfacet
  facet normal 0 1 0
    outer loop
      vertex -9 10 19
      vertex -2.391771452281811 10 15.774247078195543
      vertex -3.4723139563725134 10 15.196685076890908
    endloop
  endfacet
  facet normal 0 1 0
    outer loop
      vertex -9 10 19
      vertex -1.2193145126008016 10 16.12990800252019
      vertex -2.391771452281811 10 15.774247078195543
    endloop
  endfacet
  facet normal 0 1 0
    outer loop
      vertex -9 10 19
      vertex 0 10 16.25
      vertex -1.2193145126008016 10 16.12990800252019
    endloop
  endfacet
  facet normal 0 1 0
    outer loop
      vertex -9 10 19
      vertex 1.2193145126008016 10 16.12990800252019
      vertex 0 10 16.25
    endloop
  endfacet
  facet normal 0 0.7071067811865476 0.7071067811865476
    outer loop
      vertex -9 9 20
      vertex 9 10 19
      vertex -9 10 19
    endloop
  endfacet
  facet normal 0 -0.7071067811865476 -0.7071067811865476
    outer loop
      vertex -9 -10 -19
      vertex 9 -9 -20
      vertex 9 -10 -19
    endloop
  endfacet
  facet normal 0 -1 0
    outer loop
      vertex 9 -10 -19
      vertex 0 -10 -16.25
      vertex -1.2193145126008016 -10 -16.12990800252019
    endloop
  endfacet
  facet normal 0 -1 0
    outer loop
      vertex 9 -10 -19
      vertex 1.2193145126008016 -10 -16.12990800252019
      vertex 0 -10 -16.25
    endloop
  endfacet
  facet normal 0 -1 0
    outer loop
      vertex 9 -10 -19
      vertex 2.391771452281811 -10 -15.774247078195543
      vertex 1.2193145126008016 -10 -16.12990800252019
    endloop
  endfacet
  facet normal 0 -1 0
    outer loop
      vertex 9 -10 -19
      vertex 3.4723139563725134 -10 -15.196685076890908
      vertex 2.391771452281811 -10 -15.774247078195543
    endloop
  endfacet
  facet normal 0 -1 0
    outer loop
      vertex 1.2193145126008016 -10 3.8700919974798094
      vertex -1.2193145126008016 -10 -3.8700919974798094
      vertex 0 -10 -3.75
    endloop
  endfacet
  facet normal 0 -1 0
    outer loop
      vertex 1.2193145126008016 -10 3.8700919974798094
      vertex 0 -10 -3.75
      vertex 1.2193145126008016 -10 -3.8700919974798094
    endloop
  endfacet
  facet normal 0 -1 0
    outer loop
      vertex 1.2193145126008016 -10 3.8700919974798094
      vertex 1.2193145126008016 -10 -3.8700919974798094
      vertex 2.391771452281811 -10 -4.225752921804458
    endloop
  endfacet
  facet normal 0 -1 0
    outer loop
      vertex 2.391771452281811 -10 -4.225752921804458
      vertex 3.4723139563725134 -10 -4.803314923109093
      vertex 2.391771452281811 -10 4.225752921804458
    endloop
  endfacet
  facet normal 0 -1 0
    outer loop
      vertex 3.4723139563725134 -10 -4.803314923109093
      vertex 4.419417382415922 -10 -5.580582617584078
      vertex 3.4723139563725134 -10 4.803314923109093
    endloop
  endfacet
  facet normal 0 -1 0
    outer loop
      vertex 4.419417382415922 -10 -5.580582617584078
      vertex 5.196685076890907 -10 -6.527686043627487
      vertex 4.419417382415922 -10 5.580582617584078
    endloop
  endfacet
  facet normal 0 0 -1
    outer loop
      vertex -9 -9 -20
      vertex 9 9 -20
      vertex 9 -9 -20
    endloop
  endfacet
  facet normal 0 -1 0
    outer loop
      vertex 9 -10 -19
      vertex 4.419417382415922 -10 -14.419417382415922
      vertex 3.4723139563725134 -10 -15.196685076890908
    endloop
  endfacet
  facet normal 0 -1 0
    outer loop
      vertex 9 -10 -19
      vertex 5.196685076890907 -10 -13.472313956372513
      vertex 4.419417382415922 -10 -14.419417382415922
    endloop
  endfacet
  facet normal 0 -1 0
    outer loop
      vertex 9 -10 -19
      vertex 5.774247078195542 -10 -12.39177145228181
      vertex 5.196685076890907 -10 -13.472313956372513
    endloop
  endfacet
  facet normal 0 -1 0
    outer loop
      vertex 9 -10 -19
      vertex 6.129908002520191 -10 -11.219314512600802
      vertex 5.774247078195542 -10 -12.39177145228181
    endloop
  endfacet
  facet normal 0 -1 0
    outer loop
      vertex 9 -10 -19
      vertex 6.25 -10 -10
      vertex 6.129908002520191 -10 -11.219314512600802
    endloop
  endfacet
  facet normal 0.5773502691896258 -0.5773502691896258 -0.5773502691896258
    outer loop
      vertex 9 -10 -19
      vertex 9 -9 -20
      vertex 10 -9 -19
    endloop
  endfacet
  facet normal 0 -1 0
    outer loop
      vertex 9 -10 -19
      vertex 6.25 -10 10
      vertex 6.25 -10 -10
    endloop
  endfacet
  facet normal 0 -1 0
    outer loop
      vertex 5.774247078195542 -10 -7.6082285477181895
      vertex 5.196685076890907 -10 6.527686043627487
      vertex 5.196685076890907 -10 -6.527686043627487
    endloop
  endfacet
  facet normal 0 -1 0
    outer loop
      vertex 6.129908002520191 -10 -8.780685487399198
      vertex 5.774247078195542 -10 7.6082285477181895
      vertex 5.774247078195542 -10 -7.6082285477181895
    endloop
  endfacet
  facet normal 0 -1 0
    outer loop
      vertex 6.25 -10 -10
      vertex 6.129908002520191 -10 8.780685487399198
      vertex 6.129908002520191 -10 -8.780685487399198
    endloop
  endfacet
  facet normal 0.7071067811865475 -0.7071067811865475 0
    outer loop
      vertex 9 -10 -19
      vertex 10 -9 -19
      vertex 9 -10 19
    endloop
  endfacet
  facet normal 0.7071067811865476 0 -0.7071067811865476
    outer loop
      vertex 9 -9 -20
      vertex 9 9 -20
      vertex 10 -9 -19
    endloop
  endfacet
  facet normal 0 -1 0
    outer loop
      vertex -1.2193145126008016 -10 -3.8700919974798094
      vertex 1.2193145126008016 -10 3.8700919974798094
      vertex 0 -10 3.75
    endloop
  endfacet
  facet normal 0 -1 0
    outer loop
      vertex 1.2193145126008016 -10 3.8700919974798094
      vertex 2.391771452281811 -10 -4.225752921804458
      vertex 2.391771452281811 -10 4.225752921804458
    endloop
  endfacet
  facet normal 0 -1 0
    outer loop
      vertex 3.4723139563725134 -10 -4.803314923109093
      vertex 3.4723139563725134 -10 4.803314923109093
      vertex 2.391771452281811 -10 4.225752921804458
    endloop
  endfacet
  facet normal 0 -1 0
    outer loop
      vertex 4.419417382415922 -10 -5.580582617584078
      vertex 4.419417382415922 -10 5.580582617584078
      vertex 3.4723139563725134 -10 4.803314923109093
    endloop
  endfacet
  facet normal 0 -1 0
    outer loop
      vertex 5.196685076890907 -10 -6.527686043627487
      vertex 5.196685076890907 -10 6.527686043627487
      vertex 4.419417382415922 -10 5.580582617584078
    endloop
  endfacet
  facet normal 0 -1 0
    outer loop
      vertex -9 -10 19
      vertex 1.2193145126008016 -10 16.12990800252019
      vertex 9 -10 19
    endloop
  endfacet
  facet normal 0 -0.7071067811865476 0.7071067811865476
    outer loop
      vertex -9 -9 20
      vertex 9 -10 19
      vertex 9 -9 20
    endloop
  endfacet
  facet normal 0 -1 0
    outer loop
      vertex 9 -10 19
      vertex 1.2193145126008016 -10 16.12990800252019
      vertex 2.391771452281811 -10 15.774247078195543
    endloop
  endfacet
  facet normal 0 -1 0
    outer loop
      vertex 9 -10 19
      vertex 2.391771452281811 -10 15.774247078195543
      vertex 3.4723139563725134 -10 15.196685076890908
    endloop
  endfacet
  facet normal 0 -1 0
    outer loop
      vertex 5.774247078195542 -10 -7.6082285477181895
      vertex 5.774247078195542 -10 7.6082285477181895
      vertex 5.196685076890907 -10 6.527686043627487
    endloop
  endfacet
  facet normal 0 -1 0
    outer loop
      vertex 6.129908002520191 -10 -8.780685487399198
      vertex 6.129908002520191 -10 8.780685487399198
      vertex 5.774247078195542 -10 7.6082285477181895
    endloop
  endfacet
  facet normal 0 -1 0
    outer loop
      vertex 6.25 -10 -10
      vertex 6.25 -10 10
      vertex 6.129908002520191 -10 8.780685487399198
    endloop
  endfacet
  facet normal 0 -1 0
    outer loop
      vertex 9 -10 -19
      vertex 9 -10 19
      vertex 6.25 -10 10
    endloop
  endfacet
  facet normal 0.7071067811865475 -0.7071067811865475 0
    outer loop
      vertex 10 -9 -19
      vertex 10 -9 19
      vertex 9 -10 19
    endloop
  endfacet
  facet normal 0 -1 0
    outer loop
      vertex 9 -10 19
      vertex 5.196685076890907 -10 13.472313956372513
      vertex 5.774247078195542 -10 12.39177145228181
    endloop
  endfacet
  facet normal 0 -1 0
    outer loop
      vertex 9 -10 19
      vertex 6.129908002520191 -10 11.219314512600802
      vertex 6.25 -10 10
    endloop
  endfacet
  facet normal 0 -1 0
    outer loop
      vertex 9 -10 19
      vertex 5.774247078195542 -10 12.39177145228181
      vertex 6.129908002520191 -10 11.219314512600802
    endloop
  endfacet
  facet normal 0 -1 0
    outer loop
      vertex 9 -10 19
      vertex 3.4723139563725134 -10 15.196685076890908
      vertex 4.419417382415922 -10 14.419417382415922
    endloop
  endfacet
  facet normal 0 -1 0
    outer loop
      vertex 9 -10 19
      vertex 4.419417382415922 -10 14.419417382415922
      vertex 5.196685076890907 -10 13.472313956372513
    endloop
  endfacet
  facet normal 0.5773502691896258 -0.5773502691896258 0.5773502691896258
    outer loop
      vertex 9 -10 19
      vertex 10 -9 19
      vertex 9 -9 20
    endloop
  endfacet
  facet normal 1 0 0
    outer loop
      vertex 10 -9 -19
      vertex 10 9 19
      vertex 10 -9 19
    endloop
  endfacet
  facet normal 0.7071067811865476 0 0.7071067811865476
    outer loop
      vertex 9 -9 20
      vertex 10 -9 19
      vertex 9 9 20
    endloop
  endfacet
  facet normal 0 0.7071067811865476 -0.7071067811865476
    outer loop
      vertex -9 10 -19
      vertex 9 10 -19
      vertex 9 9 -20
    endloop
  endfacet
  facet normal 0 1 0
    outer loop
      vertex 9 10 -19
      vertex -1.2193145126008016 10 -16.12990800252019
      vertex 0 10 -16.25
    endloop
  endfacet
  facet normal 0 1 0
    outer loop
      vertex 9 10 -19
      vertex 0 10 -16.25
      vertex 1.2193145126008016 10 -16.12990800252019
    endloop
  endfacet
  facet normal 0 1 0
    outer loop
      vertex 9 10 -19
      vertex 1.2193145126008016 10 -16.12990800252019
      vertex 2.391771452281811 10 -15.774247078195543
    endloop
  endfacet
  facet normal 0 1 0
    outer loop
      vertex 9 10 -19
      vertex 2.391771452281811 10 -15.774247078195543
      vertex 3.4723139563725134 10 -15.196685076890908
    endloop
  endfacet
  facet normal 0 1 0
    outer loop
      vertex 2.391771452281811 10 4.225752921804458
      vertex 0 10 -3.75
      vertex -1.2193145126008016 10 -3.8700919974798094
    endloop
  endfacet
  facet normal 0 1 0
    outer loop
      vertex 2.391771452281811 10 4.225752921804458
      vertex 1.2193145126008016 10 -3.8700919974798094
      vertex 0 10 -3.75
    endloop
  endfacet
  facet normal 0 1 0
    outer loop
      vertex 2.391771452281811 10 4.225752921804458
      vertex 2.391771452281811 10 -4.225752921804458
      vertex 1.2193145126008016 10 -3.8700919974798094
    endloop
  endfacet
  facet normal 0 1 0
    outer loop
      vertex 3.4723139563725134 10 -4.803314923109093
      vertex 2.391771452281811 10 -4.225752921804458
      vertex 3.4723139563725134 10 4.803314923109093
    endloop
  endfacet
  facet normal 0 1 0
    outer loop
      vertex 4.419417382415922 10 -5.580582617584078
      vertex 3.4723139563725134 10 -4.803314923109093
      vertex 4.419417382415922 10 5.580582617584078
    endloop
  endfacet
  facet normal 0 1 0
    outer loop
      vertex 4.419417382415922 10 -5.580582617584078
      vertex 5.196685076890907 10 6.527686043627487
      vertex 5.196685076890907 10 -6.527686043627487
    endloop
  endfacet
  facet normal 0.7071067811865476 0 -0.7071067811865476
    outer loop
      vertex 10 -9 -19
      vertex 9 9 -20
      vertex 10 9 -19
    endloop
  endfacet
  facet normal 1 0 0
    outer loop
      vertex 10 -9 -19
      vertex 10 9 -19
      vertex 10 9 19
    endloop
  endfacet
  facet normal 0 1 0
    outer loop
      vertex 9 10 -19
      vertex 3.4723139563725134 10 -15.196685076890908
      vertex 4.419417382415922 10 -14.419417382415922
    endloop
  endfacet
  facet normal 0 1 0
    outer loop
      vertex 9 10 -19
      vertex 4.419417382415922 10 -14.419417382415922
      vertex 5.196685076890907 10 -13.472313956372513
    endloop
  endfacet
  facet normal 0 1 0
    outer loop
      vertex 9 10 -19
      vertex 5.196685076890907 10 -13.472313956372513
      vertex 5.774247078195542 10 -12.39177145228181
    endloop
  endfacet
  facet normal 0 1 0
    outer loop
      vertex 9 10 -19
      vertex 5.774247078195542 10 -12.39177145228181
      vertex 6.129908002520191 10 -11.219314512600802
    endloop
  endfacet
  facet normal 0 1 0
    outer loop
      vertex 9 10 -19
      vertex 6.129908002520191 10 -11.219314512600802
      vertex 6.25 10 -10
    endloop
  endfacet
  facet normal 0.5773502691896258 0.5773502691896258 -0.5773502691896258
    outer loop
      vertex 9 9 -20
      vertex 9 10 -19
      vertex 10 9 -19
    endloop
  endfacet
  facet normal 0 1 0
    outer loop
      vertex 5.774247078195542 10 -7.6082285477181895
      vertex 6.129908002520191 10 8.780685487399198
      vertex 6.129908002520191 10 -8.780685487399198
    endloop
  endfacet
  facet normal 0 1 0
    outer loop
      vertex 6.129908002520191 10 -8.780685487399198
      vertex 6.25 10 10
      vertex 6.25 10 -10
    endloop
  endfacet
  facet normal 0 1 0
    outer loop
      vertex 5.196685076890907 10 -6.527686043627487
      vertex 5.774247078195542 10 7.6082285477181895
      vertex 5.774247078195542 10 -7.6082285477181895
    endloop
  endfacet
  facet normal 0.7071067811865475 0.7071067811865475 0
    outer loop
      vertex 9 10 -19
      vertex 9 10 19
      vertex 10 9 -19
    endloop
  endfacet
  facet normal 0 1 0
    outer loop
      vertex 9 10 -19
      vertex 6.25 10 -10
      vertex 9 10 19
    endloop
  endfacet
  facet normal 0 0 1
    outer loop
      vertex -9 9 20
      vertex 9 -9 20
      vertex 9 9 20
    endloop
  endfacet
  facet normal 0 1 0
    outer loop
      vertex -2.391771452281811 10 -4.225752921804458
      vertex 1.2193145126008016 10 3.8700919974798094
      vertex 2.391771452281811 10 4.225752921804458
    endloop
  endfacet
  facet normal 0 1 0
    outer loop
      vertex 2.391771452281811 10 -4.225752921804458
      vertex 2.391771452281811 10 4.225752921804458
      vertex 3.4723139563725134 10 4.803314923109093
    endloop
  endfacet
  facet normal 0 1 0
    outer loop
      vertex 3.4723139563725134 10 -4.803314923109093
      vertex 3.4723139563725134 10 4.803314923109093
      vertex 4.419417382415922 10 5.580582617584078
    endloop
  endfacet
  facet normal 0 1 0
    outer loop
      vertex 4.419417382415922 10 -5.580582617584078
      vertex 4.419417382415922 10 5.580582617584078
      vertex 5.196685076890907 10 6.527686043627487
    endloop
  endfacet
  facet normal 0 1 0
    outer loop
      vertex -9 10 19
      vertex 9 10 19
      vertex 1.2193145126008016 10 16.12990800252019
    endloop
  endfacet
  facet normal 0 0.7071067811865476 0.7071067811865476
    outer loop
      vertex -9 9 20
      vertex 9 9 20
      vertex 9 10 19
    endloop
  endfacet
  facet normal 0 1 0
    outer loop
      vertex 9 10 19
      vertex 2.391771452281811 10 15.774247078195543
      vertex 1.2193145126008016 10 16.12990800252019
    endloop
  endfacet
  facet normal 0 1 0
    outer loop
      vertex 9 10 19
      vertex 3.4723139563725134 10 15.196685076890908
      vertex 2.391771452281811 10 15.774247078195543
    endloop
  endfacet
  facet normal 0.7071067811865476 0 0.7071067811865476
    outer loop
      vertex 10 -9 19
      vertex 10 9 19
      vertex 9 9 20
    endloop
  endfacet
  facet normal 0 1 0
    outer loop
      vertex 5.196685076890907 10 -6.527686043627487
      vertex 5.196685076890907 10 6.527686043627487
      vertex 5.774247078195542 10 7.6082285477181895
    endloop
  endfacet
  facet normal 0 1 0
    outer loop
      vertex 5.774247078195542 10 -7.6082285477181895
      vertex 5.774247078195542 10 7.6082285477181895
      vertex 6.129908002520191 10 8.780685487399198
    endloop
  endfacet
  facet normal 0 1 0
    outer loop
      vertex 6.129908002520191 10 -8.780685487399198
      vertex 6.129908002520191 10 8.780685487399198
      vertex 6.25 10 10
    endloop
  endfacet
  facet normal 0 1 0
    outer loop
      vertex 9 10 19
      vertex 6.25 10 -10
      vertex 6.25 10 10
    endloop
  endfacet
  facet normal 0.7071067811865475 0.7071067811865475 0
    outer loop
      vertex 10 9 -19
      vertex 9 10 19
      vertex 10 9 19
    endloop
  endfacet
  facet normal 0 1 0
    outer loop
      vertex 9 10 19
      vertex 5.774247078195542 10 12.39177145228181
      vertex 5.196685076890907 10 13.472313956372513
    endloop
  endfacet
  facet normal 0 1 0
    outer loop
      vertex 9 10 19
      vertex 6.25 10 10
      vertex 6.129908002520191 10 11.219314512600802
    endloop
  endfacet
  facet normal 0 1 0
    outer loop
      vertex 9 10 19
      vertex 6.129908002520191 10 11.219314512600802
      vertex 5.774247078195542 10 12.39177145228181
    endloop
  endfacet
  facet normal 0 1 0
    outer loop
      vertex 9 10 19
      vertex 4.419417382415922 10 14.419417382415922
      vertex 3.4723139563725134 10 15.196685076890908
    endloop
  endfacet
  facet normal 0 1 0
    outer loop
      vertex 9 10 19
      vertex 5.196685076890907 10 13.472313956372513
      vertex 4.419417382415922 10 14.419417382415922
    endloop
  endfacet
  facet normal 0.5773502691896258 0.5773502691896258 0.5773502691896258
    outer loop
      vertex 9 9 20
      vertex 10 9 19
      vertex 9 10 19
    endloop
  endfacet
endsolid OpenSCAD_Model
