solid OpenSCAD_Model
  facet normal 0.956940335732209 0 0.2902846772544619
    outer loop
      vertex -2.217444482178185 -4 -20.441077131483024
      vertex -2.0887870286167542 -4 -20.86520391616206
      vertex -2.0887870286167542 4 -20.86520391616206
    endloop
  endfacet
  facet normal 0.8819212643483536 0 0.4713967368260002
    outer loop
      vertex -2.0887870286167542 -4 -20.86520391616206
      vertex -1.879858660950843 -4 -21.25608139955493
      vertex -1.879858660950843 4 -21.25608139955493
    endloop
  endfacet
  facet normal 0.9951847266721969 0 0.0980171403295602
    outer loop
      vertex -2.217444482178185 -4 -20.441077131483024
      vertex -2.217444482178185 4 -20.441077131483024
      vertex -2.2357359793017704 -4 -20.255360444542802
    endloop
  endfacet
  facet normal 0.9951847266721968 0 -0.09801714032956148
    outer loop
      vertex -2.242595290723115 -4 -19.81428331305978
      vertex -2.217444482178185 4 -19.558922868516976
      vertex -2.217444482178185 -4 -19.558922868516976
    endloop
  endfacet
  facet normal 0.956940335732209 0 -0.2902846772544619
    outer loop
      vertex -2.217444482178185 -4 -19.558922868516976
      vertex -2.217444482178185 4 -19.558922868516976
      vertex -2.0887870286167542 -4 -19.13479608383794
    endloop
  endfacet
  facet normal 0.8819212643483536 0 -0.4713967368260002
    outer loop
      vertex -2.0887870286167542 -4 -19.13479608383794
      vertex -2.0887870286167542 4 -19.13479608383794
      vertex -1.879858660950843 -4 -18.74391860044507
    endloop
  endfacet
  facet normal 0.77301045336274 0 0.6343932841636417
    outer loop
      vertex -1.5986883791814732 -4 -21.598688379181475
      vertex -1.5986883791814732 4 -21.598688379181475
      vertex -1.879858660950843 -4 -21.25608139955493
    endloop
  endfacet
  facet normal 0.6343932841636457 0 0.7730104533627368
    outer loop
      vertex -1.5986883791814732 -4 -21.598688379181475
      vertex -1.2560813995549314 -4 -21.879858660950845
      vertex -1.2560813995549314 4 -21.879858660950845
    endloop
  endfacet
  facet normal 0.77301045336274 0 -0.6343932841636417
    outer loop
      vertex -1.879858660950843 -4 -18.74391860044507
      vertex -1.879858660950843 4 -18.74391860044507
      vertex -1.5986883791814732 -4 -18.401311620818525
    endloop
  endfacet
  facet normal 0.6343932841636457 0 -0.7730104533627368
    outer loop
      vertex -1.5986883791814732 -4 -18.401311620818525
      vertex -1.5986883791814732 4 -18.401311620818525
      vertex -1.2560813995549314 -4 -18.120141339049155
    endloop
  endfacet
  facet normal 0.47139673682599265 0 0.8819212643483577
    outer loop
      vertex -1.2560813995549314 -4 -21.879858660950845
      vertex -0.8652039161620579 -4 -22.088787028616753
      vertex -0.8652039161620579 4 -22.088787028616753
    endloop
  endfacet
  facet normal 0.29028467725446216 0 0.9569403357322089
    outer loop
      vertex -0.8652039161620579 -4 -22.088787028616753
      vertex -0.44107713148302263 -4 -22.217444482178184
      vertex -0.44107713148302263 4 -22.217444482178184
    endloop
  endfacet
  facet normal 0.09801714032956411 0 0.9951847266721966
    outer loop
      vertex -0.44107713148302263 -4 -22.217444482178184
      vertex 0 -4 -22.2608867878467
      vertex 0 4 -22.2608867878467
    endloop
  endfacet
  facet normal 0.47139673682599265 0 -0.8819212643483577
    outer loop
      vertex -1.2560813995549314 -4 -18.120141339049155
      vertex -1.2560813995549314 4 -18.120141339049155
      vertex -0.8652039161620579 -4 -17.911212971383247
    endloop
  endfacet
  facet normal 0.29028467725446216 0 -0.9569403357322089
    outer loop
      vertex -0.8652039161620579 -4 -17.911212971383247
      vertex -0.8652039161620579 4 -17.911212971383247
      vertex -0.44107713148302263 -4 -17.782555517821816
    endloop
  endfacet
  facet normal 0.09801714032956411 0 -0.9951847266721966
    outer loop
      vertex -0.44107713148302263 -4 -17.782555517821816
      vertex -0.44107713148302263 4 -17.782555517821816
      vertex 0 -4 -17.7391132121533
    endloop
  endfacet
  facet normal 0.8819212643483536 0 0.4713967368260002
    outer loop
      vertex -2.0887870286167542 -4 -20.86520391616206
      vertex -1.879858660950843 4 -21.25608139955493
      vertex -2.0887870286167542 4 -20.86520391616206
    endloop
  endfacet
  facet normal 0.9951847266721968 2.9894190232341817e-17 0.09801714032956148
    outer loop
      vertex -2.2357359793017704 -4 -20.255360444542802
      vertex -2.217444482178185 4 -20.441077131483024
      vertex -2.242595290723115 4 -20.18571668694022
    endloop
  endfacet
  facet normal 0.9951847266721968 -1.7368318818269573e-17 -0.09801714032956094
    outer loop
      vertex -2.242595290723115 -4 -19.81428331305978
      vertex -2.2608867878467005 4 -20
      vertex -2.217444482178185 4 -19.558922868516976
    endloop
  endfacet
  facet normal 0.956940335732209 0 0.2902846772544619
    outer loop
      vertex -2.217444482178185 -4 -20.441077131483024
      vertex -2.0887870286167542 4 -20.86520391616206
      vertex -2.217444482178185 4 -20.441077131483024
    endloop
  endfacet
  facet normal 0.956940335732209 0 -0.2902846772544619
    outer loop
      vertex -2.0887870286167542 -4 -19.13479608383794
      vertex -2.217444482178185 4 -19.558922868516976
      vertex -2.0887870286167542 4 -19.13479608383794
    endloop
  endfacet
  facet normal 0.8819212643483536 0 -0.4713967368260002
    outer loop
      vertex -1.879858660950843 -4 -18.74391860044507
      vertex -2.0887870286167542 4 -19.13479608383794
      vertex -1.879858660950843 4 -18.74391860044507
    endloop
  endfacet
  facet normal 0.77301045336274 0 0.6343932841636417
    outer loop
      vertex -1.879858660950843 -4 -21.25608139955493
      vertex -1.5986883791814732 4 -21.598688379181475
      vertex -1.879858660950843 4 -21.25608139955493
    endloop
  endfacet
  facet normal 0.6343932841636457 0 0.7730104533627368
    outer loop
      vertex -1.5986883791814732 -4 -21.598688379181475
      vertex -1.2560813995549314 4 -21.879858660950845
      vertex -1.5986883791814732 4 -21.598688379181475
    endloop
  endfacet
  facet normal 0.77301045336274 0 -0.6343932841636417
    outer loop
      vertex -1.5986883791814732 -4 -18.401311620818525
      vertex -1.879858660950843 4 -18.74391860044507
      vertex -1.5986883791814732 4 -18.401311620818525
    endloop
  endfacet
  facet normal 0.6343932841636457 0 -0.7730104533627368
    outer loop
      vertex -1.2560813995549314 -4 -18.120141339049155
      vertex -1.5986883791814732 4 -18.401311620818525
      vertex -1.2560813995549314 4 -18.120141339049155
    endloop
  endfacet
  facet normal 0.47139673682599265 0 0.8819212643483577
    outer loop
      vertex -1.2560813995549314 -4 -21.879858660950845
      vertex -0.8652039161620579 4 -22.088787028616753
      vertex -1.2560813995549314 4 -21.879858660950845
    endloop
  endfacet
  facet normal 0.29028467725446216 0 0.9569403357322089
    outer loop
      vertex -0.8652039161620579 -4 -22.088787028616753
      vertex -0.44107713148302263 4 -22.217444482178184
      vertex -0.8652039161620579 4 -22.088787028616753
    endloop
  endfacet
  facet normal 0.09801714032956411 0 0.9951847266721966
    outer loop
      vertex -0.44107713148302263 -4 -22.217444482178184
      vertex 0 4 -22.2608867878467
      vertex -0.44107713148302263 4 -22.217444482178184
    endloop
  endfacet
  facet normal 0.47139673682599265 0 -0.8819212643483577
    outer loop
      vertex -0.8652039161620579 -4 -17.911212971383247
      vertex -1.2560813995549314 4 -18.120141339049155
      vertex -0.8652039161620579 4 -17.911212971383247
    endloop
  endfacet
  facet normal 0.29028467725446216 0 -0.9569403357322089
    outer loop
      vertex -0.44107713148302263 -4 -17.782555517821816
      vertex -0.8652039161620579 4 -17.911212971383247
      vertex -0.44107713148302263 4 -17.782555517821816
    endloop
  endfacet
  facet normal 0.09801714032956411 0 -0.9951847266721966
    outer loop
      vertex -0.44107713148302263 4 -17.782555517821816
      vertex 0 4 -17.7391132121533
      vertex 0 -4 -17.7391132121533
    endloop
  endfacet
  facet normal -0.09801714032956411 0 0.9951847266721966
    outer loop
      vertex 0 -4 -22.2608867878467
      vertex 0.44107713148302263 -4 -22.217444482178184
      vertex 0.44107713148302263 4 -22.217444482178184
    endloop
  endfacet
  facet normal -0.29028467725446216 0 0.9569403357322089
    outer loop
      vertex 0.44107713148302263 -4 -22.217444482178184
      vertex 0.8652039161620579 -4 -22.088787028616753
      vertex 0.8652039161620579 4 -22.088787028616753
    endloop
  endfacet
  facet normal -0.47139673682599265 0 0.8819212643483577
    outer loop
      vertex 0.8652039161620579 -4 -22.088787028616753
      vertex 1.2560813995549314 -4 -21.879858660950845
      vertex 1.2560813995549314 4 -21.879858660950845
    endloop
  endfacet
  facet normal -0.09801714032956411 0 -0.9951847266721966
    outer loop
      vertex 0 -4 -17.7391132121533
      vertex 0 4 -17.7391132121533
      vertex 0.44107713148302263 -4 -17.782555517821816
    endloop
  endfacet
  facet normal -0.29028467725446216 0 -0.9569403357322089
    outer loop
      vertex 0.44107713148302263 -4 -17.782555517821816
      vertex 0.44107713148302263 4 -17.782555517821816
      vertex 0.8652039161620579 -4 -17.911212971383247
    endloop
  endfacet
  facet normal -0.47139673682599265 0 -0.8819212643483577
    outer loop
      vertex 0.8652039161620579 -4 -17.911212971383247
      vertex 0.8652039161620579 4 -17.911212971383247
      vertex 1.2560813995549314 -4 -18.120141339049155
    endloop
  endfacet
  facet normal -0.6343932841636457 0 0.7730104533627368
    outer loop
      vertex 1.2560813995549314 -4 -21.879858660950845
      vertex 1.5986883791814732 -4 -21.598688379181475
      vertex 1.5986883791814732 4 -21.598688379181475
    endloop
  endfacet
  facet normal -0.77301045336274 0 0.6343932841636417
    outer loop
      vertex 1.5986883791814732 -4 -21.598688379181475
      vertex 1.879858660950843 -4 -21.25608139955493
      vertex 1.879858660950843 4 -21.25608139955493
    endloop
  endfacet
  facet normal -0.8819212643483536 0 0.4713967368260002
    outer loop
      vertex 1.879858660950843 -4 -21.25608139955493
      vertex 2.0887870286167542 -4 -20.86520391616206
      vertex 2.0887870286167542 4 -20.86520391616206
    endloop
  endfacet
  facet normal -0.956940335732209 0 0.2902846772544619
    outer loop
      vertex 2.0887870286167542 -4 -20.86520391616206
      vertex 2.217444482178185 -4 -20.441077131483024
      vertex 2.217444482178185 4 -20.441077131483024
    endloop
  endfacet
  facet normal -0.8819212643483536 0 -0.4713967368260002
    outer loop
      vertex 1.879858660950843 -4 -18.74391860044507
      vertex 1.879858660950843 4 -18.74391860044507
      vertex 2.0887870286167542 -4 -19.13479608383794
    endloop
  endfacet
  facet normal -0.956940335732209 0 -0.2902846772544619
    outer loop
      vertex 2.0887870286167542 -4 -19.13479608383794
      vertex 2.0887870286167542 4 -19.13479608383794
      vertex 2.217444482178185 -4 -19.558922868516976
    endloop
  endfacet
  facet normal -0.9951847266721968 0 0.09801714032956148
    outer loop
      vertex 2.217444482178185 -4 -20.441077131483024
      vertex 2.242595290723115 -4 -20.18571668694022
      vertex 2.217444482178185 4 -20.441077131483024
    endloop
  endfacet
  facet normal -0.9951847266721969 0 -0.0980171403295602
    outer loop
      vertex 2.2357359793017704 -4 -19.744639555457198
      vertex 2.217444482178185 -4 -19.558922868516976
      vertex 2.217444482178185 4 -19.558922868516976
    endloop
  endfacet
  facet normal -0.6343932841636457 0 -0.7730104533627368
    outer loop
      vertex 1.2560813995549314 -4 -18.120141339049155
      vertex 1.2560813995549314 4 -18.120141339049155
      vertex 1.5986883791814732 -4 -18.401311620818525
    endloop
  endfacet
  facet normal -0.77301045336274 0 -0.6343932841636417
    outer loop
      vertex 1.5986883791814732 -4 -18.401311620818525
      vertex 1.5986883791814732 4 -18.401311620818525
      vertex 1.879858660950843 -4 -18.74391860044507
    endloop
  endfacet
  facet normal -0.09801714032956411 0 0.9951847266721966
    outer loop
      vertex 0 -4 -22.2608867878467
      vertex 0.44107713148302263 4 -22.217444482178184
      vertex 0 4 -22.2608867878467
    endloop
  endfacet
  facet normal -0.29028467725446216 0 0.9569403357322089
    outer loop
      vertex 0.44107713148302263 -4 -22.217444482178184
      vertex 0.8652039161620579 4 -22.088787028616753
      vertex 0.44107713148302263 4 -22.217444482178184
    endloop
  endfacet
  facet normal -0.47139673682599265 0 0.8819212643483577
    outer loop
      vertex 0.8652039161620579 -4 -22.088787028616753
      vertex 1.2560813995549314 4 -21.879858660950845
      vertex 0.8652039161620579 4 -22.088787028616753
    endloop
  endfacet
  facet normal -0.09801714032956411 0 -0.9951847266721966
    outer loop
      vertex 0.44107713148302263 -4 -17.782555517821816
      vertex 0 4 -17.7391132121533
      vertex 0.44107713148302263 4 -17.782555517821816
    endloop
  endfacet
  facet normal -0.29028467725446216 0 -0.9569403357322089
    outer loop
      vertex 0.8652039161620579 -4 -17.911212971383247
      vertex 0.44107713148302263 4 -17.782555517821816
      vertex 0.8652039161620579 4 -17.911212971383247
    endloop
  endfacet
  facet normal -0.47139673682599265 0 -0.8819212643483577
    outer loop
      vertex 1.2560813995549314 -4 -18.120141339049155
      vertex 0.8652039161620579 4 -17.911212971383247
      vertex 1.2560813995549314 4 -18.120141339049155
    endloop
  endfacet
  facet normal -0.6343932841636457 0 0.7730104533627368
    outer loop
      vertex 1.2560813995549314 -4 -21.879858660950845
      vertex 1.5986883791814732 4 -21.598688379181475
      vertex 1.2560813995549314 4 -21.879858660950845
    endloop
  endfacet
  facet normal -0.77301045336274 0 0.6343932841636417
    outer loop
      vertex 1.5986883791814732 -4 -21.598688379181475
      vertex 1.879858660950843 4 -21.25608139955493
      vertex 1.5986883791814732 4 -21.598688379181475
    endloop
  endfacet
  facet normal -0.8819212643483536 0 0.4713967368260002
    outer loop
      vertex 1.879858660950843 -4 -21.25608139955493
      vertex 2.0887870286167542 4 -20.86520391616206
      vertex 1.879858660950843 4 -21.25608139955493
    endloop
  endfacet
  facet normal -0.956940335732209 0 0.2902846772544619
    outer loop
      vertex 2.0887870286167542 -4 -20.86520391616206
      vertex 2.217444482178185 4 -20.441077131483024
      vertex 2.0887870286167542 4 -20.86520391616206
    endloop
  endfacet
  facet normal -0.8819212643483536 0 -0.4713967368260002
    outer loop
      vertex 2.0887870286167542 -4 -19.13479608383794
      vertex 1.879858660950843 4 -18.74391860044507
      vertex 2.0887870286167542 4 -19.13479608383794
    endloop
  endfacet
  facet normal -0.956940335732209 0 -0.2902846772544619
    outer loop
      vertex 2.217444482178185 -4 -19.558922868516976
      vertex 2.0887870286167542 4 -19.13479608383794
      vertex 2.217444482178185 4 -19.558922868516976
    endloop
  endfacet
  facet normal -0.9951847266721968 -1.7368318818269573e-17 0.09801714032956094
    outer loop
      vertex 2.242595290723115 -4 -20.18571668694022
      vertex 2.2608867878467005 4 -20
      vertex 2.217444482178185 4 -20.441077131483024
    endloop
  endfacet
  facet normal -0.9951847266721968 2.9894190232341817e-17 -0.09801714032956148
    outer loop
      vertex 2.2357359793017704 -4 -19.744639555457198
      vertex 2.217444482178185 4 -19.558922868516976
      vertex 2.242595290723115 4 -19.81428331305978
    endloop
  endfacet
  facet normal -0.6343932841636457 0 -0.7730104533627368
    outer loop
      vertex 1.5986883791814732 -4 -18.401311620818525
      vertex 1.2560813995549314 4 -18.120141339049155
      vertex 1.5986883791814732 4 -18.401311620818525
    endloop
  endfacet
  facet normal -0.77301045336274 0 -0.6343932841636417
    outer loop
      vertex 1.879858660950843 -4 -18.74391860044507
      vertex 1.5986883791814732 4 -18.401311620818525
      vertex 1.879858660950843 4 -18.74391860044507
    endloop
  endfacet
  facet normal 0.9951847266721968 0 0.09801714032956113
    outer loop
      vertex -2.217444482178185 -4 -0.44107713148302263
      vertex -2.217444482178185 4 -0.44107713148302263
      vertex -2.2608867878467005 -4 0
    endloop
  endfacet
  facet normal 0.8819212643483552 0 0.4713967368259973
    outer loop
      vertex -2.0887870286167542 -4 -0.8652039161620579
      vertex -1.879858660950843 -4 -1.2560813995549314
      vertex -1.879858660950843 4 -1.2560813995549314
    endloop
  endfacet
  facet normal 0.9569403357322089 0 0.29028467725446216
    outer loop
      vertex -2.217444482178185 -4 -0.44107713148302263
      vertex -2.0887870286167542 -4 -0.8652039161620579
      vertex -2.0887870286167542 4 -0.8652039161620579
    endloop
  endfacet
  facet normal 0.7730104533627371 0 0.6343932841636454
    outer loop
      vertex -1.879858660950843 -4 -1.2560813995549314
      vertex -1.5986883791814732 -4 -1.5986883791814732
      vertex -1.5986883791814732 4 -1.5986883791814732
    endloop
  endfacet
  facet normal 0.6343932841636454 0 0.7730104533627371
    outer loop
      vertex -1.5986883791814732 -4 -1.5986883791814732
      vertex -1.2560813995549314 -4 -1.879858660950843
      vertex -1.2560813995549314 4 -1.879858660950843
    endloop
  endfacet
  facet normal 0.4713967368259973 0 0.8819212643483552
    outer loop
      vertex -1.2560813995549314 -4 -1.879858660950843
      vertex -0.8652039161620579 -4 -2.0887870286167542
      vertex -0.8652039161620579 4 -2.0887870286167542
    endloop
  endfacet
  facet normal 0.29028467725446216 0 0.9569403357322089
    outer loop
      vertex -0.8652039161620579 -4 -2.0887870286167542
      vertex -0.44107713148302263 -4 -2.217444482178185
      vertex -0.44107713148302263 4 -2.217444482178185
    endloop
  endfacet
  facet normal 0.09801714032956113 0 0.9951847266721968
    outer loop
      vertex -0.44107713148302263 -4 -2.217444482178185
      vertex 0 -4 -2.2608867878467005
      vertex 0 4 -2.2608867878467005
    endloop
  endfacet
  facet normal 0.9951847266721968 0 -0.09801714032956131
    outer loop
      vertex -2.242595290723115 -4 0.18571668694022003
      vertex -2.217444482178185 4 0.44107713148302263
      vertex -2.217444482178185 -4 0.44107713148302263
    endloop
  endfacet
  facet normal 0.9569403357322089 0 -0.29028467725446216
    outer loop
      vertex -2.217444482178185 -4 0.44107713148302263
      vertex -2.217444482178185 4 0.44107713148302263
      vertex -2.0887870286167542 -4 0.8652039161620579
    endloop
  endfacet
  facet normal 0.8819212643483552 0 -0.4713967368259973
    outer loop
      vertex -2.0887870286167542 -4 0.8652039161620579
      vertex -2.0887870286167542 4 0.8652039161620579
      vertex -1.879858660950843 -4 1.2560813995549314
    endloop
  endfacet
  facet normal 0.7730104533627371 0 -0.6343932841636454
    outer loop
      vertex -1.879858660950843 -4 1.2560813995549314
      vertex -1.879858660950843 4 1.2560813995549314
      vertex -1.5986883791814732 -4 1.5986883791814732
    endloop
  endfacet
  facet normal 0.6343932841636454 0 -0.7730104533627371
    outer loop
      vertex -1.5986883791814732 -4 1.5986883791814732
      vertex -1.5986883791814732 4 1.5986883791814732
      vertex -1.2560813995549314 -4 1.879858660950843
    endloop
  endfacet
  facet normal 0.4713967368259973 0 -0.8819212643483552
    outer loop
      vertex -1.2560813995549314 -4 1.879858660950843
      vertex -1.2560813995549314 4 1.879858660950843
      vertex -0.8652039161620579 -4 2.0887870286167542
    endloop
  endfacet
  facet normal 0.29028467725446216 0 -0.9569403357322089
    outer loop
      vertex -0.8652039161620579 -4 2.0887870286167542
      vertex -0.8652039161620579 4 2.0887870286167542
      vertex -0.44107713148302263 -4 2.217444482178185
    endloop
  endfacet
  facet normal 0.09801714032956113 0 -0.9951847266721968
    outer loop
      vertex -0.44107713148302263 -4 2.217444482178185
      vertex -0.44107713148302263 4 2.217444482178185
      vertex 0 -4 2.2608867878467005
    endloop
  endfacet
  facet normal 0.9951847266721968 0 0.09801714032956113
    outer loop
      vertex -2.2608867878467005 -4 0
      vertex -2.217444482178185 4 -0.44107713148302263
      vertex -2.2608867878467005 4 0
    endloop
  endfacet
  facet normal 0.8819212643483552 0 0.4713967368259973
    outer loop
      vertex -2.0887870286167542 -4 -0.8652039161620579
      vertex -1.879858660950843 4 -1.2560813995549314
      vertex -2.0887870286167542 4 -0.8652039161620579
    endloop
  endfacet
  facet normal 0.9569403357322089 0 0.29028467725446216
    outer loop
      vertex -2.217444482178185 -4 -0.44107713148302263
      vertex -2.0887870286167542 4 -0.8652039161620579
      vertex -2.217444482178185 4 -0.44107713148302263
    endloop
  endfacet
  facet normal 0.7730104533627371 0 0.6343932841636454
    outer loop
      vertex -1.879858660950843 -4 -1.2560813995549314
      vertex -1.5986883791814732 4 -1.5986883791814732
      vertex -1.879858660950843 4 -1.2560813995549314
    endloop
  endfacet
  facet normal 0.6343932841636454 0 0.7730104533627371
    outer loop
      vertex -1.5986883791814732 -4 -1.5986883791814732
      vertex -1.2560813995549314 4 -1.879858660950843
      vertex -1.5986883791814732 4 -1.5986883791814732
    endloop
  endfacet
  facet normal 0.4713967368259973 0 0.8819212643483552
    outer loop
      vertex -1.2560813995549314 -4 -1.879858660950843
      vertex -0.8652039161620579 4 -2.0887870286167542
      vertex -1.2560813995549314 4 -1.879858660950843
    endloop
  endfacet
  facet normal 0.29028467725446216 0 0.9569403357322089
    outer loop
      vertex -0.8652039161620579 -4 -2.0887870286167542
      vertex -0.44107713148302263 4 -2.217444482178185
      vertex -0.8652039161620579 4 -2.0887870286167542
    endloop
  endfacet
  facet normal 0.09801714032956113 0 0.9951847266721968
    outer loop
      vertex -0.44107713148302263 -4 -2.217444482178185
      vertex 0 4 -2.2608867878467005
      vertex -0.44107713148302263 4 -2.217444482178185
    endloop
  endfacet
  facet normal 0.9951847266721968 -5.381732591576498e-18 -0.09801714032956113
    outer loop
      vertex -2.242595290723115 -4 0.18571668694022003
      vertex -2.2608867878467005 4 0
      vertex -2.217444482178185 4 0.44107713148302263
    endloop
  endfacet
  facet normal 0.9569403357322089 0 -0.29028467725446216
    outer loop
      vertex -2.0887870286167542 -4 0.8652039161620579
      vertex -2.217444482178185 4 0.44107713148302263
      vertex -2.0887870286167542 4 0.8652039161620579
    endloop
  endfacet
  facet normal 0.8819212643483552 0 -0.4713967368259973
    outer loop
      vertex -1.879858660950843 -4 1.2560813995549314
      vertex -2.0887870286167542 4 0.8652039161620579
      vertex -1.879858660950843 4 1.2560813995549314
    endloop
  endfacet
  facet normal 0.7730104533627371 0 -0.6343932841636454
    outer loop
      vertex -1.5986883791814732 -4 1.5986883791814732
      vertex -1.879858660950843 4 1.2560813995549314
      vertex -1.5986883791814732 4 1.5986883791814732
    endloop
  endfacet
  facet normal 0.6343932841636454 0 -0.7730104533627371
    outer loop
      vertex -1.2560813995549314 -4 1.879858660950843
      vertex -1.5986883791814732 4 1.5986883791814732
      vertex -1.2560813995549314 4 1.879858660950843
    endloop
  endfacet
  facet normal 0.4713967368259973 0 -0.8819212643483552
    outer loop
      vertex -0.8652039161620579 -4 2.0887870286167542
      vertex -1.2560813995549314 4 1.879858660950843
      vertex -0.8652039161620579 4 2.0887870286167542
    endloop
  endfacet
  facet normal 0.29028467725446216 0 -0.9569403357322089
    outer loop
      vertex -0.44107713148302263 -4 2.217444482178185
      vertex -0.8652039161620579 4 2.0887870286167542
      vertex -0.44107713148302263 4 2.217444482178185
    endloop
  endfacet
  facet normal 0.09801714032956113 0 -0.9951847266721968
    outer loop
      vertex -0.44107713148302263 4 2.217444482178185
      vertex 0 4 2.2608867878467005
      vertex 0 -4 2.2608867878467005
    endloop
  endfacet
  facet normal -0.09801714032956113 0 0.9951847266721968
    outer loop
      vertex 0 -4 -2.2608867878467005
      vertex 0.44107713148302263 -4 -2.217444482178185
      vertex 0.44107713148302263 4 -2.217444482178185
    endloop
  endfacet
  facet normal -0.29028467725446216 0 0.9569403357322089
    outer loop
      vertex 0.44107713148302263 -4 -2.217444482178185
      vertex 0.8652039161620579 -4 -2.0887870286167542
      vertex 0.8652039161620579 4 -2.0887870286167542
    endloop
  endfacet
  facet normal -0.4713967368259973 0 0.8819212643483552
    outer loop
      vertex 0.8652039161620579 -4 -2.0887870286167542
      vertex 1.2560813995549314 -4 -1.879858660950843
      vertex 1.2560813995549314 4 -1.879858660950843
    endloop
  endfacet
  facet normal -0.6343932841636454 0 0.7730104533627371
    outer loop
      vertex 1.2560813995549314 -4 -1.879858660950843
      vertex 1.5986883791814732 -4 -1.5986883791814732
      vertex 1.5986883791814732 4 -1.5986883791814732
    endloop
  endfacet
  facet normal -0.7730104533627371 0 0.6343932841636454
    outer loop
      vertex 1.5986883791814732 -4 -1.5986883791814732
      vertex 1.879858660950843 -4 -1.2560813995549314
      vertex 1.879858660950843 4 -1.2560813995549314
    endloop
  endfacet
  facet normal -0.8819212643483552 0 0.4713967368259973
    outer loop
      vertex 1.879858660950843 -4 -1.2560813995549314
      vertex 2.0887870286167542 -4 -0.8652039161620579
      vertex 2.0887870286167542 4 -0.8652039161620579
    endloop
  endfacet
  facet normal -0.9569403357322089 0 0.29028467725446216
    outer loop
      vertex 2.0887870286167542 -4 -0.8652039161620579
      vertex 2.217444482178185 -4 -0.44107713148302263
      vertex 2.217444482178185 4 -0.44107713148302263
    endloop
  endfacet
  facet normal -0.9951847266721968 0 0.09801714032956131
    outer loop
      vertex 2.217444482178185 -4 -0.44107713148302263
      vertex 2.242595290723115 -4 -0.18571668694022003
      vertex 2.217444482178185 4 -0.44107713148302263
    endloop
  endfacet
  facet normal -0.09801714032956113 0 -0.9951847266721968
    outer loop
      vertex 0 -4 2.2608867878467005
      vertex 0 4 2.2608867878467005
      vertex 0.44107713148302263 -4 2.217444482178185
    endloop
  endfacet
  facet normal -0.29028467725446216 0 -0.9569403357322089
    outer loop
      vertex 0.44107713148302263 -4 2.217444482178185
      vertex 0.44107713148302263 4 2.217444482178185
      vertex 0.8652039161620579 -4 2.0887870286167542
    endloop
  endfacet
  facet normal -0.4713967368259973 0 -0.8819212643483552
    outer loop
      vertex 0.8652039161620579 -4 2.0887870286167542
      vertex 0.8652039161620579 4 2.0887870286167542
      vertex 1.2560813995549314 -4 1.879858660950843
    endloop
  endfacet
  facet normal -0.6343932841636454 0 -0.7730104533627371
    outer loop
      vertex 1.2560813995549314 -4 1.879858660950843
      vertex 1.2560813995549314 4 1.879858660950843
      vertex 1.5986883791814732 -4 1.5986883791814732
    endloop
  endfacet
  facet normal -0.7730104533627371 0 -0.6343932841636454
    outer loop
      vertex 1.5986883791814732 -4 1.5986883791814732
      vertex 1.5986883791814732 4 1.5986883791814732
      vertex 1.879858660950843 -4 1.2560813995549314
    endloop
  endfacet
  facet normal -0.9569403357322089 0 -0.29028467725446216
    outer loop
      vertex 2.0887870286167542 -4 0.8652039161620579
      vertex 2.0887870286167542 4 0.8652039161620579
      vertex 2.217444482178185 -4 0.44107713148302263
    endloop
  endfacet
  facet normal -0.8819212643483552 0 -0.4713967368259973
    outer loop
      vertex 1.879858660950843 -4 1.2560813995549314
      vertex 1.879858660950843 4 1.2560813995549314
      vertex 2.0887870286167542 -4 0.8652039161620579
    endloop
  endfacet
  facet normal -0.9951847266721968 0 -0.09801714032956113
    outer loop
      vertex 2.217444482178185 -4 0.44107713148302263
      vertex 2.217444482178185 4 0.44107713148302263
      vertex 2.2608867878467005 -4 0
    endloop
  endfacet
  facet normal -0.09801714032956113 0 0.9951847266721968
    outer loop
      vertex 0 -4 -2.2608867878467005
      vertex 0.44107713148302263 4 -2.217444482178185
      vertex 0 4 -2.2608867878467005
    endloop
  endfacet
  facet normal -0.29028467725446216 0 0.9569403357322089
    outer loop
      vertex 0.44107713148302263 -4 -2.217444482178185
      vertex 0.8652039161620579 4 -2.0887870286167542
      vertex 0.44107713148302263 4 -2.217444482178185
    endloop
  endfacet
  facet normal -0.4713967368259973 0 0.8819212643483552
    outer loop
      vertex 0.8652039161620579 -4 -2.0887870286167542
      vertex 1.2560813995549314 4 -1.879858660950843
      vertex 0.8652039161620579 4 -2.0887870286167542
    endloop
  endfacet
  facet normal -0.6343932841636454 0 0.7730104533627371
    outer loop
      vertex 1.2560813995549314 -4 -1.879858660950843
      vertex 1.5986883791814732 4 -1.5986883791814732
      vertex 1.2560813995549314 4 -1.879858660950843
    endloop
  endfacet
  facet normal -0.7730104533627371 0 0.6343932841636454
    outer loop
      vertex 1.5986883791814732 -4 -1.5986883791814732
      vertex 1.879858660950843 4 -1.2560813995549314
      vertex 1.5986883791814732 4 -1.5986883791814732
    endloop
  endfacet
  facet normal -0.8819212643483552 0 0.4713967368259973
    outer loop
      vertex 1.879858660950843 -4 -1.2560813995549314
      vertex 2.0887870286167542 4 -0.8652039161620579
      vertex 1.879858660950843 4 -1.2560813995549314
    endloop
  endfacet
  facet normal -0.9569403357322089 0 0.29028467725446216
    outer loop
      vertex 2.0887870286167542 -4 -0.8652039161620579
      vertex 2.217444482178185 4 -0.44107713148302263
      vertex 2.0887870286167542 4 -0.8652039161620579
    endloop
  endfacet
  facet normal -0.9951847266721968 -5.381732591576498e-18 0.09801714032956113
    outer loop
      vertex 2.242595290723115 -4 -0.18571668694022003
      vertex 2.2608867878467005 4 0
      vertex 2.217444482178185 4 -0.44107713148302263
    endloop
  endfacet
  facet normal -0.09801714032956113 0 -0.9951847266721968
    outer loop
      vertex 0.44107713148302263 -4 2.217444482178185
      vertex 0 4 2.2608867878467005
      vertex 0.44107713148302263 4 2.217444482178185
    endloop
  endfacet
  facet normal -0.29028467725446216 0 -0.9569403357322089
    outer loop
      vertex 0.8652039161620579 -4 2.0887870286167542
      vertex 0.44107713148302263 4 2.217444482178185
      vertex 0.8652039161620579 4 2.0887870286167542
    endloop
  endfacet
  facet normal -0.4713967368259973 0 -0.8819212643483552
    outer loop
      vertex 1.2560813995549314 -4 1.879858660950843
      vertex 0.8652039161620579 4 2.0887870286167542
      vertex 1.2560813995549314 4 1.879858660950843
    endloop
  endfacet
  facet normal -0.6343932841636454 0 -0.7730104533627371
    outer loop
      vertex 1.5986883791814732 -4 1.5986883791814732
      vertex 1.2560813995549314 4 1.879858660950843
      vertex 1.5986883791814732 4 1.5986883791814732
    endloop
  endfacet
  facet normal -0.7730104533627371 0 -0.6343932841636454
    outer loop
      vertex 1.879858660950843 -4 1.2560813995549314
      vertex 1.5986883791814732 4 1.5986883791814732
      vertex 1.879858660950843 4 1.2560813995549314
    endloop
  endfacet
  facet normal -0.9569403357322089 0 -0.29028467725446216
    outer loop
      vertex 2.217444482178185 -4 0.44107713148302263
      vertex 2.0887870286167542 4 0.8652039161620579
      vertex 2.217444482178185 4 0.44107713148302263
    endloop
  endfacet
  facet normal -0.8819212643483552 0 -0.4713967368259973
    outer loop
      vertex 2.0887870286167542 -4 0.8652039161620579
      vertex 1.879858660950843 4 1.2560813995549314
      vertex 2.0887870286167542 4 0.8652039161620579
    endloop
  endfacet
  facet normal -0.9951847266721968 0 -0.09801714032956113
    outer loop
      vertex 2.2608867878467005 -4 0
      vertex 2.217444482178185 4 0.44107713148302263
      vertex 2.2608867878467005 4 0
    endloop
  endfacet
  facet normal 0.77301045336274 0 0.6343932841636417
    outer loop
      vertex -1.879858660950843 -4 18.74391860044507
      vertex -1.5986883791814732 -4 18.401311620818525
      vertex -1.5986883791814732 4 18.401311620818525
    endloop
  endfacet
  facet normal 0.6343932841636457 0 0.7730104533627368
    outer loop
      vertex -1.5986883791814732 -4 18.401311620818525
      vertex -1.2560813995549314 -4 18.120141339049155
      vertex -1.2560813995549314 4 18.120141339049155
    endloop
  endfacet
  facet normal 0.9951847266721968 0 0.09801714032956094
    outer loop
      vertex -2.217444482178185 -4 19.558922868516976
      vertex -2.217444482178185 4 19.558922868516976
      vertex -2.2608867878467005 -4 20
    endloop
  endfacet
  facet normal 0.9951847266721968 -2.9788557051308804e-17 -0.09801714032956148
    outer loop
      vertex -2.242595290723115 -4 20.18571668694022
      vertex -2.2357359793017704 4 20.255360444542802
      vertex -2.217444482178185 -4 20.441077131483024
    endloop
  endfacet
  facet normal 0.956940335732209 0 0.2902846772544619
    outer loop
      vertex -2.217444482178185 -4 19.558922868516976
      vertex -2.0887870286167542 -4 19.13479608383794
      vertex -2.0887870286167542 4 19.13479608383794
    endloop
  endfacet
  facet normal 0.8819212643483536 0 0.4713967368260002
    outer loop
      vertex -2.0887870286167542 -4 19.13479608383794
      vertex -1.879858660950843 -4 18.74391860044507
      vertex -1.879858660950843 4 18.74391860044507
    endloop
  endfacet
  facet normal 0.956940335732209 0 -0.2902846772544619
    outer loop
      vertex -2.217444482178185 -4 20.441077131483024
      vertex -2.217444482178185 4 20.441077131483024
      vertex -2.0887870286167542 -4 20.86520391616206
    endloop
  endfacet
  facet normal 0.8819212643483536 0 -0.4713967368260002
    outer loop
      vertex -2.0887870286167542 -4 20.86520391616206
      vertex -2.0887870286167542 4 20.86520391616206
      vertex -1.879858660950843 -4 21.25608139955493
    endloop
  endfacet
  facet normal 0.77301045336274 0 -0.6343932841636417
    outer loop
      vertex -1.879858660950843 -4 21.25608139955493
      vertex -1.879858660950843 4 21.25608139955493
      vertex -1.5986883791814732 -4 21.598688379181475
    endloop
  endfacet
  facet normal 0.6343932841636457 0 -0.7730104533627368
    outer loop
      vertex -1.5986883791814732 -4 21.598688379181475
      vertex -1.5986883791814732 4 21.598688379181475
      vertex -1.2560813995549314 -4 21.879858660950845
    endloop
  endfacet
  facet normal 0.47139673682599265 0 0.8819212643483577
    outer loop
      vertex -1.2560813995549314 -4 18.120141339049155
      vertex -0.8652039161620579 -4 17.911212971383247
      vertex -0.8652039161620579 4 17.911212971383247
    endloop
  endfacet
  facet normal 0.29028467725446216 0 0.9569403357322089
    outer loop
      vertex -0.8652039161620579 -4 17.911212971383247
      vertex -0.44107713148302263 -4 17.782555517821816
      vertex -0.44107713148302263 4 17.782555517821816
    endloop
  endfacet
  facet normal 0.09801714032956411 0 0.9951847266721966
    outer loop
      vertex -0.44107713148302263 -4 17.782555517821816
      vertex 0 -4 17.7391132121533
      vertex 0 4 17.7391132121533
    endloop
  endfacet
  facet normal 0.47139673682599265 0 -0.8819212643483577
    outer loop
      vertex -1.2560813995549314 -4 21.879858660950845
      vertex -1.2560813995549314 4 21.879858660950845
      vertex -0.8652039161620579 -4 22.088787028616753
    endloop
  endfacet
  facet normal 0.29028467725446216 0 -0.9569403357322089
    outer loop
      vertex -0.8652039161620579 -4 22.088787028616753
      vertex -0.8652039161620579 4 22.088787028616753
      vertex -0.44107713148302263 -4 22.217444482178184
    endloop
  endfacet
  facet normal 0.09801714032956411 0 -0.9951847266721966
    outer loop
      vertex -0.44107713148302263 -4 22.217444482178184
      vertex -0.44107713148302263 4 22.217444482178184
      vertex 0 -4 22.2608867878467
    endloop
  endfacet
  facet normal 0.77301045336274 0 0.6343932841636417
    outer loop
      vertex -1.879858660950843 -4 18.74391860044507
      vertex -1.5986883791814732 4 18.401311620818525
      vertex -1.879858660950843 4 18.74391860044507
    endloop
  endfacet
  facet normal 0.6343932841636457 0 0.7730104533627368
    outer loop
      vertex -1.5986883791814732 -4 18.401311620818525
      vertex -1.2560813995549314 4 18.120141339049155
      vertex -1.5986883791814732 4 18.401311620818525
    endloop
  endfacet
  facet normal 0.9951847266721968 0 0.09801714032956094
    outer loop
      vertex -2.2608867878467005 -4 20
      vertex -2.217444482178185 4 19.558922868516976
      vertex -2.2608867878467005 4 20
    endloop
  endfacet
  facet normal 0.9951847266721969 0 -0.0980171403295602
    outer loop
      vertex -2.217444482178185 -4 20.441077131483024
      vertex -2.2357359793017704 4 20.255360444542802
      vertex -2.217444482178185 4 20.441077131483024
    endloop
  endfacet
  facet normal 0.956940335732209 0 0.2902846772544619
    outer loop
      vertex -2.217444482178185 -4 19.558922868516976
      vertex -2.0887870286167542 4 19.13479608383794
      vertex -2.217444482178185 4 19.558922868516976
    endloop
  endfacet
  facet normal 0.8819212643483536 0 0.4713967368260002
    outer loop
      vertex -2.0887870286167542 -4 19.13479608383794
      vertex -1.879858660950843 4 18.74391860044507
      vertex -2.0887870286167542 4 19.13479608383794
    endloop
  endfacet
  facet normal 0.956940335732209 0 -0.2902846772544619
    outer loop
      vertex -2.0887870286167542 -4 20.86520391616206
      vertex -2.217444482178185 4 20.441077131483024
      vertex -2.0887870286167542 4 20.86520391616206
    endloop
  endfacet
  facet normal 0.8819212643483536 0 -0.4713967368260002
    outer loop
      vertex -1.879858660950843 -4 21.25608139955493
      vertex -2.0887870286167542 4 20.86520391616206
      vertex -1.879858660950843 4 21.25608139955493
    endloop
  endfacet
  facet normal 0.77301045336274 0 -0.6343932841636417
    outer loop
      vertex -1.5986883791814732 -4 21.598688379181475
      vertex -1.879858660950843 4 21.25608139955493
      vertex -1.5986883791814732 4 21.598688379181475
    endloop
  endfacet
  facet normal 0.6343932841636457 0 -0.7730104533627368
    outer loop
      vertex -1.2560813995549314 -4 21.879858660950845
      vertex -1.5986883791814732 4 21.598688379181475
      vertex -1.2560813995549314 4 21.879858660950845
    endloop
  endfacet
  facet normal 0.47139673682599265 0 0.8819212643483577
    outer loop
      vertex -1.2560813995549314 -4 18.120141339049155
      vertex -0.8652039161620579 4 17.911212971383247
      vertex -1.2560813995549314 4 18.120141339049155
    endloop
  endfacet
  facet normal 0.29028467725446216 0 0.9569403357322089
    outer loop
      vertex -0.8652039161620579 -4 17.911212971383247
      vertex -0.44107713148302263 4 17.782555517821816
      vertex -0.8652039161620579 4 17.911212971383247
    endloop
  endfacet
  facet normal 0.09801714032956411 0 0.9951847266721966
    outer loop
      vertex -0.44107713148302263 -4 17.782555517821816
      vertex 0 4 17.7391132121533
      vertex -0.44107713148302263 4 17.782555517821816
    endloop
  endfacet
  facet normal 0.47139673682599265 0 -0.8819212643483577
    outer loop
      vertex -0.8652039161620579 -4 22.088787028616753
      vertex -1.2560813995549314 4 21.879858660950845
      vertex -0.8652039161620579 4 22.088787028616753
    endloop
  endfacet
  facet normal 0.29028467725446216 0 -0.9569403357322089
    outer loop
      vertex -0.44107713148302263 -4 22.217444482178184
      vertex -0.8652039161620579 4 22.088787028616753
      vertex -0.44107713148302263 4 22.217444482178184
    endloop
  endfacet
  facet normal 0.09801714032956411 0 -0.9951847266721966
    outer loop
      vertex -0.44107713148302263 4 22.217444482178184
      vertex 0 4 22.2608867878467
      vertex 0 -4 22.2608867878467
    endloop
  endfacet
  facet normal -0.09801714032956411 0 0.9951847266721966
    outer loop
      vertex 0 -4 17.7391132121533
      vertex 0.44107713148302263 -4 17.782555517821816
      vertex 0.44107713148302263 4 17.782555517821816
    endloop
  endfacet
  facet normal -0.29028467725446216 0 0.9569403357322089
    outer loop
      vertex 0.44107713148302263 -4 17.782555517821816
      vertex 0.8652039161620579 -4 17.911212971383247
      vertex 0.8652039161620579 4 17.911212971383247
    endloop
  endfacet
  facet normal -0.47139673682599265 0 0.8819212643483577
    outer loop
      vertex 0.8652039161620579 -4 17.911212971383247
      vertex 1.2560813995549314 -4 18.120141339049155
      vertex 1.2560813995549314 4 18.120141339049155
    endloop
  endfacet
  facet normal -0.09801714032956411 0 -0.9951847266721966
    outer loop
      vertex 0 -4 22.2608867878467
      vertex 0 4 22.2608867878467
      vertex 0.44107713148302263 -4 22.217444482178184
    endloop
  endfacet
  facet normal -0.29028467725446216 0 -0.9569403357322089
    outer loop
      vertex 0.44107713148302263 -4 22.217444482178184
      vertex 0.44107713148302263 4 22.217444482178184
      vertex 0.8652039161620579 -4 22.088787028616753
    endloop
  endfacet
  facet normal -0.47139673682599265 0 -0.8819212643483577
    outer loop
      vertex 0.8652039161620579 -4 22.088787028616753
      vertex 0.8652039161620579 4 22.088787028616753
      vertex 1.2560813995549314 -4 21.879858660950845
    endloop
  endfacet
  facet normal -0.6343932841636457 0 0.7730104533627368
    outer loop
      vertex 1.2560813995549314 -4 18.120141339049155
      vertex 1.5986883791814732 -4 18.401311620818525
      vertex 1.5986883791814732 4 18.401311620818525
    endloop
  endfacet
  facet normal -0.77301045336274 0 0.6343932841636417
    outer loop
      vertex 1.5986883791814732 -4 18.401311620818525
      vertex 1.879858660950843 -4 18.74391860044507
      vertex 1.879858660950843 4 18.74391860044507
    endloop
  endfacet
  facet normal -0.6343932841636457 0 -0.7730104533627368
    outer loop
      vertex 1.2560813995549314 -4 21.879858660950845
      vertex 1.2560813995549314 4 21.879858660950845
      vertex 1.5986883791814732 -4 21.598688379181475
    endloop
  endfacet
  facet normal -0.77301045336274 0 -0.6343932841636417
    outer loop
      vertex 1.879858660950843 -4 21.25608139955493
      vertex 1.5986883791814732 -4 21.598688379181475
      vertex 1.5986883791814732 4 21.598688379181475
    endloop
  endfacet
  facet normal -0.8819212643483536 0 0.4713967368260002
    outer loop
      vertex 1.879858660950843 -4 18.74391860044507
      vertex 2.0887870286167542 -4 19.13479608383794
      vertex 2.0887870286167542 4 19.13479608383794
    endloop
  endfacet
  facet normal -0.956940335732209 0 0.2902846772544619
    outer loop
      vertex 2.0887870286167542 -4 19.13479608383794
      vertex 2.217444482178185 -4 19.558922868516976
      vertex 2.217444482178185 4 19.558922868516976
    endloop
  endfacet
  facet normal -0.9951847266721968 -2.999982341337483e-17 0.09801714032956148
    outer loop
      vertex 2.217444482178185 -4 19.558922868516976
      vertex 2.242595290723115 -4 19.81428331305978
      vertex 2.2357359793017704 4 19.744639555457198
    endloop
  endfacet
  facet normal -0.9951847266721968 0 -0.09801714032956094
    outer loop
      vertex 2.217444482178185 -4 20.441077131483024
      vertex 2.217444482178185 4 20.441077131483024
      vertex 2.2608867878467005 -4 20
    endloop
  endfacet
  facet normal -0.8819212643483536 0 -0.4713967368260002
    outer loop
      vertex 1.879858660950843 -4 21.25608139955493
      vertex 1.879858660950843 4 21.25608139955493
      vertex 2.0887870286167542 -4 20.86520391616206
    endloop
  endfacet
  facet normal -0.956940335732209 0 -0.2902846772544619
    outer loop
      vertex 2.0887870286167542 -4 20.86520391616206
      vertex 2.0887870286167542 4 20.86520391616206
      vertex 2.217444482178185 -4 20.441077131483024
    endloop
  endfacet
  facet normal -0.09801714032956411 0 0.9951847266721966
    outer loop
      vertex 0 -4 17.7391132121533
      vertex 0.44107713148302263 4 17.782555517821816
      vertex 0 4 17.7391132121533
    endloop
  endfacet
  facet normal -0.29028467725446216 0 0.9569403357322089
    outer loop
      vertex 0.44107713148302263 -4 17.782555517821816
      vertex 0.8652039161620579 4 17.911212971383247
      vertex 0.44107713148302263 4 17.782555517821816
    endloop
  endfacet
  facet normal -0.47139673682599265 0 0.8819212643483577
    outer loop
      vertex 0.8652039161620579 -4 17.911212971383247
      vertex 1.2560813995549314 4 18.120141339049155
      vertex 0.8652039161620579 4 17.911212971383247
    endloop
  endfacet
  facet normal -0.09801714032956411 0 -0.9951847266721966
    outer loop
      vertex 0.44107713148302263 -4 22.217444482178184
      vertex 0 4 22.2608867878467
      vertex 0.44107713148302263 4 22.217444482178184
    endloop
  endfacet
  facet normal -0.29028467725446216 0 -0.9569403357322089
    outer loop
      vertex 0.8652039161620579 -4 22.088787028616753
      vertex 0.44107713148302263 4 22.217444482178184
      vertex 0.8652039161620579 4 22.088787028616753
    endloop
  endfacet
  facet normal -0.47139673682599265 0 -0.8819212643483577
    outer loop
      vertex 1.2560813995549314 -4 21.879858660950845
      vertex 0.8652039161620579 4 22.088787028616753
      vertex 1.2560813995549314 4 21.879858660950845
    endloop
  endfacet
  facet normal -0.6343932841636457 0 0.7730104533627368
    outer loop
      vertex 1.2560813995549314 -4 18.120141339049155
      vertex 1.5986883791814732 4 18.401311620818525
      vertex 1.2560813995549314 4 18.120141339049155
    endloop
  endfacet
  facet normal -0.77301045336274 0 0.6343932841636417
    outer loop
      vertex 1.5986883791814732 -4 18.401311620818525
      vertex 1.879858660950843 4 18.74391860044507
      vertex 1.5986883791814732 4 18.401311620818525
    endloop
  endfacet
  facet normal -0.6343932841636457 0 -0.7730104533627368
    outer loop
      vertex 1.5986883791814732 -4 21.598688379181475
      vertex 1.2560813995549314 4 21.879858660950845
      vertex 1.5986883791814732 4 21.598688379181475
    endloop
  endfacet
  facet normal -0.77301045336274 0 -0.6343932841636417
    outer loop
      vertex 1.879858660950843 -4 21.25608139955493
      vertex 1.5986883791814732 4 21.598688379181475
      vertex 1.879858660950843 4 21.25608139955493
    endloop
  endfacet
  facet normal -0.8819212643483536 0 0.4713967368260002
    outer loop
      vertex 1.879858660950843 -4 18.74391860044507
      vertex 2.0887870286167542 4 19.13479608383794
      vertex 1.879858660950843 4 18.74391860044507
    endloop
  endfacet
  facet normal -0.956940335732209 0 0.2902846772544619
    outer loop
      vertex 2.0887870286167542 -4 19.13479608383794
      vertex 2.217444482178185 4 19.558922868516976
      vertex 2.0887870286167542 4 19.13479608383794
    endloop
  endfacet
  facet normal -0.956940335732209 0 -0.2902846772544619
    outer loop
      vertex 2.217444482178185 -4 20.441077131483024
      vertex 2.0887870286167542 4 20.86520391616206
      vertex 2.217444482178185 4 20.441077131483024
    endloop
  endfacet
  facet normal -0.9951847266721969 0 0.0980171403295602
    outer loop
      vertex 2.217444482178185 -4 19.558922868516976
      vertex 2.2357359793017704 4 19.744639555457198
      vertex 2.217444482178185 4 19.558922868516976
    endloop
  endfacet
  facet normal -0.9951847266721968 0 -0.09801714032956094
    outer loop
      vertex 2.2608867878467005 -4 20
      vertex 2.217444482178185 4 20.441077131483024
      vertex 2.2608867878467005 4 20
    endloop
  endfacet
  facet normal -0.8819212643483536 0 -0.4713967368260002
    outer loop
      vertex 2.0887870286167542 -4 20.86520391616206
      vertex 1.879858660950843 4 21.25608139955493
      vertex 2.0887870286167542 4 20.86520391616206
    endloop
  endfacet
  facet normal 0.9951847266721968 2.999982341337483e-17 0.09801714032956148
    outer loop
      vertex -2.2608867878467005 -4 -20
      vertex -2.2357359793017704 -4 -20.255360444542802
      vertex -2.242595290723115 4 -20.18571668694022
    endloop
  endfacet
  facet normal 0.9951847266721969 0 -0.0980171403295602
    outer loop
      vertex -2.2608867878467005 -4 -20
      vertex -2.2608867878467005 4 -20
      vertex -2.242595290723115 -4 -19.81428331305978
    endloop
  endfacet
  facet normal 0.9951847266721969 0 0.0980171403295602
    outer loop
      vertex -2.2608867878467005 -4 -20
      vertex -2.242595290723115 4 -20.18571668694022
      vertex -2.2608867878467005 4 -20
    endloop
  endfacet
  facet normal -0.9951847266721969 0 0.0980171403295602
    outer loop
      vertex 2.242595290723115 -4 -20.18571668694022
      vertex 2.2608867878467005 -4 -20
      vertex 2.2608867878467005 4 -20
    endloop
  endfacet
  facet normal -0.9951847266721968 2.9788557051308804e-17 -0.09801714032956148
    outer loop
      vertex 2.2357359793017704 -4 -19.744639555457198
      vertex 2.242595290723115 4 -19.81428331305978
      vertex 2.2608867878467005 -4 -20
    endloop
  endfacet
  facet normal -0.9951847266721969 0 -0.0980171403295602
    outer loop
      vertex 2.2608867878467005 -4 -20
      vertex 2.242595290723115 4 -19.81428331305978
      vertex 2.2608867878467005 4 -20
    endloop
  endfacet
  facet normal 0.9951847266721969 0 -0.0980171403295609
    outer loop
      vertex -2.2608867878467005 -4 0
      vertex -2.2608867878467005 4 0
      vertex -2.242595290723115 -4 0.18571668694022003
    endloop
  endfacet
  facet normal -0.9951847266721969 0 0.0980171403295609
    outer loop
      vertex 2.242595290723115 -4 -0.18571668694022003
      vertex 2.2608867878467005 -4 0
      vertex 2.2608867878467005 4 0
    endloop
  endfacet
  facet normal 0.9951847266721969 0 -0.0980171403295602
    outer loop
      vertex -2.2608867878467005 -4 20
      vertex -2.2608867878467005 4 20
      vertex -2.242595290723115 -4 20.18571668694022
    endloop
  endfacet
  facet normal 0.9951847266721968 -2.9894190232341817e-17 -0.09801714032956148
    outer loop
      vertex -2.242595290723115 -4 20.18571668694022
      vertex -2.2608867878467005 4 20
      vertex -2.2357359793017704 4 20.255360444542802
    endloop
  endfacet
  facet normal -0.9951847266721969 0 0.0980171403295602
    outer loop
      vertex 2.242595290723115 -4 19.81428331305978
      vertex 2.2608867878467005 -4 20
      vertex 2.2608867878467005 4 20
    endloop
  endfacet
  facet normal -0.9951847266721968 -2.9894190232341817e-17 0.09801714032956148
    outer loop
      vertex 2.242595290723115 -4 19.81428331305978
      vertex 2.2608867878467005 4 20
      vertex 2.2357359793017704 4 19.744639555457198
    endloop
  endfacet
  facet normal 0 1 0
    outer loop
      vertex -6.129908002520191 4 -21.219314512600803
      vertex -6.129908002520191 4 -18.780685487399197
      vertex -5.774247078195542 4 -22.391771452281812
    endloop
  endfacet
  facet normal 0 1 0
    outer loop
      vertex -6.129908002520191 4 -21.219314512600803
      vertex -6.25 4 -20
      vertex -6.129908002520191 4 -18.780685487399197
    endloop
  endfacet
  facet normal 0 1 0
    outer loop
      vertex -5.774247078195542 4 -22.391771452281812
      vertex -6.129908002520191 4 -18.780685487399197
      vertex -5.774247078195542 4 -17.608228547718188
    endloop
  endfacet
  facet normal 0 1 0
    outer loop
      vertex -5.774247078195542 4 -22.391771452281812
      vertex -5.774247078195542 4 -17.608228547718188
      vertex -5.196685076890907 4 -23.472313956372513
    endloop
  endfacet
  facet normal 0 1 0
    outer loop
      vertex -5.196685076890907 4 -23.472313956372513
      vertex -5.774247078195542 4 -17.608228547718188
      vertex -5.196685076890907 4 -16.527686043627487
    endloop
  endfacet
  facet normal 0.8819212643483545 0 0.47139673682599853
    outer loop
      vertex -5.774247078195542 4 -22.391771452281812
      vertex -5.196685076890907 4 -23.472313956372513
      vertex -5.196685076890907 10 -23.472313956372513
    endloop
  endfacet
  facet normal 0.9951847266721969 0 0.0980171403295602
    outer loop
      vertex -6.129908002520191 4 -21.219314512600803
      vertex -6.129908002520191 10 -21.219314512600803
      vertex -6.25 4 -20
    endloop
  endfacet
  facet normal 0.9569403357322088 0 0.2902846772544626
    outer loop
      vertex -6.129908002520191 4 -21.219314512600803
      vertex -5.774247078195542 4 -22.391771452281812
      vertex -5.774247078195542 10 -22.391771452281812
    endloop
  endfacet
  facet normal 0.9951847266721969 0 -0.0980171403295602
    outer loop
      vertex -6.25 4 -20
      vertex -6.25 10 -20
      vertex -6.129908002520191 4 -18.780685487399197
    endloop
  endfacet
  facet normal 0.9569403357322088 0 -0.2902846772544626
    outer loop
      vertex -6.129908002520191 4 -18.780685487399197
      vertex -6.129908002520191 10 -18.780685487399197
      vertex -5.774247078195542 4 -17.608228547718188
    endloop
  endfacet
  facet normal 0.8819212643483545 0 -0.47139673682599853
    outer loop
      vertex -5.774247078195542 4 -17.608228547718188
      vertex -5.774247078195542 10 -17.608228547718188
      vertex -5.196685076890907 4 -16.527686043627487
    endloop
  endfacet
  facet normal 0.8819212643483545 0 0.47139673682599853
    outer loop
      vertex -5.774247078195542 4 -22.391771452281812
      vertex -5.196685076890907 10 -23.472313956372513
      vertex -5.774247078195542 10 -22.391771452281812
    endloop
  endfacet
  facet normal 0.9569403357322088 0 0.2902846772544626
    outer loop
      vertex -6.129908002520191 4 -21.219314512600803
      vertex -5.774247078195542 10 -22.391771452281812
      vertex -6.129908002520191 10 -21.219314512600803
    endloop
  endfacet
  facet normal 0.9951847266721969 0 0.0980171403295602
    outer loop
      vertex -6.25 4 -20
      vertex -6.129908002520191 10 -21.219314512600803
      vertex -6.25 10 -20
    endloop
  endfacet
  facet normal 0.9951847266721969 0 -0.0980171403295602
    outer loop
      vertex -6.129908002520191 4 -18.780685487399197
      vertex -6.25 10 -20
      vertex -6.129908002520191 10 -18.780685487399197
    endloop
  endfacet
  facet normal 0.9569403357322088 0 -0.2902846772544626
    outer loop
      vertex -5.774247078195542 4 -17.608228547718188
      vertex -6.129908002520191 10 -18.780685487399197
      vertex -5.774247078195542 10 -17.608228547718188
    endloop
  endfacet
  facet normal 0.8819212643483545 0 -0.47139673682599853
    outer loop
      vertex -5.196685076890907 4 -16.527686043627487
      vertex -5.774247078195542 10 -17.608228547718188
      vertex -5.196685076890907 10 -16.527686043627487
    endloop
  endfacet
  facet normal 0 1 0
    outer loop
      vertex -5.196685076890907 4 -23.472313956372513
      vertex -5.196685076890907 4 -16.527686043627487
      vertex -4.419417382415922 4 -24.419417382415922
    endloop
  endfacet
  facet normal 0 1 0
    outer loop
      vertex -5.196685076890907 4 -16.527686043627487
      vertex -4.419417382415922 4 -15.580582617584078
      vertex -4.419417382415922 4 -24.419417382415922
    endloop
  endfacet
  facet normal 0 1 0
    outer loop
      vertex -4.419417382415922 4 -24.419417382415922
      vertex -4.419417382415922 4 -15.580582617584078
      vertex -3.4723139563725134 4 -25.19668507689091
    endloop
  endfacet
  facet normal 0 1 0
    outer loop
      vertex -3.4723139563725134 4 -25.19668507689091
      vertex -4.419417382415922 4 -15.580582617584078
      vertex -3.4723139563725134 4 -14.803314923109092
    endloop
  endfacet
  facet normal 0 1 0
    outer loop
      vertex -3.4723139563725134 4 -25.19668507689091
      vertex -3.4723139563725134 4 -14.803314923109092
      vertex -2.391771452281811 4 -25.774247078195543
    endloop
  endfacet
  facet normal 0 1 0
    outer loop
      vertex -3.4723139563725134 4 -14.803314923109092
      vertex -2.391771452281811 4 -14.225752921804457
      vertex -2.391771452281811 4 -25.774247078195543
    endloop
  endfacet
  facet normal 0 1 0
    outer loop
      vertex -2.391771452281811 4 -25.774247078195543
      vertex -2.0887870286167542 4 -20.86520391616206
      vertex -1.879858660950843 4 -21.25608139955493
    endloop
  endfacet
  facet normal 0 1 0
    outer loop
      vertex -2.391771452281811 4 -25.774247078195543
      vertex -1.879858660950843 4 -21.25608139955493
      vertex -1.5986883791814732 4 -21.598688379181475
    endloop
  endfacet
  facet normal 0 1 0
    outer loop
      vertex -2.391771452281811 4 -25.774247078195543
      vertex -1.5986883791814732 4 -21.598688379181475
      vertex -1.2193145126008016 4 -26.12990800252019
    endloop
  endfacet
  facet normal 0 1 0
    outer loop
      vertex -1.5986883791814732 4 -21.598688379181475
      vertex -1.2560813995549314 4 -21.879858660950845
      vertex -1.2193145126008016 4 -26.12990800252019
    endloop
  endfacet
  facet normal 0 1 0
    outer loop
      vertex -1.2193145126008016 4 -26.12990800252019
      vertex -1.2560813995549314 4 -21.879858660950845
      vertex -0.8652039161620579 4 -22.088787028616753
    endloop
  endfacet
  facet normal 0 1 0
    outer loop
      vertex -1.2193145126008016 4 -26.12990800252019
      vertex -0.8652039161620579 4 -22.088787028616753
      vertex -0.44107713148302263 4 -22.217444482178184
    endloop
  endfacet
  facet normal 0 1 0
    outer loop
      vertex -1.2193145126008016 4 -26.12990800252019
      vertex 0 4 -22.2608867878467
      vertex 0 4 -26.25
    endloop
  endfacet
  facet normal 0 1 0
    outer loop
      vertex -1.2193145126008016 4 -26.12990800252019
      vertex -0.44107713148302263 4 -22.217444482178184
      vertex 0 4 -22.2608867878467
    endloop
  endfacet
  facet normal 0 1 0
    outer loop
      vertex -2.391771452281811 4 -25.774247078195543
      vertex -2.242595290723115 4 -20.18571668694022
      vertex -2.217444482178185 4 -20.441077131483024
    endloop
  endfacet
  facet normal 0 1 0
    outer loop
      vertex -2.391771452281811 4 -25.774247078195543
      vertex -2.217444482178185 4 -20.441077131483024
      vertex -2.0887870286167542 4 -20.86520391616206
    endloop
  endfacet
  facet normal 0 1 0
    outer loop
      vertex -2.391771452281811 4 -25.774247078195543
      vertex -2.2608867878467005 4 -20
      vertex -2.242595290723115 4 -20.18571668694022
    endloop
  endfacet
  facet normal 0 1 0
    outer loop
      vertex -2.391771452281811 4 -25.774247078195543
      vertex -2.391771452281811 4 -14.225752921804457
      vertex -2.2608867878467005 4 -20
    endloop
  endfacet
  facet normal 0 1 0
    outer loop
      vertex -2.2608867878467005 4 -20
      vertex -2.391771452281811 4 -14.225752921804457
      vertex -2.217444482178185 4 -19.558922868516976
    endloop
  endfacet
  facet normal 0 1 0
    outer loop
      vertex -2.391771452281811 4 -14.225752921804457
      vertex -2.0887870286167542 4 -19.13479608383794
      vertex -2.217444482178185 4 -19.558922868516976
    endloop
  endfacet
  facet normal 0 1 0
    outer loop
      vertex -2.391771452281811 4 -14.225752921804457
      vertex -1.879858660950843 4 -18.74391860044507
      vertex -2.0887870286167542 4 -19.13479608383794
    endloop
  endfacet
  facet normal 0 1 0
    outer loop
      vertex -2.391771452281811 4 -14.225752921804457
      vertex -1.5986883791814732 4 -18.401311620818525
      vertex -1.879858660950843 4 -18.74391860044507
    endloop
  endfacet
  facet normal 0 1 0
    outer loop
      vertex -2.391771452281811 4 -14.225752921804457
      vertex -1.2560813995549314 4 -18.120141339049155
      vertex -1.5986883791814732 4 -18.401311620818525
    endloop
  endfacet
  facet normal 0 1 0
    outer loop
      vertex -2.391771452281811 4 -14.225752921804457
      vertex -1.2193145126008016 4 -13.87009199747981
      vertex -1.2560813995549314 4 -18.120141339049155
    endloop
  endfacet
  facet normal 0 1 0
    outer loop
      vertex -1.2560813995549314 4 -18.120141339049155
      vertex -1.2193145126008016 4 -13.87009199747981
      vertex -0.8652039161620579 4 -17.911212971383247
    endloop
  endfacet
  facet normal 0 1 0
    outer loop
      vertex -0.8652039161620579 4 -17.911212971383247
      vertex -1.2193145126008016 4 -13.87009199747981
      vertex -0.44107713148302263 4 -17.782555517821816
    endloop
  endfacet
  facet normal 0 1 0
    outer loop
      vertex -1.2193145126008016 4 -13.87009199747981
      vertex 0 4 -17.7391132121533
      vertex -0.44107713148302263 4 -17.782555517821816
    endloop
  endfacet
  facet normal 0 1 0
    outer loop
      vertex -1.2193145126008016 4 -13.87009199747981
      vertex 0 4 -13.75
      vertex 0 4 -17.7391132121533
    endloop
  endfacet
  facet normal 0.7730104533627373 0 0.6343932841636449
    outer loop
      vertex -5.196685076890907 4 -23.472313956372513
      vertex -4.419417382415922 4 -24.419417382415922
      vertex -4.419417382415922 10 -24.419417382415922
    endloop
  endfacet
  facet normal 0.6343932841636454 0 0.773010453362737
    outer loop
      vertex -4.419417382415922 4 -24.419417382415922
      vertex -3.4723139563725134 4 -25.19668507689091
      vertex -3.4723139563725134 10 -25.19668507689091
    endloop
  endfacet
  facet normal 0.47139673682599814 0 0.8819212643483548
    outer loop
      vertex -3.4723139563725134 4 -25.19668507689091
      vertex -2.391771452281811 4 -25.774247078195543
      vertex -2.391771452281811 10 -25.774247078195543
    endloop
  endfacet
  facet normal 0.7730104533627373 0 -0.6343932841636449
    outer loop
      vertex -5.196685076890907 4 -16.527686043627487
      vertex -5.196685076890907 10 -16.527686043627487
      vertex -4.419417382415922 4 -15.580582617584078
    endloop
  endfacet
  facet normal 0.6343932841636454 0 -0.773010453362737
    outer loop
      vertex -4.419417382415922 4 -15.580582617584078
      vertex -4.419417382415922 10 -15.580582617584078
      vertex -3.4723139563725134 4 -14.803314923109092
    endloop
  endfacet
  facet normal 0.7730104533627373 0 0.6343932841636449
    outer loop
      vertex -5.196685076890907 4 -23.472313956372513
      vertex -4.419417382415922 10 -24.419417382415922
      vertex -5.196685076890907 10 -23.472313956372513
    endloop
  endfacet
  facet normal 0.6343932841636454 0 0.773010453362737
    outer loop
      vertex -4.419417382415922 4 -24.419417382415922
      vertex -3.4723139563725134 10 -25.19668507689091
      vertex -4.419417382415922 10 -24.419417382415922
    endloop
  endfacet
  facet normal 0.47139673682599814 0 0.8819212643483548
    outer loop
      vertex -3.4723139563725134 4 -25.19668507689091
      vertex -2.391771452281811 10 -25.774247078195543
      vertex -3.4723139563725134 10 -25.19668507689091
    endloop
  endfacet
  facet normal 0.7730104533627373 0 -0.6343932841636449
    outer loop
      vertex -4.419417382415922 4 -15.580582617584078
      vertex -5.196685076890907 10 -16.527686043627487
      vertex -4.419417382415922 10 -15.580582617584078
    endloop
  endfacet
  facet normal 0.6343932841636454 0 -0.773010453362737
    outer loop
      vertex -3.4723139563725134 4 -14.803314923109092
      vertex -4.419417382415922 10 -15.580582617584078
      vertex -3.4723139563725134 10 -14.803314923109092
    endloop
  endfacet
  facet normal 0.2902846772544605 0 0.9569403357322094
    outer loop
      vertex -2.391771452281811 4 -25.774247078195543
      vertex -1.2193145126008016 4 -26.12990800252019
      vertex -1.2193145126008016 10 -26.12990800252019
    endloop
  endfacet
  facet normal 0.09801714032956178 0 0.9951847266721967
    outer loop
      vertex -1.2193145126008016 4 -26.12990800252019
      vertex 0 4 -26.25
      vertex 0 10 -26.25
    endloop
  endfacet
  facet normal 0.2902846772544605 0 0.9569403357322094
    outer loop
      vertex -2.391771452281811 4 -25.774247078195543
      vertex -1.2193145126008016 10 -26.12990800252019
      vertex -2.391771452281811 10 -25.774247078195543
    endloop
  endfacet
  facet normal 0.09801714032956178 0 0.9951847266721967
    outer loop
      vertex -1.2193145126008016 4 -26.12990800252019
      vertex 0 10 -26.25
      vertex -1.2193145126008016 10 -26.12990800252019
    endloop
  endfacet
  facet normal 0.47139673682599814 0 -0.8819212643483548
    outer loop
      vertex -3.4723139563725134 4 -14.803314923109092
      vertex -3.4723139563725134 10 -14.803314923109092
      vertex -2.391771452281811 4 -14.225752921804457
    endloop
  endfacet
  facet normal 0.47139673682599814 0 -0.8819212643483548
    outer loop
      vertex -2.391771452281811 4 -14.225752921804457
      vertex -3.4723139563725134 10 -14.803314923109092
      vertex -2.391771452281811 10 -14.225752921804457
    endloop
  endfacet
  facet normal 0.29028467725446183 0 -0.956940335732209
    outer loop
      vertex -2.391771452281811 4 -14.225752921804457
      vertex -2.391771452281811 10 -14.225752921804457
      vertex -1.2193145126008016 4 -13.87009199747981
    endloop
  endfacet
  facet normal 0.09801714032956034 0 -0.9951847266721968
    outer loop
      vertex -1.2193145126008016 4 -13.87009199747981
      vertex -1.2193145126008016 10 -13.87009199747981
      vertex 0 4 -13.75
    endloop
  endfacet
  facet normal 0.29028467725446183 0 -0.956940335732209
    outer loop
      vertex -1.2193145126008016 4 -13.87009199747981
      vertex -2.391771452281811 10 -14.225752921804457
      vertex -1.2193145126008016 10 -13.87009199747981
    endloop
  endfacet
  facet normal 0.09801714032956034 0 -0.9951847266721968
    outer loop
      vertex 0 4 -13.75
      vertex -1.2193145126008016 10 -13.87009199747981
      vertex 0 10 -13.75
    endloop
  endfacet
  facet normal 0 1 0
    outer loop
      vertex 0 4 -26.25
      vertex 0 4 -22.2608867878467
      vertex 1.2193145126008016 4 -26.12990800252019
    endloop
  endfacet
  facet normal 0 1 0
    outer loop
      vertex 0 4 -22.2608867878467
      vertex 0.44107713148302263 4 -22.217444482178184
      vertex 1.2193145126008016 4 -26.12990800252019
    endloop
  endfacet
  facet normal 0 1 0
    outer loop
      vertex 0.44107713148302263 4 -22.217444482178184
      vertex 0.8652039161620579 4 -22.088787028616753
      vertex 1.2193145126008016 4 -26.12990800252019
    endloop
  endfacet
  facet normal 0 1 0
    outer loop
      vertex 1.2193145126008016 4 -26.12990800252019
      vertex 0.8652039161620579 4 -22.088787028616753
      vertex 1.2560813995549314 4 -21.879858660950845
    endloop
  endfacet
  facet normal 0 1 0
    outer loop
      vertex 1.2193145126008016 4 -26.12990800252019
      vertex 1.2560813995549314 4 -21.879858660950845
      vertex 2.391771452281811 4 -25.774247078195543
    endloop
  endfacet
  facet normal 0 1 0
    outer loop
      vertex 1.2560813995549314 4 -21.879858660950845
      vertex 1.5986883791814732 4 -21.598688379181475
      vertex 2.391771452281811 4 -25.774247078195543
    endloop
  endfacet
  facet normal 0 1 0
    outer loop
      vertex 1.5986883791814732 4 -21.598688379181475
      vertex 1.879858660950843 4 -21.25608139955493
      vertex 2.391771452281811 4 -25.774247078195543
    endloop
  endfacet
  facet normal 0 1 0
    outer loop
      vertex 1.879858660950843 4 -21.25608139955493
      vertex 2.0887870286167542 4 -20.86520391616206
      vertex 2.391771452281811 4 -25.774247078195543
    endloop
  endfacet
  facet normal 0 1 0
    outer loop
      vertex 0 4 -17.7391132121533
      vertex 1.2193145126008016 4 -13.87009199747981
      vertex 0.44107713148302263 4 -17.782555517821816
    endloop
  endfacet
  facet normal 0 1 0
    outer loop
      vertex 0 4 -17.7391132121533
      vertex 0 4 -13.75
      vertex 1.2193145126008016 4 -13.87009199747981
    endloop
  endfacet
  facet normal 0 1 0
    outer loop
      vertex 0.44107713148302263 4 -17.782555517821816
      vertex 1.2193145126008016 4 -13.87009199747981
      vertex 0.8652039161620579 4 -17.911212971383247
    endloop
  endfacet
  facet normal 0 1 0
    outer loop
      vertex 0.8652039161620579 4 -17.911212971383247
      vertex 1.2193145126008016 4 -13.87009199747981
      vertex 1.2560813995549314 4 -18.120141339049155
    endloop
  endfacet
  facet normal 0 1 0
    outer loop
      vertex 2.0887870286167542 4 -20.86520391616206
      vertex 2.217444482178185 4 -20.441077131483024
      vertex 2.391771452281811 4 -25.774247078195543
    endloop
  endfacet
  facet normal 0 1 0
    outer loop
      vertex 2.217444482178185 4 -20.441077131483024
      vertex 2.2608867878467005 4 -20
      vertex 2.391771452281811 4 -25.774247078195543
    endloop
  endfacet
  facet normal 0 1 0
    outer loop
      vertex 2.2608867878467005 4 -20
      vertex 2.391771452281811 4 -14.225752921804457
      vertex 2.391771452281811 4 -25.774247078195543
    endloop
  endfacet
  facet normal 0 1 0
    outer loop
      vertex 1.2560813995549314 4 -18.120141339049155
      vertex 1.2193145126008016 4 -13.87009199747981
      vertex 1.5986883791814732 4 -18.401311620818525
    endloop
  endfacet
  facet normal 0 1 0
    outer loop
      vertex 1.2193145126008016 4 -13.87009199747981
      vertex 2.391771452281811 4 -14.225752921804457
      vertex 1.5986883791814732 4 -18.401311620818525
    endloop
  endfacet
  facet normal 0 1 0
    outer loop
      vertex 1.5986883791814732 4 -18.401311620818525
      vertex 2.391771452281811 4 -14.225752921804457
      vertex 1.879858660950843 4 -18.74391860044507
    endloop
  endfacet
  facet normal 0 1 0
    outer loop
      vertex 1.879858660950843 4 -18.74391860044507
      vertex 2.391771452281811 4 -14.225752921804457
      vertex 2.0887870286167542 4 -19.13479608383794
    endloop
  endfacet
  facet normal 0 1 0
    outer loop
      vertex 2.242595290723115 4 -19.81428331305978
      vertex 2.391771452281811 4 -14.225752921804457
      vertex 2.2608867878467005 4 -20
    endloop
  endfacet
  facet normal 0 1 0
    outer loop
      vertex 2.242595290723115 4 -19.81428331305978
      vertex 2.217444482178185 4 -19.558922868516976
      vertex 2.391771452281811 4 -14.225752921804457
    endloop
  endfacet
  facet normal 0 1 0
    outer loop
      vertex 2.0887870286167542 4 -19.13479608383794
      vertex 2.391771452281811 4 -14.225752921804457
      vertex 2.217444482178185 4 -19.558922868516976
    endloop
  endfacet
  facet normal 0 1 0
    outer loop
      vertex 2.391771452281811 4 -25.774247078195543
      vertex 2.391771452281811 4 -14.225752921804457
      vertex 3.4723139563725134 4 -25.19668507689091
    endloop
  endfacet
  facet normal 0 1 0
    outer loop
      vertex 2.391771452281811 4 -14.225752921804457
      vertex 3.4723139563725134 4 -14.803314923109092
      vertex 3.4723139563725134 4 -25.19668507689091
    endloop
  endfacet
  facet normal 0 1 0
    outer loop
      vertex 3.4723139563725134 4 -25.19668507689091
      vertex 3.4723139563725134 4 -14.803314923109092
      vertex 4.419417382415922 4 -24.419417382415922
    endloop
  endfacet
  facet normal 0 1 0
    outer loop
      vertex 4.419417382415922 4 -24.419417382415922
      vertex 4.419417382415922 4 -15.580582617584078
      vertex 5.196685076890907 4 -23.472313956372513
    endloop
  endfacet
  facet normal 0 1 0
    outer loop
      vertex 4.419417382415922 4 -24.419417382415922
      vertex 3.4723139563725134 4 -14.803314923109092
      vertex 4.419417382415922 4 -15.580582617584078
    endloop
  endfacet
  facet normal 0 1 0
    outer loop
      vertex 4.419417382415922 4 -15.580582617584078
      vertex 5.196685076890907 4 -16.527686043627487
      vertex 5.196685076890907 4 -23.472313956372513
    endloop
  endfacet
  facet normal -0.09801714032956178 0 0.9951847266721967
    outer loop
      vertex 0 4 -26.25
      vertex 1.2193145126008016 4 -26.12990800252019
      vertex 1.2193145126008016 10 -26.12990800252019
    endloop
  endfacet
  facet normal -0.2902846772544605 0 0.9569403357322094
    outer loop
      vertex 1.2193145126008016 4 -26.12990800252019
      vertex 2.391771452281811 4 -25.774247078195543
      vertex 2.391771452281811 10 -25.774247078195543
    endloop
  endfacet
  facet normal -0.09801714032956178 0 0.9951847266721967
    outer loop
      vertex 0 4 -26.25
      vertex 1.2193145126008016 10 -26.12990800252019
      vertex 0 10 -26.25
    endloop
  endfacet
  facet normal -0.2902846772544605 0 0.9569403357322094
    outer loop
      vertex 1.2193145126008016 4 -26.12990800252019
      vertex 2.391771452281811 10 -25.774247078195543
      vertex 1.2193145126008016 10 -26.12990800252019
    endloop
  endfacet
  facet normal -0.47139673682599814 0 0.8819212643483548
    outer loop
      vertex 2.391771452281811 4 -25.774247078195543
      vertex 3.4723139563725134 4 -25.19668507689091
      vertex 3.4723139563725134 10 -25.19668507689091
    endloop
  endfacet
  facet normal -0.6343932841636454 0 0.773010453362737
    outer loop
      vertex 3.4723139563725134 4 -25.19668507689091
      vertex 4.419417382415922 4 -24.419417382415922
      vertex 4.419417382415922 10 -24.419417382415922
    endloop
  endfacet
  facet normal -0.7730104533627373 0 0.6343932841636449
    outer loop
      vertex 4.419417382415922 4 -24.419417382415922
      vertex 5.196685076890907 4 -23.472313956372513
      vertex 5.196685076890907 10 -23.472313956372513
    endloop
  endfacet
  facet normal -0.6343932841636454 0 -0.773010453362737
    outer loop
      vertex 3.4723139563725134 4 -14.803314923109092
      vertex 3.4723139563725134 10 -14.803314923109092
      vertex 4.419417382415922 4 -15.580582617584078
    endloop
  endfacet
  facet normal -0.7730104533627373 0 -0.6343932841636449
    outer loop
      vertex 4.419417382415922 4 -15.580582617584078
      vertex 4.419417382415922 10 -15.580582617584078
      vertex 5.196685076890907 4 -16.527686043627487
    endloop
  endfacet
  facet normal -0.47139673682599814 0 0.8819212643483548
    outer loop
      vertex 2.391771452281811 4 -25.774247078195543
      vertex 3.4723139563725134 10 -25.19668507689091
      vertex 2.391771452281811 10 -25.774247078195543
    endloop
  endfacet
  facet normal -0.6343932841636454 0 0.773010453362737
    outer loop
      vertex 3.4723139563725134 4 -25.19668507689091
      vertex 4.419417382415922 10 -24.419417382415922
      vertex 3.4723139563725134 10 -25.19668507689091
    endloop
  endfacet
  facet normal -0.7730104533627373 0 0.6343932841636449
    outer loop
      vertex 4.419417382415922 4 -24.419417382415922
      vertex 5.196685076890907 10 -23.472313956372513
      vertex 4.419417382415922 10 -24.419417382415922
    endloop
  endfacet
  facet normal -0.6343932841636454 0 -0.773010453362737
    outer loop
      vertex 4.419417382415922 4 -15.580582617584078
      vertex 3.4723139563725134 10 -14.803314923109092
      vertex 4.419417382415922 10 -15.580582617584078
    endloop
  endfacet
  facet normal -0.7730104533627373 0 -0.6343932841636449
    outer loop
      vertex 5.196685076890907 4 -16.527686043627487
      vertex 4.419417382415922 10 -15.580582617584078
      vertex 5.196685076890907 10 -16.527686043627487
    endloop
  endfacet
  facet normal -0.09801714032956034 0 -0.9951847266721968
    outer loop
      vertex 0 4 -13.75
      vertex 0 10 -13.75
      vertex 1.2193145126008016 4 -13.87009199747981
    endloop
  endfacet
  facet normal -0.29028467725446183 0 -0.956940335732209
    outer loop
      vertex 1.2193145126008016 4 -13.87009199747981
      vertex 1.2193145126008016 10 -13.87009199747981
      vertex 2.391771452281811 4 -14.225752921804457
    endloop
  endfacet
  facet normal -0.09801714032956034 0 -0.9951847266721968
    outer loop
      vertex 1.2193145126008016 4 -13.87009199747981
      vertex 0 10 -13.75
      vertex 1.2193145126008016 10 -13.87009199747981
    endloop
  endfacet
  facet normal -0.29028467725446183 0 -0.956940335732209
    outer loop
      vertex 2.391771452281811 4 -14.225752921804457
      vertex 1.2193145126008016 10 -13.87009199747981
      vertex 2.391771452281811 10 -14.225752921804457
    endloop
  endfacet
  facet normal -0.47139673682599814 0 -0.8819212643483548
    outer loop
      vertex 2.391771452281811 4 -14.225752921804457
      vertex 2.391771452281811 10 -14.225752921804457
      vertex 3.4723139563725134 4 -14.803314923109092
    endloop
  endfacet
  facet normal -0.47139673682599814 0 -0.8819212643483548
    outer loop
      vertex 3.4723139563725134 4 -14.803314923109092
      vertex 2.391771452281811 10 -14.225752921804457
      vertex 3.4723139563725134 10 -14.803314923109092
    endloop
  endfacet
  facet normal 0 1 0
    outer loop
      vertex 5.196685076890907 4 -23.472313956372513
      vertex 5.196685076890907 4 -16.527686043627487
      vertex 5.774247078195542 4 -22.391771452281812
    endloop
  endfacet
  facet normal 0 1 0
    outer loop
      vertex 5.774247078195542 4 -22.391771452281812
      vertex 5.196685076890907 4 -16.527686043627487
      vertex 5.774247078195542 4 -17.608228547718188
    endloop
  endfacet
  facet normal 0 1 0
    outer loop
      vertex 5.774247078195542 4 -22.391771452281812
      vertex 5.774247078195542 4 -17.608228547718188
      vertex 6.129908002520191 4 -21.219314512600803
    endloop
  endfacet
  facet normal 0 1 0
    outer loop
      vertex 6.129908002520191 4 -21.219314512600803
      vertex 6.129908002520191 4 -18.780685487399197
      vertex 6.25 4 -20
    endloop
  endfacet
  facet normal 0 1 0
    outer loop
      vertex 6.129908002520191 4 -21.219314512600803
      vertex 5.774247078195542 4 -17.608228547718188
      vertex 6.129908002520191 4 -18.780685487399197
    endloop
  endfacet
  facet normal -0.8819212643483545 0 0.47139673682599853
    outer loop
      vertex 5.196685076890907 4 -23.472313956372513
      vertex 5.774247078195542 4 -22.391771452281812
      vertex 5.774247078195542 10 -22.391771452281812
    endloop
  endfacet
  facet normal -0.9569403357322088 0 0.2902846772544626
    outer loop
      vertex 5.774247078195542 4 -22.391771452281812
      vertex 6.129908002520191 4 -21.219314512600803
      vertex 6.129908002520191 10 -21.219314512600803
    endloop
  endfacet
  facet normal -0.9951847266721969 0 0.0980171403295602
    outer loop
      vertex 6.129908002520191 4 -21.219314512600803
      vertex 6.25 4 -20
      vertex 6.25 10 -20
    endloop
  endfacet
  facet normal -0.9951847266721969 0 -0.0980171403295602
    outer loop
      vertex 6.25 4 -20
      vertex 6.129908002520191 4 -18.780685487399197
      vertex 6.129908002520191 10 -18.780685487399197
    endloop
  endfacet
  facet normal -0.8819212643483545 0 -0.47139673682599853
    outer loop
      vertex 5.196685076890907 4 -16.527686043627487
      vertex 5.196685076890907 10 -16.527686043627487
      vertex 5.774247078195542 4 -17.608228547718188
    endloop
  endfacet
  facet normal -0.9569403357322088 0 -0.2902846772544626
    outer loop
      vertex 5.774247078195542 4 -17.608228547718188
      vertex 5.774247078195542 10 -17.608228547718188
      vertex 6.129908002520191 4 -18.780685487399197
    endloop
  endfacet
  facet normal -0.8819212643483545 0 0.47139673682599853
    outer loop
      vertex 5.196685076890907 4 -23.472313956372513
      vertex 5.774247078195542 10 -22.391771452281812
      vertex 5.196685076890907 10 -23.472313956372513
    endloop
  endfacet
  facet normal -0.9569403357322088 0 0.2902846772544626
    outer loop
      vertex 5.774247078195542 4 -22.391771452281812
      vertex 6.129908002520191 10 -21.219314512600803
      vertex 5.774247078195542 10 -22.391771452281812
    endloop
  endfacet
  facet normal -0.9951847266721969 0 0.0980171403295602
    outer loop
      vertex 6.129908002520191 4 -21.219314512600803
      vertex 6.25 10 -20
      vertex 6.129908002520191 10 -21.219314512600803
    endloop
  endfacet
  facet normal -0.9951847266721969 0 -0.0980171403295602
    outer loop
      vertex 6.25 4 -20
      vertex 6.129908002520191 10 -18.780685487399197
      vertex 6.25 10 -20
    endloop
  endfacet
  facet normal -0.8819212643483545 0 -0.47139673682599853
    outer loop
      vertex 5.774247078195542 4 -17.608228547718188
      vertex 5.196685076890907 10 -16.527686043627487
      vertex 5.774247078195542 10 -17.608228547718188
    endloop
  endfacet
  facet normal -0.9569403357322088 0 -0.2902846772544626
    outer loop
      vertex 6.129908002520191 4 -18.780685487399197
      vertex 5.774247078195542 10 -17.608228547718188
      vertex 6.129908002520191 10 -18.780685487399197
    endloop
  endfacet
  facet normal 0 1 0
    outer loop
      vertex -6.129908002520191 4 -1.2193145126008016
      vertex -6.129908002520191 4 1.2193145126008016
      vertex -5.774247078195542 4 -2.391771452281811
    endloop
  endfacet
  facet normal 0 1 0
    outer loop
      vertex -5.774247078195542 4 -2.391771452281811
      vertex -5.774247078195542 4 2.391771452281811
      vertex -5.196685076890907 4 -3.4723139563725134
    endloop
  endfacet
  facet normal 0.9569403357322088 0 0.2902846772544625
    outer loop
      vertex -6.129908002520191 4 -1.2193145126008016
      vertex -5.774247078195542 4 -2.391771452281811
      vertex -5.774247078195542 10 -2.391771452281811
    endloop
  endfacet
  facet normal 0.9951847266721968 0 0.09801714032956034
    outer loop
      vertex -6.129908002520191 4 -1.2193145126008016
      vertex -6.129908002520191 10 -1.2193145126008016
      vertex -6.25 4 0
    endloop
  endfacet
  facet normal 0.8819212643483548 0 0.47139673682599814
    outer loop
      vertex -5.774247078195542 4 -2.391771452281811
      vertex -5.196685076890907 4 -3.4723139563725134
      vertex -5.196685076890907 10 -3.4723139563725134
    endloop
  endfacet
  facet normal 0.9569403357322088 0 0.2902846772544625
    outer loop
      vertex -6.129908002520191 4 -1.2193145126008016
      vertex -5.774247078195542 10 -2.391771452281811
      vertex -6.129908002520191 10 -1.2193145126008016
    endloop
  endfacet
  facet normal 0.9951847266721968 0 0.09801714032956034
    outer loop
      vertex -6.25 4 0
      vertex -6.129908002520191 10 -1.2193145126008016
      vertex -6.25 10 0
    endloop
  endfacet
  facet normal 0.8819212643483548 0 0.47139673682599814
    outer loop
      vertex -5.774247078195542 4 -2.391771452281811
      vertex -5.196685076890907 10 -3.4723139563725134
      vertex -5.774247078195542 10 -2.391771452281811
    endloop
  endfacet
  facet normal 0 1 0
    outer loop
      vertex -5.196685076890907 4 -3.4723139563725134
      vertex -5.196685076890907 4 3.4723139563725134
      vertex -4.419417382415922 4 -4.419417382415922
    endloop
  endfacet
  facet normal 0 1 0
    outer loop
      vertex -4.419417382415922 4 -4.419417382415922
      vertex -4.419417382415922 4 4.419417382415922
      vertex -3.4723139563725134 4 -5.196685076890907
    endloop
  endfacet
  facet normal 0 1 0
    outer loop
      vertex -3.4723139563725134 4 -5.196685076890907
      vertex -3.4723139563725134 4 5.196685076890907
      vertex -2.391771452281811 4 -5.774247078195542
    endloop
  endfacet
  facet normal 0 1 0
    outer loop
      vertex -2.391771452281811 4 -5.774247078195542
      vertex -1.5986883791814732 4 -1.5986883791814732
      vertex -1.2193145126008016 4 -6.129908002520191
    endloop
  endfacet
  facet normal 0 1 0
    outer loop
      vertex -2.391771452281811 4 -5.774247078195542
      vertex -2.217444482178185 4 -0.44107713148302263
      vertex -2.0887870286167542 4 -0.8652039161620579
    endloop
  endfacet
  facet normal 0 1 0
    outer loop
      vertex -2.391771452281811 4 -5.774247078195542
      vertex -2.2608867878467005 4 0
      vertex -2.217444482178185 4 -0.44107713148302263
    endloop
  endfacet
  facet normal 0 1 0
    outer loop
      vertex -2.391771452281811 4 -5.774247078195542
      vertex -1.879858660950843 4 -1.2560813995549314
      vertex -1.5986883791814732 4 -1.5986883791814732
    endloop
  endfacet
  facet normal 0 1 0
    outer loop
      vertex -2.391771452281811 4 -5.774247078195542
      vertex -2.0887870286167542 4 -0.8652039161620579
      vertex -1.879858660950843 4 -1.2560813995549314
    endloop
  endfacet
  facet normal 0 1 0
    outer loop
      vertex -1.5986883791814732 4 -1.5986883791814732
      vertex -1.2560813995549314 4 -1.879858660950843
      vertex -1.2193145126008016 4 -6.129908002520191
    endloop
  endfacet
  facet normal 0 1 0
    outer loop
      vertex -1.2193145126008016 4 -6.129908002520191
      vertex 0 4 -2.2608867878467005
      vertex 0 4 -6.25
    endloop
  endfacet
  facet normal 0 1 0
    outer loop
      vertex -1.2193145126008016 4 -6.129908002520191
      vertex -1.2560813995549314 4 -1.879858660950843
      vertex -0.8652039161620579 4 -2.0887870286167542
    endloop
  endfacet
  facet normal 0 1 0
    outer loop
      vertex -1.2193145126008016 4 -6.129908002520191
      vertex -0.8652039161620579 4 -2.0887870286167542
      vertex -0.44107713148302263 4 -2.217444482178185
    endloop
  endfacet
  facet normal 0 1 0
    outer loop
      vertex -1.2193145126008016 4 -6.129908002520191
      vertex -0.44107713148302263 4 -2.217444482178185
      vertex 0 4 -2.2608867878467005
    endloop
  endfacet
  facet normal 0.7730104533627373 0 0.6343932841636449
    outer loop
      vertex -5.196685076890907 4 -3.4723139563725134
      vertex -4.419417382415922 4 -4.419417382415922
      vertex -4.419417382415922 10 -4.419417382415922
    endloop
  endfacet
  facet normal 0.6343932841636449 0 0.7730104533627373
    outer loop
      vertex -4.419417382415922 4 -4.419417382415922
      vertex -3.4723139563725134 4 -5.196685076890907
      vertex -3.4723139563725134 10 -5.196685076890907
    endloop
  endfacet
  facet normal 0.47139673682599814 0 0.8819212643483548
    outer loop
      vertex -3.4723139563725134 4 -5.196685076890907
      vertex -2.391771452281811 4 -5.774247078195542
      vertex -2.391771452281811 10 -5.774247078195542
    endloop
  endfacet
  facet normal 0.7730104533627373 0 0.6343932841636449
    outer loop
      vertex -5.196685076890907 4 -3.4723139563725134
      vertex -4.419417382415922 10 -4.419417382415922
      vertex -5.196685076890907 10 -3.4723139563725134
    endloop
  endfacet
  facet normal 0.6343932841636449 0 0.7730104533627373
    outer loop
      vertex -4.419417382415922 4 -4.419417382415922
      vertex -3.4723139563725134 10 -5.196685076890907
      vertex -4.419417382415922 10 -4.419417382415922
    endloop
  endfacet
  facet normal 0.47139673682599814 0 0.8819212643483548
    outer loop
      vertex -3.4723139563725134 4 -5.196685076890907
      vertex -2.391771452281811 10 -5.774247078195542
      vertex -3.4723139563725134 10 -5.196685076890907
    endloop
  endfacet
  facet normal 0.2902846772544625 0 0.9569403357322088
    outer loop
      vertex -2.391771452281811 4 -5.774247078195542
      vertex -1.2193145126008016 4 -6.129908002520191
      vertex -1.2193145126008016 10 -6.129908002520191
    endloop
  endfacet
  facet normal 0.09801714032956034 0 0.9951847266721968
    outer loop
      vertex -1.2193145126008016 4 -6.129908002520191
      vertex 0 4 -6.25
      vertex 0 10 -6.25
    endloop
  endfacet
  facet normal 0.2902846772544625 0 0.9569403357322088
    outer loop
      vertex -2.391771452281811 4 -5.774247078195542
      vertex -1.2193145126008016 10 -6.129908002520191
      vertex -2.391771452281811 10 -5.774247078195542
    endloop
  endfacet
  facet normal 0.09801714032956034 0 0.9951847266721968
    outer loop
      vertex -1.2193145126008016 4 -6.129908002520191
      vertex 0 10 -6.25
      vertex -1.2193145126008016 10 -6.129908002520191
    endloop
  endfacet
  facet normal 0 1 0
    outer loop
      vertex -6.129908002520191 4 -1.2193145126008016
      vertex -6.25 4 0
      vertex -6.129908002520191 4 1.2193145126008016
    endloop
  endfacet
  facet normal 0 1 0
    outer loop
      vertex -5.774247078195542 4 -2.391771452281811
      vertex -6.129908002520191 4 1.2193145126008016
      vertex -5.774247078195542 4 2.391771452281811
    endloop
  endfacet
  facet normal 0 1 0
    outer loop
      vertex -5.196685076890907 4 -3.4723139563725134
      vertex -5.774247078195542 4 2.391771452281811
      vertex -5.196685076890907 4 3.4723139563725134
    endloop
  endfacet
  facet normal 0.9951847266721968 0 -0.09801714032956034
    outer loop
      vertex -6.25 4 0
      vertex -6.25 10 0
      vertex -6.129908002520191 4 1.2193145126008016
    endloop
  endfacet
  facet normal 0.9569403357322088 0 -0.2902846772544625
    outer loop
      vertex -6.129908002520191 4 1.2193145126008016
      vertex -6.129908002520191 10 1.2193145126008016
      vertex -5.774247078195542 4 2.391771452281811
    endloop
  endfacet
  facet normal 0.8819212643483548 0 -0.47139673682599814
    outer loop
      vertex -5.774247078195542 4 2.391771452281811
      vertex -5.774247078195542 10 2.391771452281811
      vertex -5.196685076890907 4 3.4723139563725134
    endloop
  endfacet
  facet normal 0.9951847266721968 0 -0.09801714032956034
    outer loop
      vertex -6.129908002520191 4 1.2193145126008016
      vertex -6.25 10 0
      vertex -6.129908002520191 10 1.2193145126008016
    endloop
  endfacet
  facet normal 0.9569403357322088 0 -0.2902846772544625
    outer loop
      vertex -5.774247078195542 4 2.391771452281811
      vertex -6.129908002520191 10 1.2193145126008016
      vertex -5.774247078195542 10 2.391771452281811
    endloop
  endfacet
  facet normal 0.8819212643483548 0 -0.47139673682599814
    outer loop
      vertex -5.196685076890907 4 3.4723139563725134
      vertex -5.774247078195542 10 2.391771452281811
      vertex -5.196685076890907 10 3.4723139563725134
    endloop
  endfacet
  facet normal 0 1 0
    outer loop
      vertex -4.419417382415922 4 -4.419417382415922
      vertex -5.196685076890907 4 3.4723139563725134
      vertex -4.419417382415922 4 4.419417382415922
    endloop
  endfacet
  facet normal 0 1 0
    outer loop
      vertex -3.4723139563725134 4 -5.196685076890907
      vertex -4.419417382415922 4 4.419417382415922
      vertex -3.4723139563725134 4 5.196685076890907
    endloop
  endfacet
  facet normal 0 1 0
    outer loop
      vertex -2.391771452281811 4 -5.774247078195542
      vertex -3.4723139563725134 4 5.196685076890907
      vertex -2.391771452281811 4 5.774247078195542
    endloop
  endfacet
  facet normal 0 1 0
    outer loop
      vertex -2.391771452281811 4 -5.774247078195542
      vertex -2.391771452281811 4 5.774247078195542
      vertex -2.2608867878467005 4 0
    endloop
  endfacet
  facet normal 0 1 0
    outer loop
      vertex -2.391771452281811 4 5.774247078195542
      vertex -2.217444482178185 4 0.44107713148302263
      vertex -2.2608867878467005 4 0
    endloop
  endfacet
  facet normal 0 1 0
    outer loop
      vertex -2.391771452281811 4 5.774247078195542
      vertex -2.0887870286167542 4 0.8652039161620579
      vertex -2.217444482178185 4 0.44107713148302263
    endloop
  endfacet
  facet normal 0 1 0
    outer loop
      vertex -2.391771452281811 4 5.774247078195542
      vertex -1.879858660950843 4 1.2560813995549314
      vertex -2.0887870286167542 4 0.8652039161620579
    endloop
  endfacet
  facet normal 0 1 0
    outer loop
      vertex -2.391771452281811 4 5.774247078195542
      vertex -1.5986883791814732 4 1.5986883791814732
      vertex -1.879858660950843 4 1.2560813995549314
    endloop
  endfacet
  facet normal 0 1 0
    outer loop
      vertex -2.391771452281811 4 5.774247078195542
      vertex -1.2560813995549314 4 1.879858660950843
      vertex -1.5986883791814732 4 1.5986883791814732
    endloop
  endfacet
  facet normal 0 1 0
    outer loop
      vertex -2.391771452281811 4 5.774247078195542
      vertex -1.2193145126008016 4 6.129908002520191
      vertex -1.2560813995549314 4 1.879858660950843
    endloop
  endfacet
  facet normal 0 1 0
    outer loop
      vertex -1.2560813995549314 4 1.879858660950843
      vertex -1.2193145126008016 4 6.129908002520191
      vertex -0.8652039161620579 4 2.0887870286167542
    endloop
  endfacet
  facet normal 0 1 0
    outer loop
      vertex -0.8652039161620579 4 2.0887870286167542
      vertex -1.2193145126008016 4 6.129908002520191
      vertex -0.44107713148302263 4 2.217444482178185
    endloop
  endfacet
  facet normal 0 1 0
    outer loop
      vertex -1.2193145126008016 4 6.129908002520191
      vertex 0 4 2.2608867878467005
      vertex -0.44107713148302263 4 2.217444482178185
    endloop
  endfacet
  facet normal 0 1 0
    outer loop
      vertex -1.2193145126008016 4 6.129908002520191
      vertex 0 4 6.25
      vertex 0 4 2.2608867878467005
    endloop
  endfacet
  facet normal 0.7730104533627373 0 -0.6343932841636449
    outer loop
      vertex -5.196685076890907 4 3.4723139563725134
      vertex -5.196685076890907 10 3.4723139563725134
      vertex -4.419417382415922 4 4.419417382415922
    endloop
  endfacet
  facet normal 0.6343932841636449 0 -0.7730104533627373
    outer loop
      vertex -4.419417382415922 4 4.419417382415922
      vertex -4.419417382415922 10 4.419417382415922
      vertex -3.4723139563725134 4 5.196685076890907
    endloop
  endfacet
  facet normal 0.47139673682599814 0 -0.8819212643483548
    outer loop
      vertex -3.4723139563725134 4 5.196685076890907
      vertex -3.4723139563725134 10 5.196685076890907
      vertex -2.391771452281811 4 5.774247078195542
    endloop
  endfacet
  facet normal 0.7730104533627373 0 -0.6343932841636449
    outer loop
      vertex -4.419417382415922 4 4.419417382415922
      vertex -5.196685076890907 10 3.4723139563725134
      vertex -4.419417382415922 10 4.419417382415922
    endloop
  endfacet
  facet normal 0.6343932841636449 0 -0.7730104533627373
    outer loop
      vertex -3.4723139563725134 4 5.196685076890907
      vertex -4.419417382415922 10 4.419417382415922
      vertex -3.4723139563725134 10 5.196685076890907
    endloop
  endfacet
  facet normal 0.47139673682599814 0 -0.8819212643483548
    outer loop
      vertex -2.391771452281811 4 5.774247078195542
      vertex -3.4723139563725134 10 5.196685076890907
      vertex -2.391771452281811 10 5.774247078195542
    endloop
  endfacet
  facet normal 0.2902846772544625 0 -0.9569403357322088
    outer loop
      vertex -2.391771452281811 4 5.774247078195542
      vertex -2.391771452281811 10 5.774247078195542
      vertex -1.2193145126008016 4 6.129908002520191
    endloop
  endfacet
  facet normal 0.09801714032956034 0 -0.9951847266721968
    outer loop
      vertex -1.2193145126008016 4 6.129908002520191
      vertex -1.2193145126008016 10 6.129908002520191
      vertex 0 4 6.25
    endloop
  endfacet
  facet normal 0.2902846772544625 0 -0.9569403357322088
    outer loop
      vertex -1.2193145126008016 4 6.129908002520191
      vertex -2.391771452281811 10 5.774247078195542
      vertex -1.2193145126008016 10 6.129908002520191
    endloop
  endfacet
  facet normal 0.09801714032956034 0 -0.9951847266721968
    outer loop
      vertex 0 4 6.25
      vertex -1.2193145126008016 10 6.129908002520191
      vertex 0 10 6.25
    endloop
  endfacet
  facet normal 0 1 0
    outer loop
      vertex 0 4 -6.25
      vertex 0 4 -2.2608867878467005
      vertex 1.2193145126008016 4 -6.129908002520191
    endloop
  endfacet
  facet normal 0 1 0
    outer loop
      vertex 0 4 -2.2608867878467005
      vertex 0.44107713148302263 4 -2.217444482178185
      vertex 1.2193145126008016 4 -6.129908002520191
    endloop
  endfacet
  facet normal 0 1 0
    outer loop
      vertex 0.44107713148302263 4 -2.217444482178185
      vertex 0.8652039161620579 4 -2.0887870286167542
      vertex 1.2193145126008016 4 -6.129908002520191
    endloop
  endfacet
  facet normal 0 1 0
    outer loop
      vertex 1.2193145126008016 4 -6.129908002520191
      vertex 0.8652039161620579 4 -2.0887870286167542
      vertex 1.2560813995549314 4 -1.879858660950843
    endloop
  endfacet
  facet normal 0 1 0
    outer loop
      vertex 1.2193145126008016 4 -6.129908002520191
      vertex 1.2560813995549314 4 -1.879858660950843
      vertex 2.391771452281811 4 -5.774247078195542
    endloop
  endfacet
  facet normal 0 1 0
    outer loop
      vertex 1.2560813995549314 4 -1.879858660950843
      vertex 1.5986883791814732 4 -1.5986883791814732
      vertex 2.391771452281811 4 -5.774247078195542
    endloop
  endfacet
  facet normal 0 1 0
    outer loop
      vertex 1.5986883791814732 4 -1.5986883791814732
      vertex 1.879858660950843 4 -1.2560813995549314
      vertex 2.391771452281811 4 -5.774247078195542
    endloop
  endfacet
  facet normal 0 1 0
    outer loop
      vertex 1.879858660950843 4 -1.2560813995549314
      vertex 2.0887870286167542 4 -0.8652039161620579
      vertex 2.391771452281811 4 -5.774247078195542
    endloop
  endfacet
  facet normal 0 1 0
    outer loop
      vertex 2.0887870286167542 4 -0.8652039161620579
      vertex 2.217444482178185 4 -0.44107713148302263
      vertex 2.391771452281811 4 -5.774247078195542
    endloop
  endfacet
  facet normal 0 1 0
    outer loop
      vertex 2.217444482178185 4 -0.44107713148302263
      vertex 2.2608867878467005 4 0
      vertex 2.391771452281811 4 -5.774247078195542
    endloop
  endfacet
  facet normal 0 1 0
    outer loop
      vertex 2.391771452281811 4 -5.774247078195542
      vertex 2.391771452281811 4 5.774247078195542
      vertex 3.4723139563725134 4 -5.196685076890907
    endloop
  endfacet
  facet normal 0 1 0
    outer loop
      vertex 3.4723139563725134 4 -5.196685076890907
      vertex 3.4723139563725134 4 5.196685076890907
      vertex 4.419417382415922 4 -4.419417382415922
    endloop
  endfacet
  facet normal 0 1 0
    outer loop
      vertex 4.419417382415922 4 -4.419417382415922
      vertex 4.419417382415922 4 4.419417382415922
      vertex 5.196685076890907 4 -3.4723139563725134
    endloop
  endfacet
  facet normal -0.09801714032956034 0 0.9951847266721968
    outer loop
      vertex 0 4 -6.25
      vertex 1.2193145126008016 4 -6.129908002520191
      vertex 1.2193145126008016 10 -6.129908002520191
    endloop
  endfacet
  facet normal -0.2902846772544625 0 0.9569403357322088
    outer loop
      vertex 1.2193145126008016 4 -6.129908002520191
      vertex 2.391771452281811 4 -5.774247078195542
      vertex 2.391771452281811 10 -5.774247078195542
    endloop
  endfacet
  facet normal -0.09801714032956034 0 0.9951847266721968
    outer loop
      vertex 0 4 -6.25
      vertex 1.2193145126008016 10 -6.129908002520191
      vertex 0 10 -6.25
    endloop
  endfacet
  facet normal -0.2902846772544625 0 0.9569403357322088
    outer loop
      vertex 1.2193145126008016 4 -6.129908002520191
      vertex 2.391771452281811 10 -5.774247078195542
      vertex 1.2193145126008016 10 -6.129908002520191
    endloop
  endfacet
  facet normal -0.47139673682599814 0 0.8819212643483548
    outer loop
      vertex 2.391771452281811 4 -5.774247078195542
      vertex 3.4723139563725134 4 -5.196685076890907
      vertex 3.4723139563725134 10 -5.196685076890907
    endloop
  endfacet
  facet normal -0.6343932841636449 0 0.7730104533627373
    outer loop
      vertex 3.4723139563725134 4 -5.196685076890907
      vertex 4.419417382415922 4 -4.419417382415922
      vertex 4.419417382415922 10 -4.419417382415922
    endloop
  endfacet
  facet normal -0.7730104533627373 0 0.6343932841636449
    outer loop
      vertex 4.419417382415922 4 -4.419417382415922
      vertex 5.196685076890907 4 -3.4723139563725134
      vertex 5.196685076890907 10 -3.4723139563725134
    endloop
  endfacet
  facet normal -0.47139673682599814 0 0.8819212643483548
    outer loop
      vertex 2.391771452281811 4 -5.774247078195542
      vertex 3.4723139563725134 10 -5.196685076890907
      vertex 2.391771452281811 10 -5.774247078195542
    endloop
  endfacet
  facet normal -0.6343932841636449 0 0.7730104533627373
    outer loop
      vertex 3.4723139563725134 4 -5.196685076890907
      vertex 4.419417382415922 10 -4.419417382415922
      vertex 3.4723139563725134 10 -5.196685076890907
    endloop
  endfacet
  facet normal -0.7730104533627373 0 0.6343932841636449
    outer loop
      vertex 4.419417382415922 4 -4.419417382415922
      vertex 5.196685076890907 10 -3.4723139563725134
      vertex 4.419417382415922 10 -4.419417382415922
    endloop
  endfacet
  facet normal 0 1 0
    outer loop
      vertex 5.196685076890907 4 -3.4723139563725134
      vertex 5.196685076890907 4 3.4723139563725134
      vertex 5.774247078195542 4 -2.391771452281811
    endloop
  endfacet
  facet normal 0 1 0
    outer loop
      vertex 5.774247078195542 4 -2.391771452281811
      vertex 5.774247078195542 4 2.391771452281811
      vertex 6.129908002520191 4 -1.2193145126008016
    endloop
  endfacet
  facet normal -0.8819212643483548 0 0.47139673682599814
    outer loop
      vertex 5.196685076890907 4 -3.4723139563725134
      vertex 5.774247078195542 4 -2.391771452281811
      vertex 5.774247078195542 10 -2.391771452281811
    endloop
  endfacet
  facet normal -0.9569403357322088 0 0.2902846772544625
    outer loop
      vertex 5.774247078195542 4 -2.391771452281811
      vertex 6.129908002520191 4 -1.2193145126008016
      vertex 6.129908002520191 10 -1.2193145126008016
    endloop
  endfacet
  facet normal -0.9951847266721968 0 0.09801714032956034
    outer loop
      vertex 6.129908002520191 4 -1.2193145126008016
      vertex 6.25 4 0
      vertex 6.25 10 0
    endloop
  endfacet
  facet normal -0.8819212643483548 0 0.47139673682599814
    outer loop
      vertex 5.196685076890907 4 -3.4723139563725134
      vertex 5.774247078195542 10 -2.391771452281811
      vertex 5.196685076890907 10 -3.4723139563725134
    endloop
  endfacet
  facet normal -0.9569403357322088 0 0.2902846772544625
    outer loop
      vertex 5.774247078195542 4 -2.391771452281811
      vertex 6.129908002520191 10 -1.2193145126008016
      vertex 5.774247078195542 10 -2.391771452281811
    endloop
  endfacet
  facet normal -0.9951847266721968 0 0.09801714032956034
    outer loop
      vertex 6.129908002520191 4 -1.2193145126008016
      vertex 6.25 10 0
      vertex 6.129908002520191 10 -1.2193145126008016
    endloop
  endfacet
  facet normal 0 1 0
    outer loop
      vertex 0 4 2.2608867878467005
      vertex 1.2193145126008016 4 6.129908002520191
      vertex 0.44107713148302263 4 2.217444482178185
    endloop
  endfacet
  facet normal 0 1 0
    outer loop
      vertex 0.44107713148302263 4 2.217444482178185
      vertex 1.2193145126008016 4 6.129908002520191
      vertex 0.8652039161620579 4 2.0887870286167542
    endloop
  endfacet
  facet normal 0 1 0
    outer loop
      vertex 0.8652039161620579 4 2.0887870286167542
      vertex 1.2193145126008016 4 6.129908002520191
      vertex 1.2560813995549314 4 1.879858660950843
    endloop
  endfacet
  facet normal 0 1 0
    outer loop
      vertex 0 4 2.2608867878467005
      vertex 0 4 6.25
      vertex 1.2193145126008016 4 6.129908002520191
    endloop
  endfacet
  facet normal 0 1 0
    outer loop
      vertex 1.2560813995549314 4 1.879858660950843
      vertex 1.2193145126008016 4 6.129908002520191
      vertex 1.5986883791814732 4 1.5986883791814732
    endloop
  endfacet
  facet normal 0 1 0
    outer loop
      vertex 2.391771452281811 4 -5.774247078195542
      vertex 2.2608867878467005 4 0
      vertex 2.391771452281811 4 5.774247078195542
    endloop
  endfacet
  facet normal 0 1 0
    outer loop
      vertex 1.879858660950843 4 1.2560813995549314
      vertex 2.391771452281811 4 5.774247078195542
      vertex 2.0887870286167542 4 0.8652039161620579
    endloop
  endfacet
  facet normal 0 1 0
    outer loop
      vertex 1.5986883791814732 4 1.5986883791814732
      vertex 2.391771452281811 4 5.774247078195542
      vertex 1.879858660950843 4 1.2560813995549314
    endloop
  endfacet
  facet normal 0 1 0
    outer loop
      vertex 2.217444482178185 4 0.44107713148302263
      vertex 2.391771452281811 4 5.774247078195542
      vertex 2.2608867878467005 4 0
    endloop
  endfacet
  facet normal 0 1 0
    outer loop
      vertex 2.0887870286167542 4 0.8652039161620579
      vertex 2.391771452281811 4 5.774247078195542
      vertex 2.217444482178185 4 0.44107713148302263
    endloop
  endfacet
  facet normal 0 1 0
    outer loop
      vertex 1.2193145126008016 4 6.129908002520191
      vertex 2.391771452281811 4 5.774247078195542
      vertex 1.5986883791814732 4 1.5986883791814732
    endloop
  endfacet
  facet normal 0 1 0
    outer loop
      vertex 3.4723139563725134 4 -5.196685076890907
      vertex 2.391771452281811 4 5.774247078195542
      vertex 3.4723139563725134 4 5.196685076890907
    endloop
  endfacet
  facet normal 0 1 0
    outer loop
      vertex 4.419417382415922 4 -4.419417382415922
      vertex 3.4723139563725134 4 5.196685076890907
      vertex 4.419417382415922 4 4.419417382415922
    endloop
  endfacet
  facet normal 0 1 0
    outer loop
      vertex 5.196685076890907 4 -3.4723139563725134
      vertex 4.419417382415922 4 4.419417382415922
      vertex 5.196685076890907 4 3.4723139563725134
    endloop
  endfacet
  facet normal -0.09801714032956034 0 -0.9951847266721968
    outer loop
      vertex 0 4 6.25
      vertex 0 10 6.25
      vertex 1.2193145126008016 4 6.129908002520191
    endloop
  endfacet
  facet normal -0.2902846772544625 0 -0.9569403357322088
    outer loop
      vertex 1.2193145126008016 4 6.129908002520191
      vertex 1.2193145126008016 10 6.129908002520191
      vertex 2.391771452281811 4 5.774247078195542
    endloop
  endfacet
  facet normal -0.09801714032956034 0 -0.9951847266721968
    outer loop
      vertex 1.2193145126008016 4 6.129908002520191
      vertex 0 10 6.25
      vertex 1.2193145126008016 10 6.129908002520191
    endloop
  endfacet
  facet normal -0.2902846772544625 0 -0.9569403357322088
    outer loop
      vertex 2.391771452281811 4 5.774247078195542
      vertex 1.2193145126008016 10 6.129908002520191
      vertex 2.391771452281811 10 5.774247078195542
    endloop
  endfacet
  facet normal -0.47139673682599814 0 -0.8819212643483548
    outer loop
      vertex 2.391771452281811 4 5.774247078195542
      vertex 2.391771452281811 10 5.774247078195542
      vertex 3.4723139563725134 4 5.196685076890907
    endloop
  endfacet
  facet normal -0.6343932841636449 0 -0.7730104533627373
    outer loop
      vertex 3.4723139563725134 4 5.196685076890907
      vertex 3.4723139563725134 10 5.196685076890907
      vertex 4.419417382415922 4 4.419417382415922
    endloop
  endfacet
  facet normal -0.7730104533627373 0 -0.6343932841636449
    outer loop
      vertex 4.419417382415922 4 4.419417382415922
      vertex 4.419417382415922 10 4.419417382415922
      vertex 5.196685076890907 4 3.4723139563725134
    endloop
  endfacet
  facet normal -0.47139673682599814 0 -0.8819212643483548
    outer loop
      vertex 3.4723139563725134 4 5.196685076890907
      vertex 2.391771452281811 10 5.774247078195542
      vertex 3.4723139563725134 10 5.196685076890907
    endloop
  endfacet
  facet normal -0.6343932841636449 0 -0.7730104533627373
    outer loop
      vertex 4.419417382415922 4 4.419417382415922
      vertex 3.4723139563725134 10 5.196685076890907
      vertex 4.419417382415922 10 4.419417382415922
    endloop
  endfacet
  facet normal -0.7730104533627373 0 -0.6343932841636449
    outer loop
      vertex 5.196685076890907 4 3.4723139563725134
      vertex 4.419417382415922 10 4.419417382415922
      vertex 5.196685076890907 10 3.4723139563725134
    endloop
  endfacet
  facet normal 0 1 0
    outer loop
      vertex 5.774247078195542 4 -2.391771452281811
      vertex 5.196685076890907 4 3.4723139563725134
      vertex 5.774247078195542 4 2.391771452281811
    endloop
  endfacet
  facet normal 0 1 0
    outer loop
      vertex 6.129908002520191 4 -1.2193145126008016
      vertex 5.774247078195542 4 2.391771452281811
      vertex 6.129908002520191 4 1.2193145126008016
    endloop
  endfacet
  facet normal 0 1 0
    outer loop
      vertex 6.129908002520191 4 -1.2193145126008016
      vertex 6.129908002520191 4 1.2193145126008016
      vertex 6.25 4 0
    endloop
  endfacet
  facet normal -0.8819212643483548 0 -0.47139673682599814
    outer loop
      vertex 5.196685076890907 4 3.4723139563725134
      vertex 5.196685076890907 10 3.4723139563725134
      vertex 5.774247078195542 4 2.391771452281811
    endloop
  endfacet
  facet normal -0.9951847266721968 0 -0.09801714032956034
    outer loop
      vertex 6.25 4 0
      vertex 6.129908002520191 4 1.2193145126008016
      vertex 6.129908002520191 10 1.2193145126008016
    endloop
  endfacet
  facet normal -0.9569403357322088 0 -0.2902846772544625
    outer loop
      vertex 5.774247078195542 4 2.391771452281811
      vertex 5.774247078195542 10 2.391771452281811
      vertex 6.129908002520191 4 1.2193145126008016
    endloop
  endfacet
  facet normal -0.8819212643483548 0 -0.47139673682599814
    outer loop
      vertex 5.774247078195542 4 2.391771452281811
      vertex 5.196685076890907 10 3.4723139563725134
      vertex 5.774247078195542 10 2.391771452281811
    endloop
  endfacet
  facet normal -0.9951847266721968 0 -0.09801714032956034
    outer loop
      vertex 6.25 4 0
      vertex 6.129908002520191 10 1.2193145126008016
      vertex 6.25 10 0
    endloop
  endfacet
  facet normal -0.9569403357322088 0 -0.2902846772544625
    outer loop
      vertex 6.129908002520191 4 1.2193145126008016
      vertex 5.774247078195542 10 2.391771452281811
      vertex 6.129908002520191 10 1.2193145126008016
    endloop
  endfacet
  facet normal 0.9569403357322088 0 0.2902846772544626
    outer loop
      vertex -5.774247078195542 -4 17.608228547718188
      vertex -6.129908002520191 -10 18.780685487399197
      vertex -5.774247078195542 -10 17.608228547718188
    endloop
  endfacet
  facet normal 0.8819212643483545 0 0.47139673682599853
    outer loop
      vertex -5.196685076890907 -4 16.527686043627487
      vertex -5.774247078195542 -10 17.608228547718188
      vertex -5.196685076890907 -10 16.527686043627487
    endloop
  endfacet
  facet normal 0.9951847266721969 0 0.0980171403295602
    outer loop
      vertex -6.129908002520191 -4 18.780685487399197
      vertex -6.25 -10 20
      vertex -6.129908002520191 -10 18.780685487399197
    endloop
  endfacet
  facet normal 0.9951847266721969 0 -0.0980171403295602
    outer loop
      vertex -6.25 -4 20
      vertex -6.129908002520191 -10 21.219314512600803
      vertex -6.25 -10 20
    endloop
  endfacet
  facet normal 0.9569403357322088 0 -0.2902846772544626
    outer loop
      vertex -6.129908002520191 -4 21.219314512600803
      vertex -5.774247078195542 -10 22.391771452281812
      vertex -6.129908002520191 -10 21.219314512600803
    endloop
  endfacet
  facet normal 0.8819212643483545 0 -0.47139673682599853
    outer loop
      vertex -5.774247078195542 -4 22.391771452281812
      vertex -5.196685076890907 -10 23.472313956372513
      vertex -5.774247078195542 -10 22.391771452281812
    endloop
  endfacet
  facet normal 0.9569403357322088 0 0.2902846772544626
    outer loop
      vertex -6.129908002520191 -4 18.780685487399197
      vertex -6.129908002520191 -10 18.780685487399197
      vertex -5.774247078195542 -4 17.608228547718188
    endloop
  endfacet
  facet normal 0.8819212643483545 0 0.47139673682599853
    outer loop
      vertex -5.774247078195542 -4 17.608228547718188
      vertex -5.774247078195542 -10 17.608228547718188
      vertex -5.196685076890907 -4 16.527686043627487
    endloop
  endfacet
  facet normal 0.9951847266721969 0 0.0980171403295602
    outer loop
      vertex -6.129908002520191 -4 18.780685487399197
      vertex -6.25 -4 20
      vertex -6.25 -10 20
    endloop
  endfacet
  facet normal 0.9951847266721969 0 -0.0980171403295602
    outer loop
      vertex -6.25 -4 20
      vertex -6.129908002520191 -4 21.219314512600803
      vertex -6.129908002520191 -10 21.219314512600803
    endloop
  endfacet
  facet normal 0.9569403357322088 0 -0.2902846772544626
    outer loop
      vertex -6.129908002520191 -4 21.219314512600803
      vertex -5.774247078195542 -4 22.391771452281812
      vertex -5.774247078195542 -10 22.391771452281812
    endloop
  endfacet
  facet normal 0.8819212643483545 0 -0.47139673682599853
    outer loop
      vertex -5.774247078195542 -4 22.391771452281812
      vertex -5.196685076890907 -4 23.472313956372513
      vertex -5.196685076890907 -10 23.472313956372513
    endloop
  endfacet
  facet normal 0 -1 0
    outer loop
      vertex -6.129908002520191 -4 18.780685487399197
      vertex -6.129908002520191 -4 21.219314512600803
      vertex -6.25 -4 20
    endloop
  endfacet
  facet normal 0 -1 0
    outer loop
      vertex -6.129908002520191 -4 18.780685487399197
      vertex -5.774247078195542 -4 17.608228547718188
      vertex -5.774247078195542 -4 22.391771452281812
    endloop
  endfacet
  facet normal 0 -1 0
    outer loop
      vertex -6.129908002520191 -4 18.780685487399197
      vertex -5.774247078195542 -4 22.391771452281812
      vertex -6.129908002520191 -4 21.219314512600803
    endloop
  endfacet
  facet normal 0 -1 0
    outer loop
      vertex -5.774247078195542 -4 17.608228547718188
      vertex -5.196685076890907 -4 16.527686043627487
      vertex -5.196685076890907 -4 23.472313956372513
    endloop
  endfacet
  facet normal 0 -1 0
    outer loop
      vertex -5.774247078195542 -4 17.608228547718188
      vertex -5.196685076890907 -4 23.472313956372513
      vertex -5.774247078195542 -4 22.391771452281812
    endloop
  endfacet
  facet normal 0.47139673682599814 0 0.8819212643483548
    outer loop
      vertex -2.391771452281811 -4 14.225752921804457
      vertex -3.4723139563725134 -10 14.803314923109092
      vertex -2.391771452281811 -10 14.225752921804457
    endloop
  endfacet
  facet normal 0.47139673682599814 0 0.8819212643483548
    outer loop
      vertex -3.4723139563725134 -4 14.803314923109092
      vertex -3.4723139563725134 -10 14.803314923109092
      vertex -2.391771452281811 -4 14.225752921804457
    endloop
  endfacet
  facet normal 0.29028467725446183 0 0.956940335732209
    outer loop
      vertex -1.2193145126008016 -4 13.87009199747981
      vertex -2.391771452281811 -10 14.225752921804457
      vertex -1.2193145126008016 -10 13.87009199747981
    endloop
  endfacet
  facet normal 0.09801714032956034 0 0.9951847266721968
    outer loop
      vertex 0 -4 13.75
      vertex -1.2193145126008016 -10 13.87009199747981
      vertex 0 -10 13.75
    endloop
  endfacet
  facet normal 0.29028467725446183 0 0.956940335732209
    outer loop
      vertex -2.391771452281811 -4 14.225752921804457
      vertex -2.391771452281811 -10 14.225752921804457
      vertex -1.2193145126008016 -4 13.87009199747981
    endloop
  endfacet
  facet normal 0.09801714032956034 0 0.9951847266721968
    outer loop
      vertex -1.2193145126008016 -4 13.87009199747981
      vertex -1.2193145126008016 -10 13.87009199747981
      vertex 0 -4 13.75
    endloop
  endfacet
  facet normal 0.7730104533627373 0 0.6343932841636449
    outer loop
      vertex -4.419417382415922 -4 15.580582617584078
      vertex -5.196685076890907 -10 16.527686043627487
      vertex -4.419417382415922 -10 15.580582617584078
    endloop
  endfacet
  facet normal 0.6343932841636454 0 0.773010453362737
    outer loop
      vertex -3.4723139563725134 -4 14.803314923109092
      vertex -4.419417382415922 -10 15.580582617584078
      vertex -3.4723139563725134 -10 14.803314923109092
    endloop
  endfacet
  facet normal 0.7730104533627373 0 -0.6343932841636449
    outer loop
      vertex -5.196685076890907 -4 23.472313956372513
      vertex -4.419417382415922 -10 24.419417382415922
      vertex -5.196685076890907 -10 23.472313956372513
    endloop
  endfacet
  facet normal 0.6343932841636454 0 -0.773010453362737
    outer loop
      vertex -4.419417382415922 -4 24.419417382415922
      vertex -3.4723139563725134 -10 25.19668507689091
      vertex -4.419417382415922 -10 24.419417382415922
    endloop
  endfacet
  facet normal 0.47139673682599814 0 -0.8819212643483548
    outer loop
      vertex -3.4723139563725134 -4 25.19668507689091
      vertex -2.391771452281811 -10 25.774247078195543
      vertex -3.4723139563725134 -10 25.19668507689091
    endloop
  endfacet
  facet normal 0.7730104533627373 0 0.6343932841636449
    outer loop
      vertex -5.196685076890907 -4 16.527686043627487
      vertex -5.196685076890907 -10 16.527686043627487
      vertex -4.419417382415922 -4 15.580582617584078
    endloop
  endfacet
  facet normal 0.6343932841636454 0 0.773010453362737
    outer loop
      vertex -4.419417382415922 -4 15.580582617584078
      vertex -4.419417382415922 -10 15.580582617584078
      vertex -3.4723139563725134 -4 14.803314923109092
    endloop
  endfacet
  facet normal 0.7730104533627373 0 -0.6343932841636449
    outer loop
      vertex -5.196685076890907 -4 23.472313956372513
      vertex -4.419417382415922 -4 24.419417382415922
      vertex -4.419417382415922 -10 24.419417382415922
    endloop
  endfacet
  facet normal 0.6343932841636454 0 -0.773010453362737
    outer loop
      vertex -4.419417382415922 -4 24.419417382415922
      vertex -3.4723139563725134 -4 25.19668507689091
      vertex -3.4723139563725134 -10 25.19668507689091
    endloop
  endfacet
  facet normal 0.47139673682599814 0 -0.8819212643483548
    outer loop
      vertex -3.4723139563725134 -4 25.19668507689091
      vertex -2.391771452281811 -4 25.774247078195543
      vertex -2.391771452281811 -10 25.774247078195543
    endloop
  endfacet
  facet normal 0.2902846772544605 0 -0.9569403357322094
    outer loop
      vertex -2.391771452281811 -4 25.774247078195543
      vertex -1.2193145126008016 -10 26.12990800252019
      vertex -2.391771452281811 -10 25.774247078195543
    endloop
  endfacet
  facet normal 0.09801714032956178 0 -0.9951847266721967
    outer loop
      vertex -1.2193145126008016 -4 26.12990800252019
      vertex 0 -10 26.25
      vertex -1.2193145126008016 -10 26.12990800252019
    endloop
  endfacet
  facet normal 0.2902846772544605 0 -0.9569403357322094
    outer loop
      vertex -2.391771452281811 -4 25.774247078195543
      vertex -1.2193145126008016 -4 26.12990800252019
      vertex -1.2193145126008016 -10 26.12990800252019
    endloop
  endfacet
  facet normal 0.09801714032956178 0 -0.9951847266721967
    outer loop
      vertex -1.2193145126008016 -4 26.12990800252019
      vertex 0 -4 26.25
      vertex 0 -10 26.25
    endloop
  endfacet
  facet normal 0 -1 0
    outer loop
      vertex -4.419417382415922 -4 15.580582617584078
      vertex -3.4723139563725134 -4 14.803314923109092
      vertex -3.4723139563725134 -4 25.19668507689091
    endloop
  endfacet
  facet normal 0 -1 0
    outer loop
      vertex -5.196685076890907 -4 16.527686043627487
      vertex -4.419417382415922 -4 15.580582617584078
      vertex -4.419417382415922 -4 24.419417382415922
    endloop
  endfacet
  facet normal 0 -1 0
    outer loop
      vertex -5.196685076890907 -4 16.527686043627487
      vertex -4.419417382415922 -4 24.419417382415922
      vertex -5.196685076890907 -4 23.472313956372513
    endloop
  endfacet
  facet normal 0 -1 0
    outer loop
      vertex -4.419417382415922 -4 15.580582617584078
      vertex -3.4723139563725134 -4 25.19668507689091
      vertex -4.419417382415922 -4 24.419417382415922
    endloop
  endfacet
  facet normal 0 -1 0
    outer loop
      vertex -3.4723139563725134 -4 14.803314923109092
      vertex -2.391771452281811 -4 14.225752921804457
      vertex -2.391771452281811 -4 25.774247078195543
    endloop
  endfacet
  facet normal 0 -1 0
    outer loop
      vertex -3.4723139563725134 -4 14.803314923109092
      vertex -2.391771452281811 -4 25.774247078195543
      vertex -3.4723139563725134 -4 25.19668507689091
    endloop
  endfacet
  facet normal 0 -1 0
    outer loop
      vertex -2.391771452281811 -4 14.225752921804457
      vertex -2.0887870286167542 -4 19.13479608383794
      vertex -2.217444482178185 -4 19.558922868516976
    endloop
  endfacet
  facet normal 0 -1 0
    outer loop
      vertex -2.391771452281811 -4 14.225752921804457
      vertex -2.217444482178185 -4 19.558922868516976
      vertex -2.2608867878467005 -4 20
    endloop
  endfacet
  facet normal 0 -1 0
    outer loop
      vertex -2.391771452281811 -4 14.225752921804457
      vertex -1.879858660950843 -4 18.74391860044507
      vertex -2.0887870286167542 -4 19.13479608383794
    endloop
  endfacet
  facet normal 0 -1 0
    outer loop
      vertex -2.391771452281811 -4 14.225752921804457
      vertex -1.5986883791814732 -4 18.401311620818525
      vertex -1.879858660950843 -4 18.74391860044507
    endloop
  endfacet
  facet normal 0 -1 0
    outer loop
      vertex -2.391771452281811 -4 14.225752921804457
      vertex -1.2193145126008016 -4 13.87009199747981
      vertex -1.2560813995549314 -4 18.120141339049155
    endloop
  endfacet
  facet normal 0 -1 0
    outer loop
      vertex -2.391771452281811 -4 14.225752921804457
      vertex -1.2560813995549314 -4 18.120141339049155
      vertex -1.5986883791814732 -4 18.401311620818525
    endloop
  endfacet
  facet normal 0 -1 0
    outer loop
      vertex -2.391771452281811 -4 14.225752921804457
      vertex -2.2608867878467005 -4 20
      vertex -2.391771452281811 -4 25.774247078195543
    endloop
  endfacet
  facet normal 0 -1 0
    outer loop
      vertex -2.391771452281811 -4 25.774247078195543
      vertex -2.2608867878467005 -4 20
      vertex -2.242595290723115 -4 20.18571668694022
    endloop
  endfacet
  facet normal 0 -1 0
    outer loop
      vertex -2.391771452281811 -4 25.774247078195543
      vertex -2.242595290723115 -4 20.18571668694022
      vertex -2.217444482178185 -4 20.441077131483024
    endloop
  endfacet
  facet normal 0 -1 0
    outer loop
      vertex -2.391771452281811 -4 25.774247078195543
      vertex -2.217444482178185 -4 20.441077131483024
      vertex -2.0887870286167542 -4 20.86520391616206
    endloop
  endfacet
  facet normal 0 -1 0
    outer loop
      vertex -1.2193145126008016 -4 13.87009199747981
      vertex -0.8652039161620579 -4 17.911212971383247
      vertex -1.2560813995549314 -4 18.120141339049155
    endloop
  endfacet
  facet normal 0 -1 0
    outer loop
      vertex -1.2193145126008016 -4 13.87009199747981
      vertex -0.44107713148302263 -4 17.782555517821816
      vertex -0.8652039161620579 -4 17.911212971383247
    endloop
  endfacet
  facet normal 0 -1 0
    outer loop
      vertex -1.2193145126008016 -4 13.87009199747981
      vertex 0 -4 13.75
      vertex 0 -4 17.7391132121533
    endloop
  endfacet
  facet normal 0 -1 0
    outer loop
      vertex -1.2193145126008016 -4 13.87009199747981
      vertex 0 -4 17.7391132121533
      vertex -0.44107713148302263 -4 17.782555517821816
    endloop
  endfacet
  facet normal 0 -1 0
    outer loop
      vertex -2.391771452281811 -4 25.774247078195543
      vertex -2.0887870286167542 -4 20.86520391616206
      vertex -1.879858660950843 -4 21.25608139955493
    endloop
  endfacet
  facet normal 0 -1 0
    outer loop
      vertex -2.391771452281811 -4 25.774247078195543
      vertex -1.879858660950843 -4 21.25608139955493
      vertex -1.5986883791814732 -4 21.598688379181475
    endloop
  endfacet
  facet normal 0 -1 0
    outer loop
      vertex -1.5986883791814732 -4 21.598688379181475
      vertex -1.2560813995549314 -4 21.879858660950845
      vertex -1.2193145126008016 -4 26.12990800252019
    endloop
  endfacet
  facet normal 0 -1 0
    outer loop
      vertex -2.391771452281811 -4 25.774247078195543
      vertex -1.5986883791814732 -4 21.598688379181475
      vertex -1.2193145126008016 -4 26.12990800252019
    endloop
  endfacet
  facet normal 0 -1 0
    outer loop
      vertex -1.2560813995549314 -4 21.879858660950845
      vertex -0.8652039161620579 -4 22.088787028616753
      vertex -1.2193145126008016 -4 26.12990800252019
    endloop
  endfacet
  facet normal 0 -1 0
    outer loop
      vertex -0.8652039161620579 -4 22.088787028616753
      vertex -0.44107713148302263 -4 22.217444482178184
      vertex -1.2193145126008016 -4 26.12990800252019
    endloop
  endfacet
  facet normal 0 -1 0
    outer loop
      vertex -1.2193145126008016 -4 26.12990800252019
      vertex -0.44107713148302263 -4 22.217444482178184
      vertex 0 -4 22.2608867878467
    endloop
  endfacet
  facet normal 0 -1 0
    outer loop
      vertex -1.2193145126008016 -4 26.12990800252019
      vertex 0 -4 22.2608867878467
      vertex 0 -4 26.25
    endloop
  endfacet
  facet normal -0.09801714032956034 0 0.9951847266721968
    outer loop
      vertex 1.2193145126008016 -4 13.87009199747981
      vertex 0 -10 13.75
      vertex 1.2193145126008016 -10 13.87009199747981
    endloop
  endfacet
  facet normal -0.29028467725446183 0 0.956940335732209
    outer loop
      vertex 2.391771452281811 -4 14.225752921804457
      vertex 1.2193145126008016 -10 13.87009199747981
      vertex 2.391771452281811 -10 14.225752921804457
    endloop
  endfacet
  facet normal -0.09801714032956034 0 0.9951847266721968
    outer loop
      vertex 0 -4 13.75
      vertex 0 -10 13.75
      vertex 1.2193145126008016 -4 13.87009199747981
    endloop
  endfacet
  facet normal -0.29028467725446183 0 0.956940335732209
    outer loop
      vertex 1.2193145126008016 -4 13.87009199747981
      vertex 1.2193145126008016 -10 13.87009199747981
      vertex 2.391771452281811 -4 14.225752921804457
    endloop
  endfacet
  facet normal -0.47139673682599814 0 0.8819212643483548
    outer loop
      vertex 3.4723139563725134 -4 14.803314923109092
      vertex 2.391771452281811 -10 14.225752921804457
      vertex 3.4723139563725134 -10 14.803314923109092
    endloop
  endfacet
  facet normal -0.47139673682599814 0 0.8819212643483548
    outer loop
      vertex 2.391771452281811 -4 14.225752921804457
      vertex 2.391771452281811 -10 14.225752921804457
      vertex 3.4723139563725134 -4 14.803314923109092
    endloop
  endfacet
  facet normal -0.09801714032956178 0 -0.9951847266721967
    outer loop
      vertex 0 -4 26.25
      vertex 1.2193145126008016 -10 26.12990800252019
      vertex 0 -10 26.25
    endloop
  endfacet
  facet normal -0.2902846772544605 0 -0.9569403357322094
    outer loop
      vertex 1.2193145126008016 -4 26.12990800252019
      vertex 2.391771452281811 -10 25.774247078195543
      vertex 1.2193145126008016 -10 26.12990800252019
    endloop
  endfacet
  facet normal -0.09801714032956178 0 -0.9951847266721967
    outer loop
      vertex 0 -4 26.25
      vertex 1.2193145126008016 -4 26.12990800252019
      vertex 1.2193145126008016 -10 26.12990800252019
    endloop
  endfacet
  facet normal -0.2902846772544605 0 -0.9569403357322094
    outer loop
      vertex 1.2193145126008016 -4 26.12990800252019
      vertex 2.391771452281811 -4 25.774247078195543
      vertex 2.391771452281811 -10 25.774247078195543
    endloop
  endfacet
  facet normal -0.6343932841636454 0 0.773010453362737
    outer loop
      vertex 4.419417382415922 -4 15.580582617584078
      vertex 3.4723139563725134 -10 14.803314923109092
      vertex 4.419417382415922 -10 15.580582617584078
    endloop
  endfacet
  facet normal -0.7730104533627373 0 0.6343932841636449
    outer loop
      vertex 5.196685076890907 -4 16.527686043627487
      vertex 4.419417382415922 -10 15.580582617584078
      vertex 5.196685076890907 -10 16.527686043627487
    endloop
  endfacet
  facet normal -0.47139673682599814 0 -0.8819212643483548
    outer loop
      vertex 2.391771452281811 -4 25.774247078195543
      vertex 3.4723139563725134 -10 25.19668507689091
      vertex 2.391771452281811 -10 25.774247078195543
    endloop
  endfacet
  facet normal -0.6343932841636454 0 -0.773010453362737
    outer loop
      vertex 3.4723139563725134 -4 25.19668507689091
      vertex 4.419417382415922 -10 24.419417382415922
      vertex 3.4723139563725134 -10 25.19668507689091
    endloop
  endfacet
  facet normal -0.7730104533627373 0 -0.6343932841636449
    outer loop
      vertex 4.419417382415922 -4 24.419417382415922
      vertex 5.196685076890907 -10 23.472313956372513
      vertex 4.419417382415922 -10 24.419417382415922
    endloop
  endfacet
  facet normal -0.6343932841636454 0 0.773010453362737
    outer loop
      vertex 3.4723139563725134 -4 14.803314923109092
      vertex 3.4723139563725134 -10 14.803314923109092
      vertex 4.419417382415922 -4 15.580582617584078
    endloop
  endfacet
  facet normal -0.7730104533627373 0 0.6343932841636449
    outer loop
      vertex 4.419417382415922 -4 15.580582617584078
      vertex 4.419417382415922 -10 15.580582617584078
      vertex 5.196685076890907 -4 16.527686043627487
    endloop
  endfacet
  facet normal -0.47139673682599814 0 -0.8819212643483548
    outer loop
      vertex 2.391771452281811 -4 25.774247078195543
      vertex 3.4723139563725134 -4 25.19668507689091
      vertex 3.4723139563725134 -10 25.19668507689091
    endloop
  endfacet
  facet normal -0.6343932841636454 0 -0.773010453362737
    outer loop
      vertex 3.4723139563725134 -4 25.19668507689091
      vertex 4.419417382415922 -4 24.419417382415922
      vertex 4.419417382415922 -10 24.419417382415922
    endloop
  endfacet
  facet normal -0.7730104533627373 0 -0.6343932841636449
    outer loop
      vertex 4.419417382415922 -4 24.419417382415922
      vertex 5.196685076890907 -4 23.472313956372513
      vertex 5.196685076890907 -10 23.472313956372513
    endloop
  endfacet
  facet normal 0 -1 0
    outer loop
      vertex 0 -4 13.75
      vertex 1.2193145126008016 -4 13.87009199747981
      vertex 0 -4 17.7391132121533
    endloop
  endfacet
  facet normal 0 -1 0
    outer loop
      vertex 0 -4 17.7391132121533
      vertex 1.2193145126008016 -4 13.87009199747981
      vertex 0.44107713148302263 -4 17.782555517821816
    endloop
  endfacet
  facet normal 0 -1 0
    outer loop
      vertex 0.44107713148302263 -4 17.782555517821816
      vertex 1.2193145126008016 -4 13.87009199747981
      vertex 0.8652039161620579 -4 17.911212971383247
    endloop
  endfacet
  facet normal 0 -1 0
    outer loop
      vertex 1.2193145126008016 -4 13.87009199747981
      vertex 1.2560813995549314 -4 18.120141339049155
      vertex 0.8652039161620579 -4 17.911212971383247
    endloop
  endfacet
  facet normal 0 -1 0
    outer loop
      vertex 1.2193145126008016 -4 13.87009199747981
      vertex 1.5986883791814732 -4 18.401311620818525
      vertex 1.2560813995549314 -4 18.120141339049155
    endloop
  endfacet
  facet normal 0 -1 0
    outer loop
      vertex 1.2193145126008016 -4 13.87009199747981
      vertex 2.391771452281811 -4 14.225752921804457
      vertex 1.5986883791814732 -4 18.401311620818525
    endloop
  endfacet
  facet normal 0 -1 0
    outer loop
      vertex 1.5986883791814732 -4 18.401311620818525
      vertex 2.391771452281811 -4 14.225752921804457
      vertex 1.879858660950843 -4 18.74391860044507
    endloop
  endfacet
  facet normal 0 -1 0
    outer loop
      vertex 1.879858660950843 -4 18.74391860044507
      vertex 2.391771452281811 -4 14.225752921804457
      vertex 2.0887870286167542 -4 19.13479608383794
    endloop
  endfacet
  facet normal 0 -1 0
    outer loop
      vertex 2.0887870286167542 -4 19.13479608383794
      vertex 2.391771452281811 -4 14.225752921804457
      vertex 2.217444482178185 -4 19.558922868516976
    endloop
  endfacet
  facet normal 0 -1 0
    outer loop
      vertex 2.217444482178185 -4 19.558922868516976
      vertex 2.391771452281811 -4 14.225752921804457
      vertex 2.242595290723115 -4 19.81428331305978
    endloop
  endfacet
  facet normal 0 -1 0
    outer loop
      vertex 2.391771452281811 -4 14.225752921804457
      vertex 2.2608867878467005 -4 20
      vertex 2.242595290723115 -4 19.81428331305978
    endloop
  endfacet
  facet normal 0 -1 0
    outer loop
      vertex 2.391771452281811 -4 14.225752921804457
      vertex 2.391771452281811 -4 25.774247078195543
      vertex 2.2608867878467005 -4 20
    endloop
  endfacet
  facet normal 0 -1 0
    outer loop
      vertex 2.0887870286167542 -4 20.86520391616206
      vertex 2.217444482178185 -4 20.441077131483024
      vertex 2.391771452281811 -4 25.774247078195543
    endloop
  endfacet
  facet normal 0 -1 0
    outer loop
      vertex 2.217444482178185 -4 20.441077131483024
      vertex 2.2608867878467005 -4 20
      vertex 2.391771452281811 -4 25.774247078195543
    endloop
  endfacet
  facet normal 0 -1 0
    outer loop
      vertex 0 -4 22.2608867878467
      vertex 0.44107713148302263 -4 22.217444482178184
      vertex 1.2193145126008016 -4 26.12990800252019
    endloop
  endfacet
  facet normal 0 -1 0
    outer loop
      vertex 0 -4 22.2608867878467
      vertex 1.2193145126008016 -4 26.12990800252019
      vertex 0 -4 26.25
    endloop
  endfacet
  facet normal 0 -1 0
    outer loop
      vertex 0.44107713148302263 -4 22.217444482178184
      vertex 0.8652039161620579 -4 22.088787028616753
      vertex 1.2193145126008016 -4 26.12990800252019
    endloop
  endfacet
  facet normal 0 -1 0
    outer loop
      vertex 0.8652039161620579 -4 22.088787028616753
      vertex 1.2560813995549314 -4 21.879858660950845
      vertex 1.2193145126008016 -4 26.12990800252019
    endloop
  endfacet
  facet normal 0 -1 0
    outer loop
      vertex 1.2560813995549314 -4 21.879858660950845
      vertex 1.5986883791814732 -4 21.598688379181475
      vertex 2.391771452281811 -4 25.774247078195543
    endloop
  endfacet
  facet normal 0 -1 0
    outer loop
      vertex 1.2560813995549314 -4 21.879858660950845
      vertex 2.391771452281811 -4 25.774247078195543
      vertex 1.2193145126008016 -4 26.12990800252019
    endloop
  endfacet
  facet normal 0 -1 0
    outer loop
      vertex 1.879858660950843 -4 21.25608139955493
      vertex 2.391771452281811 -4 25.774247078195543
      vertex 1.5986883791814732 -4 21.598688379181475
    endloop
  endfacet
  facet normal 0 -1 0
    outer loop
      vertex 1.879858660950843 -4 21.25608139955493
      vertex 2.0887870286167542 -4 20.86520391616206
      vertex 2.391771452281811 -4 25.774247078195543
    endloop
  endfacet
  facet normal 0 -1 0
    outer loop
      vertex 2.391771452281811 -4 14.225752921804457
      vertex 3.4723139563725134 -4 14.803314923109092
      vertex 3.4723139563725134 -4 25.19668507689091
    endloop
  endfacet
  facet normal 0 -1 0
    outer loop
      vertex 2.391771452281811 -4 14.225752921804457
      vertex 3.4723139563725134 -4 25.19668507689091
      vertex 2.391771452281811 -4 25.774247078195543
    endloop
  endfacet
  facet normal 0 -1 0
    outer loop
      vertex 3.4723139563725134 -4 14.803314923109092
      vertex 4.419417382415922 -4 15.580582617584078
      vertex 4.419417382415922 -4 24.419417382415922
    endloop
  endfacet
  facet normal 0 -1 0
    outer loop
      vertex 4.419417382415922 -4 15.580582617584078
      vertex 5.196685076890907 -4 16.527686043627487
      vertex 5.196685076890907 -4 23.472313956372513
    endloop
  endfacet
  facet normal 0 -1 0
    outer loop
      vertex 3.4723139563725134 -4 14.803314923109092
      vertex 4.419417382415922 -4 24.419417382415922
      vertex 3.4723139563725134 -4 25.19668507689091
    endloop
  endfacet
  facet normal 0 -1 0
    outer loop
      vertex 4.419417382415922 -4 15.580582617584078
      vertex 5.196685076890907 -4 23.472313956372513
      vertex 4.419417382415922 -4 24.419417382415922
    endloop
  endfacet
  facet normal -0.8819212643483545 0 0.47139673682599853
    outer loop
      vertex 5.774247078195542 -4 17.608228547718188
      vertex 5.196685076890907 -10 16.527686043627487
      vertex 5.774247078195542 -10 17.608228547718188
    endloop
  endfacet
  facet normal -0.9569403357322088 0 0.2902846772544626
    outer loop
      vertex 6.129908002520191 -4 18.780685487399197
      vertex 5.774247078195542 -10 17.608228547718188
      vertex 6.129908002520191 -10 18.780685487399197
    endloop
  endfacet
  facet normal -0.9951847266721969 0 0.0980171403295602
    outer loop
      vertex 6.25 -4 20
      vertex 6.129908002520191 -10 18.780685487399197
      vertex 6.25 -10 20
    endloop
  endfacet
  facet normal -0.9569403357322088 0 -0.2902846772544626
    outer loop
      vertex 5.774247078195542 -4 22.391771452281812
      vertex 6.129908002520191 -10 21.219314512600803
      vertex 5.774247078195542 -10 22.391771452281812
    endloop
  endfacet
  facet normal -0.9951847266721969 0 -0.0980171403295602
    outer loop
      vertex 6.129908002520191 -4 21.219314512600803
      vertex 6.25 -10 20
      vertex 6.129908002520191 -10 21.219314512600803
    endloop
  endfacet
  facet normal -0.8819212643483545 0 -0.47139673682599853
    outer loop
      vertex 5.196685076890907 -4 23.472313956372513
      vertex 5.774247078195542 -10 22.391771452281812
      vertex 5.196685076890907 -10 23.472313956372513
    endloop
  endfacet
  facet normal -0.8819212643483545 0 0.47139673682599853
    outer loop
      vertex 5.196685076890907 -4 16.527686043627487
      vertex 5.196685076890907 -10 16.527686043627487
      vertex 5.774247078195542 -4 17.608228547718188
    endloop
  endfacet
  facet normal -0.9569403357322088 0 0.2902846772544626
    outer loop
      vertex 5.774247078195542 -4 17.608228547718188
      vertex 5.774247078195542 -10 17.608228547718188
      vertex 6.129908002520191 -4 18.780685487399197
    endloop
  endfacet
  facet normal -0.9951847266721969 0 0.0980171403295602
    outer loop
      vertex 6.129908002520191 -4 18.780685487399197
      vertex 6.129908002520191 -10 18.780685487399197
      vertex 6.25 -4 20
    endloop
  endfacet
  facet normal -0.9951847266721969 0 -0.0980171403295602
    outer loop
      vertex 6.25 -4 20
      vertex 6.25 -10 20
      vertex 6.129908002520191 -4 21.219314512600803
    endloop
  endfacet
  facet normal -0.9569403357322088 0 -0.2902846772544626
    outer loop
      vertex 5.774247078195542 -4 22.391771452281812
      vertex 6.129908002520191 -4 21.219314512600803
      vertex 6.129908002520191 -10 21.219314512600803
    endloop
  endfacet
  facet normal -0.8819212643483545 0 -0.47139673682599853
    outer loop
      vertex 5.196685076890907 -4 23.472313956372513
      vertex 5.774247078195542 -4 22.391771452281812
      vertex 5.774247078195542 -10 22.391771452281812
    endloop
  endfacet
  facet normal 0 -1 0
    outer loop
      vertex 5.196685076890907 -4 16.527686043627487
      vertex 5.774247078195542 -4 17.608228547718188
      vertex 5.774247078195542 -4 22.391771452281812
    endloop
  endfacet
  facet normal 0 -1 0
    outer loop
      vertex 5.196685076890907 -4 16.527686043627487
      vertex 5.774247078195542 -4 22.391771452281812
      vertex 5.196685076890907 -4 23.472313956372513
    endloop
  endfacet
  facet normal 0 -1 0
    outer loop
      vertex 5.774247078195542 -4 17.608228547718188
      vertex 6.129908002520191 -4 21.219314512600803
      vertex 5.774247078195542 -4 22.391771452281812
    endloop
  endfacet
  facet normal 0 -1 0
    outer loop
      vertex 5.774247078195542 -4 17.608228547718188
      vertex 6.129908002520191 -4 18.780685487399197
      vertex 6.129908002520191 -4 21.219314512600803
    endloop
  endfacet
  facet normal 0 -1 0
    outer loop
      vertex 6.129908002520191 -4 18.780685487399197
      vertex 6.25 -4 20
      vertex 6.129908002520191 -4 21.219314512600803
    endloop
  endfacet
  facet normal 0.8819212643483545 0 0.47139673682599853
    outer loop
      vertex -5.196685076890907 -4 -23.472313956372513
      vertex -5.774247078195542 -10 -22.391771452281812
      vertex -5.196685076890907 -10 -23.472313956372513
    endloop
  endfacet
  facet normal 0.9951847266721969 0 0.0980171403295602
    outer loop
      vertex -6.129908002520191 -4 -21.219314512600803
      vertex -6.25 -10 -20
      vertex -6.129908002520191 -10 -21.219314512600803
    endloop
  endfacet
  facet normal 0.9569403357322088 0 0.2902846772544626
    outer loop
      vertex -5.774247078195542 -4 -22.391771452281812
      vertex -6.129908002520191 -10 -21.219314512600803
      vertex -5.774247078195542 -10 -22.391771452281812
    endloop
  endfacet
  facet normal 0.9951847266721969 0 -0.0980171403295602
    outer loop
      vertex -6.25 -4 -20
      vertex -6.129908002520191 -10 -18.780685487399197
      vertex -6.25 -10 -20
    endloop
  endfacet
  facet normal 0.9569403357322088 0 -0.2902846772544626
    outer loop
      vertex -6.129908002520191 -4 -18.780685487399197
      vertex -5.774247078195542 -10 -17.608228547718188
      vertex -6.129908002520191 -10 -18.780685487399197
    endloop
  endfacet
  facet normal 0.8819212643483545 0 -0.47139673682599853
    outer loop
      vertex -5.774247078195542 -4 -17.608228547718188
      vertex -5.196685076890907 -10 -16.527686043627487
      vertex -5.774247078195542 -10 -17.608228547718188
    endloop
  endfacet
  facet normal 0.8819212643483545 0 0.47139673682599853
    outer loop
      vertex -5.774247078195542 -4 -22.391771452281812
      vertex -5.774247078195542 -10 -22.391771452281812
      vertex -5.196685076890907 -4 -23.472313956372513
    endloop
  endfacet
  facet normal 0.9569403357322088 0 0.2902846772544626
    outer loop
      vertex -6.129908002520191 -4 -21.219314512600803
      vertex -6.129908002520191 -10 -21.219314512600803
      vertex -5.774247078195542 -4 -22.391771452281812
    endloop
  endfacet
  facet normal 0.9951847266721969 0 0.0980171403295602
    outer loop
      vertex -6.129908002520191 -4 -21.219314512600803
      vertex -6.25 -4 -20
      vertex -6.25 -10 -20
    endloop
  endfacet
  facet normal 0.9951847266721969 0 -0.0980171403295602
    outer loop
      vertex -6.25 -4 -20
      vertex -6.129908002520191 -4 -18.780685487399197
      vertex -6.129908002520191 -10 -18.780685487399197
    endloop
  endfacet
  facet normal 0.9569403357322088 0 -0.2902846772544626
    outer loop
      vertex -6.129908002520191 -4 -18.780685487399197
      vertex -5.774247078195542 -4 -17.608228547718188
      vertex -5.774247078195542 -10 -17.608228547718188
    endloop
  endfacet
  facet normal 0.8819212643483545 0 -0.47139673682599853
    outer loop
      vertex -5.774247078195542 -4 -17.608228547718188
      vertex -5.196685076890907 -4 -16.527686043627487
      vertex -5.196685076890907 -10 -16.527686043627487
    endloop
  endfacet
  facet normal 0 -1 0
    outer loop
      vertex -6.129908002520191 -4 -21.219314512600803
      vertex -6.129908002520191 -4 -18.780685487399197
      vertex -6.25 -4 -20
    endloop
  endfacet
  facet normal 0 -1 0
    outer loop
      vertex -6.129908002520191 -4 -21.219314512600803
      vertex -5.774247078195542 -4 -17.608228547718188
      vertex -6.129908002520191 -4 -18.780685487399197
    endloop
  endfacet
  facet normal 0 -1 0
    outer loop
      vertex -6.129908002520191 -4 -21.219314512600803
      vertex -5.774247078195542 -4 -22.391771452281812
      vertex -5.774247078195542 -4 -17.608228547718188
    endloop
  endfacet
  facet normal 0 -1 0
    outer loop
      vertex -5.774247078195542 -4 -22.391771452281812
      vertex -5.196685076890907 -4 -23.472313956372513
      vertex -5.196685076890907 -4 -16.527686043627487
    endloop
  endfacet
  facet normal 0 -1 0
    outer loop
      vertex -5.774247078195542 -4 -22.391771452281812
      vertex -5.196685076890907 -4 -16.527686043627487
      vertex -5.774247078195542 -4 -17.608228547718188
    endloop
  endfacet
  facet normal 0.7730104533627373 0 0.6343932841636449
    outer loop
      vertex -4.419417382415922 -4 -24.419417382415922
      vertex -5.196685076890907 -10 -23.472313956372513
      vertex -4.419417382415922 -10 -24.419417382415922
    endloop
  endfacet
  facet normal 0.6343932841636454 0 0.773010453362737
    outer loop
      vertex -3.4723139563725134 -4 -25.19668507689091
      vertex -4.419417382415922 -10 -24.419417382415922
      vertex -3.4723139563725134 -10 -25.19668507689091
    endloop
  endfacet
  facet normal 0.47139673682599814 0 0.8819212643483548
    outer loop
      vertex -2.391771452281811 -4 -25.774247078195543
      vertex -3.4723139563725134 -10 -25.19668507689091
      vertex -2.391771452281811 -10 -25.774247078195543
    endloop
  endfacet
  facet normal 0.7730104533627373 0 -0.6343932841636449
    outer loop
      vertex -5.196685076890907 -4 -16.527686043627487
      vertex -4.419417382415922 -10 -15.580582617584078
      vertex -5.196685076890907 -10 -16.527686043627487
    endloop
  endfacet
  facet normal 0.6343932841636454 0 -0.773010453362737
    outer loop
      vertex -4.419417382415922 -4 -15.580582617584078
      vertex -3.4723139563725134 -10 -14.803314923109092
      vertex -4.419417382415922 -10 -15.580582617584078
    endloop
  endfacet
  facet normal 0.7730104533627373 0 0.6343932841636449
    outer loop
      vertex -5.196685076890907 -4 -23.472313956372513
      vertex -5.196685076890907 -10 -23.472313956372513
      vertex -4.419417382415922 -4 -24.419417382415922
    endloop
  endfacet
  facet normal 0.6343932841636454 0 0.773010453362737
    outer loop
      vertex -4.419417382415922 -4 -24.419417382415922
      vertex -4.419417382415922 -10 -24.419417382415922
      vertex -3.4723139563725134 -4 -25.19668507689091
    endloop
  endfacet
  facet normal 0.47139673682599814 0 0.8819212643483548
    outer loop
      vertex -3.4723139563725134 -4 -25.19668507689091
      vertex -3.4723139563725134 -10 -25.19668507689091
      vertex -2.391771452281811 -4 -25.774247078195543
    endloop
  endfacet
  facet normal 0.7730104533627373 0 -0.6343932841636449
    outer loop
      vertex -5.196685076890907 -4 -16.527686043627487
      vertex -4.419417382415922 -4 -15.580582617584078
      vertex -4.419417382415922 -10 -15.580582617584078
    endloop
  endfacet
  facet normal 0.6343932841636454 0 -0.773010453362737
    outer loop
      vertex -4.419417382415922 -4 -15.580582617584078
      vertex -3.4723139563725134 -4 -14.803314923109092
      vertex -3.4723139563725134 -10 -14.803314923109092
    endloop
  endfacet
  facet normal 0.2902846772544605 0 0.9569403357322094
    outer loop
      vertex -1.2193145126008016 -4 -26.12990800252019
      vertex -2.391771452281811 -10 -25.774247078195543
      vertex -1.2193145126008016 -10 -26.12990800252019
    endloop
  endfacet
  facet normal 0.09801714032956178 0 0.9951847266721967
    outer loop
      vertex 0 -4 -26.25
      vertex -1.2193145126008016 -10 -26.12990800252019
      vertex 0 -10 -26.25
    endloop
  endfacet
  facet normal 0.2902846772544605 0 0.9569403357322094
    outer loop
      vertex -2.391771452281811 -4 -25.774247078195543
      vertex -2.391771452281811 -10 -25.774247078195543
      vertex -1.2193145126008016 -4 -26.12990800252019
    endloop
  endfacet
  facet normal 0.09801714032956178 0 0.9951847266721967
    outer loop
      vertex -1.2193145126008016 -4 -26.12990800252019
      vertex -1.2193145126008016 -10 -26.12990800252019
      vertex 0 -4 -26.25
    endloop
  endfacet
  facet normal 0.47139673682599814 0 -0.8819212643483548
    outer loop
      vertex -3.4723139563725134 -4 -14.803314923109092
      vertex -2.391771452281811 -10 -14.225752921804457
      vertex -3.4723139563725134 -10 -14.803314923109092
    endloop
  endfacet
  facet normal 0.47139673682599814 0 -0.8819212643483548
    outer loop
      vertex -3.4723139563725134 -4 -14.803314923109092
      vertex -2.391771452281811 -4 -14.225752921804457
      vertex -2.391771452281811 -10 -14.225752921804457
    endloop
  endfacet
  facet normal 0.29028467725446183 0 -0.956940335732209
    outer loop
      vertex -2.391771452281811 -4 -14.225752921804457
      vertex -1.2193145126008016 -10 -13.87009199747981
      vertex -2.391771452281811 -10 -14.225752921804457
    endloop
  endfacet
  facet normal 0.09801714032956034 0 -0.9951847266721968
    outer loop
      vertex -1.2193145126008016 -4 -13.87009199747981
      vertex 0 -10 -13.75
      vertex -1.2193145126008016 -10 -13.87009199747981
    endloop
  endfacet
  facet normal 0.29028467725446183 0 -0.956940335732209
    outer loop
      vertex -2.391771452281811 -4 -14.225752921804457
      vertex -1.2193145126008016 -4 -13.87009199747981
      vertex -1.2193145126008016 -10 -13.87009199747981
    endloop
  endfacet
  facet normal 0.09801714032956034 0 -0.9951847266721968
    outer loop
      vertex -1.2193145126008016 -4 -13.87009199747981
      vertex 0 -4 -13.75
      vertex 0 -10 -13.75
    endloop
  endfacet
  facet normal 0 -1 0
    outer loop
      vertex -5.196685076890907 -4 -23.472313956372513
      vertex -4.419417382415922 -4 -24.419417382415922
      vertex -4.419417382415922 -4 -15.580582617584078
    endloop
  endfacet
  facet normal 0 -1 0
    outer loop
      vertex -4.419417382415922 -4 -24.419417382415922
      vertex -3.4723139563725134 -4 -25.19668507689091
      vertex -3.4723139563725134 -4 -14.803314923109092
    endloop
  endfacet
  facet normal 0 -1 0
    outer loop
      vertex -5.196685076890907 -4 -23.472313956372513
      vertex -4.419417382415922 -4 -15.580582617584078
      vertex -5.196685076890907 -4 -16.527686043627487
    endloop
  endfacet
  facet normal 0 -1 0
    outer loop
      vertex -4.419417382415922 -4 -24.419417382415922
      vertex -3.4723139563725134 -4 -14.803314923109092
      vertex -4.419417382415922 -4 -15.580582617584078
    endloop
  endfacet
  facet normal 0 -1 0
    outer loop
      vertex -3.4723139563725134 -4 -25.19668507689091
      vertex -2.391771452281811 -4 -25.774247078195543
      vertex -2.391771452281811 -4 -14.225752921804457
    endloop
  endfacet
  facet normal 0 -1 0
    outer loop
      vertex -3.4723139563725134 -4 -25.19668507689091
      vertex -2.391771452281811 -4 -14.225752921804457
      vertex -3.4723139563725134 -4 -14.803314923109092
    endloop
  endfacet
  facet normal 0 -1 0
    outer loop
      vertex -2.391771452281811 -4 -25.774247078195543
      vertex -1.879858660950843 -4 -21.25608139955493
      vertex -2.0887870286167542 -4 -20.86520391616206
    endloop
  endfacet
  facet normal 0 -1 0
    outer loop
      vertex -2.391771452281811 -4 -25.774247078195543
      vertex -1.5986883791814732 -4 -21.598688379181475
      vertex -1.879858660950843 -4 -21.25608139955493
    endloop
  endfacet
  facet normal 0 -1 0
    outer loop
      vertex -2.391771452281811 -4 -25.774247078195543
      vertex -1.2193145126008016 -4 -26.12990800252019
      vertex -1.2560813995549314 -4 -21.879858660950845
    endloop
  endfacet
  facet normal 0 -1 0
    outer loop
      vertex -2.391771452281811 -4 -25.774247078195543
      vertex -1.2560813995549314 -4 -21.879858660950845
      vertex -1.5986883791814732 -4 -21.598688379181475
    endloop
  endfacet
  facet normal 0 -1 0
    outer loop
      vertex -1.2193145126008016 -4 -26.12990800252019
      vertex -0.8652039161620579 -4 -22.088787028616753
      vertex -1.2560813995549314 -4 -21.879858660950845
    endloop
  endfacet
  facet normal 0 -1 0
    outer loop
      vertex -1.2193145126008016 -4 -26.12990800252019
      vertex -0.44107713148302263 -4 -22.217444482178184
      vertex -0.8652039161620579 -4 -22.088787028616753
    endloop
  endfacet
  facet normal 0 -1 0
    outer loop
      vertex -1.2193145126008016 -4 -26.12990800252019
      vertex 0 -4 -26.25
      vertex 0 -4 -22.2608867878467
    endloop
  endfacet
  facet normal 0 -1 0
    outer loop
      vertex -1.2193145126008016 -4 -26.12990800252019
      vertex 0 -4 -22.2608867878467
      vertex -0.44107713148302263 -4 -22.217444482178184
    endloop
  endfacet
  facet normal 0 -1 0
    outer loop
      vertex -2.391771452281811 -4 -25.774247078195543
      vertex -2.217444482178185 -4 -20.441077131483024
      vertex -2.2357359793017704 -4 -20.255360444542802
    endloop
  endfacet
  facet normal 0 -1 0
    outer loop
      vertex -2.391771452281811 -4 -25.774247078195543
      vertex -2.0887870286167542 -4 -20.86520391616206
      vertex -2.217444482178185 -4 -20.441077131483024
    endloop
  endfacet
  facet normal 0 -1 0
    outer loop
      vertex -2.391771452281811 -4 -25.774247078195543
      vertex -2.2357359793017704 -4 -20.255360444542802
      vertex -2.2608867878467005 -4 -20
    endloop
  endfacet
  facet normal 0 -1 0
    outer loop
      vertex -2.391771452281811 -4 -25.774247078195543
      vertex -2.2608867878467005 -4 -20
      vertex -2.391771452281811 -4 -14.225752921804457
    endloop
  endfacet
  facet normal 0 -1 0
    outer loop
      vertex -2.2608867878467005 -4 -20
      vertex -2.242595290723115 -4 -19.81428331305978
      vertex -2.391771452281811 -4 -14.225752921804457
    endloop
  endfacet
  facet normal 0 -1 0
    outer loop
      vertex -2.242595290723115 -4 -19.81428331305978
      vertex -2.217444482178185 -4 -19.558922868516976
      vertex -2.391771452281811 -4 -14.225752921804457
    endloop
  endfacet
  facet normal 0 -1 0
    outer loop
      vertex -2.391771452281811 -4 -14.225752921804457
      vertex -2.217444482178185 -4 -19.558922868516976
      vertex -2.0887870286167542 -4 -19.13479608383794
    endloop
  endfacet
  facet normal 0 -1 0
    outer loop
      vertex -2.391771452281811 -4 -14.225752921804457
      vertex -2.0887870286167542 -4 -19.13479608383794
      vertex -1.879858660950843 -4 -18.74391860044507
    endloop
  endfacet
  facet normal 0 -1 0
    outer loop
      vertex -2.391771452281811 -4 -14.225752921804457
      vertex -1.879858660950843 -4 -18.74391860044507
      vertex -1.5986883791814732 -4 -18.401311620818525
    endloop
  endfacet
  facet normal 0 -1 0
    outer loop
      vertex -2.391771452281811 -4 -14.225752921804457
      vertex -1.5986883791814732 -4 -18.401311620818525
      vertex -1.2193145126008016 -4 -13.87009199747981
    endloop
  endfacet
  facet normal 0 -1 0
    outer loop
      vertex -1.5986883791814732 -4 -18.401311620818525
      vertex -1.2560813995549314 -4 -18.120141339049155
      vertex -1.2193145126008016 -4 -13.87009199747981
    endloop
  endfacet
  facet normal 0 -1 0
    outer loop
      vertex -1.2560813995549314 -4 -18.120141339049155
      vertex -0.8652039161620579 -4 -17.911212971383247
      vertex -1.2193145126008016 -4 -13.87009199747981
    endloop
  endfacet
  facet normal 0 -1 0
    outer loop
      vertex -0.8652039161620579 -4 -17.911212971383247
      vertex -0.44107713148302263 -4 -17.782555517821816
      vertex -1.2193145126008016 -4 -13.87009199747981
    endloop
  endfacet
  facet normal 0 -1 0
    outer loop
      vertex -1.2193145126008016 -4 -13.87009199747981
      vertex -0.44107713148302263 -4 -17.782555517821816
      vertex 0 -4 -17.7391132121533
    endloop
  endfacet
  facet normal 0 -1 0
    outer loop
      vertex -1.2193145126008016 -4 -13.87009199747981
      vertex 0 -4 -17.7391132121533
      vertex 0 -4 -13.75
    endloop
  endfacet
  facet normal -0.09801714032956178 0 0.9951847266721967
    outer loop
      vertex 1.2193145126008016 -4 -26.12990800252019
      vertex 0 -10 -26.25
      vertex 1.2193145126008016 -10 -26.12990800252019
    endloop
  endfacet
  facet normal -0.2902846772544605 0 0.9569403357322094
    outer loop
      vertex 2.391771452281811 -4 -25.774247078195543
      vertex 1.2193145126008016 -10 -26.12990800252019
      vertex 2.391771452281811 -10 -25.774247078195543
    endloop
  endfacet
  facet normal -0.09801714032956178 0 0.9951847266721967
    outer loop
      vertex 0 -4 -26.25
      vertex 0 -10 -26.25
      vertex 1.2193145126008016 -4 -26.12990800252019
    endloop
  endfacet
  facet normal -0.2902846772544605 0 0.9569403357322094
    outer loop
      vertex 1.2193145126008016 -4 -26.12990800252019
      vertex 1.2193145126008016 -10 -26.12990800252019
      vertex 2.391771452281811 -4 -25.774247078195543
    endloop
  endfacet
  facet normal -0.47139673682599814 0 0.8819212643483548
    outer loop
      vertex 3.4723139563725134 -4 -25.19668507689091
      vertex 2.391771452281811 -10 -25.774247078195543
      vertex 3.4723139563725134 -10 -25.19668507689091
    endloop
  endfacet
  facet normal -0.6343932841636454 0 0.773010453362737
    outer loop
      vertex 4.419417382415922 -4 -24.419417382415922
      vertex 3.4723139563725134 -10 -25.19668507689091
      vertex 4.419417382415922 -10 -24.419417382415922
    endloop
  endfacet
  facet normal -0.7730104533627373 0 0.6343932841636449
    outer loop
      vertex 5.196685076890907 -4 -23.472313956372513
      vertex 4.419417382415922 -10 -24.419417382415922
      vertex 5.196685076890907 -10 -23.472313956372513
    endloop
  endfacet
  facet normal -0.6343932841636454 0 -0.773010453362737
    outer loop
      vertex 3.4723139563725134 -4 -14.803314923109092
      vertex 4.419417382415922 -10 -15.580582617584078
      vertex 3.4723139563725134 -10 -14.803314923109092
    endloop
  endfacet
  facet normal -0.7730104533627373 0 -0.6343932841636449
    outer loop
      vertex 4.419417382415922 -4 -15.580582617584078
      vertex 5.196685076890907 -10 -16.527686043627487
      vertex 4.419417382415922 -10 -15.580582617584078
    endloop
  endfacet
  facet normal -0.47139673682599814 0 0.8819212643483548
    outer loop
      vertex 2.391771452281811 -4 -25.774247078195543
      vertex 2.391771452281811 -10 -25.774247078195543
      vertex 3.4723139563725134 -4 -25.19668507689091
    endloop
  endfacet
  facet normal -0.6343932841636454 0 0.773010453362737
    outer loop
      vertex 3.4723139563725134 -4 -25.19668507689091
      vertex 3.4723139563725134 -10 -25.19668507689091
      vertex 4.419417382415922 -4 -24.419417382415922
    endloop
  endfacet
  facet normal -0.7730104533627373 0 0.6343932841636449
    outer loop
      vertex 4.419417382415922 -4 -24.419417382415922
      vertex 4.419417382415922 -10 -24.419417382415922
      vertex 5.196685076890907 -4 -23.472313956372513
    endloop
  endfacet
  facet normal -0.6343932841636454 0 -0.773010453362737
    outer loop
      vertex 3.4723139563725134 -4 -14.803314923109092
      vertex 4.419417382415922 -4 -15.580582617584078
      vertex 4.419417382415922 -10 -15.580582617584078
    endloop
  endfacet
  facet normal -0.7730104533627373 0 -0.6343932841636449
    outer loop
      vertex 4.419417382415922 -4 -15.580582617584078
      vertex 5.196685076890907 -4 -16.527686043627487
      vertex 5.196685076890907 -10 -16.527686043627487
    endloop
  endfacet
  facet normal -0.09801714032956034 0 -0.9951847266721968
    outer loop
      vertex 0 -4 -13.75
      vertex 1.2193145126008016 -10 -13.87009199747981
      vertex 0 -10 -13.75
    endloop
  endfacet
  facet normal -0.29028467725446183 0 -0.956940335732209
    outer loop
      vertex 1.2193145126008016 -4 -13.87009199747981
      vertex 2.391771452281811 -10 -14.225752921804457
      vertex 1.2193145126008016 -10 -13.87009199747981
    endloop
  endfacet
  facet normal -0.09801714032956034 0 -0.9951847266721968
    outer loop
      vertex 0 -4 -13.75
      vertex 1.2193145126008016 -4 -13.87009199747981
      vertex 1.2193145126008016 -10 -13.87009199747981
    endloop
  endfacet
  facet normal -0.29028467725446183 0 -0.956940335732209
    outer loop
      vertex 1.2193145126008016 -4 -13.87009199747981
      vertex 2.391771452281811 -4 -14.225752921804457
      vertex 2.391771452281811 -10 -14.225752921804457
    endloop
  endfacet
  facet normal -0.47139673682599814 0 -0.8819212643483548
    outer loop
      vertex 2.391771452281811 -4 -14.225752921804457
      vertex 3.4723139563725134 -10 -14.803314923109092
      vertex 2.391771452281811 -10 -14.225752921804457
    endloop
  endfacet
  facet normal -0.47139673682599814 0 -0.8819212643483548
    outer loop
      vertex 2.391771452281811 -4 -14.225752921804457
      vertex 3.4723139563725134 -4 -14.803314923109092
      vertex 3.4723139563725134 -10 -14.803314923109092
    endloop
  endfacet
  facet normal 0 -1 0
    outer loop
      vertex 0 -4 -26.25
      vertex 1.2193145126008016 -4 -26.12990800252019
      vertex 0 -4 -22.2608867878467
    endloop
  endfacet
  facet normal 0 -1 0
    outer loop
      vertex 0 -4 -22.2608867878467
      vertex 1.2193145126008016 -4 -26.12990800252019
      vertex 0.44107713148302263 -4 -22.217444482178184
    endloop
  endfacet
  facet normal 0 -1 0
    outer loop
      vertex 0.44107713148302263 -4 -22.217444482178184
      vertex 1.2193145126008016 -4 -26.12990800252019
      vertex 0.8652039161620579 -4 -22.088787028616753
    endloop
  endfacet
  facet normal 0 -1 0
    outer loop
      vertex 1.2193145126008016 -4 -26.12990800252019
      vertex 1.2560813995549314 -4 -21.879858660950845
      vertex 0.8652039161620579 -4 -22.088787028616753
    endloop
  endfacet
  facet normal 0 -1 0
    outer loop
      vertex 1.2193145126008016 -4 -26.12990800252019
      vertex 2.391771452281811 -4 -25.774247078195543
      vertex 1.5986883791814732 -4 -21.598688379181475
    endloop
  endfacet
  facet normal 0 -1 0
    outer loop
      vertex 1.2193145126008016 -4 -26.12990800252019
      vertex 1.5986883791814732 -4 -21.598688379181475
      vertex 1.2560813995549314 -4 -21.879858660950845
    endloop
  endfacet
  facet normal 0 -1 0
    outer loop
      vertex 1.5986883791814732 -4 -21.598688379181475
      vertex 2.391771452281811 -4 -25.774247078195543
      vertex 1.879858660950843 -4 -21.25608139955493
    endloop
  endfacet
  facet normal 0 -1 0
    outer loop
      vertex 1.879858660950843 -4 -21.25608139955493
      vertex 2.391771452281811 -4 -25.774247078195543
      vertex 2.0887870286167542 -4 -20.86520391616206
    endloop
  endfacet
  facet normal 0 -1 0
    outer loop
      vertex 0 -4 -17.7391132121533
      vertex 0.44107713148302263 -4 -17.782555517821816
      vertex 1.2193145126008016 -4 -13.87009199747981
    endloop
  endfacet
  facet normal 0 -1 0
    outer loop
      vertex 0 -4 -17.7391132121533
      vertex 1.2193145126008016 -4 -13.87009199747981
      vertex 0 -4 -13.75
    endloop
  endfacet
  facet normal 0 -1 0
    outer loop
      vertex 0.44107713148302263 -4 -17.782555517821816
      vertex 0.8652039161620579 -4 -17.911212971383247
      vertex 1.2193145126008016 -4 -13.87009199747981
    endloop
  endfacet
  facet normal 0 -1 0
    outer loop
      vertex 0.8652039161620579 -4 -17.911212971383247
      vertex 1.2560813995549314 -4 -18.120141339049155
      vertex 1.2193145126008016 -4 -13.87009199747981
    endloop
  endfacet
  facet normal 0 -1 0
    outer loop
      vertex 2.0887870286167542 -4 -20.86520391616206
      vertex 2.391771452281811 -4 -25.774247078195543
      vertex 2.217444482178185 -4 -20.441077131483024
    endloop
  endfacet
  facet normal 0 -1 0
    outer loop
      vertex 2.217444482178185 -4 -20.441077131483024
      vertex 2.391771452281811 -4 -25.774247078195543
      vertex 2.242595290723115 -4 -20.18571668694022
    endloop
  endfacet
  facet normal 0 -1 0
    outer loop
      vertex 2.242595290723115 -4 -20.18571668694022
      vertex 2.391771452281811 -4 -25.774247078195543
      vertex 2.2608867878467005 -4 -20
    endloop
  endfacet
  facet normal 0 -1 0
    outer loop
      vertex 2.2608867878467005 -4 -20
      vertex 2.391771452281811 -4 -25.774247078195543
      vertex 2.391771452281811 -4 -14.225752921804457
    endloop
  endfacet
  facet normal 0 -1 0
    outer loop
      vertex 1.2560813995549314 -4 -18.120141339049155
      vertex 1.5986883791814732 -4 -18.401311620818525
      vertex 2.391771452281811 -4 -14.225752921804457
    endloop
  endfacet
  facet normal 0 -1 0
    outer loop
      vertex 1.2560813995549314 -4 -18.120141339049155
      vertex 2.391771452281811 -4 -14.225752921804457
      vertex 1.2193145126008016 -4 -13.87009199747981
    endloop
  endfacet
  facet normal 0 -1 0
    outer loop
      vertex 1.5986883791814732 -4 -18.401311620818525
      vertex 1.879858660950843 -4 -18.74391860044507
      vertex 2.391771452281811 -4 -14.225752921804457
    endloop
  endfacet
  facet normal 0 -1 0
    outer loop
      vertex 1.879858660950843 -4 -18.74391860044507
      vertex 2.0887870286167542 -4 -19.13479608383794
      vertex 2.391771452281811 -4 -14.225752921804457
    endloop
  endfacet
  facet normal 0 -1 0
    outer loop
      vertex 2.2357359793017704 -4 -19.744639555457198
      vertex 2.2608867878467005 -4 -20
      vertex 2.391771452281811 -4 -14.225752921804457
    endloop
  endfacet
  facet normal 0 -1 0
    outer loop
      vertex 2.2357359793017704 -4 -19.744639555457198
      vertex 2.391771452281811 -4 -14.225752921804457
      vertex 2.217444482178185 -4 -19.558922868516976
    endloop
  endfacet
  facet normal 0 -1 0
    outer loop
      vertex 2.0887870286167542 -4 -19.13479608383794
      vertex 2.217444482178185 -4 -19.558922868516976
      vertex 2.391771452281811 -4 -14.225752921804457
    endloop
  endfacet
  facet normal 0 -1 0
    outer loop
      vertex 2.391771452281811 -4 -25.774247078195543
      vertex 3.4723139563725134 -4 -25.19668507689091
      vertex 3.4723139563725134 -4 -14.803314923109092
    endloop
  endfacet
  facet normal 0 -1 0
    outer loop
      vertex 2.391771452281811 -4 -25.774247078195543
      vertex 3.4723139563725134 -4 -14.803314923109092
      vertex 2.391771452281811 -4 -14.225752921804457
    endloop
  endfacet
  facet normal 0 -1 0
    outer loop
      vertex 3.4723139563725134 -4 -25.19668507689091
      vertex 4.419417382415922 -4 -24.419417382415922
      vertex 4.419417382415922 -4 -15.580582617584078
    endloop
  endfacet
  facet normal 0 -1 0
    outer loop
      vertex 4.419417382415922 -4 -24.419417382415922
      vertex 5.196685076890907 -4 -23.472313956372513
      vertex 5.196685076890907 -4 -16.527686043627487
    endloop
  endfacet
  facet normal 0 -1 0
    outer loop
      vertex 4.419417382415922 -4 -24.419417382415922
      vertex 5.196685076890907 -4 -16.527686043627487
      vertex 4.419417382415922 -4 -15.580582617584078
    endloop
  endfacet
  facet normal 0 -1 0
    outer loop
      vertex 3.4723139563725134 -4 -25.19668507689091
      vertex 4.419417382415922 -4 -15.580582617584078
      vertex 3.4723139563725134 -4 -14.803314923109092
    endloop
  endfacet
  facet normal -0.8819212643483545 0 0.47139673682599853
    outer loop
      vertex 5.774247078195542 -4 -22.391771452281812
      vertex 5.196685076890907 -10 -23.472313956372513
      vertex 5.774247078195542 -10 -22.391771452281812
    endloop
  endfacet
  facet normal -0.9569403357322088 0 0.2902846772544626
    outer loop
      vertex 6.129908002520191 -4 -21.219314512600803
      vertex 5.774247078195542 -10 -22.391771452281812
      vertex 6.129908002520191 -10 -21.219314512600803
    endloop
  endfacet
  facet normal -0.9951847266721969 0 0.0980171403295602
    outer loop
      vertex 6.25 -4 -20
      vertex 6.129908002520191 -10 -21.219314512600803
      vertex 6.25 -10 -20
    endloop
  endfacet
  facet normal -0.9951847266721969 0 -0.0980171403295602
    outer loop
      vertex 6.129908002520191 -4 -18.780685487399197
      vertex 6.25 -10 -20
      vertex 6.129908002520191 -10 -18.780685487399197
    endloop
  endfacet
  facet normal -0.8819212643483545 0 -0.47139673682599853
    outer loop
      vertex 5.196685076890907 -4 -16.527686043627487
      vertex 5.774247078195542 -10 -17.608228547718188
      vertex 5.196685076890907 -10 -16.527686043627487
    endloop
  endfacet
  facet normal -0.9569403357322088 0 -0.2902846772544626
    outer loop
      vertex 5.774247078195542 -4 -17.608228547718188
      vertex 6.129908002520191 -10 -18.780685487399197
      vertex 5.774247078195542 -10 -17.608228547718188
    endloop
  endfacet
  facet normal -0.8819212643483545 0 0.47139673682599853
    outer loop
      vertex 5.196685076890907 -4 -23.472313956372513
      vertex 5.196685076890907 -10 -23.472313956372513
      vertex 5.774247078195542 -4 -22.391771452281812
    endloop
  endfacet
  facet normal -0.9569403357322088 0 0.2902846772544626
    outer loop
      vertex 5.774247078195542 -4 -22.391771452281812
      vertex 5.774247078195542 -10 -22.391771452281812
      vertex 6.129908002520191 -4 -21.219314512600803
    endloop
  endfacet
  facet normal -0.9951847266721969 0 0.0980171403295602
    outer loop
      vertex 6.129908002520191 -4 -21.219314512600803
      vertex 6.129908002520191 -10 -21.219314512600803
      vertex 6.25 -4 -20
    endloop
  endfacet
  facet normal -0.9951847266721969 0 -0.0980171403295602
    outer loop
      vertex 6.25 -4 -20
      vertex 6.25 -10 -20
      vertex 6.129908002520191 -4 -18.780685487399197
    endloop
  endfacet
  facet normal -0.8819212643483545 0 -0.47139673682599853
    outer loop
      vertex 5.196685076890907 -4 -16.527686043627487
      vertex 5.774247078195542 -4 -17.608228547718188
      vertex 5.774247078195542 -10 -17.608228547718188
    endloop
  endfacet
  facet normal -0.9569403357322088 0 -0.2902846772544626
    outer loop
      vertex 5.774247078195542 -4 -17.608228547718188
      vertex 6.129908002520191 -4 -18.780685487399197
      vertex 6.129908002520191 -10 -18.780685487399197
    endloop
  endfacet
  facet normal 0 -1 0
    outer loop
      vertex 5.196685076890907 -4 -23.472313956372513
      vertex 5.774247078195542 -4 -22.391771452281812
      vertex 5.774247078195542 -4 -17.608228547718188
    endloop
  endfacet
  facet normal 0 -1 0
    outer loop
      vertex 5.196685076890907 -4 -23.472313956372513
      vertex 5.774247078195542 -4 -17.608228547718188
      vertex 5.196685076890907 -4 -16.527686043627487
    endloop
  endfacet
  facet normal 0 -1 0
    outer loop
      vertex 5.774247078195542 -4 -22.391771452281812
      vertex 6.129908002520191 -4 -21.219314512600803
      vertex 6.129908002520191 -4 -18.780685487399197
    endloop
  endfacet
  facet normal 0 -1 0
    outer loop
      vertex 5.774247078195542 -4 -22.391771452281812
      vertex 6.129908002520191 -4 -18.780685487399197
      vertex 5.774247078195542 -4 -17.608228547718188
    endloop
  endfacet
  facet normal 0 -1 0
    outer loop
      vertex 6.129908002520191 -4 -21.219314512600803
      vertex 6.25 -4 -20
      vertex 6.129908002520191 -4 -18.780685487399197
    endloop
  endfacet
  facet normal 0.9569403357322088 0 0.2902846772544625
    outer loop
      vertex -5.774247078195542 -4 -2.391771452281811
      vertex -6.129908002520191 -10 -1.2193145126008016
      vertex -5.774247078195542 -10 -2.391771452281811
    endloop
  endfacet
  facet normal 0.9951847266721968 0 0.09801714032956034
    outer loop
      vertex -6.129908002520191 -4 -1.2193145126008016
      vertex -6.25 -10 0
      vertex -6.129908002520191 -10 -1.2193145126008016
    endloop
  endfacet
  facet normal 0.8819212643483548 0 0.47139673682599814
    outer loop
      vertex -5.196685076890907 -4 -3.4723139563725134
      vertex -5.774247078195542 -10 -2.391771452281811
      vertex -5.196685076890907 -10 -3.4723139563725134
    endloop
  endfacet
  facet normal 0.9569403357322088 0 0.2902846772544625
    outer loop
      vertex -6.129908002520191 -4 -1.2193145126008016
      vertex -6.129908002520191 -10 -1.2193145126008016
      vertex -5.774247078195542 -4 -2.391771452281811
    endloop
  endfacet
  facet normal 0.9951847266721968 0 0.09801714032956034
    outer loop
      vertex -6.129908002520191 -4 -1.2193145126008016
      vertex -6.25 -4 0
      vertex -6.25 -10 0
    endloop
  endfacet
  facet normal 0.8819212643483548 0 0.47139673682599814
    outer loop
      vertex -5.774247078195542 -4 -2.391771452281811
      vertex -5.774247078195542 -10 -2.391771452281811
      vertex -5.196685076890907 -4 -3.4723139563725134
    endloop
  endfacet
  facet normal 0 -1 0
    outer loop
      vertex -6.129908002520191 -4 -1.2193145126008016
      vertex -5.774247078195542 -4 -2.391771452281811
      vertex -5.774247078195542 -4 2.391771452281811
    endloop
  endfacet
  facet normal 0 -1 0
    outer loop
      vertex -5.774247078195542 -4 -2.391771452281811
      vertex -5.196685076890907 -4 -3.4723139563725134
      vertex -5.196685076890907 -4 3.4723139563725134
    endloop
  endfacet
  facet normal 0.7730104533627373 0 0.6343932841636449
    outer loop
      vertex -4.419417382415922 -4 -4.419417382415922
      vertex -5.196685076890907 -10 -3.4723139563725134
      vertex -4.419417382415922 -10 -4.419417382415922
    endloop
  endfacet
  facet normal 0.6343932841636449 0 0.7730104533627373
    outer loop
      vertex -3.4723139563725134 -4 -5.196685076890907
      vertex -4.419417382415922 -10 -4.419417382415922
      vertex -3.4723139563725134 -10 -5.196685076890907
    endloop
  endfacet
  facet normal 0.47139673682599814 0 0.8819212643483548
    outer loop
      vertex -2.391771452281811 -4 -5.774247078195542
      vertex -3.4723139563725134 -10 -5.196685076890907
      vertex -2.391771452281811 -10 -5.774247078195542
    endloop
  endfacet
  facet normal 0.7730104533627373 0 0.6343932841636449
    outer loop
      vertex -5.196685076890907 -4 -3.4723139563725134
      vertex -5.196685076890907 -10 -3.4723139563725134
      vertex -4.419417382415922 -4 -4.419417382415922
    endloop
  endfacet
  facet normal 0.6343932841636449 0 0.7730104533627373
    outer loop
      vertex -4.419417382415922 -4 -4.419417382415922
      vertex -4.419417382415922 -10 -4.419417382415922
      vertex -3.4723139563725134 -4 -5.196685076890907
    endloop
  endfacet
  facet normal 0.47139673682599814 0 0.8819212643483548
    outer loop
      vertex -3.4723139563725134 -4 -5.196685076890907
      vertex -3.4723139563725134 -10 -5.196685076890907
      vertex -2.391771452281811 -4 -5.774247078195542
    endloop
  endfacet
  facet normal 0.2902846772544625 0 0.9569403357322088
    outer loop
      vertex -1.2193145126008016 -4 -6.129908002520191
      vertex -2.391771452281811 -10 -5.774247078195542
      vertex -1.2193145126008016 -10 -6.129908002520191
    endloop
  endfacet
  facet normal 0.09801714032956034 0 0.9951847266721968
    outer loop
      vertex 0 -4 -6.25
      vertex -1.2193145126008016 -10 -6.129908002520191
      vertex 0 -10 -6.25
    endloop
  endfacet
  facet normal 0.2902846772544625 0 0.9569403357322088
    outer loop
      vertex -2.391771452281811 -4 -5.774247078195542
      vertex -2.391771452281811 -10 -5.774247078195542
      vertex -1.2193145126008016 -4 -6.129908002520191
    endloop
  endfacet
  facet normal 0.09801714032956034 0 0.9951847266721968
    outer loop
      vertex -1.2193145126008016 -4 -6.129908002520191
      vertex -1.2193145126008016 -10 -6.129908002520191
      vertex 0 -4 -6.25
    endloop
  endfacet
  facet normal 0 -1 0
    outer loop
      vertex -5.196685076890907 -4 -3.4723139563725134
      vertex -4.419417382415922 -4 -4.419417382415922
      vertex -4.419417382415922 -4 4.419417382415922
    endloop
  endfacet
  facet normal 0 -1 0
    outer loop
      vertex -4.419417382415922 -4 -4.419417382415922
      vertex -3.4723139563725134 -4 -5.196685076890907
      vertex -3.4723139563725134 -4 5.196685076890907
    endloop
  endfacet
  facet normal 0 -1 0
    outer loop
      vertex -3.4723139563725134 -4 -5.196685076890907
      vertex -2.391771452281811 -4 -5.774247078195542
      vertex -2.391771452281811 -4 5.774247078195542
    endloop
  endfacet
  facet normal 0 -1 0
    outer loop
      vertex -2.391771452281811 -4 -5.774247078195542
      vertex -1.2193145126008016 -4 -6.129908002520191
      vertex -1.2560813995549314 -4 -1.879858660950843
    endloop
  endfacet
  facet normal 0 -1 0
    outer loop
      vertex -2.391771452281811 -4 -5.774247078195542
      vertex -2.0887870286167542 -4 -0.8652039161620579
      vertex -2.217444482178185 -4 -0.44107713148302263
    endloop
  endfacet
  facet normal 0 -1 0
    outer loop
      vertex -2.391771452281811 -4 -5.774247078195542
      vertex -2.217444482178185 -4 -0.44107713148302263
      vertex -2.2608867878467005 -4 0
    endloop
  endfacet
  facet normal 0 -1 0
    outer loop
      vertex -2.391771452281811 -4 -5.774247078195542
      vertex -1.5986883791814732 -4 -1.5986883791814732
      vertex -1.879858660950843 -4 -1.2560813995549314
    endloop
  endfacet
  facet normal 0 -1 0
    outer loop
      vertex -2.391771452281811 -4 -5.774247078195542
      vertex -1.879858660950843 -4 -1.2560813995549314
      vertex -2.0887870286167542 -4 -0.8652039161620579
    endloop
  endfacet
  facet normal 0 -1 0
    outer loop
      vertex -2.391771452281811 -4 -5.774247078195542
      vertex -1.2560813995549314 -4 -1.879858660950843
      vertex -1.5986883791814732 -4 -1.5986883791814732
    endloop
  endfacet
  facet normal 0 -1 0
    outer loop
      vertex -1.2193145126008016 -4 -6.129908002520191
      vertex 0 -4 -6.25
      vertex 0 -4 -2.2608867878467005
    endloop
  endfacet
  facet normal 0 -1 0
    outer loop
      vertex -1.2193145126008016 -4 -6.129908002520191
      vertex -0.8652039161620579 -4 -2.0887870286167542
      vertex -1.2560813995549314 -4 -1.879858660950843
    endloop
  endfacet
  facet normal 0 -1 0
    outer loop
      vertex -1.2193145126008016 -4 -6.129908002520191
      vertex -0.44107713148302263 -4 -2.217444482178185
      vertex -0.8652039161620579 -4 -2.0887870286167542
    endloop
  endfacet
  facet normal 0 -1 0
    outer loop
      vertex -1.2193145126008016 -4 -6.129908002520191
      vertex 0 -4 -2.2608867878467005
      vertex -0.44107713148302263 -4 -2.217444482178185
    endloop
  endfacet
  facet normal 0.9951847266721968 0 -0.09801714032956034
    outer loop
      vertex -6.25 -4 0
      vertex -6.129908002520191 -10 1.2193145126008016
      vertex -6.25 -10 0
    endloop
  endfacet
  facet normal 0.9569403357322088 0 -0.2902846772544625
    outer loop
      vertex -6.129908002520191 -4 1.2193145126008016
      vertex -5.774247078195542 -10 2.391771452281811
      vertex -6.129908002520191 -10 1.2193145126008016
    endloop
  endfacet
  facet normal 0.8819212643483548 0 -0.47139673682599814
    outer loop
      vertex -5.774247078195542 -4 2.391771452281811
      vertex -5.196685076890907 -10 3.4723139563725134
      vertex -5.774247078195542 -10 2.391771452281811
    endloop
  endfacet
  facet normal 0.9951847266721968 0 -0.09801714032956034
    outer loop
      vertex -6.25 -4 0
      vertex -6.129908002520191 -4 1.2193145126008016
      vertex -6.129908002520191 -10 1.2193145126008016
    endloop
  endfacet
  facet normal 0.9569403357322088 0 -0.2902846772544625
    outer loop
      vertex -6.129908002520191 -4 1.2193145126008016
      vertex -5.774247078195542 -4 2.391771452281811
      vertex -5.774247078195542 -10 2.391771452281811
    endloop
  endfacet
  facet normal 0.8819212643483548 0 -0.47139673682599814
    outer loop
      vertex -5.774247078195542 -4 2.391771452281811
      vertex -5.196685076890907 -4 3.4723139563725134
      vertex -5.196685076890907 -10 3.4723139563725134
    endloop
  endfacet
  facet normal 0 -1 0
    outer loop
      vertex -6.129908002520191 -4 -1.2193145126008016
      vertex -6.129908002520191 -4 1.2193145126008016
      vertex -6.25 -4 0
    endloop
  endfacet
  facet normal 0 -1 0
    outer loop
      vertex -6.129908002520191 -4 -1.2193145126008016
      vertex -5.774247078195542 -4 2.391771452281811
      vertex -6.129908002520191 -4 1.2193145126008016
    endloop
  endfacet
  facet normal 0 -1 0
    outer loop
      vertex -5.774247078195542 -4 -2.391771452281811
      vertex -5.196685076890907 -4 3.4723139563725134
      vertex -5.774247078195542 -4 2.391771452281811
    endloop
  endfacet
  facet normal 0.7730104533627373 0 -0.6343932841636449
    outer loop
      vertex -5.196685076890907 -4 3.4723139563725134
      vertex -4.419417382415922 -10 4.419417382415922
      vertex -5.196685076890907 -10 3.4723139563725134
    endloop
  endfacet
  facet normal 0.6343932841636449 0 -0.7730104533627373
    outer loop
      vertex -4.419417382415922 -4 4.419417382415922
      vertex -3.4723139563725134 -10 5.196685076890907
      vertex -4.419417382415922 -10 4.419417382415922
    endloop
  endfacet
  facet normal 0.47139673682599814 0 -0.8819212643483548
    outer loop
      vertex -3.4723139563725134 -4 5.196685076890907
      vertex -2.391771452281811 -10 5.774247078195542
      vertex -3.4723139563725134 -10 5.196685076890907
    endloop
  endfacet
  facet normal 0.7730104533627373 0 -0.6343932841636449
    outer loop
      vertex -5.196685076890907 -4 3.4723139563725134
      vertex -4.419417382415922 -4 4.419417382415922
      vertex -4.419417382415922 -10 4.419417382415922
    endloop
  endfacet
  facet normal 0.6343932841636449 0 -0.7730104533627373
    outer loop
      vertex -4.419417382415922 -4 4.419417382415922
      vertex -3.4723139563725134 -4 5.196685076890907
      vertex -3.4723139563725134 -10 5.196685076890907
    endloop
  endfacet
  facet normal 0.47139673682599814 0 -0.8819212643483548
    outer loop
      vertex -3.4723139563725134 -4 5.196685076890907
      vertex -2.391771452281811 -4 5.774247078195542
      vertex -2.391771452281811 -10 5.774247078195542
    endloop
  endfacet
  facet normal 0.2902846772544625 0 -0.9569403357322088
    outer loop
      vertex -2.391771452281811 -4 5.774247078195542
      vertex -1.2193145126008016 -10 6.129908002520191
      vertex -2.391771452281811 -10 5.774247078195542
    endloop
  endfacet
  facet normal 0.09801714032956034 0 -0.9951847266721968
    outer loop
      vertex -1.2193145126008016 -4 6.129908002520191
      vertex 0 -10 6.25
      vertex -1.2193145126008016 -10 6.129908002520191
    endloop
  endfacet
  facet normal 0.2902846772544625 0 -0.9569403357322088
    outer loop
      vertex -2.391771452281811 -4 5.774247078195542
      vertex -1.2193145126008016 -4 6.129908002520191
      vertex -1.2193145126008016 -10 6.129908002520191
    endloop
  endfacet
  facet normal 0.09801714032956034 0 -0.9951847266721968
    outer loop
      vertex -1.2193145126008016 -4 6.129908002520191
      vertex 0 -4 6.25
      vertex 0 -10 6.25
    endloop
  endfacet
  facet normal 0 -1 0
    outer loop
      vertex -5.196685076890907 -4 -3.4723139563725134
      vertex -4.419417382415922 -4 4.419417382415922
      vertex -5.196685076890907 -4 3.4723139563725134
    endloop
  endfacet
  facet normal 0 -1 0
    outer loop
      vertex -4.419417382415922 -4 -4.419417382415922
      vertex -3.4723139563725134 -4 5.196685076890907
      vertex -4.419417382415922 -4 4.419417382415922
    endloop
  endfacet
  facet normal 0 -1 0
    outer loop
      vertex -3.4723139563725134 -4 -5.196685076890907
      vertex -2.391771452281811 -4 5.774247078195542
      vertex -3.4723139563725134 -4 5.196685076890907
    endloop
  endfacet
  facet normal 0 -1 0
    outer loop
      vertex -2.391771452281811 -4 -5.774247078195542
      vertex -2.2608867878467005 -4 0
      vertex -2.391771452281811 -4 5.774247078195542
    endloop
  endfacet
  facet normal 0 -1 0
    outer loop
      vertex -2.391771452281811 -4 5.774247078195542
      vertex -2.2608867878467005 -4 0
      vertex -2.242595290723115 -4 0.18571668694022003
    endloop
  endfacet
  facet normal 0 -1 0
    outer loop
      vertex -2.391771452281811 -4 5.774247078195542
      vertex -2.242595290723115 -4 0.18571668694022003
      vertex -2.217444482178185 -4 0.44107713148302263
    endloop
  endfacet
  facet normal 0 -1 0
    outer loop
      vertex -2.391771452281811 -4 5.774247078195542
      vertex -2.217444482178185 -4 0.44107713148302263
      vertex -2.0887870286167542 -4 0.8652039161620579
    endloop
  endfacet
  facet normal 0 -1 0
    outer loop
      vertex -2.391771452281811 -4 5.774247078195542
      vertex -2.0887870286167542 -4 0.8652039161620579
      vertex -1.879858660950843 -4 1.2560813995549314
    endloop
  endfacet
  facet normal 0 -1 0
    outer loop
      vertex -2.391771452281811 -4 5.774247078195542
      vertex -1.879858660950843 -4 1.2560813995549314
      vertex -1.5986883791814732 -4 1.5986883791814732
    endloop
  endfacet
  facet normal 0 -1 0
    outer loop
      vertex -1.5986883791814732 -4 1.5986883791814732
      vertex -1.2560813995549314 -4 1.879858660950843
      vertex -1.2193145126008016 -4 6.129908002520191
    endloop
  endfacet
  facet normal 0 -1 0
    outer loop
      vertex -2.391771452281811 -4 5.774247078195542
      vertex -1.5986883791814732 -4 1.5986883791814732
      vertex -1.2193145126008016 -4 6.129908002520191
    endloop
  endfacet
  facet normal 0 -1 0
    outer loop
      vertex -1.2560813995549314 -4 1.879858660950843
      vertex -0.8652039161620579 -4 2.0887870286167542
      vertex -1.2193145126008016 -4 6.129908002520191
    endloop
  endfacet
  facet normal 0 -1 0
    outer loop
      vertex -0.8652039161620579 -4 2.0887870286167542
      vertex -0.44107713148302263 -4 2.217444482178185
      vertex -1.2193145126008016 -4 6.129908002520191
    endloop
  endfacet
  facet normal 0 -1 0
    outer loop
      vertex -1.2193145126008016 -4 6.129908002520191
      vertex -0.44107713148302263 -4 2.217444482178185
      vertex 0 -4 2.2608867878467005
    endloop
  endfacet
  facet normal 0 -1 0
    outer loop
      vertex -1.2193145126008016 -4 6.129908002520191
      vertex 0 -4 2.2608867878467005
      vertex 0 -4 6.25
    endloop
  endfacet
  facet normal -0.09801714032956034 0 0.9951847266721968
    outer loop
      vertex 1.2193145126008016 -4 -6.129908002520191
      vertex 0 -10 -6.25
      vertex 1.2193145126008016 -10 -6.129908002520191
    endloop
  endfacet
  facet normal -0.2902846772544625 0 0.9569403357322088
    outer loop
      vertex 2.391771452281811 -4 -5.774247078195542
      vertex 1.2193145126008016 -10 -6.129908002520191
      vertex 2.391771452281811 -10 -5.774247078195542
    endloop
  endfacet
  facet normal -0.09801714032956034 0 0.9951847266721968
    outer loop
      vertex 0 -4 -6.25
      vertex 0 -10 -6.25
      vertex 1.2193145126008016 -4 -6.129908002520191
    endloop
  endfacet
  facet normal -0.2902846772544625 0 0.9569403357322088
    outer loop
      vertex 1.2193145126008016 -4 -6.129908002520191
      vertex 1.2193145126008016 -10 -6.129908002520191
      vertex 2.391771452281811 -4 -5.774247078195542
    endloop
  endfacet
  facet normal -0.47139673682599814 0 0.8819212643483548
    outer loop
      vertex 3.4723139563725134 -4 -5.196685076890907
      vertex 2.391771452281811 -10 -5.774247078195542
      vertex 3.4723139563725134 -10 -5.196685076890907
    endloop
  endfacet
  facet normal -0.6343932841636449 0 0.7730104533627373
    outer loop
      vertex 4.419417382415922 -4 -4.419417382415922
      vertex 3.4723139563725134 -10 -5.196685076890907
      vertex 4.419417382415922 -10 -4.419417382415922
    endloop
  endfacet
  facet normal -0.7730104533627373 0 0.6343932841636449
    outer loop
      vertex 5.196685076890907 -4 -3.4723139563725134
      vertex 4.419417382415922 -10 -4.419417382415922
      vertex 5.196685076890907 -10 -3.4723139563725134
    endloop
  endfacet
  facet normal -0.47139673682599814 0 0.8819212643483548
    outer loop
      vertex 2.391771452281811 -4 -5.774247078195542
      vertex 2.391771452281811 -10 -5.774247078195542
      vertex 3.4723139563725134 -4 -5.196685076890907
    endloop
  endfacet
  facet normal -0.6343932841636449 0 0.7730104533627373
    outer loop
      vertex 3.4723139563725134 -4 -5.196685076890907
      vertex 3.4723139563725134 -10 -5.196685076890907
      vertex 4.419417382415922 -4 -4.419417382415922
    endloop
  endfacet
  facet normal -0.7730104533627373 0 0.6343932841636449
    outer loop
      vertex 4.419417382415922 -4 -4.419417382415922
      vertex 4.419417382415922 -10 -4.419417382415922
      vertex 5.196685076890907 -4 -3.4723139563725134
    endloop
  endfacet
  facet normal 0 -1 0
    outer loop
      vertex 0 -4 -6.25
      vertex 1.2193145126008016 -4 -6.129908002520191
      vertex 0 -4 -2.2608867878467005
    endloop
  endfacet
  facet normal 0 -1 0
    outer loop
      vertex 0 -4 -2.2608867878467005
      vertex 1.2193145126008016 -4 -6.129908002520191
      vertex 0.44107713148302263 -4 -2.217444482178185
    endloop
  endfacet
  facet normal 0 -1 0
    outer loop
      vertex 0.44107713148302263 -4 -2.217444482178185
      vertex 1.2193145126008016 -4 -6.129908002520191
      vertex 0.8652039161620579 -4 -2.0887870286167542
    endloop
  endfacet
  facet normal 0 -1 0
    outer loop
      vertex 1.2193145126008016 -4 -6.129908002520191
      vertex 1.2560813995549314 -4 -1.879858660950843
      vertex 0.8652039161620579 -4 -2.0887870286167542
    endloop
  endfacet
  facet normal 0 -1 0
    outer loop
      vertex 1.2193145126008016 -4 -6.129908002520191
      vertex 2.391771452281811 -4 -5.774247078195542
      vertex 1.5986883791814732 -4 -1.5986883791814732
    endloop
  endfacet
  facet normal 0 -1 0
    outer loop
      vertex 1.2193145126008016 -4 -6.129908002520191
      vertex 1.5986883791814732 -4 -1.5986883791814732
      vertex 1.2560813995549314 -4 -1.879858660950843
    endloop
  endfacet
  facet normal 0 -1 0
    outer loop
      vertex 1.5986883791814732 -4 -1.5986883791814732
      vertex 2.391771452281811 -4 -5.774247078195542
      vertex 1.879858660950843 -4 -1.2560813995549314
    endloop
  endfacet
  facet normal 0 -1 0
    outer loop
      vertex 1.879858660950843 -4 -1.2560813995549314
      vertex 2.391771452281811 -4 -5.774247078195542
      vertex 2.0887870286167542 -4 -0.8652039161620579
    endloop
  endfacet
  facet normal 0 -1 0
    outer loop
      vertex 2.0887870286167542 -4 -0.8652039161620579
      vertex 2.391771452281811 -4 -5.774247078195542
      vertex 2.217444482178185 -4 -0.44107713148302263
    endloop
  endfacet
  facet normal 0 -1 0
    outer loop
      vertex 2.217444482178185 -4 -0.44107713148302263
      vertex 2.391771452281811 -4 -5.774247078195542
      vertex 2.242595290723115 -4 -0.18571668694022003
    endloop
  endfacet
  facet normal 0 -1 0
    outer loop
      vertex 2.242595290723115 -4 -0.18571668694022003
      vertex 2.391771452281811 -4 -5.774247078195542
      vertex 2.2608867878467005 -4 0
    endloop
  endfacet
  facet normal 0 -1 0
    outer loop
      vertex 2.391771452281811 -4 -5.774247078195542
      vertex 3.4723139563725134 -4 -5.196685076890907
      vertex 3.4723139563725134 -4 5.196685076890907
    endloop
  endfacet
  facet normal 0 -1 0
    outer loop
      vertex 3.4723139563725134 -4 -5.196685076890907
      vertex 4.419417382415922 -4 -4.419417382415922
      vertex 4.419417382415922 -4 4.419417382415922
    endloop
  endfacet
  facet normal 0 -1 0
    outer loop
      vertex 4.419417382415922 -4 -4.419417382415922
      vertex 5.196685076890907 -4 -3.4723139563725134
      vertex 5.196685076890907 -4 3.4723139563725134
    endloop
  endfacet
  facet normal -0.8819212643483548 0 0.47139673682599814
    outer loop
      vertex 5.774247078195542 -4 -2.391771452281811
      vertex 5.196685076890907 -10 -3.4723139563725134
      vertex 5.774247078195542 -10 -2.391771452281811
    endloop
  endfacet
  facet normal -0.9569403357322088 0 0.2902846772544625
    outer loop
      vertex 6.129908002520191 -4 -1.2193145126008016
      vertex 5.774247078195542 -10 -2.391771452281811
      vertex 6.129908002520191 -10 -1.2193145126008016
    endloop
  endfacet
  facet normal -0.9951847266721968 0 0.09801714032956034
    outer loop
      vertex 6.25 -4 0
      vertex 6.129908002520191 -10 -1.2193145126008016
      vertex 6.25 -10 0
    endloop
  endfacet
  facet normal -0.8819212643483548 0 0.47139673682599814
    outer loop
      vertex 5.196685076890907 -4 -3.4723139563725134
      vertex 5.196685076890907 -10 -3.4723139563725134
      vertex 5.774247078195542 -4 -2.391771452281811
    endloop
  endfacet
  facet normal -0.9569403357322088 0 0.2902846772544625
    outer loop
      vertex 5.774247078195542 -4 -2.391771452281811
      vertex 5.774247078195542 -10 -2.391771452281811
      vertex 6.129908002520191 -4 -1.2193145126008016
    endloop
  endfacet
  facet normal -0.9951847266721968 0 0.09801714032956034
    outer loop
      vertex 6.129908002520191 -4 -1.2193145126008016
      vertex 6.129908002520191 -10 -1.2193145126008016
      vertex 6.25 -4 0
    endloop
  endfacet
  facet normal 0 -1 0
    outer loop
      vertex 5.196685076890907 -4 -3.4723139563725134
      vertex 5.774247078195542 -4 -2.391771452281811
      vertex 5.774247078195542 -4 2.391771452281811
    endloop
  endfacet
  facet normal 0 -1 0
    outer loop
      vertex 5.774247078195542 -4 -2.391771452281811
      vertex 6.129908002520191 -4 -1.2193145126008016
      vertex 6.129908002520191 -4 1.2193145126008016
    endloop
  endfacet
  facet normal -0.09801714032956034 0 -0.9951847266721968
    outer loop
      vertex 0 -4 6.25
      vertex 1.2193145126008016 -10 6.129908002520191
      vertex 0 -10 6.25
    endloop
  endfacet
  facet normal -0.2902846772544625 0 -0.9569403357322088
    outer loop
      vertex 1.2193145126008016 -4 6.129908002520191
      vertex 2.391771452281811 -10 5.774247078195542
      vertex 1.2193145126008016 -10 6.129908002520191
    endloop
  endfacet
  facet normal -0.09801714032956034 0 -0.9951847266721968
    outer loop
      vertex 0 -4 6.25
      vertex 1.2193145126008016 -4 6.129908002520191
      vertex 1.2193145126008016 -10 6.129908002520191
    endloop
  endfacet
  facet normal -0.2902846772544625 0 -0.9569403357322088
    outer loop
      vertex 1.2193145126008016 -4 6.129908002520191
      vertex 2.391771452281811 -4 5.774247078195542
      vertex 2.391771452281811 -10 5.774247078195542
    endloop
  endfacet
  facet normal -0.47139673682599814 0 -0.8819212643483548
    outer loop
      vertex 2.391771452281811 -4 5.774247078195542
      vertex 3.4723139563725134 -10 5.196685076890907
      vertex 2.391771452281811 -10 5.774247078195542
    endloop
  endfacet
  facet normal -0.6343932841636449 0 -0.7730104533627373
    outer loop
      vertex 3.4723139563725134 -4 5.196685076890907
      vertex 4.419417382415922 -10 4.419417382415922
      vertex 3.4723139563725134 -10 5.196685076890907
    endloop
  endfacet
  facet normal -0.7730104533627373 0 -0.6343932841636449
    outer loop
      vertex 4.419417382415922 -4 4.419417382415922
      vertex 5.196685076890907 -10 3.4723139563725134
      vertex 4.419417382415922 -10 4.419417382415922
    endloop
  endfacet
  facet normal -0.47139673682599814 0 -0.8819212643483548
    outer loop
      vertex 2.391771452281811 -4 5.774247078195542
      vertex 3.4723139563725134 -4 5.196685076890907
      vertex 3.4723139563725134 -10 5.196685076890907
    endloop
  endfacet
  facet normal -0.6343932841636449 0 -0.7730104533627373
    outer loop
      vertex 3.4723139563725134 -4 5.196685076890907
      vertex 4.419417382415922 -4 4.419417382415922
      vertex 4.419417382415922 -10 4.419417382415922
    endloop
  endfacet
  facet normal -0.7730104533627373 0 -0.6343932841636449
    outer loop
      vertex 4.419417382415922 -4 4.419417382415922
      vertex 5.196685076890907 -4 3.4723139563725134
      vertex 5.196685076890907 -10 3.4723139563725134
    endloop
  endfacet
  facet normal 0 -1 0
    outer loop
      vertex 0 -4 2.2608867878467005
      vertex 0.44107713148302263 -4 2.217444482178185
      vertex 1.2193145126008016 -4 6.129908002520191
    endloop
  endfacet
  facet normal 0 -1 0
    outer loop
      vertex 0.44107713148302263 -4 2.217444482178185
      vertex 0.8652039161620579 -4 2.0887870286167542
      vertex 1.2193145126008016 -4 6.129908002520191
    endloop
  endfacet
  facet normal 0 -1 0
    outer loop
      vertex 0.8652039161620579 -4 2.0887870286167542
      vertex 1.2560813995549314 -4 1.879858660950843
      vertex 1.2193145126008016 -4 6.129908002520191
    endloop
  endfacet
  facet normal 0 -1 0
    outer loop
      vertex 0 -4 2.2608867878467005
      vertex 1.2193145126008016 -4 6.129908002520191
      vertex 0 -4 6.25
    endloop
  endfacet
  facet normal 0 -1 0
    outer loop
      vertex 1.2560813995549314 -4 1.879858660950843
      vertex 1.5986883791814732 -4 1.5986883791814732
      vertex 2.391771452281811 -4 5.774247078195542
    endloop
  endfacet
  facet normal 0 -1 0
    outer loop
      vertex 2.391771452281811 -4 -5.774247078195542
      vertex 2.391771452281811 -4 5.774247078195542
      vertex 2.2608867878467005 -4 0
    endloop
  endfacet
  facet normal 0 -1 0
    outer loop
      vertex 1.879858660950843 -4 1.2560813995549314
      vertex 2.0887870286167542 -4 0.8652039161620579
      vertex 2.391771452281811 -4 5.774247078195542
    endloop
  endfacet
  facet normal 0 -1 0
    outer loop
      vertex 1.5986883791814732 -4 1.5986883791814732
      vertex 1.879858660950843 -4 1.2560813995549314
      vertex 2.391771452281811 -4 5.774247078195542
    endloop
  endfacet
  facet normal 0 -1 0
    outer loop
      vertex 2.217444482178185 -4 0.44107713148302263
      vertex 2.2608867878467005 -4 0
      vertex 2.391771452281811 -4 5.774247078195542
    endloop
  endfacet
  facet normal 0 -1 0
    outer loop
      vertex 2.0887870286167542 -4 0.8652039161620579
      vertex 2.217444482178185 -4 0.44107713148302263
      vertex 2.391771452281811 -4 5.774247078195542
    endloop
  endfacet
  facet normal 0 -1 0
    outer loop
      vertex 1.2560813995549314 -4 1.879858660950843
      vertex 2.391771452281811 -4 5.774247078195542
      vertex 1.2193145126008016 -4 6.129908002520191
    endloop
  endfacet
  facet normal 0 -1 0
    outer loop
      vertex 2.391771452281811 -4 -5.774247078195542
      vertex 3.4723139563725134 -4 5.196685076890907
      vertex 2.391771452281811 -4 5.774247078195542
    endloop
  endfacet
  facet normal 0 -1 0
    outer loop
      vertex 3.4723139563725134 -4 -5.196685076890907
      vertex 4.419417382415922 -4 4.419417382415922
      vertex 3.4723139563725134 -4 5.196685076890907
    endloop
  endfacet
  facet normal 0 -1 0
    outer loop
      vertex 4.419417382415922 -4 -4.419417382415922
      vertex 5.196685076890907 -4 3.4723139563725134
      vertex 4.419417382415922 -4 4.419417382415922
    endloop
  endfacet
  facet normal -0.8819212643483548 0 -0.47139673682599814
    outer loop
      vertex 5.196685076890907 -4 3.4723139563725134
      vertex 5.774247078195542 -10 2.391771452281811
      vertex 5.196685076890907 -10 3.4723139563725134
    endloop
  endfacet
  facet normal -0.9951847266721968 0 -0.09801714032956034
    outer loop
      vertex 6.129908002520191 -4 1.2193145126008016
      vertex 6.25 -10 0
      vertex 6.129908002520191 -10 1.2193145126008016
    endloop
  endfacet
  facet normal -0.9569403357322088 0 -0.2902846772544625
    outer loop
      vertex 5.774247078195542 -4 2.391771452281811
      vertex 6.129908002520191 -10 1.2193145126008016
      vertex 5.774247078195542 -10 2.391771452281811
    endloop
  endfacet
  facet normal -0.8819212643483548 0 -0.47139673682599814
    outer loop
      vertex 5.196685076890907 -4 3.4723139563725134
      vertex 5.774247078195542 -4 2.391771452281811
      vertex 5.774247078195542 -10 2.391771452281811
    endloop
  endfacet
  facet normal -0.9951847266721968 0 -0.09801714032956034
    outer loop
      vertex 6.25 -4 0
      vertex 6.25 -10 0
      vertex 6.129908002520191 -4 1.2193145126008016
    endloop
  endfacet
  facet normal -0.9569403357322088 0 -0.2902846772544625
    outer loop
      vertex 5.774247078195542 -4 2.391771452281811
      vertex 6.129908002520191 -4 1.2193145126008016
      vertex 6.129908002520191 -10 1.2193145126008016
    endloop
  endfacet
  facet normal 0 -1 0
    outer loop
      vertex 5.196685076890907 -4 -3.4723139563725134
      vertex 5.774247078195542 -4 2.391771452281811
      vertex 5.196685076890907 -4 3.4723139563725134
    endloop
  endfacet
  facet normal 0 -1 0
    outer loop
      vertex 5.774247078195542 -4 -2.391771452281811
      vertex 6.129908002520191 -4 1.2193145126008016
      vertex 5.774247078195542 -4 2.391771452281811
    endloop
  endfacet
  facet normal 0 -1 0
    outer loop
      vertex 6.129908002520191 -4 -1.2193145126008016
      vertex 6.25 -4 0
      vertex 6.129908002520191 -4 1.2193145126008016
    endloop
  endfacet
  facet normal 0 1 0
    outer loop
      vertex -6.129908002520191 4 18.780685487399197
      vertex -6.129908002520191 4 21.219314512600803
      vertex -5.774247078195542 4 17.608228547718188
    endloop
  endfacet
  facet normal 0 1 0
    outer loop
      vertex -6.129908002520191 4 18.780685487399197
      vertex -6.25 4 20
      vertex -6.129908002520191 4 21.219314512600803
    endloop
  endfacet
  facet normal 0 1 0
    outer loop
      vertex -5.774247078195542 4 17.608228547718188
      vertex -6.129908002520191 4 21.219314512600803
      vertex -5.774247078195542 4 22.391771452281812
    endloop
  endfacet
  facet normal 0 1 0
    outer loop
      vertex -5.774247078195542 4 17.608228547718188
      vertex -5.774247078195542 4 22.391771452281812
      vertex -5.196685076890907 4 16.527686043627487
    endloop
  endfacet
  facet normal 0 1 0
    outer loop
      vertex -5.196685076890907 4 16.527686043627487
      vertex -5.774247078195542 4 22.391771452281812
      vertex -5.196685076890907 4 23.472313956372513
    endloop
  endfacet
  facet normal 0.9569403357322088 0 0.2902846772544626
    outer loop
      vertex -6.129908002520191 4 18.780685487399197
      vertex -5.774247078195542 4 17.608228547718188
      vertex -5.774247078195542 10 17.608228547718188
    endloop
  endfacet
  facet normal 0.8819212643483545 0 0.47139673682599853
    outer loop
      vertex -5.774247078195542 4 17.608228547718188
      vertex -5.196685076890907 4 16.527686043627487
      vertex -5.196685076890907 10 16.527686043627487
    endloop
  endfacet
  facet normal 0.9951847266721969 0 0.0980171403295602
    outer loop
      vertex -6.129908002520191 4 18.780685487399197
      vertex -6.129908002520191 10 18.780685487399197
      vertex -6.25 4 20
    endloop
  endfacet
  facet normal 0.9951847266721969 0 -0.0980171403295602
    outer loop
      vertex -6.25 4 20
      vertex -6.25 10 20
      vertex -6.129908002520191 4 21.219314512600803
    endloop
  endfacet
  facet normal 0.9569403357322088 0 -0.2902846772544626
    outer loop
      vertex -6.129908002520191 4 21.219314512600803
      vertex -6.129908002520191 10 21.219314512600803
      vertex -5.774247078195542 4 22.391771452281812
    endloop
  endfacet
  facet normal 0.8819212643483545 0 -0.47139673682599853
    outer loop
      vertex -5.774247078195542 4 22.391771452281812
      vertex -5.774247078195542 10 22.391771452281812
      vertex -5.196685076890907 4 23.472313956372513
    endloop
  endfacet
  facet normal 0.9569403357322088 0 0.2902846772544626
    outer loop
      vertex -6.129908002520191 4 18.780685487399197
      vertex -5.774247078195542 10 17.608228547718188
      vertex -6.129908002520191 10 18.780685487399197
    endloop
  endfacet
  facet normal 0.8819212643483545 0 0.47139673682599853
    outer loop
      vertex -5.774247078195542 4 17.608228547718188
      vertex -5.196685076890907 10 16.527686043627487
      vertex -5.774247078195542 10 17.608228547718188
    endloop
  endfacet
  facet normal 0.9951847266721969 0 0.0980171403295602
    outer loop
      vertex -6.25 4 20
      vertex -6.129908002520191 10 18.780685487399197
      vertex -6.25 10 20
    endloop
  endfacet
  facet normal 0.9951847266721969 0 -0.0980171403295602
    outer loop
      vertex -6.129908002520191 4 21.219314512600803
      vertex -6.25 10 20
      vertex -6.129908002520191 10 21.219314512600803
    endloop
  endfacet
  facet normal 0.9569403357322088 0 -0.2902846772544626
    outer loop
      vertex -5.774247078195542 4 22.391771452281812
      vertex -6.129908002520191 10 21.219314512600803
      vertex -5.774247078195542 10 22.391771452281812
    endloop
  endfacet
  facet normal 0.8819212643483545 0 -0.47139673682599853
    outer loop
      vertex -5.196685076890907 4 23.472313956372513
      vertex -5.774247078195542 10 22.391771452281812
      vertex -5.196685076890907 10 23.472313956372513
    endloop
  endfacet
  facet normal 0 1 0
    outer loop
      vertex -5.196685076890907 4 16.527686043627487
      vertex -5.196685076890907 4 23.472313956372513
      vertex -4.419417382415922 4 15.580582617584078
    endloop
  endfacet
  facet normal 0 1 0
    outer loop
      vertex -4.419417382415922 4 15.580582617584078
      vertex -4.419417382415922 4 24.419417382415922
      vertex -3.4723139563725134 4 14.803314923109092
    endloop
  endfacet
  facet normal 0 1 0
    outer loop
      vertex -5.196685076890907 4 23.472313956372513
      vertex -4.419417382415922 4 24.419417382415922
      vertex -4.419417382415922 4 15.580582617584078
    endloop
  endfacet
  facet normal 0 1 0
    outer loop
      vertex -3.4723139563725134 4 14.803314923109092
      vertex -4.419417382415922 4 24.419417382415922
      vertex -3.4723139563725134 4 25.19668507689091
    endloop
  endfacet
  facet normal 0 1 0
    outer loop
      vertex -3.4723139563725134 4 14.803314923109092
      vertex -3.4723139563725134 4 25.19668507689091
      vertex -2.391771452281811 4 14.225752921804457
    endloop
  endfacet
  facet normal 0 1 0
    outer loop
      vertex -3.4723139563725134 4 25.19668507689091
      vertex -2.391771452281811 4 25.774247078195543
      vertex -2.391771452281811 4 14.225752921804457
    endloop
  endfacet
  facet normal 0 1 0
    outer loop
      vertex -2.391771452281811 4 14.225752921804457
      vertex -2.217444482178185 4 19.558922868516976
      vertex -2.0887870286167542 4 19.13479608383794
    endloop
  endfacet
  facet normal 0 1 0
    outer loop
      vertex -2.391771452281811 4 14.225752921804457
      vertex -2.2608867878467005 4 20
      vertex -2.217444482178185 4 19.558922868516976
    endloop
  endfacet
  facet normal 0 1 0
    outer loop
      vertex -2.391771452281811 4 14.225752921804457
      vertex -2.0887870286167542 4 19.13479608383794
      vertex -1.879858660950843 4 18.74391860044507
    endloop
  endfacet
  facet normal 0 1 0
    outer loop
      vertex -2.391771452281811 4 14.225752921804457
      vertex -1.879858660950843 4 18.74391860044507
      vertex -1.5986883791814732 4 18.401311620818525
    endloop
  endfacet
  facet normal 0 1 0
    outer loop
      vertex -2.391771452281811 4 14.225752921804457
      vertex -1.5986883791814732 4 18.401311620818525
      vertex -1.2193145126008016 4 13.87009199747981
    endloop
  endfacet
  facet normal 0 1 0
    outer loop
      vertex -1.5986883791814732 4 18.401311620818525
      vertex -1.2560813995549314 4 18.120141339049155
      vertex -1.2193145126008016 4 13.87009199747981
    endloop
  endfacet
  facet normal 0 1 0
    outer loop
      vertex -2.391771452281811 4 14.225752921804457
      vertex -2.391771452281811 4 25.774247078195543
      vertex -2.2608867878467005 4 20
    endloop
  endfacet
  facet normal 0 1 0
    outer loop
      vertex -2.391771452281811 4 25.774247078195543
      vertex -2.2357359793017704 4 20.255360444542802
      vertex -2.2608867878467005 4 20
    endloop
  endfacet
  facet normal 0 1 0
    outer loop
      vertex -2.391771452281811 4 25.774247078195543
      vertex -2.217444482178185 4 20.441077131483024
      vertex -2.2357359793017704 4 20.255360444542802
    endloop
  endfacet
  facet normal 0 1 0
    outer loop
      vertex -2.391771452281811 4 25.774247078195543
      vertex -2.0887870286167542 4 20.86520391616206
      vertex -2.217444482178185 4 20.441077131483024
    endloop
  endfacet
  facet normal 0 1 0
    outer loop
      vertex -1.2193145126008016 4 13.87009199747981
      vertex -1.2560813995549314 4 18.120141339049155
      vertex -0.8652039161620579 4 17.911212971383247
    endloop
  endfacet
  facet normal 0 1 0
    outer loop
      vertex -1.2193145126008016 4 13.87009199747981
      vertex -0.8652039161620579 4 17.911212971383247
      vertex -0.44107713148302263 4 17.782555517821816
    endloop
  endfacet
  facet normal 0 1 0
    outer loop
      vertex -1.2193145126008016 4 13.87009199747981
      vertex 0 4 17.7391132121533
      vertex 0 4 13.75
    endloop
  endfacet
  facet normal 0 1 0
    outer loop
      vertex -1.2193145126008016 4 13.87009199747981
      vertex -0.44107713148302263 4 17.782555517821816
      vertex 0 4 17.7391132121533
    endloop
  endfacet
  facet normal 0 1 0
    outer loop
      vertex -2.391771452281811 4 25.774247078195543
      vertex -1.879858660950843 4 21.25608139955493
      vertex -2.0887870286167542 4 20.86520391616206
    endloop
  endfacet
  facet normal 0 1 0
    outer loop
      vertex -2.391771452281811 4 25.774247078195543
      vertex -1.5986883791814732 4 21.598688379181475
      vertex -1.879858660950843 4 21.25608139955493
    endloop
  endfacet
  facet normal 0 1 0
    outer loop
      vertex -2.391771452281811 4 25.774247078195543
      vertex -1.2560813995549314 4 21.879858660950845
      vertex -1.5986883791814732 4 21.598688379181475
    endloop
  endfacet
  facet normal 0 1 0
    outer loop
      vertex -2.391771452281811 4 25.774247078195543
      vertex -1.2193145126008016 4 26.12990800252019
      vertex -1.2560813995549314 4 21.879858660950845
    endloop
  endfacet
  facet normal 0 1 0
    outer loop
      vertex -1.2560813995549314 4 21.879858660950845
      vertex -1.2193145126008016 4 26.12990800252019
      vertex -0.8652039161620579 4 22.088787028616753
    endloop
  endfacet
  facet normal 0 1 0
    outer loop
      vertex -0.8652039161620579 4 22.088787028616753
      vertex -1.2193145126008016 4 26.12990800252019
      vertex -0.44107713148302263 4 22.217444482178184
    endloop
  endfacet
  facet normal 0 1 0
    outer loop
      vertex -1.2193145126008016 4 26.12990800252019
      vertex 0 4 22.2608867878467
      vertex -0.44107713148302263 4 22.217444482178184
    endloop
  endfacet
  facet normal 0 1 0
    outer loop
      vertex -1.2193145126008016 4 26.12990800252019
      vertex 0 4 26.25
      vertex 0 4 22.2608867878467
    endloop
  endfacet
  facet normal 0.47139673682599814 0 0.8819212643483548
    outer loop
      vertex -3.4723139563725134 4 14.803314923109092
      vertex -2.391771452281811 4 14.225752921804457
      vertex -2.391771452281811 10 14.225752921804457
    endloop
  endfacet
  facet normal 0.47139673682599814 0 0.8819212643483548
    outer loop
      vertex -3.4723139563725134 4 14.803314923109092
      vertex -2.391771452281811 10 14.225752921804457
      vertex -3.4723139563725134 10 14.803314923109092
    endloop
  endfacet
  facet normal 0.29028467725446183 0 0.956940335732209
    outer loop
      vertex -2.391771452281811 4 14.225752921804457
      vertex -1.2193145126008016 4 13.87009199747981
      vertex -1.2193145126008016 10 13.87009199747981
    endloop
  endfacet
  facet normal 0.09801714032956034 0 0.9951847266721968
    outer loop
      vertex -1.2193145126008016 4 13.87009199747981
      vertex 0 4 13.75
      vertex 0 10 13.75
    endloop
  endfacet
  facet normal 0.29028467725446183 0 0.956940335732209
    outer loop
      vertex -2.391771452281811 4 14.225752921804457
      vertex -1.2193145126008016 10 13.87009199747981
      vertex -2.391771452281811 10 14.225752921804457
    endloop
  endfacet
  facet normal 0.09801714032956034 0 0.9951847266721968
    outer loop
      vertex -1.2193145126008016 4 13.87009199747981
      vertex 0 10 13.75
      vertex -1.2193145126008016 10 13.87009199747981
    endloop
  endfacet
  facet normal 0.7730104533627373 0 0.6343932841636449
    outer loop
      vertex -5.196685076890907 4 16.527686043627487
      vertex -4.419417382415922 4 15.580582617584078
      vertex -4.419417382415922 10 15.580582617584078
    endloop
  endfacet
  facet normal 0.6343932841636454 0 0.773010453362737
    outer loop
      vertex -4.419417382415922 4 15.580582617584078
      vertex -3.4723139563725134 4 14.803314923109092
      vertex -3.4723139563725134 10 14.803314923109092
    endloop
  endfacet
  facet normal 0.7730104533627373 0 -0.6343932841636449
    outer loop
      vertex -5.196685076890907 4 23.472313956372513
      vertex -5.196685076890907 10 23.472313956372513
      vertex -4.419417382415922 4 24.419417382415922
    endloop
  endfacet
  facet normal 0.6343932841636454 0 -0.773010453362737
    outer loop
      vertex -4.419417382415922 4 24.419417382415922
      vertex -4.419417382415922 10 24.419417382415922
      vertex -3.4723139563725134 4 25.19668507689091
    endloop
  endfacet
  facet normal 0.47139673682599814 0 -0.8819212643483548
    outer loop
      vertex -3.4723139563725134 4 25.19668507689091
      vertex -3.4723139563725134 10 25.19668507689091
      vertex -2.391771452281811 4 25.774247078195543
    endloop
  endfacet
  facet normal 0.7730104533627373 0 0.6343932841636449
    outer loop
      vertex -5.196685076890907 4 16.527686043627487
      vertex -4.419417382415922 10 15.580582617584078
      vertex -5.196685076890907 10 16.527686043627487
    endloop
  endfacet
  facet normal 0.6343932841636454 0 0.773010453362737
    outer loop
      vertex -4.419417382415922 4 15.580582617584078
      vertex -3.4723139563725134 10 14.803314923109092
      vertex -4.419417382415922 10 15.580582617584078
    endloop
  endfacet
  facet normal 0.7730104533627373 0 -0.6343932841636449
    outer loop
      vertex -4.419417382415922 4 24.419417382415922
      vertex -5.196685076890907 10 23.472313956372513
      vertex -4.419417382415922 10 24.419417382415922
    endloop
  endfacet
  facet normal 0.6343932841636454 0 -0.773010453362737
    outer loop
      vertex -3.4723139563725134 4 25.19668507689091
      vertex -4.419417382415922 10 24.419417382415922
      vertex -3.4723139563725134 10 25.19668507689091
    endloop
  endfacet
  facet normal 0.47139673682599814 0 -0.8819212643483548
    outer loop
      vertex -2.391771452281811 4 25.774247078195543
      vertex -3.4723139563725134 10 25.19668507689091
      vertex -2.391771452281811 10 25.774247078195543
    endloop
  endfacet
  facet normal 0.2902846772544605 0 -0.9569403357322094
    outer loop
      vertex -2.391771452281811 4 25.774247078195543
      vertex -2.391771452281811 10 25.774247078195543
      vertex -1.2193145126008016 4 26.12990800252019
    endloop
  endfacet
  facet normal 0.09801714032956178 0 -0.9951847266721967
    outer loop
      vertex -1.2193145126008016 4 26.12990800252019
      vertex -1.2193145126008016 10 26.12990800252019
      vertex 0 4 26.25
    endloop
  endfacet
  facet normal 0.2902846772544605 0 -0.9569403357322094
    outer loop
      vertex -1.2193145126008016 4 26.12990800252019
      vertex -2.391771452281811 10 25.774247078195543
      vertex -1.2193145126008016 10 26.12990800252019
    endloop
  endfacet
  facet normal 0.09801714032956178 0 -0.9951847266721967
    outer loop
      vertex 0 4 26.25
      vertex -1.2193145126008016 10 26.12990800252019
      vertex 0 10 26.25
    endloop
  endfacet
  facet normal 0 1 0
    outer loop
      vertex 0 4 13.75
      vertex 0 4 17.7391132121533
      vertex 1.2193145126008016 4 13.87009199747981
    endloop
  endfacet
  facet normal 0 1 0
    outer loop
      vertex 0 4 17.7391132121533
      vertex 0.44107713148302263 4 17.782555517821816
      vertex 1.2193145126008016 4 13.87009199747981
    endloop
  endfacet
  facet normal 0 1 0
    outer loop
      vertex 0.44107713148302263 4 17.782555517821816
      vertex 0.8652039161620579 4 17.911212971383247
      vertex 1.2193145126008016 4 13.87009199747981
    endloop
  endfacet
  facet normal 0 1 0
    outer loop
      vertex 1.2193145126008016 4 13.87009199747981
      vertex 0.8652039161620579 4 17.911212971383247
      vertex 1.2560813995549314 4 18.120141339049155
    endloop
  endfacet
  facet normal 0 1 0
    outer loop
      vertex 1.2193145126008016 4 13.87009199747981
      vertex 1.2560813995549314 4 18.120141339049155
      vertex 2.391771452281811 4 14.225752921804457
    endloop
  endfacet
  facet normal 0 1 0
    outer loop
      vertex 1.2560813995549314 4 18.120141339049155
      vertex 1.5986883791814732 4 18.401311620818525
      vertex 2.391771452281811 4 14.225752921804457
    endloop
  endfacet
  facet normal 0 1 0
    outer loop
      vertex 1.5986883791814732 4 18.401311620818525
      vertex 1.879858660950843 4 18.74391860044507
      vertex 2.391771452281811 4 14.225752921804457
    endloop
  endfacet
  facet normal 0 1 0
    outer loop
      vertex 1.879858660950843 4 18.74391860044507
      vertex 2.0887870286167542 4 19.13479608383794
      vertex 2.391771452281811 4 14.225752921804457
    endloop
  endfacet
  facet normal 0 1 0
    outer loop
      vertex 2.0887870286167542 4 19.13479608383794
      vertex 2.217444482178185 4 19.558922868516976
      vertex 2.391771452281811 4 14.225752921804457
    endloop
  endfacet
  facet normal 0 1 0
    outer loop
      vertex 2.217444482178185 4 19.558922868516976
      vertex 2.2357359793017704 4 19.744639555457198
      vertex 2.391771452281811 4 14.225752921804457
    endloop
  endfacet
  facet normal 0 1 0
    outer loop
      vertex 2.391771452281811 4 14.225752921804457
      vertex 2.2357359793017704 4 19.744639555457198
      vertex 2.2608867878467005 4 20
    endloop
  endfacet
  facet normal 0 1 0
    outer loop
      vertex 2.391771452281811 4 14.225752921804457
      vertex 2.2608867878467005 4 20
      vertex 2.391771452281811 4 25.774247078195543
    endloop
  endfacet
  facet normal 0 1 0
    outer loop
      vertex 2.0887870286167542 4 20.86520391616206
      vertex 2.391771452281811 4 25.774247078195543
      vertex 2.217444482178185 4 20.441077131483024
    endloop
  endfacet
  facet normal 0 1 0
    outer loop
      vertex 2.217444482178185 4 20.441077131483024
      vertex 2.391771452281811 4 25.774247078195543
      vertex 2.2608867878467005 4 20
    endloop
  endfacet
  facet normal 0 1 0
    outer loop
      vertex 0 4 22.2608867878467
      vertex 1.2193145126008016 4 26.12990800252019
      vertex 0.44107713148302263 4 22.217444482178184
    endloop
  endfacet
  facet normal 0 1 0
    outer loop
      vertex 0 4 22.2608867878467
      vertex 0 4 26.25
      vertex 1.2193145126008016 4 26.12990800252019
    endloop
  endfacet
  facet normal 0 1 0
    outer loop
      vertex 0.44107713148302263 4 22.217444482178184
      vertex 1.2193145126008016 4 26.12990800252019
      vertex 0.8652039161620579 4 22.088787028616753
    endloop
  endfacet
  facet normal 0 1 0
    outer loop
      vertex 0.8652039161620579 4 22.088787028616753
      vertex 1.2193145126008016 4 26.12990800252019
      vertex 1.2560813995549314 4 21.879858660950845
    endloop
  endfacet
  facet normal 0 1 0
    outer loop
      vertex 1.2560813995549314 4 21.879858660950845
      vertex 1.2193145126008016 4 26.12990800252019
      vertex 1.5986883791814732 4 21.598688379181475
    endloop
  endfacet
  facet normal 0 1 0
    outer loop
      vertex 1.2193145126008016 4 26.12990800252019
      vertex 2.391771452281811 4 25.774247078195543
      vertex 1.5986883791814732 4 21.598688379181475
    endloop
  endfacet
  facet normal 0 1 0
    outer loop
      vertex 1.879858660950843 4 21.25608139955493
      vertex 1.5986883791814732 4 21.598688379181475
      vertex 2.391771452281811 4 25.774247078195543
    endloop
  endfacet
  facet normal 0 1 0
    outer loop
      vertex 1.879858660950843 4 21.25608139955493
      vertex 2.391771452281811 4 25.774247078195543
      vertex 2.0887870286167542 4 20.86520391616206
    endloop
  endfacet
  facet normal 0 1 0
    outer loop
      vertex 2.391771452281811 4 14.225752921804457
      vertex 2.391771452281811 4 25.774247078195543
      vertex 3.4723139563725134 4 14.803314923109092
    endloop
  endfacet
  facet normal 0 1 0
    outer loop
      vertex 2.391771452281811 4 25.774247078195543
      vertex 3.4723139563725134 4 25.19668507689091
      vertex 3.4723139563725134 4 14.803314923109092
    endloop
  endfacet
  facet normal 0 1 0
    outer loop
      vertex 3.4723139563725134 4 14.803314923109092
      vertex 3.4723139563725134 4 25.19668507689091
      vertex 4.419417382415922 4 15.580582617584078
    endloop
  endfacet
  facet normal 0 1 0
    outer loop
      vertex 4.419417382415922 4 15.580582617584078
      vertex 3.4723139563725134 4 25.19668507689091
      vertex 4.419417382415922 4 24.419417382415922
    endloop
  endfacet
  facet normal 0 1 0
    outer loop
      vertex 4.419417382415922 4 15.580582617584078
      vertex 4.419417382415922 4 24.419417382415922
      vertex 5.196685076890907 4 16.527686043627487
    endloop
  endfacet
  facet normal 0 1 0
    outer loop
      vertex 4.419417382415922 4 24.419417382415922
      vertex 5.196685076890907 4 23.472313956372513
      vertex 5.196685076890907 4 16.527686043627487
    endloop
  endfacet
  facet normal -0.09801714032956034 0 0.9951847266721968
    outer loop
      vertex 0 4 13.75
      vertex 1.2193145126008016 4 13.87009199747981
      vertex 1.2193145126008016 10 13.87009199747981
    endloop
  endfacet
  facet normal -0.29028467725446183 0 0.956940335732209
    outer loop
      vertex 1.2193145126008016 4 13.87009199747981
      vertex 2.391771452281811 4 14.225752921804457
      vertex 2.391771452281811 10 14.225752921804457
    endloop
  endfacet
  facet normal -0.09801714032956034 0 0.9951847266721968
    outer loop
      vertex 0 4 13.75
      vertex 1.2193145126008016 10 13.87009199747981
      vertex 0 10 13.75
    endloop
  endfacet
  facet normal -0.29028467725446183 0 0.956940335732209
    outer loop
      vertex 1.2193145126008016 4 13.87009199747981
      vertex 2.391771452281811 10 14.225752921804457
      vertex 1.2193145126008016 10 13.87009199747981
    endloop
  endfacet
  facet normal -0.47139673682599814 0 0.8819212643483548
    outer loop
      vertex 2.391771452281811 4 14.225752921804457
      vertex 3.4723139563725134 4 14.803314923109092
      vertex 3.4723139563725134 10 14.803314923109092
    endloop
  endfacet
  facet normal -0.47139673682599814 0 0.8819212643483548
    outer loop
      vertex 2.391771452281811 4 14.225752921804457
      vertex 3.4723139563725134 10 14.803314923109092
      vertex 2.391771452281811 10 14.225752921804457
    endloop
  endfacet
  facet normal -0.09801714032956178 0 -0.9951847266721967
    outer loop
      vertex 0 4 26.25
      vertex 0 10 26.25
      vertex 1.2193145126008016 4 26.12990800252019
    endloop
  endfacet
  facet normal -0.2902846772544605 0 -0.9569403357322094
    outer loop
      vertex 1.2193145126008016 4 26.12990800252019
      vertex 1.2193145126008016 10 26.12990800252019
      vertex 2.391771452281811 4 25.774247078195543
    endloop
  endfacet
  facet normal -0.09801714032956178 0 -0.9951847266721967
    outer loop
      vertex 1.2193145126008016 4 26.12990800252019
      vertex 0 10 26.25
      vertex 1.2193145126008016 10 26.12990800252019
    endloop
  endfacet
  facet normal -0.2902846772544605 0 -0.9569403357322094
    outer loop
      vertex 2.391771452281811 4 25.774247078195543
      vertex 1.2193145126008016 10 26.12990800252019
      vertex 2.391771452281811 10 25.774247078195543
    endloop
  endfacet
  facet normal -0.6343932841636454 0 0.773010453362737
    outer loop
      vertex 3.4723139563725134 4 14.803314923109092
      vertex 4.419417382415922 4 15.580582617584078
      vertex 4.419417382415922 10 15.580582617584078
    endloop
  endfacet
  facet normal -0.7730104533627373 0 0.6343932841636449
    outer loop
      vertex 4.419417382415922 4 15.580582617584078
      vertex 5.196685076890907 4 16.527686043627487
      vertex 5.196685076890907 10 16.527686043627487
    endloop
  endfacet
  facet normal -0.47139673682599814 0 -0.8819212643483548
    outer loop
      vertex 2.391771452281811 4 25.774247078195543
      vertex 2.391771452281811 10 25.774247078195543
      vertex 3.4723139563725134 4 25.19668507689091
    endloop
  endfacet
  facet normal -0.6343932841636454 0 -0.773010453362737
    outer loop
      vertex 3.4723139563725134 4 25.19668507689091
      vertex 3.4723139563725134 10 25.19668507689091
      vertex 4.419417382415922 4 24.419417382415922
    endloop
  endfacet
  facet normal -0.7730104533627373 0 -0.6343932841636449
    outer loop
      vertex 4.419417382415922 4 24.419417382415922
      vertex 4.419417382415922 10 24.419417382415922
      vertex 5.196685076890907 4 23.472313956372513
    endloop
  endfacet
  facet normal -0.6343932841636454 0 0.773010453362737
    outer loop
      vertex 3.4723139563725134 4 14.803314923109092
      vertex 4.419417382415922 10 15.580582617584078
      vertex 3.4723139563725134 10 14.803314923109092
    endloop
  endfacet
  facet normal -0.7730104533627373 0 0.6343932841636449
    outer loop
      vertex 4.419417382415922 4 15.580582617584078
      vertex 5.196685076890907 10 16.527686043627487
      vertex 4.419417382415922 10 15.580582617584078
    endloop
  endfacet
  facet normal -0.47139673682599814 0 -0.8819212643483548
    outer loop
      vertex 3.4723139563725134 4 25.19668507689091
      vertex 2.391771452281811 10 25.774247078195543
      vertex 3.4723139563725134 10 25.19668507689091
    endloop
  endfacet
  facet normal -0.6343932841636454 0 -0.773010453362737
    outer loop
      vertex 4.419417382415922 4 24.419417382415922
      vertex 3.4723139563725134 10 25.19668507689091
      vertex 4.419417382415922 10 24.419417382415922
    endloop
  endfacet
  facet normal -0.7730104533627373 0 -0.6343932841636449
    outer loop
      vertex 5.196685076890907 4 23.472313956372513
      vertex 4.419417382415922 10 24.419417382415922
      vertex 5.196685076890907 10 23.472313956372513
    endloop
  endfacet
  facet normal 0 1 0
    outer loop
      vertex 5.196685076890907 4 16.527686043627487
      vertex 5.196685076890907 4 23.472313956372513
      vertex 5.774247078195542 4 17.608228547718188
    endloop
  endfacet
  facet normal 0 1 0
    outer loop
      vertex 5.774247078195542 4 17.608228547718188
      vertex 5.196685076890907 4 23.472313956372513
      vertex 5.774247078195542 4 22.391771452281812
    endloop
  endfacet
  facet normal 0 1 0
    outer loop
      vertex 5.774247078195542 4 17.608228547718188
      vertex 5.774247078195542 4 22.391771452281812
      vertex 6.129908002520191 4 18.780685487399197
    endloop
  endfacet
  facet normal 0 1 0
    outer loop
      vertex 6.129908002520191 4 18.780685487399197
      vertex 6.129908002520191 4 21.219314512600803
      vertex 6.25 4 20
    endloop
  endfacet
  facet normal 0 1 0
    outer loop
      vertex 6.129908002520191 4 18.780685487399197
      vertex 5.774247078195542 4 22.391771452281812
      vertex 6.129908002520191 4 21.219314512600803
    endloop
  endfacet
  facet normal -0.8819212643483545 0 0.47139673682599853
    outer loop
      vertex 5.196685076890907 4 16.527686043627487
      vertex 5.774247078195542 4 17.608228547718188
      vertex 5.774247078195542 10 17.608228547718188
    endloop
  endfacet
  facet normal -0.9569403357322088 0 0.2902846772544626
    outer loop
      vertex 5.774247078195542 4 17.608228547718188
      vertex 6.129908002520191 4 18.780685487399197
      vertex 6.129908002520191 10 18.780685487399197
    endloop
  endfacet
  facet normal -0.9951847266721969 0 0.0980171403295602
    outer loop
      vertex 6.129908002520191 4 18.780685487399197
      vertex 6.25 4 20
      vertex 6.25 10 20
    endloop
  endfacet
  facet normal -0.9569403357322088 0 -0.2902846772544626
    outer loop
      vertex 5.774247078195542 4 22.391771452281812
      vertex 5.774247078195542 10 22.391771452281812
      vertex 6.129908002520191 4 21.219314512600803
    endloop
  endfacet
  facet normal -0.9951847266721969 0 -0.0980171403295602
    outer loop
      vertex 6.25 4 20
      vertex 6.129908002520191 4 21.219314512600803
      vertex 6.129908002520191 10 21.219314512600803
    endloop
  endfacet
  facet normal -0.8819212643483545 0 -0.47139673682599853
    outer loop
      vertex 5.196685076890907 4 23.472313956372513
      vertex 5.196685076890907 10 23.472313956372513
      vertex 5.774247078195542 4 22.391771452281812
    endloop
  endfacet
  facet normal -0.8819212643483545 0 0.47139673682599853
    outer loop
      vertex 5.196685076890907 4 16.527686043627487
      vertex 5.774247078195542 10 17.608228547718188
      vertex 5.196685076890907 10 16.527686043627487
    endloop
  endfacet
  facet normal -0.9569403357322088 0 0.2902846772544626
    outer loop
      vertex 5.774247078195542 4 17.608228547718188
      vertex 6.129908002520191 10 18.780685487399197
      vertex 5.774247078195542 10 17.608228547718188
    endloop
  endfacet
  facet normal -0.9951847266721969 0 0.0980171403295602
    outer loop
      vertex 6.129908002520191 4 18.780685487399197
      vertex 6.25 10 20
      vertex 6.129908002520191 10 18.780685487399197
    endloop
  endfacet
  facet normal -0.9951847266721969 0 -0.0980171403295602
    outer loop
      vertex 6.25 4 20
      vertex 6.129908002520191 10 21.219314512600803
      vertex 6.25 10 20
    endloop
  endfacet
  facet normal -0.9569403357322088 0 -0.2902846772544626
    outer loop
      vertex 6.129908002520191 4 21.219314512600803
      vertex 5.774247078195542 10 22.391771452281812
      vertex 6.129908002520191 10 21.219314512600803
    endloop
  endfacet
  facet normal -0.8819212643483545 0 -0.47139673682599853
    outer loop
      vertex 5.774247078195542 4 22.391771452281812
      vertex 5.196685076890907 10 23.472313956372513
      vertex 5.774247078195542 10 22.391771452281812
    endloop
  endfacet
  facet normal -0.5773502691896258 -0.5773502691896258 -0.5773502691896258
    outer loop
      vertex -10 -9 -29
      vertex -9 -9 -30
      vertex -9 -10 -29
    endloop
  endfacet
  facet normal 0 -1 0
    outer loop
      vertex -9 -10 -29
      vertex -5.774247078195542 -10 -22.391771452281812
      vertex -6.129908002520191 -10 -21.219314512600803
    endloop
  endfacet
  facet normal 0 -1 0
    outer loop
      vertex -9 -10 -29
      vertex -6.129908002520191 -10 -21.219314512600803
      vertex -6.25 -10 -20
    endloop
  endfacet
  facet normal 0 -1 0
    outer loop
      vertex -9 -10 -29
      vertex -6.25 -10 -20
      vertex -6.129908002520191 -10 -18.780685487399197
    endloop
  endfacet
  facet normal 0 -1 0
    outer loop
      vertex -9 -10 -29
      vertex -5.196685076890907 -10 -23.472313956372513
      vertex -5.774247078195542 -10 -22.391771452281812
    endloop
  endfacet
  facet normal 0 -1 0
    outer loop
      vertex -9 -10 -29
      vertex -4.419417382415922 -10 -24.419417382415922
      vertex -5.196685076890907 -10 -23.472313956372513
    endloop
  endfacet
  facet normal 0 -1 0
    outer loop
      vertex -9 -10 -29
      vertex -3.4723139563725134 -10 -25.19668507689091
      vertex -4.419417382415922 -10 -24.419417382415922
    endloop
  endfacet
  facet normal -0.7071067811865476 -0.7071067811865476 0
    outer loop
      vertex -10 -9 -29
      vertex -9 -10 -29
      vertex -10 -9 29
    endloop
  endfacet
  facet normal 0 -1 0
    outer loop
      vertex -9 -10 -29
      vertex -6.129908002520191 -10 -18.780685487399197
      vertex -9 -10 29
    endloop
  endfacet
  facet normal 0 -1 0
    outer loop
      vertex -5.774247078195542 -10 -17.608228547718188
      vertex -6.129908002520191 -10 -1.2193145126008016
      vertex -6.129908002520191 -10 -18.780685487399197
    endloop
  endfacet
  facet normal 0 -1 0
    outer loop
      vertex -5.196685076890907 -10 -16.527686043627487
      vertex -5.774247078195542 -10 -2.391771452281811
      vertex -5.774247078195542 -10 -17.608228547718188
    endloop
  endfacet
  facet normal 0 -1 0
    outer loop
      vertex -6.129908002520191 -10 -18.780685487399197
      vertex -6.129908002520191 -10 -1.2193145126008016
      vertex -6.25 -10 0
    endloop
  endfacet
  facet normal 0 -1 0
    outer loop
      vertex -5.774247078195542 -10 -17.608228547718188
      vertex -5.774247078195542 -10 -2.391771452281811
      vertex -6.129908002520191 -10 -1.2193145126008016
    endloop
  endfacet
  facet normal 0 -1 0
    outer loop
      vertex -5.774247078195542 -10 -2.391771452281811
      vertex -5.196685076890907 -10 -16.527686043627487
      vertex -5.196685076890907 -10 -3.4723139563725134
    endloop
  endfacet
  facet normal -0.7071067811865476 0 -0.7071067811865476
    outer loop
      vertex -10 -9 -29
      vertex -10 9 -29
      vertex -9 -9 -30
    endloop
  endfacet
  facet normal -1 0 0
    outer loop
      vertex -10 -9 -29
      vertex -10 -9 29
      vertex -10 9 -29
    endloop
  endfacet
  facet normal 0 -1 0
    outer loop
      vertex -9 -10 -29
      vertex -2.391771452281811 -10 -25.774247078195543
      vertex -3.4723139563725134 -10 -25.19668507689091
    endloop
  endfacet
  facet normal 0 -1 0
    outer loop
      vertex -9 -10 -29
      vertex -1.2193145126008016 -10 -26.12990800252019
      vertex -2.391771452281811 -10 -25.774247078195543
    endloop
  endfacet
  facet normal 0 -0.7071067811865476 -0.7071067811865476
    outer loop
      vertex -9 -10 -29
      vertex -9 -9 -30
      vertex 9 -9 -30
    endloop
  endfacet
  facet normal 0 -1 0
    outer loop
      vertex -9 -10 -29
      vertex 9 -10 -29
      vertex -1.2193145126008016 -10 -26.12990800252019
    endloop
  endfacet
  facet normal 0 -1 0
    outer loop
      vertex -4.419417382415922 -10 -15.580582617584078
      vertex -5.196685076890907 -10 -3.4723139563725134
      vertex -5.196685076890907 -10 -16.527686043627487
    endloop
  endfacet
  facet normal 0 -1 0
    outer loop
      vertex -4.419417382415922 -10 -15.580582617584078
      vertex -4.419417382415922 -10 -4.419417382415922
      vertex -5.196685076890907 -10 -3.4723139563725134
    endloop
  endfacet
  facet normal 0 -1 0
    outer loop
      vertex -4.419417382415922 -10 -15.580582617584078
      vertex -3.4723139563725134 -10 -5.196685076890907
      vertex -4.419417382415922 -10 -4.419417382415922
    endloop
  endfacet
  facet normal 0 -1 0
    outer loop
      vertex -2.391771452281811 -10 -5.774247078195542
      vertex -4.419417382415922 -10 -15.580582617584078
      vertex -3.4723139563725134 -10 -14.803314923109092
    endloop
  endfacet
  facet normal 0 -1 0
    outer loop
      vertex -2.391771452281811 -10 -5.774247078195542
      vertex -3.4723139563725134 -10 -14.803314923109092
      vertex -2.391771452281811 -10 -14.225752921804457
    endloop
  endfacet
  facet normal 0 -1 0
    outer loop
      vertex -4.419417382415922 -10 -15.580582617584078
      vertex -2.391771452281811 -10 -5.774247078195542
      vertex -3.4723139563725134 -10 -5.196685076890907
    endloop
  endfacet
  facet normal 0 -1 0
    outer loop
      vertex -2.391771452281811 -10 -5.774247078195542
      vertex -2.391771452281811 -10 -14.225752921804457
      vertex -1.2193145126008016 -10 -13.87009199747981
    endloop
  endfacet
  facet normal 0 -1 0
    outer loop
      vertex -2.391771452281811 -10 -5.774247078195542
      vertex -1.2193145126008016 -10 -13.87009199747981
      vertex -1.2193145126008016 -10 -6.129908002520191
    endloop
  endfacet
  facet normal 0 -1 0
    outer loop
      vertex -1.2193145126008016 -10 -13.87009199747981
      vertex 0 -10 -13.75
      vertex -1.2193145126008016 -10 -6.129908002520191
    endloop
  endfacet
  facet normal 0 -1 0
    outer loop
      vertex -1.2193145126008016 -10 -6.129908002520191
      vertex 0 -10 -13.75
      vertex 0 -10 -6.25
    endloop
  endfacet
  facet normal -0.7071067811865476 -0.7071067811865476 0
    outer loop
      vertex -9 -10 -29
      vertex -9 -10 29
      vertex -10 -9 29
    endloop
  endfacet
  facet normal 0 -1 0
    outer loop
      vertex -9 -10 29
      vertex -6.129908002520191 -10 -18.780685487399197
      vertex -6.25 -10 0
    endloop
  endfacet
  facet normal 0 -1 0
    outer loop
      vertex -5.774247078195542 -10 2.391771452281811
      vertex -6.129908002520191 -10 18.780685487399197
      vertex -6.129908002520191 -10 1.2193145126008016
    endloop
  endfacet
  facet normal 0 -1 0
    outer loop
      vertex -9 -10 29
      vertex -6.25 -10 0
      vertex -6.129908002520191 -10 1.2193145126008016
    endloop
  endfacet
  facet normal 0 -1 0
    outer loop
      vertex -5.196685076890907 -10 3.4723139563725134
      vertex -5.774247078195542 -10 17.608228547718188
      vertex -5.774247078195542 -10 2.391771452281811
    endloop
  endfacet
  facet normal 0 -1 0
    outer loop
      vertex -5.774247078195542 -10 2.391771452281811
      vertex -5.774247078195542 -10 17.608228547718188
      vertex -6.129908002520191 -10 18.780685487399197
    endloop
  endfacet
  facet normal 0 -1 0
    outer loop
      vertex -5.774247078195542 -10 17.608228547718188
      vertex -5.196685076890907 -10 3.4723139563725134
      vertex -5.196685076890907 -10 16.527686043627487
    endloop
  endfacet
  facet normal -0.5773502691896258 -0.5773502691896258 0.5773502691896258
    outer loop
      vertex -10 -9 29
      vertex -9 -10 29
      vertex -9 -9 30
    endloop
  endfacet
  facet normal 0 -1 0
    outer loop
      vertex -9 -10 29
      vertex -6.129908002520191 -10 1.2193145126008016
      vertex -6.129908002520191 -10 18.780685487399197
    endloop
  endfacet
  facet normal 0 -1 0
    outer loop
      vertex -9 -10 29
      vertex -6.129908002520191 -10 18.780685487399197
      vertex -6.25 -10 20
    endloop
  endfacet
  facet normal 0 -1 0
    outer loop
      vertex -9 -10 29
      vertex -6.25 -10 20
      vertex -6.129908002520191 -10 21.219314512600803
    endloop
  endfacet
  facet normal 0 -1 0
    outer loop
      vertex -9 -10 29
      vertex -6.129908002520191 -10 21.219314512600803
      vertex -5.774247078195542 -10 22.391771452281812
    endloop
  endfacet
  facet normal 0 -1 0
    outer loop
      vertex -9 -10 29
      vertex -5.774247078195542 -10 22.391771452281812
      vertex -5.196685076890907 -10 23.472313956372513
    endloop
  endfacet
  facet normal 0 -1 0
    outer loop
      vertex -9 -10 29
      vertex -5.196685076890907 -10 23.472313956372513
      vertex -4.419417382415922 -10 24.419417382415922
    endloop
  endfacet
  facet normal 0 -1 0
    outer loop
      vertex -9 -10 29
      vertex -4.419417382415922 -10 24.419417382415922
      vertex -3.4723139563725134 -10 25.19668507689091
    endloop
  endfacet
  facet normal -0.7071067811865476 0 0.7071067811865476
    outer loop
      vertex -10 -9 29
      vertex -9 -9 30
      vertex -9 9 30
    endloop
  endfacet
  facet normal 0 -1 0
    outer loop
      vertex -4.419417382415922 -10 4.419417382415922
      vertex -5.196685076890907 -10 16.527686043627487
      vertex -5.196685076890907 -10 3.4723139563725134
    endloop
  endfacet
  facet normal 0 -1 0
    outer loop
      vertex -4.419417382415922 -10 4.419417382415922
      vertex -3.4723139563725134 -10 5.196685076890907
      vertex -4.419417382415922 -10 15.580582617584078
    endloop
  endfacet
  facet normal 0 -1 0
    outer loop
      vertex -5.196685076890907 -10 16.527686043627487
      vertex -4.419417382415922 -10 4.419417382415922
      vertex -4.419417382415922 -10 15.580582617584078
    endloop
  endfacet
  facet normal 0 -1 0
    outer loop
      vertex -3.4723139563725134 -10 5.196685076890907
      vertex -3.4723139563725134 -10 14.803314923109092
      vertex -4.419417382415922 -10 15.580582617584078
    endloop
  endfacet
  facet normal 0 -1 0
    outer loop
      vertex -3.4723139563725134 -10 5.196685076890907
      vertex -2.391771452281811 -10 5.774247078195542
      vertex -3.4723139563725134 -10 14.803314923109092
    endloop
  endfacet
  facet normal 0 -1 0
    outer loop
      vertex -2.391771452281811 -10 5.774247078195542
      vertex -2.391771452281811 -10 14.225752921804457
      vertex -3.4723139563725134 -10 14.803314923109092
    endloop
  endfacet
  facet normal 0 -1 0
    outer loop
      vertex -2.391771452281811 -10 5.774247078195542
      vertex -1.2193145126008016 -10 6.129908002520191
      vertex -2.391771452281811 -10 14.225752921804457
    endloop
  endfacet
  facet normal 0 -1 0
    outer loop
      vertex -1.2193145126008016 -10 13.87009199747981
      vertex -2.391771452281811 -10 14.225752921804457
      vertex -1.2193145126008016 -10 6.129908002520191
    endloop
  endfacet
  facet normal 0 -1 0
    outer loop
      vertex -1.2193145126008016 -10 6.129908002520191
      vertex 0 -10 6.25
      vertex -1.2193145126008016 -10 13.87009199747981
    endloop
  endfacet
  facet normal 0 -1 0
    outer loop
      vertex -1.2193145126008016 -10 13.87009199747981
      vertex 0 -10 6.25
      vertex 0 -10 13.75
    endloop
  endfacet
  facet normal 0 -1 0
    outer loop
      vertex -9 -10 29
      vertex -3.4723139563725134 -10 25.19668507689091
      vertex -2.391771452281811 -10 25.774247078195543
    endloop
  endfacet
  facet normal 0 -1 0
    outer loop
      vertex -9 -10 29
      vertex -2.391771452281811 -10 25.774247078195543
      vertex -1.2193145126008016 -10 26.12990800252019
    endloop
  endfacet
  facet normal 0 -1 0
    outer loop
      vertex -9 -10 29
      vertex -1.2193145126008016 -10 26.12990800252019
      vertex 0 -10 26.25
    endloop
  endfacet
  facet normal 0 -1 0
    outer loop
      vertex -9 -10 29
      vertex 0 -10 26.25
      vertex 1.2193145126008016 -10 26.12990800252019
    endloop
  endfacet
  facet normal 0 -0.7071067811865476 0.7071067811865476
    outer loop
      vertex -9 -10 29
      vertex 9 -10 29
      vertex -9 -9 30
    endloop
  endfacet
  facet normal 0 0 1
    outer loop
      vertex -9 -9 30
      vertex 9 -9 30
      vertex -9 9 30
    endloop
  endfacet
  facet normal -0.7071067811865476 0 -0.7071067811865476
    outer loop
      vertex -9 -9 -30
      vertex -10 9 -29
      vertex -9 9 -30
    endloop
  endfacet
  facet normal -0.5773502691896258 0.5773502691896258 -0.5773502691896258
    outer loop
      vertex -10 9 -29
      vertex -9 10 -29
      vertex -9 9 -30
    endloop
  endfacet
  facet normal 0 1 0
    outer loop
      vertex -9 10 -29
      vertex -6.129908002520191 10 -21.219314512600803
      vertex -5.774247078195542 10 -22.391771452281812
    endloop
  endfacet
  facet normal 0 1 0
    outer loop
      vertex -9 10 -29
      vertex -6.25 10 -20
      vertex -6.129908002520191 10 -21.219314512600803
    endloop
  endfacet
  facet normal 0 1 0
    outer loop
      vertex -9 10 -29
      vertex -6.129908002520191 10 -18.780685487399197
      vertex -6.25 10 -20
    endloop
  endfacet
  facet normal 0 1 0
    outer loop
      vertex -9 10 -29
      vertex -5.774247078195542 10 -22.391771452281812
      vertex -5.196685076890907 10 -23.472313956372513
    endloop
  endfacet
  facet normal 0 1 0
    outer loop
      vertex -9 10 -29
      vertex -5.196685076890907 10 -23.472313956372513
      vertex -4.419417382415922 10 -24.419417382415922
    endloop
  endfacet
  facet normal 0 1 0
    outer loop
      vertex -9 10 -29
      vertex -4.419417382415922 10 -24.419417382415922
      vertex -3.4723139563725134 10 -25.19668507689091
    endloop
  endfacet
  facet normal 0 1 0
    outer loop
      vertex -9 10 -29
      vertex -6.129908002520191 10 -1.2193145126008016
      vertex -6.129908002520191 10 -18.780685487399197
    endloop
  endfacet
  facet normal -0.7071067811865476 0.7071067811865476 0
    outer loop
      vertex -10 9 -29
      vertex -10 9 29
      vertex -9 10 -29
    endloop
  endfacet
  facet normal 0 1 0
    outer loop
      vertex -9 10 -29
      vertex -6.25 10 0
      vertex -6.129908002520191 10 -1.2193145126008016
    endloop
  endfacet
  facet normal 0 1 0
    outer loop
      vertex -6.129908002520191 10 -18.780685487399197
      vertex -5.774247078195542 10 -2.391771452281811
      vertex -5.774247078195542 10 -17.608228547718188
    endloop
  endfacet
  facet normal 0 1 0
    outer loop
      vertex -5.774247078195542 10 -17.608228547718188
      vertex -5.196685076890907 10 -3.4723139563725134
      vertex -5.196685076890907 10 -16.527686043627487
    endloop
  endfacet
  facet normal 0 1 0
    outer loop
      vertex -5.196685076890907 10 -3.4723139563725134
      vertex -5.774247078195542 10 -17.608228547718188
      vertex -5.774247078195542 10 -2.391771452281811
    endloop
  endfacet
  facet normal 0 1 0
    outer loop
      vertex -9 10 -29
      vertex -6.129908002520191 10 18.780685487399197
      vertex -6.25 10 0
    endloop
  endfacet
  facet normal 0 1 0
    outer loop
      vertex -5.774247078195542 10 -2.391771452281811
      vertex -6.129908002520191 10 -18.780685487399197
      vertex -6.129908002520191 10 -1.2193145126008016
    endloop
  endfacet
  facet normal 0 0 -1
    outer loop
      vertex -9 -9 -30
      vertex -9 9 -30
      vertex 9 9 -30
    endloop
  endfacet
  facet normal 0 1 0
    outer loop
      vertex -9 10 -29
      vertex -3.4723139563725134 10 -25.19668507689091
      vertex -2.391771452281811 10 -25.774247078195543
    endloop
  endfacet
  facet normal 0 1 0
    outer loop
      vertex -9 10 -29
      vertex -2.391771452281811 10 -25.774247078195543
      vertex -1.2193145126008016 10 -26.12990800252019
    endloop
  endfacet
  facet normal 0 0.7071067811865476 -0.7071067811865476
    outer loop
      vertex -9 9 -30
      vertex -9 10 -29
      vertex 9 9 -30
    endloop
  endfacet
  facet normal 0 1 0
    outer loop
      vertex -9 10 -29
      vertex -1.2193145126008016 10 -26.12990800252019
      vertex 9 10 -29
    endloop
  endfacet
  facet normal 0 1 0
    outer loop
      vertex -4.419417382415922 10 -4.419417382415922
      vertex -5.196685076890907 10 -16.527686043627487
      vertex -5.196685076890907 10 -3.4723139563725134
    endloop
  endfacet
  facet normal 0 1 0
    outer loop
      vertex -5.196685076890907 10 -16.527686043627487
      vertex -4.419417382415922 10 -4.419417382415922
      vertex -3.4723139563725134 10 -5.196685076890907
    endloop
  endfacet
  facet normal 0 1 0
    outer loop
      vertex -1.2193145126008016 10 -6.129908002520191
      vertex -4.419417382415922 10 -15.580582617584078
      vertex -5.196685076890907 10 -16.527686043627487
    endloop
  endfacet
  facet normal 0 1 0
    outer loop
      vertex -1.2193145126008016 10 -6.129908002520191
      vertex -3.4723139563725134 10 -14.803314923109092
      vertex -4.419417382415922 10 -15.580582617584078
    endloop
  endfacet
  facet normal 0 1 0
    outer loop
      vertex -5.196685076890907 10 -16.527686043627487
      vertex -3.4723139563725134 10 -5.196685076890907
      vertex -2.391771452281811 10 -5.774247078195542
    endloop
  endfacet
  facet normal 0 1 0
    outer loop
      vertex -5.196685076890907 10 -16.527686043627487
      vertex -2.391771452281811 10 -5.774247078195542
      vertex -1.2193145126008016 10 -6.129908002520191
    endloop
  endfacet
  facet normal 0 1 0
    outer loop
      vertex -1.2193145126008016 10 -6.129908002520191
      vertex -2.391771452281811 10 -14.225752921804457
      vertex -3.4723139563725134 10 -14.803314923109092
    endloop
  endfacet
  facet normal 0 1 0
    outer loop
      vertex -1.2193145126008016 10 -6.129908002520191
      vertex -1.2193145126008016 10 -13.87009199747981
      vertex -2.391771452281811 10 -14.225752921804457
    endloop
  endfacet
  facet normal 0 1 0
    outer loop
      vertex 0 10 -13.75
      vertex -1.2193145126008016 10 -13.87009199747981
      vertex 0 10 -6.25
    endloop
  endfacet
  facet normal 0 1 0
    outer loop
      vertex -1.2193145126008016 10 -6.129908002520191
      vertex 0 10 -6.25
      vertex -1.2193145126008016 10 -13.87009199747981
    endloop
  endfacet
  facet normal -1 0 0
    outer loop
      vertex -10 -9 29
      vertex -10 9 29
      vertex -10 9 -29
    endloop
  endfacet
  facet normal -0.7071067811865476 0 0.7071067811865476
    outer loop
      vertex -10 -9 29
      vertex -9 9 30
      vertex -10 9 29
    endloop
  endfacet
  facet normal 0 1 0
    outer loop
      vertex -9 10 -29
      vertex -9 10 29
      vertex -6.129908002520191 10 18.780685487399197
    endloop
  endfacet
  facet normal -0.7071067811865476 0.7071067811865476 0
    outer loop
      vertex -9 10 -29
      vertex -10 9 29
      vertex -9 10 29
    endloop
  endfacet
  facet normal 0 1 0
    outer loop
      vertex -6.25 10 0
      vertex -6.129908002520191 10 18.780685487399197
      vertex -6.129908002520191 10 1.2193145126008016
    endloop
  endfacet
  facet normal 0 1 0
    outer loop
      vertex -6.129908002520191 10 1.2193145126008016
      vertex -5.774247078195542 10 17.608228547718188
      vertex -5.774247078195542 10 2.391771452281811
    endloop
  endfacet
  facet normal 0 1 0
    outer loop
      vertex -5.774247078195542 10 2.391771452281811
      vertex -5.196685076890907 10 16.527686043627487
      vertex -5.196685076890907 10 3.4723139563725134
    endloop
  endfacet
  facet normal 0 1 0
    outer loop
      vertex -5.774247078195542 10 17.608228547718188
      vertex -6.129908002520191 10 1.2193145126008016
      vertex -6.129908002520191 10 18.780685487399197
    endloop
  endfacet
  facet normal 0 1 0
    outer loop
      vertex -5.196685076890907 10 16.527686043627487
      vertex -5.774247078195542 10 2.391771452281811
      vertex -5.774247078195542 10 17.608228547718188
    endloop
  endfacet
  facet normal -0.5773502691896258 0.5773502691896258 0.5773502691896258
    outer loop
      vertex -10 9 29
      vertex -9 9 30
      vertex -9 10 29
    endloop
  endfacet
  facet normal 0 1 0
    outer loop
      vertex -9 10 29
      vertex -6.25 10 20
      vertex -6.129908002520191 10 18.780685487399197
    endloop
  endfacet
  facet normal 0 1 0
    outer loop
      vertex -9 10 29
      vertex -6.129908002520191 10 21.219314512600803
      vertex -6.25 10 20
    endloop
  endfacet
  facet normal 0 1 0
    outer loop
      vertex -9 10 29
      vertex -5.774247078195542 10 22.391771452281812
      vertex -6.129908002520191 10 21.219314512600803
    endloop
  endfacet
  facet normal 0 1 0
    outer loop
      vertex -9 10 29
      vertex -5.196685076890907 10 23.472313956372513
      vertex -5.774247078195542 10 22.391771452281812
    endloop
  endfacet
  facet normal 0 1 0
    outer loop
      vertex -9 10 29
      vertex -4.419417382415922 10 24.419417382415922
      vertex -5.196685076890907 10 23.472313956372513
    endloop
  endfacet
  facet normal 0 1 0
    outer loop
      vertex -9 10 29
      vertex -3.4723139563725134 10 25.19668507689091
      vertex -4.419417382415922 10 24.419417382415922
    endloop
  endfacet
  facet normal 0 1 0
    outer loop
      vertex -5.196685076890907 10 3.4723139563725134
      vertex -4.419417382415922 10 15.580582617584078
      vertex -4.419417382415922 10 4.419417382415922
    endloop
  endfacet
  facet normal 0 1 0
    outer loop
      vertex -3.4723139563725134 10 5.196685076890907
      vertex -4.419417382415922 10 4.419417382415922
      vertex -3.4723139563725134 10 14.803314923109092
    endloop
  endfacet
  facet normal 0 1 0
    outer loop
      vertex -4.419417382415922 10 15.580582617584078
      vertex -5.196685076890907 10 3.4723139563725134
      vertex -5.196685076890907 10 16.527686043627487
    endloop
  endfacet
  facet normal 0 1 0
    outer loop
      vertex -4.419417382415922 10 15.580582617584078
      vertex -3.4723139563725134 10 14.803314923109092
      vertex -4.419417382415922 10 4.419417382415922
    endloop
  endfacet
  facet normal 0 1 0
    outer loop
      vertex -2.391771452281811 10 5.774247078195542
      vertex -3.4723139563725134 10 5.196685076890907
      vertex -2.391771452281811 10 14.225752921804457
    endloop
  endfacet
  facet normal 0 1 0
    outer loop
      vertex -3.4723139563725134 10 14.803314923109092
      vertex -2.391771452281811 10 14.225752921804457
      vertex -3.4723139563725134 10 5.196685076890907
    endloop
  endfacet
  facet normal 0 1 0
    outer loop
      vertex -1.2193145126008016 10 6.129908002520191
      vertex -2.391771452281811 10 5.774247078195542
      vertex -1.2193145126008016 10 13.87009199747981
    endloop
  endfacet
  facet normal 0 1 0
    outer loop
      vertex -2.391771452281811 10 14.225752921804457
      vertex -1.2193145126008016 10 13.87009199747981
      vertex -2.391771452281811 10 5.774247078195542
    endloop
  endfacet
  facet normal 0 1 0
    outer loop
      vertex 0 10 6.25
      vertex -1.2193145126008016 10 6.129908002520191
      vertex 0 10 13.75
    endloop
  endfacet
  facet normal 0 1 0
    outer loop
      vertex -1.2193145126008016 10 13.87009199747981
      vertex 0 10 13.75
      vertex -1.2193145126008016 10 6.129908002520191
    endloop
  endfacet
  facet normal 0 1 0
    outer loop
      vertex -9 10 29
      vertex -2.391771452281811 10 25.774247078195543
      vertex -3.4723139563725134 10 25.19668507689091
    endloop
  endfacet
  facet normal 0 1 0
    outer loop
      vertex -9 10 29
      vertex -1.2193145126008016 10 26.12990800252019
      vertex -2.391771452281811 10 25.774247078195543
    endloop
  endfacet
  facet normal 0 1 0
    outer loop
      vertex -9 10 29
      vertex 0 10 26.25
      vertex -1.2193145126008016 10 26.12990800252019
    endloop
  endfacet
  facet normal 0 1 0
    outer loop
      vertex -9 10 29
      vertex 1.2193145126008016 10 26.12990800252019
      vertex 0 10 26.25
    endloop
  endfacet
  facet normal 0 0.7071067811865476 0.7071067811865476
    outer loop
      vertex -9 9 30
      vertex 9 10 29
      vertex -9 10 29
    endloop
  endfacet
  facet normal 0 -0.7071067811865476 -0.7071067811865476
    outer loop
      vertex -9 -10 -29
      vertex 9 -9 -30
      vertex 9 -10 -29
    endloop
  endfacet
  facet normal 0 -1 0
    outer loop
      vertex 9 -10 -29
      vertex 0 -10 -26.25
      vertex -1.2193145126008016 -10 -26.12990800252019
    endloop
  endfacet
  facet normal 0 -1 0
    outer loop
      vertex 9 -10 -29
      vertex 1.2193145126008016 -10 -26.12990800252019
      vertex 0 -10 -26.25
    endloop
  endfacet
  facet normal 0 -1 0
    outer loop
      vertex 9 -10 -29
      vertex 2.391771452281811 -10 -25.774247078195543
      vertex 1.2193145126008016 -10 -26.12990800252019
    endloop
  endfacet
  facet normal 0 -1 0
    outer loop
      vertex 9 -10 -29
      vertex 3.4723139563725134 -10 -25.19668507689091
      vertex 2.391771452281811 -10 -25.774247078195543
    endloop
  endfacet
  facet normal 0 -1 0
    outer loop
      vertex 0 -10 -13.75
      vertex 1.2193145126008016 -10 -13.87009199747981
      vertex 0 -10 -6.25
    endloop
  endfacet
  facet normal 0 -1 0
    outer loop
      vertex 1.2193145126008016 -10 -6.129908002520191
      vertex 0 -10 -6.25
      vertex 1.2193145126008016 -10 -13.87009199747981
    endloop
  endfacet
  facet normal 0 -1 0
    outer loop
      vertex 1.2193145126008016 -10 -13.87009199747981
      vertex 2.391771452281811 -10 -14.225752921804457
      vertex 1.2193145126008016 -10 -6.129908002520191
    endloop
  endfacet
  facet normal 0 -1 0
    outer loop
      vertex 2.391771452281811 -10 -5.774247078195542
      vertex 1.2193145126008016 -10 -6.129908002520191
      vertex 2.391771452281811 -10 -14.225752921804457
    endloop
  endfacet
  facet normal 0 -1 0
    outer loop
      vertex 2.391771452281811 -10 -14.225752921804457
      vertex 3.4723139563725134 -10 -14.803314923109092
      vertex 2.391771452281811 -10 -5.774247078195542
    endloop
  endfacet
  facet normal 0 -1 0
    outer loop
      vertex 2.391771452281811 -10 -5.774247078195542
      vertex 3.4723139563725134 -10 -14.803314923109092
      vertex 3.4723139563725134 -10 -5.196685076890907
    endloop
  endfacet
  facet normal 0 -1 0
    outer loop
      vertex 3.4723139563725134 -10 -14.803314923109092
      vertex 4.419417382415922 -10 -15.580582617584078
      vertex 3.4723139563725134 -10 -5.196685076890907
    endloop
  endfacet
  facet normal 0 -1 0
    outer loop
      vertex 4.419417382415922 -10 -15.580582617584078
      vertex 5.196685076890907 -10 -16.527686043627487
      vertex 4.419417382415922 -10 -4.419417382415922
    endloop
  endfacet
  facet normal 0 -1 0
    outer loop
      vertex 4.419417382415922 -10 -15.580582617584078
      vertex 4.419417382415922 -10 -4.419417382415922
      vertex 3.4723139563725134 -10 -5.196685076890907
    endloop
  endfacet
  facet normal 0 -1 0
    outer loop
      vertex 4.419417382415922 -10 -4.419417382415922
      vertex 5.196685076890907 -10 -16.527686043627487
      vertex 5.196685076890907 -10 -3.4723139563725134
    endloop
  endfacet
  facet normal 0 0 -1
    outer loop
      vertex -9 -9 -30
      vertex 9 9 -30
      vertex 9 -9 -30
    endloop
  endfacet
  facet normal 0 -1 0
    outer loop
      vertex 9 -10 -29
      vertex 4.419417382415922 -10 -24.419417382415922
      vertex 3.4723139563725134 -10 -25.19668507689091
    endloop
  endfacet
  facet normal 0 -1 0
    outer loop
      vertex 9 -10 -29
      vertex 5.196685076890907 -10 -23.472313956372513
      vertex 4.419417382415922 -10 -24.419417382415922
    endloop
  endfacet
  facet normal 0 -1 0
    outer loop
      vertex 9 -10 -29
      vertex 5.774247078195542 -10 -22.391771452281812
      vertex 5.196685076890907 -10 -23.472313956372513
    endloop
  endfacet
  facet normal 0 -1 0
    outer loop
      vertex 9 -10 -29
      vertex 6.129908002520191 -10 -21.219314512600803
      vertex 5.774247078195542 -10 -22.391771452281812
    endloop
  endfacet
  facet normal 0 -1 0
    outer loop
      vertex 9 -10 -29
      vertex 6.25 -10 -20
      vertex 6.129908002520191 -10 -21.219314512600803
    endloop
  endfacet
  facet normal 0 -1 0
    outer loop
      vertex 9 -10 -29
      vertex 6.129908002520191 -10 -18.780685487399197
      vertex 6.25 -10 -20
    endloop
  endfacet
  facet normal 0 -1 0
    outer loop
      vertex 9 -10 -29
      vertex 6.129908002520191 -10 -1.2193145126008016
      vertex 6.129908002520191 -10 -18.780685487399197
    endloop
  endfacet
  facet normal 0.5773502691896258 -0.5773502691896258 -0.5773502691896258
    outer loop
      vertex 9 -10 -29
      vertex 9 -9 -30
      vertex 10 -9 -29
    endloop
  endfacet
  facet normal 0 -1 0
    outer loop
      vertex 5.774247078195542 -10 -17.608228547718188
      vertex 5.196685076890907 -10 -3.4723139563725134
      vertex 5.196685076890907 -10 -16.527686043627487
    endloop
  endfacet
  facet normal 0 -1 0
    outer loop
      vertex 6.129908002520191 -10 -18.780685487399197
      vertex 5.774247078195542 -10 -2.391771452281811
      vertex 5.774247078195542 -10 -17.608228547718188
    endloop
  endfacet
  facet normal 0 -1 0
    outer loop
      vertex 5.196685076890907 -10 -3.4723139563725134
      vertex 5.774247078195542 -10 -17.608228547718188
      vertex 5.774247078195542 -10 -2.391771452281811
    endloop
  endfacet
  facet normal 0 -1 0
    outer loop
      vertex 9 -10 -29
      vertex 6.25 -10 0
      vertex 6.129908002520191 -10 -1.2193145126008016
    endloop
  endfacet
  facet normal 0 -1 0
    outer loop
      vertex 5.774247078195542 -10 -2.391771452281811
      vertex 6.129908002520191 -10 -18.780685487399197
      vertex 6.129908002520191 -10 -1.2193145126008016
    endloop
  endfacet
  facet normal 0 -1 0
    outer loop
      vertex 9 -10 -29
      vertex 6.129908002520191 -10 18.780685487399197
      vertex 6.25 -10 0
    endloop
  endfacet
  facet normal 0.7071067811865476 -0.7071067811865476 0
    outer loop
      vertex 9 -10 -29
      vertex 10 -9 -29
      vertex 9 -10 29
    endloop
  endfacet
  facet normal 0.7071067811865476 0 -0.7071067811865476
    outer loop
      vertex 9 -9 -30
      vertex 9 9 -30
      vertex 10 -9 -29
    endloop
  endfacet
  facet normal 0 -1 0
    outer loop
      vertex 0 -10 6.25
      vertex 1.2193145126008016 -10 6.129908002520191
      vertex 0 -10 13.75
    endloop
  endfacet
  facet normal 0 -1 0
    outer loop
      vertex 1.2193145126008016 -10 13.87009199747981
      vertex 0 -10 13.75
      vertex 1.2193145126008016 -10 6.129908002520191
    endloop
  endfacet
  facet normal 0 -1 0
    outer loop
      vertex 2.391771452281811 -10 5.774247078195542
      vertex 1.2193145126008016 -10 13.87009199747981
      vertex 1.2193145126008016 -10 6.129908002520191
    endloop
  endfacet
  facet normal 0 -1 0
    outer loop
      vertex 2.391771452281811 -10 5.774247078195542
      vertex 2.391771452281811 -10 14.225752921804457
      vertex 1.2193145126008016 -10 13.87009199747981
    endloop
  endfacet
  facet normal 0 -1 0
    outer loop
      vertex 4.419417382415922 -10 15.580582617584078
      vertex 2.391771452281811 -10 5.774247078195542
      vertex 3.4723139563725134 -10 5.196685076890907
    endloop
  endfacet
  facet normal 0 -1 0
    outer loop
      vertex 2.391771452281811 -10 5.774247078195542
      vertex 3.4723139563725134 -10 14.803314923109092
      vertex 2.391771452281811 -10 14.225752921804457
    endloop
  endfacet
  facet normal 0 -1 0
    outer loop
      vertex 2.391771452281811 -10 5.774247078195542
      vertex 4.419417382415922 -10 15.580582617584078
      vertex 3.4723139563725134 -10 14.803314923109092
    endloop
  endfacet
  facet normal 0 -1 0
    outer loop
      vertex 4.419417382415922 -10 15.580582617584078
      vertex 3.4723139563725134 -10 5.196685076890907
      vertex 4.419417382415922 -10 4.419417382415922
    endloop
  endfacet
  facet normal 0 -1 0
    outer loop
      vertex 4.419417382415922 -10 15.580582617584078
      vertex 4.419417382415922 -10 4.419417382415922
      vertex 5.196685076890907 -10 3.4723139563725134
    endloop
  endfacet
  facet normal 0 -1 0
    outer loop
      vertex 4.419417382415922 -10 15.580582617584078
      vertex 5.196685076890907 -10 3.4723139563725134
      vertex 5.196685076890907 -10 16.527686043627487
    endloop
  endfacet
  facet normal 0 -1 0
    outer loop
      vertex -9 -10 29
      vertex 1.2193145126008016 -10 26.12990800252019
      vertex 9 -10 29
    endloop
  endfacet
  facet normal 0 -0.7071067811865476 0.7071067811865476
    outer loop
      vertex -9 -9 30
      vertex 9 -10 29
      vertex 9 -9 30
    endloop
  endfacet
  facet normal 0 -1 0
    outer loop
      vertex 9 -10 29
      vertex 1.2193145126008016 -10 26.12990800252019
      vertex 2.391771452281811 -10 25.774247078195543
    endloop
  endfacet
  facet normal 0 -1 0
    outer loop
      vertex 9 -10 29
      vertex 2.391771452281811 -10 25.774247078195543
      vertex 3.4723139563725134 -10 25.19668507689091
    endloop
  endfacet
  facet normal 0 -1 0
    outer loop
      vertex 5.774247078195542 -10 2.391771452281811
      vertex 5.196685076890907 -10 16.527686043627487
      vertex 5.196685076890907 -10 3.4723139563725134
    endloop
  endfacet
  facet normal 0 -1 0
    outer loop
      vertex 6.129908002520191 -10 1.2193145126008016
      vertex 5.774247078195542 -10 17.608228547718188
      vertex 5.774247078195542 -10 2.391771452281811
    endloop
  endfacet
  facet normal 0 -1 0
    outer loop
      vertex 6.25 -10 0
      vertex 6.129908002520191 -10 18.780685487399197
      vertex 6.129908002520191 -10 1.2193145126008016
    endloop
  endfacet
  facet normal 0 -1 0
    outer loop
      vertex 5.196685076890907 -10 16.527686043627487
      vertex 5.774247078195542 -10 2.391771452281811
      vertex 5.774247078195542 -10 17.608228547718188
    endloop
  endfacet
  facet normal 0 -1 0
    outer loop
      vertex 5.774247078195542 -10 17.608228547718188
      vertex 6.129908002520191 -10 1.2193145126008016
      vertex 6.129908002520191 -10 18.780685487399197
    endloop
  endfacet
  facet normal 0 -1 0
    outer loop
      vertex 9 -10 -29
      vertex 9 -10 29
      vertex 6.129908002520191 -10 18.780685487399197
    endloop
  endfacet
  facet normal 0.7071067811865476 -0.7071067811865476 0
    outer loop
      vertex 10 -9 -29
      vertex 10 -9 29
      vertex 9 -10 29
    endloop
  endfacet
  facet normal 0 -1 0
    outer loop
      vertex 9 -10 29
      vertex 3.4723139563725134 -10 25.19668507689091
      vertex 4.419417382415922 -10 24.419417382415922
    endloop
  endfacet
  facet normal 0 -1 0
    outer loop
      vertex 9 -10 29
      vertex 4.419417382415922 -10 24.419417382415922
      vertex 5.196685076890907 -10 23.472313956372513
    endloop
  endfacet
  facet normal 0 -1 0
    outer loop
      vertex 9 -10 29
      vertex 5.196685076890907 -10 23.472313956372513
      vertex 5.774247078195542 -10 22.391771452281812
    endloop
  endfacet
  facet normal 0 -1 0
    outer loop
      vertex 9 -10 29
      vertex 6.25 -10 20
      vertex 6.129908002520191 -10 18.780685487399197
    endloop
  endfacet
  facet normal 0 -1 0
    outer loop
      vertex 9 -10 29
      vertex 6.129908002520191 -10 21.219314512600803
      vertex 6.25 -10 20
    endloop
  endfacet
  facet normal 0 -1 0
    outer loop
      vertex 9 -10 29
      vertex 5.774247078195542 -10 22.391771452281812
      vertex 6.129908002520191 -10 21.219314512600803
    endloop
  endfacet
  facet normal 0.5773502691896258 -0.5773502691896258 0.5773502691896258
    outer loop
      vertex 9 -10 29
      vertex 10 -9 29
      vertex 9 -9 30
    endloop
  endfacet
  facet normal 1 0 0
    outer loop
      vertex 10 -9 -29
      vertex 10 9 29
      vertex 10 -9 29
    endloop
  endfacet
  facet normal 0.7071067811865476 0 0.7071067811865476
    outer loop
      vertex 9 -9 30
      vertex 10 -9 29
      vertex 9 9 30
    endloop
  endfacet
  facet normal 0 0.7071067811865476 -0.7071067811865476
    outer loop
      vertex -9 10 -29
      vertex 9 10 -29
      vertex 9 9 -30
    endloop
  endfacet
  facet normal 0 1 0
    outer loop
      vertex 9 10 -29
      vertex -1.2193145126008016 10 -26.12990800252019
      vertex 0 10 -26.25
    endloop
  endfacet
  facet normal 0 1 0
    outer loop
      vertex 9 10 -29
      vertex 0 10 -26.25
      vertex 1.2193145126008016 10 -26.12990800252019
    endloop
  endfacet
  facet normal 0 1 0
    outer loop
      vertex 9 10 -29
      vertex 1.2193145126008016 10 -26.12990800252019
      vertex 2.391771452281811 10 -25.774247078195543
    endloop
  endfacet
  facet normal 0 1 0
    outer loop
      vertex 9 10 -29
      vertex 2.391771452281811 10 -25.774247078195543
      vertex 3.4723139563725134 10 -25.19668507689091
    endloop
  endfacet
  facet normal 0 1 0
    outer loop
      vertex 0 10 -6.25
      vertex 1.2193145126008016 10 -6.129908002520191
      vertex 0 10 -13.75
    endloop
  endfacet
  facet normal 0 1 0
    outer loop
      vertex 1.2193145126008016 10 -13.87009199747981
      vertex 0 10 -13.75
      vertex 1.2193145126008016 10 -6.129908002520191
    endloop
  endfacet
  facet normal 0 1 0
    outer loop
      vertex 2.391771452281811 10 -14.225752921804457
      vertex 1.2193145126008016 10 -13.87009199747981
      vertex 2.391771452281811 10 -5.774247078195542
    endloop
  endfacet
  facet normal 0 1 0
    outer loop
      vertex 1.2193145126008016 10 -6.129908002520191
      vertex 2.391771452281811 10 -5.774247078195542
      vertex 1.2193145126008016 10 -13.87009199747981
    endloop
  endfacet
  facet normal 0 1 0
    outer loop
      vertex 3.4723139563725134 10 -14.803314923109092
      vertex 2.391771452281811 10 -14.225752921804457
      vertex 3.4723139563725134 10 -5.196685076890907
    endloop
  endfacet
  facet normal 0 1 0
    outer loop
      vertex 2.391771452281811 10 -5.774247078195542
      vertex 3.4723139563725134 10 -5.196685076890907
      vertex 2.391771452281811 10 -14.225752921804457
    endloop
  endfacet
  facet normal 0 1 0
    outer loop
      vertex 4.419417382415922 10 -15.580582617584078
      vertex 3.4723139563725134 10 -14.803314923109092
      vertex 4.419417382415922 10 -4.419417382415922
    endloop
  endfacet
  facet normal 0 1 0
    outer loop
      vertex 4.419417382415922 10 -15.580582617584078
      vertex 5.196685076890907 10 -3.4723139563725134
      vertex 5.196685076890907 10 -16.527686043627487
    endloop
  endfacet
  facet normal 0 1 0
    outer loop
      vertex 3.4723139563725134 10 -5.196685076890907
      vertex 4.419417382415922 10 -4.419417382415922
      vertex 3.4723139563725134 10 -14.803314923109092
    endloop
  endfacet
  facet normal 0 1 0
    outer loop
      vertex 4.419417382415922 10 -15.580582617584078
      vertex 4.419417382415922 10 -4.419417382415922
      vertex 5.196685076890907 10 -3.4723139563725134
    endloop
  endfacet
  facet normal 0.7071067811865476 0 -0.7071067811865476
    outer loop
      vertex 10 -9 -29
      vertex 9 9 -30
      vertex 10 9 -29
    endloop
  endfacet
  facet normal 1 0 0
    outer loop
      vertex 10 -9 -29
      vertex 10 9 -29
      vertex 10 9 29
    endloop
  endfacet
  facet normal 0 1 0
    outer loop
      vertex 9 10 -29
      vertex 3.4723139563725134 10 -25.19668507689091
      vertex 4.419417382415922 10 -24.419417382415922
    endloop
  endfacet
  facet normal 0 1 0
    outer loop
      vertex 9 10 -29
      vertex 4.419417382415922 10 -24.419417382415922
      vertex 5.196685076890907 10 -23.472313956372513
    endloop
  endfacet
  facet normal 0 1 0
    outer loop
      vertex 9 10 -29
      vertex 5.196685076890907 10 -23.472313956372513
      vertex 5.774247078195542 10 -22.391771452281812
    endloop
  endfacet
  facet normal 0 1 0
    outer loop
      vertex 9 10 -29
      vertex 5.774247078195542 10 -22.391771452281812
      vertex 6.129908002520191 10 -21.219314512600803
    endloop
  endfacet
  facet normal 0 1 0
    outer loop
      vertex 9 10 -29
      vertex 6.129908002520191 10 -21.219314512600803
      vertex 6.25 10 -20
    endloop
  endfacet
  facet normal 0 1 0
    outer loop
      vertex 9 10 -29
      vertex 6.25 10 -20
      vertex 6.129908002520191 10 -18.780685487399197
    endloop
  endfacet
  facet normal 0.5773502691896258 0.5773502691896258 -0.5773502691896258
    outer loop
      vertex 9 9 -30
      vertex 9 10 -29
      vertex 10 9 -29
    endloop
  endfacet
  facet normal 0 1 0
    outer loop
      vertex 5.196685076890907 10 -16.527686043627487
      vertex 5.774247078195542 10 -2.391771452281811
      vertex 5.774247078195542 10 -17.608228547718188
    endloop
  endfacet
  facet normal 0 1 0
    outer loop
      vertex 5.774247078195542 10 -17.608228547718188
      vertex 6.129908002520191 10 -1.2193145126008016
      vertex 6.129908002520191 10 -18.780685487399197
    endloop
  endfacet
  facet normal 0 1 0
    outer loop
      vertex 5.774247078195542 10 -2.391771452281811
      vertex 5.196685076890907 10 -16.527686043627487
      vertex 5.196685076890907 10 -3.4723139563725134
    endloop
  endfacet
  facet normal 0 1 0
    outer loop
      vertex 5.774247078195542 10 -17.608228547718188
      vertex 5.774247078195542 10 -2.391771452281811
      vertex 6.129908002520191 10 -1.2193145126008016
    endloop
  endfacet
  facet normal 0 1 0
    outer loop
      vertex 6.25 10 0
      vertex 6.129908002520191 10 -18.780685487399197
      vertex 6.129908002520191 10 -1.2193145126008016
    endloop
  endfacet
  facet normal 0.7071067811865476 0.7071067811865476 0
    outer loop
      vertex 9 10 -29
      vertex 9 10 29
      vertex 10 9 -29
    endloop
  endfacet
  facet normal 0 1 0
    outer loop
      vertex 9 10 -29
      vertex 6.129908002520191 10 -18.780685487399197
      vertex 9 10 29
    endloop
  endfacet
  facet normal 0 0 1
    outer loop
      vertex -9 9 30
      vertex 9 -9 30
      vertex 9 9 30
    endloop
  endfacet
  facet normal 0 1 0
    outer loop
      vertex 1.2193145126008016 10 6.129908002520191
      vertex 0 10 6.25
      vertex 1.2193145126008016 10 13.87009199747981
    endloop
  endfacet
  facet normal 0 1 0
    outer loop
      vertex 0 10 13.75
      vertex 1.2193145126008016 10 13.87009199747981
      vertex 0 10 6.25
    endloop
  endfacet
  facet normal 0 1 0
    outer loop
      vertex 1.2193145126008016 10 6.129908002520191
      vertex 1.2193145126008016 10 13.87009199747981
      vertex 2.391771452281811 10 14.225752921804457
    endloop
  endfacet
  facet normal 0 1 0
    outer loop
      vertex 1.2193145126008016 10 6.129908002520191
      vertex 2.391771452281811 10 14.225752921804457
      vertex 3.4723139563725134 10 14.803314923109092
    endloop
  endfacet
  facet normal 0 1 0
    outer loop
      vertex 1.2193145126008016 10 6.129908002520191
      vertex 5.196685076890907 10 16.527686043627487
      vertex 2.391771452281811 10 5.774247078195542
    endloop
  endfacet
  facet normal 0 1 0
    outer loop
      vertex 5.196685076890907 10 16.527686043627487
      vertex 3.4723139563725134 10 5.196685076890907
      vertex 2.391771452281811 10 5.774247078195542
    endloop
  endfacet
  facet normal 0 1 0
    outer loop
      vertex 1.2193145126008016 10 6.129908002520191
      vertex 3.4723139563725134 10 14.803314923109092
      vertex 4.419417382415922 10 15.580582617584078
    endloop
  endfacet
  facet normal 0 1 0
    outer loop
      vertex 1.2193145126008016 10 6.129908002520191
      vertex 4.419417382415922 10 15.580582617584078
      vertex 5.196685076890907 10 16.527686043627487
    endloop
  endfacet
  facet normal 0 1 0
    outer loop
      vertex 5.196685076890907 10 16.527686043627487
      vertex 4.419417382415922 10 4.419417382415922
      vertex 3.4723139563725134 10 5.196685076890907
    endloop
  endfacet
  facet normal 0 1 0
    outer loop
      vertex 4.419417382415922 10 4.419417382415922
      vertex 5.196685076890907 10 16.527686043627487
      vertex 5.196685076890907 10 3.4723139563725134
    endloop
  endfacet
  facet normal 0 1 0
    outer loop
      vertex -9 10 29
      vertex 9 10 29
      vertex 1.2193145126008016 10 26.12990800252019
    endloop
  endfacet
  facet normal 0 0.7071067811865476 0.7071067811865476
    outer loop
      vertex -9 9 30
      vertex 9 9 30
      vertex 9 10 29
    endloop
  endfacet
  facet normal 0 1 0
    outer loop
      vertex 9 10 29
      vertex 2.391771452281811 10 25.774247078195543
      vertex 1.2193145126008016 10 26.12990800252019
    endloop
  endfacet
  facet normal 0 1 0
    outer loop
      vertex 9 10 29
      vertex 3.4723139563725134 10 25.19668507689091
      vertex 2.391771452281811 10 25.774247078195543
    endloop
  endfacet
  facet normal 0.7071067811865476 0 0.7071067811865476
    outer loop
      vertex 10 -9 29
      vertex 10 9 29
      vertex 9 9 30
    endloop
  endfacet
  facet normal 0 1 0
    outer loop
      vertex 5.774247078195542 10 2.391771452281811
      vertex 6.129908002520191 10 18.780685487399197
      vertex 6.129908002520191 10 1.2193145126008016
    endloop
  endfacet
  facet normal 0 1 0
    outer loop
      vertex 9 10 29
      vertex 6.129908002520191 10 -18.780685487399197
      vertex 6.25 10 0
    endloop
  endfacet
  facet normal 0 1 0
    outer loop
      vertex 5.196685076890907 10 3.4723139563725134
      vertex 5.774247078195542 10 17.608228547718188
      vertex 5.774247078195542 10 2.391771452281811
    endloop
  endfacet
  facet normal 0 1 0
    outer loop
      vertex 5.774247078195542 10 17.608228547718188
      vertex 5.196685076890907 10 3.4723139563725134
      vertex 5.196685076890907 10 16.527686043627487
    endloop
  endfacet
  facet normal 0 1 0
    outer loop
      vertex 5.774247078195542 10 2.391771452281811
      vertex 5.774247078195542 10 17.608228547718188
      vertex 6.129908002520191 10 18.780685487399197
    endloop
  endfacet
  facet normal 0 1 0
    outer loop
      vertex 9 10 29
      vertex 6.25 10 0
      vertex 6.129908002520191 10 1.2193145126008016
    endloop
  endfacet
  facet normal 0.7071067811865476 0.7071067811865476 0
    outer loop
      vertex 10 9 -29
      vertex 9 10 29
      vertex 10 9 29
    endloop
  endfacet
  facet normal 0 1 0
    outer loop
      vertex 9 10 29
      vertex 6.129908002520191 10 1.2193145126008016
      vertex 6.129908002520191 10 18.780685487399197
    endloop
  endfacet
  facet normal 0 1 0
    outer loop
      vertex 9 10 29
      vertex 4.419417382415922 10 24.419417382415922
      vertex 3.4723139563725134 10 25.19668507689091
    endloop
  endfacet
  facet normal 0 1 0
    outer loop
      vertex 9 10 29
      vertex 5.196685076890907 10 23.472313956372513
      vertex 4.419417382415922 10 24.419417382415922
    endloop
  endfacet
  facet normal 0 1 0
    outer loop
      vertex 9 10 29
      vertex 5.774247078195542 10 22.391771452281812
      vertex 5.196685076890907 10 23.472313956372513
    endloop
  endfacet
  facet normal 0 1 0
    outer loop
      vertex 9 10 29
      vertex 6.129908002520191 10 18.780685487399197
      vertex 6.25 10 20
    endloop
  endfacet
  facet normal 0 1 0
    outer loop
      vertex 9 10 29
      vertex 6.25 10 20
      vertex 6.129908002520191 10 21.219314512600803
    endloop
  endfacet
  facet normal 0 1 0
    outer loop
      vertex 9 10 29
      vertex 6.129908002520191 10 21.219314512600803
      vertex 5.774247078195542 10 22.391771452281812
    endloop
  endfacet
  facet normal 0.5773502691896258 0.5773502691896258 0.5773502691896258
    outer loop
      vertex 9 9 30
      vertex 10 9 29
      vertex 9 10 29
    endloop
  endfacet
endsolid OpenSCAD_Model
