solid OpenSCAD_Model
  facet normal 0.9951847266721968 -7.827974678656771e-18 0.09801714032956171
    outer loop
      vertex -2.2608867878467005 -4 40
      vertex -2.217444482178185 -4 39.55892286851698
      vertex -2.242595290723115 4 39.81428331305978
    endloop
  endfacet
  facet normal 0.9951847266721968 1.3732313534291294e-17 -0.09801714032956148
    outer loop
      vertex -2.242595290723115 -4 40.18571668694022
      vertex -2.2357359793017704 4 40.2553604445428
      vertex -2.217444482178185 -4 40.44107713148302
    endloop
  endfacet
  facet normal 0.8819212643483536 0 0.4713967368260002
    outer loop
      vertex -2.0887870286167542 -4 39.13479608383794
      vertex -1.879858660950843 -4 38.74391860044507
      vertex -1.879858660950843 4 38.74391860044507
    endloop
  endfacet
  facet normal 0.9569403357322097 0 0.29028467725445967
    outer loop
      vertex -2.217444482178185 -4 39.55892286851698
      vertex -2.0887870286167542 -4 39.13479608383794
      vertex -2.0887870286167542 4 39.13479608383794
    endloop
  endfacet
  facet normal 0.9569403357322097 0 -0.29028467725445967
    outer loop
      vertex -2.217444482178185 -4 40.44107713148302
      vertex -2.217444482178185 4 40.44107713148302
      vertex -2.0887870286167542 -4 40.86520391616206
    endloop
  endfacet
  facet normal 0.8819212643483536 0 -0.4713967368260002
    outer loop
      vertex -2.0887870286167542 -4 40.86520391616206
      vertex -2.0887870286167542 4 40.86520391616206
      vertex -1.879858660950843 -4 41.25608139955493
    endloop
  endfacet
  facet normal 0.77301045336274 0 0.6343932841636417
    outer loop
      vertex -1.879858660950843 -4 38.74391860044507
      vertex -1.5986883791814732 -4 38.401311620818525
      vertex -1.5986883791814732 4 38.401311620818525
    endloop
  endfacet
  facet normal 0.6343932841636457 0 0.7730104533627368
    outer loop
      vertex -1.5986883791814732 -4 38.401311620818525
      vertex -1.2560813995549314 -4 38.120141339049155
      vertex -1.2560813995549314 4 38.120141339049155
    endloop
  endfacet
  facet normal 0.77301045336274 0 -0.6343932841636417
    outer loop
      vertex -1.879858660950843 -4 41.25608139955493
      vertex -1.879858660950843 4 41.25608139955493
      vertex -1.5986883791814732 -4 41.598688379181475
    endloop
  endfacet
  facet normal 0.6343932841636457 0 -0.7730104533627368
    outer loop
      vertex -1.5986883791814732 -4 41.598688379181475
      vertex -1.5986883791814732 4 41.598688379181475
      vertex -1.2560813995549314 -4 41.879858660950845
    endloop
  endfacet
  facet normal 0.4713967368259989 0 0.8819212643483544
    outer loop
      vertex -1.2560813995549314 -4 38.120141339049155
      vertex -0.8652039161620579 -4 37.91121297138324
      vertex -0.8652039161620579 4 37.91121297138324
    endloop
  endfacet
  facet normal 0.4713967368259989 0 -0.8819212643483544
    outer loop
      vertex -1.2560813995549314 -4 41.879858660950845
      vertex -1.2560813995549314 4 41.879858660950845
      vertex -0.8652039161620579 -4 42.08878702861676
    endloop
  endfacet
  facet normal 0.29028467725446216 0 -0.9569403357322089
    outer loop
      vertex -0.8652039161620579 -4 42.08878702861676
      vertex -0.8652039161620579 4 42.08878702861676
      vertex -0.44107713148302263 -4 42.21744448217819
    endloop
  endfacet
  facet normal 0.29028467725446216 0 0.9569403357322089
    outer loop
      vertex -0.8652039161620579 -4 37.91121297138324
      vertex -0.44107713148302263 -4 37.78255551782181
      vertex -0.44107713148302263 4 37.78255551782181
    endloop
  endfacet
  facet normal 0.09801714032955616 0 0.9951847266721973
    outer loop
      vertex -0.44107713148302263 -4 37.78255551782181
      vertex 0 -4 37.7391132121533
      vertex 0 4 37.7391132121533
    endloop
  endfacet
  facet normal 0.09801714032955616 0 -0.9951847266721973
    outer loop
      vertex -0.44107713148302263 -4 42.21744448217819
      vertex -0.44107713148302263 4 42.21744448217819
      vertex 0 -4 42.2608867878467
    endloop
  endfacet
  facet normal 0.9951847266721968 0 0.09801714032956148
    outer loop
      vertex -2.217444482178185 -4 39.55892286851698
      vertex -2.217444482178185 4 39.55892286851698
      vertex -2.242595290723115 4 39.81428331305978
    endloop
  endfacet
  facet normal 0.9951847266721967 0 -0.09801714032956205
    outer loop
      vertex -2.217444482178185 -4 40.44107713148302
      vertex -2.2357359793017704 4 40.2553604445428
      vertex -2.217444482178185 4 40.44107713148302
    endloop
  endfacet
  facet normal 0.8819212643483536 0 0.4713967368260002
    outer loop
      vertex -2.0887870286167542 -4 39.13479608383794
      vertex -1.879858660950843 4 38.74391860044507
      vertex -2.0887870286167542 4 39.13479608383794
    endloop
  endfacet
  facet normal 0.9569403357322097 0 0.29028467725445967
    outer loop
      vertex -2.217444482178185 -4 39.55892286851698
      vertex -2.0887870286167542 4 39.13479608383794
      vertex -2.217444482178185 4 39.55892286851698
    endloop
  endfacet
  facet normal 0.9569403357322097 0 -0.29028467725445967
    outer loop
      vertex -2.0887870286167542 -4 40.86520391616206
      vertex -2.217444482178185 4 40.44107713148302
      vertex -2.0887870286167542 4 40.86520391616206
    endloop
  endfacet
  facet normal 0.8819212643483536 0 -0.4713967368260002
    outer loop
      vertex -1.879858660950843 -4 41.25608139955493
      vertex -2.0887870286167542 4 40.86520391616206
      vertex -1.879858660950843 4 41.25608139955493
    endloop
  endfacet
  facet normal 0.77301045336274 0 0.6343932841636417
    outer loop
      vertex -1.879858660950843 -4 38.74391860044507
      vertex -1.5986883791814732 4 38.401311620818525
      vertex -1.879858660950843 4 38.74391860044507
    endloop
  endfacet
  facet normal 0.6343932841636457 0 0.7730104533627368
    outer loop
      vertex -1.5986883791814732 -4 38.401311620818525
      vertex -1.2560813995549314 4 38.120141339049155
      vertex -1.5986883791814732 4 38.401311620818525
    endloop
  endfacet
  facet normal 0.77301045336274 0 -0.6343932841636417
    outer loop
      vertex -1.5986883791814732 -4 41.598688379181475
      vertex -1.879858660950843 4 41.25608139955493
      vertex -1.5986883791814732 4 41.598688379181475
    endloop
  endfacet
  facet normal 0.6343932841636457 0 -0.7730104533627368
    outer loop
      vertex -1.2560813995549314 -4 41.879858660950845
      vertex -1.5986883791814732 4 41.598688379181475
      vertex -1.2560813995549314 4 41.879858660950845
    endloop
  endfacet
  facet normal 0.4713967368259989 0 0.8819212643483544
    outer loop
      vertex -1.2560813995549314 -4 38.120141339049155
      vertex -0.8652039161620579 4 37.91121297138324
      vertex -1.2560813995549314 4 38.120141339049155
    endloop
  endfacet
  facet normal 0.29028467725446216 0 0.9569403357322089
    outer loop
      vertex -0.8652039161620579 -4 37.91121297138324
      vertex -0.44107713148302263 4 37.78255551782181
      vertex -0.8652039161620579 4 37.91121297138324
    endloop
  endfacet
  facet normal 0.4713967368259989 0 -0.8819212643483544
    outer loop
      vertex -0.8652039161620579 -4 42.08878702861676
      vertex -1.2560813995549314 4 41.879858660950845
      vertex -0.8652039161620579 4 42.08878702861676
    endloop
  endfacet
  facet normal 0.09801714032955616 0 0.9951847266721973
    outer loop
      vertex -0.44107713148302263 -4 37.78255551782181
      vertex 0 4 37.7391132121533
      vertex -0.44107713148302263 4 37.78255551782181
    endloop
  endfacet
  facet normal 0.29028467725446216 0 -0.9569403357322089
    outer loop
      vertex -0.44107713148302263 -4 42.21744448217819
      vertex -0.8652039161620579 4 42.08878702861676
      vertex -0.44107713148302263 4 42.21744448217819
    endloop
  endfacet
  facet normal 0.09801714032955616 0 -0.9951847266721973
    outer loop
      vertex -0.44107713148302263 4 42.21744448217819
      vertex 0 4 42.2608867878467
      vertex 0 -4 42.2608867878467
    endloop
  endfacet
  facet normal -0.09801714032955616 0 0.9951847266721973
    outer loop
      vertex 0 -4 37.7391132121533
      vertex 0.44107713148302263 -4 37.78255551782181
      vertex 0.44107713148302263 4 37.78255551782181
    endloop
  endfacet
  facet normal -0.09801714032955616 0 -0.9951847266721973
    outer loop
      vertex 0 -4 42.2608867878467
      vertex 0 4 42.2608867878467
      vertex 0.44107713148302263 -4 42.21744448217819
    endloop
  endfacet
  facet normal -0.29028467725446216 0 -0.9569403357322089
    outer loop
      vertex 0.44107713148302263 -4 42.21744448217819
      vertex 0.44107713148302263 4 42.21744448217819
      vertex 0.8652039161620579 -4 42.08878702861676
    endloop
  endfacet
  facet normal -0.29028467725446216 0 0.9569403357322089
    outer loop
      vertex 0.44107713148302263 -4 37.78255551782181
      vertex 0.8652039161620579 -4 37.91121297138324
      vertex 0.8652039161620579 4 37.91121297138324
    endloop
  endfacet
  facet normal -0.4713967368259989 0 0.8819212643483544
    outer loop
      vertex 0.8652039161620579 -4 37.91121297138324
      vertex 1.2560813995549314 -4 38.120141339049155
      vertex 1.2560813995549314 4 38.120141339049155
    endloop
  endfacet
  facet normal -0.4713967368259989 0 -0.8819212643483544
    outer loop
      vertex 0.8652039161620579 -4 42.08878702861676
      vertex 0.8652039161620579 4 42.08878702861676
      vertex 1.2560813995549314 -4 41.879858660950845
    endloop
  endfacet
  facet normal -0.6343932841636457 0 0.7730104533627368
    outer loop
      vertex 1.2560813995549314 -4 38.120141339049155
      vertex 1.5986883791814732 -4 38.401311620818525
      vertex 1.5986883791814732 4 38.401311620818525
    endloop
  endfacet
  facet normal -0.77301045336274 0 0.6343932841636417
    outer loop
      vertex 1.5986883791814732 -4 38.401311620818525
      vertex 1.879858660950843 -4 38.74391860044507
      vertex 1.879858660950843 4 38.74391860044507
    endloop
  endfacet
  facet normal -0.6343932841636457 0 -0.7730104533627368
    outer loop
      vertex 1.2560813995549314 -4 41.879858660950845
      vertex 1.2560813995549314 4 41.879858660950845
      vertex 1.5986883791814732 -4 41.598688379181475
    endloop
  endfacet
  facet normal -0.77301045336274 0 -0.6343932841636417
    outer loop
      vertex 1.5986883791814732 -4 41.598688379181475
      vertex 1.5986883791814732 4 41.598688379181475
      vertex 1.879858660950843 -4 41.25608139955493
    endloop
  endfacet
  facet normal -0.8819212643483536 0 0.4713967368260002
    outer loop
      vertex 1.879858660950843 -4 38.74391860044507
      vertex 2.0887870286167542 -4 39.13479608383794
      vertex 2.0887870286167542 4 39.13479608383794
    endloop
  endfacet
  facet normal -0.9569403357322097 0 0.29028467725445967
    outer loop
      vertex 2.0887870286167542 -4 39.13479608383794
      vertex 2.217444482178185 -4 39.55892286851698
      vertex 2.217444482178185 4 39.55892286851698
    endloop
  endfacet
  facet normal -0.9951847266721968 0 0.09801714032956171
    outer loop
      vertex 2.217444482178185 -4 39.55892286851698
      vertex 2.2608867878467005 -4 40
      vertex 2.2608867878467005 4 40
    endloop
  endfacet
  facet normal -0.9951847266721968 -8.31722309607282e-18 -0.09801714032956171
    outer loop
      vertex 2.217444482178185 -4 40.44107713148302
      vertex 2.242595290723115 4 40.18571668694022
      vertex 2.2608867878467005 -4 40
    endloop
  endfacet
  facet normal -0.8819212643483536 0 -0.4713967368260002
    outer loop
      vertex 1.879858660950843 -4 41.25608139955493
      vertex 1.879858660950843 4 41.25608139955493
      vertex 2.0887870286167542 -4 40.86520391616206
    endloop
  endfacet
  facet normal -0.9569403357322097 0 -0.29028467725445967
    outer loop
      vertex 2.217444482178185 -4 40.44107713148302
      vertex 2.0887870286167542 -4 40.86520391616206
      vertex 2.0887870286167542 4 40.86520391616206
    endloop
  endfacet
  facet normal -0.09801714032955616 0 0.9951847266721973
    outer loop
      vertex 0 -4 37.7391132121533
      vertex 0.44107713148302263 4 37.78255551782181
      vertex 0 4 37.7391132121533
    endloop
  endfacet
  facet normal -0.29028467725446216 0 0.9569403357322089
    outer loop
      vertex 0.44107713148302263 -4 37.78255551782181
      vertex 0.8652039161620579 4 37.91121297138324
      vertex 0.44107713148302263 4 37.78255551782181
    endloop
  endfacet
  facet normal -0.09801714032955616 0 -0.9951847266721973
    outer loop
      vertex 0.44107713148302263 -4 42.21744448217819
      vertex 0 4 42.2608867878467
      vertex 0.44107713148302263 4 42.21744448217819
    endloop
  endfacet
  facet normal -0.4713967368259989 0 0.8819212643483544
    outer loop
      vertex 0.8652039161620579 -4 37.91121297138324
      vertex 1.2560813995549314 4 38.120141339049155
      vertex 0.8652039161620579 4 37.91121297138324
    endloop
  endfacet
  facet normal -0.29028467725446216 0 -0.9569403357322089
    outer loop
      vertex 0.8652039161620579 -4 42.08878702861676
      vertex 0.44107713148302263 4 42.21744448217819
      vertex 0.8652039161620579 4 42.08878702861676
    endloop
  endfacet
  facet normal -0.4713967368259989 0 -0.8819212643483544
    outer loop
      vertex 1.2560813995549314 -4 41.879858660950845
      vertex 0.8652039161620579 4 42.08878702861676
      vertex 1.2560813995549314 4 41.879858660950845
    endloop
  endfacet
  facet normal -0.6343932841636457 0 0.7730104533627368
    outer loop
      vertex 1.2560813995549314 -4 38.120141339049155
      vertex 1.5986883791814732 4 38.401311620818525
      vertex 1.2560813995549314 4 38.120141339049155
    endloop
  endfacet
  facet normal -0.77301045336274 0 0.6343932841636417
    outer loop
      vertex 1.5986883791814732 -4 38.401311620818525
      vertex 1.879858660950843 4 38.74391860044507
      vertex 1.5986883791814732 4 38.401311620818525
    endloop
  endfacet
  facet normal -0.6343932841636457 0 -0.7730104533627368
    outer loop
      vertex 1.5986883791814732 -4 41.598688379181475
      vertex 1.2560813995549314 4 41.879858660950845
      vertex 1.5986883791814732 4 41.598688379181475
    endloop
  endfacet
  facet normal -0.77301045336274 0 -0.6343932841636417
    outer loop
      vertex 1.879858660950843 -4 41.25608139955493
      vertex 1.5986883791814732 4 41.598688379181475
      vertex 1.879858660950843 4 41.25608139955493
    endloop
  endfacet
  facet normal -0.8819212643483536 0 0.4713967368260002
    outer loop
      vertex 1.879858660950843 -4 38.74391860044507
      vertex 2.0887870286167542 4 39.13479608383794
      vertex 1.879858660950843 4 38.74391860044507
    endloop
  endfacet
  facet normal -0.9569403357322097 0 0.29028467725445967
    outer loop
      vertex 2.0887870286167542 -4 39.13479608383794
      vertex 2.217444482178185 4 39.55892286851698
      vertex 2.0887870286167542 4 39.13479608383794
    endloop
  endfacet
  facet normal -0.9569403357322097 0 -0.29028467725445967
    outer loop
      vertex 2.217444482178185 -4 40.44107713148302
      vertex 2.0887870286167542 4 40.86520391616206
      vertex 2.217444482178185 4 40.44107713148302
    endloop
  endfacet
  facet normal -0.9951847266721968 0 0.09801714032956171
    outer loop
      vertex 2.217444482178185 -4 39.55892286851698
      vertex 2.2608867878467005 4 40
      vertex 2.217444482178185 4 39.55892286851698
    endloop
  endfacet
  facet normal -0.9951847266721968 0 -0.09801714032956148
    outer loop
      vertex 2.217444482178185 -4 40.44107713148302
      vertex 2.217444482178185 4 40.44107713148302
      vertex 2.242595290723115 4 40.18571668694022
    endloop
  endfacet
  facet normal -0.8819212643483536 0 -0.4713967368260002
    outer loop
      vertex 2.0887870286167542 -4 40.86520391616206
      vertex 1.879858660950843 4 41.25608139955493
      vertex 2.0887870286167542 4 40.86520391616206
    endloop
  endfacet
  facet normal 0.9951847266721967 0 -0.09801714032956205
    outer loop
      vertex -2.2608867878467005 -4 40
      vertex -2.2608867878467005 4 40
      vertex -2.242595290723115 -4 40.18571668694022
    endloop
  endfacet
  facet normal 0.9951847266721967 0 0.09801714032956205
    outer loop
      vertex -2.2608867878467005 -4 40
      vertex -2.242595290723115 4 39.81428331305978
      vertex -2.2608867878467005 4 40
    endloop
  endfacet
  facet normal 0.9951847266721968 1.3732313534291294e-17 -0.09801714032956148
    outer loop
      vertex -2.242595290723115 -4 40.18571668694022
      vertex -2.2608867878467005 4 40
      vertex -2.2357359793017704 4 40.2553604445428
    endloop
  endfacet
  facet normal -0.9951847266721967 0 -0.09801714032956205
    outer loop
      vertex 2.2608867878467005 -4 40
      vertex 2.242595290723115 4 40.18571668694022
      vertex 2.2608867878467005 4 40
    endloop
  endfacet
  facet normal 0.9569403357322097 0 0.29028467725445967
    outer loop
      vertex -2.0887870286167542 -4 -40.86520391616206
      vertex -2.0887870286167542 4 -40.86520391616206
      vertex -2.217444482178185 -4 -40.44107713148302
    endloop
  endfacet
  facet normal 0.8819212643483536 0 0.4713967368260002
    outer loop
      vertex -2.0887870286167542 -4 -40.86520391616206
      vertex -1.879858660950843 -4 -41.25608139955493
      vertex -1.879858660950843 4 -41.25608139955493
    endloop
  endfacet
  facet normal 0.9951847266721968 -7.827974678656771e-18 0.09801714032956171
    outer loop
      vertex -2.2608867878467005 -4 -40
      vertex -2.217444482178185 -4 -40.44107713148302
      vertex -2.242595290723115 4 -40.18571668694022
    endloop
  endfacet
  facet normal 0.9951847266721968 1.3732313534291294e-17 -0.09801714032956148
    outer loop
      vertex -2.242595290723115 -4 -39.81428331305978
      vertex -2.2357359793017704 4 -39.7446395554572
      vertex -2.217444482178185 -4 -39.55892286851698
    endloop
  endfacet
  facet normal 0.9569403357322097 0 -0.29028467725445967
    outer loop
      vertex -2.217444482178185 -4 -39.55892286851698
      vertex -2.217444482178185 4 -39.55892286851698
      vertex -2.0887870286167542 -4 -39.13479608383794
    endloop
  endfacet
  facet normal 0.8819212643483536 0 -0.4713967368260002
    outer loop
      vertex -2.0887870286167542 -4 -39.13479608383794
      vertex -2.0887870286167542 4 -39.13479608383794
      vertex -1.879858660950843 -4 -38.74391860044507
    endloop
  endfacet
  facet normal 0.77301045336274 0 0.6343932841636417
    outer loop
      vertex -1.879858660950843 -4 -41.25608139955493
      vertex -1.5986883791814732 -4 -41.598688379181475
      vertex -1.5986883791814732 4 -41.598688379181475
    endloop
  endfacet
  facet normal 0.6343932841636457 0 0.7730104533627368
    outer loop
      vertex -1.5986883791814732 -4 -41.598688379181475
      vertex -1.2560813995549314 -4 -41.879858660950845
      vertex -1.2560813995549314 4 -41.879858660950845
    endloop
  endfacet
  facet normal 0.77301045336274 0 -0.6343932841636417
    outer loop
      vertex -1.879858660950843 -4 -38.74391860044507
      vertex -1.879858660950843 4 -38.74391860044507
      vertex -1.5986883791814732 -4 -38.401311620818525
    endloop
  endfacet
  facet normal 0.6343932841636457 0 -0.7730104533627368
    outer loop
      vertex -1.5986883791814732 -4 -38.401311620818525
      vertex -1.5986883791814732 4 -38.401311620818525
      vertex -1.2560813995549314 -4 -38.120141339049155
    endloop
  endfacet
  facet normal 0.4713967368259989 0 0.8819212643483544
    outer loop
      vertex -1.2560813995549314 -4 -41.879858660950845
      vertex -0.8652039161620579 -4 -42.08878702861676
      vertex -0.8652039161620579 4 -42.08878702861676
    endloop
  endfacet
  facet normal 0.4713967368259989 0 -0.8819212643483544
    outer loop
      vertex -1.2560813995549314 -4 -38.120141339049155
      vertex -1.2560813995549314 4 -38.120141339049155
      vertex -0.8652039161620579 -4 -37.91121297138324
    endloop
  endfacet
  facet normal 0.29028467725446216 0 -0.9569403357322089
    outer loop
      vertex -0.8652039161620579 -4 -37.91121297138324
      vertex -0.8652039161620579 4 -37.91121297138324
      vertex -0.44107713148302263 -4 -37.78255551782181
    endloop
  endfacet
  facet normal 0.29028467725446216 0 0.9569403357322089
    outer loop
      vertex -0.8652039161620579 -4 -42.08878702861676
      vertex -0.44107713148302263 -4 -42.21744448217819
      vertex -0.44107713148302263 4 -42.21744448217819
    endloop
  endfacet
  facet normal 0.09801714032955616 0 0.9951847266721973
    outer loop
      vertex -0.44107713148302263 -4 -42.21744448217819
      vertex 0 -4 -42.2608867878467
      vertex 0 4 -42.2608867878467
    endloop
  endfacet
  facet normal 0.09801714032955616 0 -0.9951847266721973
    outer loop
      vertex -0.44107713148302263 -4 -37.78255551782181
      vertex -0.44107713148302263 4 -37.78255551782181
      vertex 0 -4 -37.7391132121533
    endloop
  endfacet
  facet normal 0.8819212643483536 0 0.4713967368260002
    outer loop
      vertex -2.0887870286167542 -4 -40.86520391616206
      vertex -1.879858660950843 4 -41.25608139955493
      vertex -2.0887870286167542 4 -40.86520391616206
    endloop
  endfacet
  facet normal 0.9951847266721968 0 0.09801714032956148
    outer loop
      vertex -2.217444482178185 -4 -40.44107713148302
      vertex -2.217444482178185 4 -40.44107713148302
      vertex -2.242595290723115 4 -40.18571668694022
    endloop
  endfacet
  facet normal 0.9951847266721967 0 -0.09801714032956205
    outer loop
      vertex -2.217444482178185 -4 -39.55892286851698
      vertex -2.2357359793017704 4 -39.7446395554572
      vertex -2.217444482178185 4 -39.55892286851698
    endloop
  endfacet
  facet normal 0.9569403357322097 0 0.29028467725445967
    outer loop
      vertex -2.217444482178185 -4 -40.44107713148302
      vertex -2.0887870286167542 4 -40.86520391616206
      vertex -2.217444482178185 4 -40.44107713148302
    endloop
  endfacet
  facet normal 0.9569403357322097 0 -0.29028467725445967
    outer loop
      vertex -2.0887870286167542 -4 -39.13479608383794
      vertex -2.217444482178185 4 -39.55892286851698
      vertex -2.0887870286167542 4 -39.13479608383794
    endloop
  endfacet
  facet normal 0.8819212643483536 0 -0.4713967368260002
    outer loop
      vertex -1.879858660950843 -4 -38.74391860044507
      vertex -2.0887870286167542 4 -39.13479608383794
      vertex -1.879858660950843 4 -38.74391860044507
    endloop
  endfacet
  facet normal 0.77301045336274 0 0.6343932841636417
    outer loop
      vertex -1.879858660950843 -4 -41.25608139955493
      vertex -1.5986883791814732 4 -41.598688379181475
      vertex -1.879858660950843 4 -41.25608139955493
    endloop
  endfacet
  facet normal 0.6343932841636457 0 0.7730104533627368
    outer loop
      vertex -1.5986883791814732 -4 -41.598688379181475
      vertex -1.2560813995549314 4 -41.879858660950845
      vertex -1.5986883791814732 4 -41.598688379181475
    endloop
  endfacet
  facet normal 0.77301045336274 0 -0.6343932841636417
    outer loop
      vertex -1.5986883791814732 -4 -38.401311620818525
      vertex -1.879858660950843 4 -38.74391860044507
      vertex -1.5986883791814732 4 -38.401311620818525
    endloop
  endfacet
  facet normal 0.6343932841636457 0 -0.7730104533627368
    outer loop
      vertex -1.2560813995549314 -4 -38.120141339049155
      vertex -1.5986883791814732 4 -38.401311620818525
      vertex -1.2560813995549314 4 -38.120141339049155
    endloop
  endfacet
  facet normal 0.4713967368259989 0 0.8819212643483544
    outer loop
      vertex -1.2560813995549314 -4 -41.879858660950845
      vertex -0.8652039161620579 4 -42.08878702861676
      vertex -1.2560813995549314 4 -41.879858660950845
    endloop
  endfacet
  facet normal 0.29028467725446216 0 0.9569403357322089
    outer loop
      vertex -0.8652039161620579 -4 -42.08878702861676
      vertex -0.44107713148302263 4 -42.21744448217819
      vertex -0.8652039161620579 4 -42.08878702861676
    endloop
  endfacet
  facet normal 0.4713967368259989 0 -0.8819212643483544
    outer loop
      vertex -0.8652039161620579 -4 -37.91121297138324
      vertex -1.2560813995549314 4 -38.120141339049155
      vertex -0.8652039161620579 4 -37.91121297138324
    endloop
  endfacet
  facet normal 0.09801714032955616 0 0.9951847266721973
    outer loop
      vertex -0.44107713148302263 -4 -42.21744448217819
      vertex 0 4 -42.2608867878467
      vertex -0.44107713148302263 4 -42.21744448217819
    endloop
  endfacet
  facet normal 0.29028467725446216 0 -0.9569403357322089
    outer loop
      vertex -0.44107713148302263 -4 -37.78255551782181
      vertex -0.8652039161620579 4 -37.91121297138324
      vertex -0.44107713148302263 4 -37.78255551782181
    endloop
  endfacet
  facet normal 0.09801714032955616 0 -0.9951847266721973
    outer loop
      vertex -0.44107713148302263 4 -37.78255551782181
      vertex 0 4 -37.7391132121533
      vertex 0 -4 -37.7391132121533
    endloop
  endfacet
  facet normal -0.09801714032955616 0 0.9951847266721973
    outer loop
      vertex 0 -4 -42.2608867878467
      vertex 0.44107713148302263 -4 -42.21744448217819
      vertex 0.44107713148302263 4 -42.21744448217819
    endloop
  endfacet
  facet normal -0.09801714032955616 0 -0.9951847266721973
    outer loop
      vertex 0 -4 -37.7391132121533
      vertex 0 4 -37.7391132121533
      vertex 0.44107713148302263 -4 -37.78255551782181
    endloop
  endfacet
  facet normal -0.29028467725446216 0 -0.9569403357322089
    outer loop
      vertex 0.44107713148302263 -4 -37.78255551782181
      vertex 0.44107713148302263 4 -37.78255551782181
      vertex 0.8652039161620579 -4 -37.91121297138324
    endloop
  endfacet
  facet normal -0.29028467725446216 0 0.9569403357322089
    outer loop
      vertex 0.44107713148302263 -4 -42.21744448217819
      vertex 0.8652039161620579 -4 -42.08878702861676
      vertex 0.8652039161620579 4 -42.08878702861676
    endloop
  endfacet
  facet normal -0.4713967368259989 0 0.8819212643483544
    outer loop
      vertex 0.8652039161620579 -4 -42.08878702861676
      vertex 1.2560813995549314 -4 -41.879858660950845
      vertex 1.2560813995549314 4 -41.879858660950845
    endloop
  endfacet
  facet normal -0.4713967368259989 0 -0.8819212643483544
    outer loop
      vertex 0.8652039161620579 -4 -37.91121297138324
      vertex 0.8652039161620579 4 -37.91121297138324
      vertex 1.2560813995549314 -4 -38.120141339049155
    endloop
  endfacet
  facet normal -0.6343932841636457 0 0.7730104533627368
    outer loop
      vertex 1.2560813995549314 -4 -41.879858660950845
      vertex 1.5986883791814732 -4 -41.598688379181475
      vertex 1.5986883791814732 4 -41.598688379181475
    endloop
  endfacet
  facet normal -0.77301045336274 0 0.6343932841636417
    outer loop
      vertex 1.5986883791814732 -4 -41.598688379181475
      vertex 1.879858660950843 -4 -41.25608139955493
      vertex 1.879858660950843 4 -41.25608139955493
    endloop
  endfacet
  facet normal -0.6343932841636457 0 -0.7730104533627368
    outer loop
      vertex 1.2560813995549314 -4 -38.120141339049155
      vertex 1.2560813995549314 4 -38.120141339049155
      vertex 1.5986883791814732 -4 -38.401311620818525
    endloop
  endfacet
  facet normal -0.77301045336274 0 -0.6343932841636417
    outer loop
      vertex 1.5986883791814732 -4 -38.401311620818525
      vertex 1.5986883791814732 4 -38.401311620818525
      vertex 1.879858660950843 -4 -38.74391860044507
    endloop
  endfacet
  facet normal -0.8819212643483536 0 0.4713967368260002
    outer loop
      vertex 1.879858660950843 -4 -41.25608139955493
      vertex 2.0887870286167542 -4 -40.86520391616206
      vertex 2.0887870286167542 4 -40.86520391616206
    endloop
  endfacet
  facet normal -0.9569403357322097 0 0.29028467725445967
    outer loop
      vertex 2.0887870286167542 -4 -40.86520391616206
      vertex 2.217444482178185 -4 -40.44107713148302
      vertex 2.217444482178185 4 -40.44107713148302
    endloop
  endfacet
  facet normal -0.9569403357322097 0 -0.29028467725445967
    outer loop
      vertex 2.0887870286167542 -4 -39.13479608383794
      vertex 2.0887870286167542 4 -39.13479608383794
      vertex 2.217444482178185 -4 -39.55892286851698
    endloop
  endfacet
  facet normal -0.8819212643483536 0 -0.4713967368260002
    outer loop
      vertex 1.879858660950843 -4 -38.74391860044507
      vertex 1.879858660950843 4 -38.74391860044507
      vertex 2.0887870286167542 -4 -39.13479608383794
    endloop
  endfacet
  facet normal -0.9951847266721968 0 0.09801714032956171
    outer loop
      vertex 2.217444482178185 -4 -40.44107713148302
      vertex 2.2608867878467005 -4 -40
      vertex 2.2608867878467005 4 -40
    endloop
  endfacet
  facet normal -0.9951847266721968 -8.31722309607282e-18 -0.09801714032956171
    outer loop
      vertex 2.217444482178185 -4 -39.55892286851698
      vertex 2.242595290723115 4 -39.81428331305978
      vertex 2.2608867878467005 -4 -40
    endloop
  endfacet
  facet normal -0.09801714032955616 0 0.9951847266721973
    outer loop
      vertex 0 -4 -42.2608867878467
      vertex 0.44107713148302263 4 -42.21744448217819
      vertex 0 4 -42.2608867878467
    endloop
  endfacet
  facet normal -0.29028467725446216 0 0.9569403357322089
    outer loop
      vertex 0.44107713148302263 -4 -42.21744448217819
      vertex 0.8652039161620579 4 -42.08878702861676
      vertex 0.44107713148302263 4 -42.21744448217819
    endloop
  endfacet
  facet normal -0.09801714032955616 0 -0.9951847266721973
    outer loop
      vertex 0.44107713148302263 -4 -37.78255551782181
      vertex 0 4 -37.7391132121533
      vertex 0.44107713148302263 4 -37.78255551782181
    endloop
  endfacet
  facet normal -0.4713967368259989 0 0.8819212643483544
    outer loop
      vertex 0.8652039161620579 -4 -42.08878702861676
      vertex 1.2560813995549314 4 -41.879858660950845
      vertex 0.8652039161620579 4 -42.08878702861676
    endloop
  endfacet
  facet normal -0.29028467725446216 0 -0.9569403357322089
    outer loop
      vertex 0.8652039161620579 -4 -37.91121297138324
      vertex 0.44107713148302263 4 -37.78255551782181
      vertex 0.8652039161620579 4 -37.91121297138324
    endloop
  endfacet
  facet normal -0.4713967368259989 0 -0.8819212643483544
    outer loop
      vertex 1.2560813995549314 -4 -38.120141339049155
      vertex 0.8652039161620579 4 -37.91121297138324
      vertex 1.2560813995549314 4 -38.120141339049155
    endloop
  endfacet
  facet normal -0.6343932841636457 0 0.7730104533627368
    outer loop
      vertex 1.2560813995549314 -4 -41.879858660950845
      vertex 1.5986883791814732 4 -41.598688379181475
      vertex 1.2560813995549314 4 -41.879858660950845
    endloop
  endfacet
  facet normal -0.77301045336274 0 0.6343932841636417
    outer loop
      vertex 1.5986883791814732 -4 -41.598688379181475
      vertex 1.879858660950843 4 -41.25608139955493
      vertex 1.5986883791814732 4 -41.598688379181475
    endloop
  endfacet
  facet normal -0.6343932841636457 0 -0.7730104533627368
    outer loop
      vertex 1.5986883791814732 -4 -38.401311620818525
      vertex 1.2560813995549314 4 -38.120141339049155
      vertex 1.5986883791814732 4 -38.401311620818525
    endloop
  endfacet
  facet normal -0.77301045336274 0 -0.6343932841636417
    outer loop
      vertex 1.879858660950843 -4 -38.74391860044507
      vertex 1.5986883791814732 4 -38.401311620818525
      vertex 1.879858660950843 4 -38.74391860044507
    endloop
  endfacet
  facet normal -0.8819212643483536 0 0.4713967368260002
    outer loop
      vertex 1.879858660950843 -4 -41.25608139955493
      vertex 2.0887870286167542 4 -40.86520391616206
      vertex 1.879858660950843 4 -41.25608139955493
    endloop
  endfacet
  facet normal -0.9569403357322097 0 0.29028467725445967
    outer loop
      vertex 2.0887870286167542 -4 -40.86520391616206
      vertex 2.217444482178185 4 -40.44107713148302
      vertex 2.0887870286167542 4 -40.86520391616206
    endloop
  endfacet
  facet normal -0.9569403357322097 0 -0.29028467725445967
    outer loop
      vertex 2.217444482178185 -4 -39.55892286851698
      vertex 2.0887870286167542 4 -39.13479608383794
      vertex 2.217444482178185 4 -39.55892286851698
    endloop
  endfacet
  facet normal -0.8819212643483536 0 -0.4713967368260002
    outer loop
      vertex 2.0887870286167542 -4 -39.13479608383794
      vertex 1.879858660950843 4 -38.74391860044507
      vertex 2.0887870286167542 4 -39.13479608383794
    endloop
  endfacet
  facet normal -0.9951847266721968 0 0.09801714032956171
    outer loop
      vertex 2.217444482178185 -4 -40.44107713148302
      vertex 2.2608867878467005 4 -40
      vertex 2.217444482178185 4 -40.44107713148302
    endloop
  endfacet
  facet normal -0.9951847266721968 0 -0.09801714032956148
    outer loop
      vertex 2.217444482178185 -4 -39.55892286851698
      vertex 2.217444482178185 4 -39.55892286851698
      vertex 2.242595290723115 4 -39.81428331305978
    endloop
  endfacet
  facet normal 0.9951847266721967 0 -0.09801714032956205
    outer loop
      vertex -2.2608867878467005 -4 -40
      vertex -2.2608867878467005 4 -40
      vertex -2.242595290723115 -4 -39.81428331305978
    endloop
  endfacet
  facet normal 0.9951847266721967 0 0.09801714032956205
    outer loop
      vertex -2.2608867878467005 -4 -40
      vertex -2.242595290723115 4 -40.18571668694022
      vertex -2.2608867878467005 4 -40
    endloop
  endfacet
  facet normal 0.9951847266721968 1.3732313534291294e-17 -0.09801714032956148
    outer loop
      vertex -2.242595290723115 -4 -39.81428331305978
      vertex -2.2608867878467005 4 -40
      vertex -2.2357359793017704 4 -39.7446395554572
    endloop
  endfacet
  facet normal -0.9951847266721967 0 -0.09801714032956205
    outer loop
      vertex 2.2608867878467005 -4 -40
      vertex 2.242595290723115 4 -39.81428331305978
      vertex 2.2608867878467005 4 -40
    endloop
  endfacet
  facet normal 0.8819212643483558 0 0.47139673682599614
    outer loop
      vertex -5.196685076890907 -4 36.52768604362748
      vertex -5.774247078195542 -10 37.60822854771819
      vertex -5.196685076890907 -10 36.52768604362748
    endloop
  endfacet
  facet normal 0.9951847266721969 0 0.0980171403295602
    outer loop
      vertex -6.129908002520191 -4 38.7806854873992
      vertex -6.25 -10 40
      vertex -6.129908002520191 -10 38.7806854873992
    endloop
  endfacet
  facet normal 0.9951847266721969 0 -0.0980171403295602
    outer loop
      vertex -6.25 -4 40
      vertex -6.129908002520191 -10 41.2193145126008
      vertex -6.25 -10 40
    endloop
  endfacet
  facet normal 0.9569403357322085 0 0.2902846772544634
    outer loop
      vertex -5.774247078195542 -4 37.60822854771819
      vertex -6.129908002520191 -10 38.7806854873992
      vertex -5.774247078195542 -10 37.60822854771819
    endloop
  endfacet
  facet normal 0.9569403357322085 0 -0.2902846772544634
    outer loop
      vertex -6.129908002520191 -4 41.2193145126008
      vertex -5.774247078195542 -10 42.39177145228181
      vertex -6.129908002520191 -10 41.2193145126008
    endloop
  endfacet
  facet normal 0.8819212643483558 0 -0.47139673682599614
    outer loop
      vertex -5.774247078195542 -4 42.39177145228181
      vertex -5.196685076890907 -10 43.47231395637252
      vertex -5.774247078195542 -10 42.39177145228181
    endloop
  endfacet
  facet normal 0.8819212643483558 0 0.47139673682599614
    outer loop
      vertex -5.774247078195542 -4 37.60822854771819
      vertex -5.774247078195542 -10 37.60822854771819
      vertex -5.196685076890907 -4 36.52768604362748
    endloop
  endfacet
  facet normal 0.9569403357322085 0 0.2902846772544634
    outer loop
      vertex -6.129908002520191 -4 38.7806854873992
      vertex -6.129908002520191 -10 38.7806854873992
      vertex -5.774247078195542 -4 37.60822854771819
    endloop
  endfacet
  facet normal 0.9951847266721969 0 0.0980171403295602
    outer loop
      vertex -6.129908002520191 -4 38.7806854873992
      vertex -6.25 -4 40
      vertex -6.25 -10 40
    endloop
  endfacet
  facet normal 0.9951847266721969 0 -0.0980171403295602
    outer loop
      vertex -6.25 -4 40
      vertex -6.129908002520191 -4 41.2193145126008
      vertex -6.129908002520191 -10 41.2193145126008
    endloop
  endfacet
  facet normal 0.9569403357322085 0 -0.2902846772544634
    outer loop
      vertex -6.129908002520191 -4 41.2193145126008
      vertex -5.774247078195542 -4 42.39177145228181
      vertex -5.774247078195542 -10 42.39177145228181
    endloop
  endfacet
  facet normal 0.8819212643483558 0 -0.47139673682599614
    outer loop
      vertex -5.774247078195542 -4 42.39177145228181
      vertex -5.196685076890907 -4 43.47231395637252
      vertex -5.196685076890907 -10 43.47231395637252
    endloop
  endfacet
  facet normal 0 -1 0
    outer loop
      vertex -6.129908002520191 -4 38.7806854873992
      vertex -6.129908002520191 -4 41.2193145126008
      vertex -6.25 -4 40
    endloop
  endfacet
  facet normal 0 -1 0
    outer loop
      vertex -6.129908002520191 -4 38.7806854873992
      vertex -5.774247078195542 -4 37.60822854771819
      vertex -5.774247078195542 -4 42.39177145228181
    endloop
  endfacet
  facet normal 0 -1 0
    outer loop
      vertex -6.129908002520191 -4 38.7806854873992
      vertex -5.774247078195542 -4 42.39177145228181
      vertex -6.129908002520191 -4 41.2193145126008
    endloop
  endfacet
  facet normal 0 -1 0
    outer loop
      vertex -5.774247078195542 -4 37.60822854771819
      vertex -5.196685076890907 -4 36.52768604362748
      vertex -5.196685076890907 -4 43.47231395637252
    endloop
  endfacet
  facet normal 0 -1 0
    outer loop
      vertex -5.774247078195542 -4 37.60822854771819
      vertex -5.196685076890907 -4 43.47231395637252
      vertex -5.774247078195542 -4 42.39177145228181
    endloop
  endfacet
  facet normal 0.7730104533627362 0 0.6343932841636465
    outer loop
      vertex -4.419417382415922 -4 35.58058261758408
      vertex -5.196685076890907 -10 36.52768604362748
      vertex -4.419417382415922 -10 35.58058261758408
    endloop
  endfacet
  facet normal 0.6343932841636454 0 0.773010453362737
    outer loop
      vertex -3.4723139563725134 -4 34.80331492310909
      vertex -4.419417382415922 -10 35.58058261758408
      vertex -3.4723139563725134 -10 34.80331492310909
    endloop
  endfacet
  facet normal 0.47139673682599814 0 0.8819212643483548
    outer loop
      vertex -2.391771452281811 -4 34.22575292180446
      vertex -3.4723139563725134 -10 34.80331492310909
      vertex -2.391771452281811 -10 34.22575292180446
    endloop
  endfacet
  facet normal 0.7730104533627362 0 -0.6343932841636465
    outer loop
      vertex -5.196685076890907 -4 43.47231395637252
      vertex -4.419417382415922 -10 44.41941738241592
      vertex -5.196685076890907 -10 43.47231395637252
    endloop
  endfacet
  facet normal 0.6343932841636454 0 -0.773010453362737
    outer loop
      vertex -4.419417382415922 -4 44.41941738241592
      vertex -3.4723139563725134 -10 45.19668507689091
      vertex -4.419417382415922 -10 44.41941738241592
    endloop
  endfacet
  facet normal 0.47139673682599814 0 -0.8819212643483548
    outer loop
      vertex -3.4723139563725134 -4 45.19668507689091
      vertex -2.391771452281811 -10 45.77424707819554
      vertex -3.4723139563725134 -10 45.19668507689091
    endloop
  endfacet
  facet normal 0.7730104533627362 0 0.6343932841636465
    outer loop
      vertex -5.196685076890907 -4 36.52768604362748
      vertex -5.196685076890907 -10 36.52768604362748
      vertex -4.419417382415922 -4 35.58058261758408
    endloop
  endfacet
  facet normal 0.6343932841636454 0 0.773010453362737
    outer loop
      vertex -4.419417382415922 -4 35.58058261758408
      vertex -4.419417382415922 -10 35.58058261758408
      vertex -3.4723139563725134 -4 34.80331492310909
    endloop
  endfacet
  facet normal 0.47139673682599814 0 0.8819212643483548
    outer loop
      vertex -3.4723139563725134 -4 34.80331492310909
      vertex -3.4723139563725134 -10 34.80331492310909
      vertex -2.391771452281811 -4 34.22575292180446
    endloop
  endfacet
  facet normal 0.7730104533627362 0 -0.6343932841636465
    outer loop
      vertex -5.196685076890907 -4 43.47231395637252
      vertex -4.419417382415922 -4 44.41941738241592
      vertex -4.419417382415922 -10 44.41941738241592
    endloop
  endfacet
  facet normal 0.6343932841636454 0 -0.773010453362737
    outer loop
      vertex -4.419417382415922 -4 44.41941738241592
      vertex -3.4723139563725134 -4 45.19668507689091
      vertex -3.4723139563725134 -10 45.19668507689091
    endloop
  endfacet
  facet normal 0.47139673682599814 0 -0.8819212643483548
    outer loop
      vertex -3.4723139563725134 -4 45.19668507689091
      vertex -2.391771452281811 -4 45.77424707819554
      vertex -2.391771452281811 -10 45.77424707819554
    endloop
  endfacet
  facet normal 0.2902846772544605 0 0.9569403357322094
    outer loop
      vertex -1.2193145126008016 -4 33.87009199747981
      vertex -2.391771452281811 -10 34.22575292180446
      vertex -1.2193145126008016 -10 33.87009199747981
    endloop
  endfacet
  facet normal 0.09801714032956178 0 0.9951847266721967
    outer loop
      vertex 0 -4 33.75
      vertex -1.2193145126008016 -10 33.87009199747981
      vertex 0 -10 33.75
    endloop
  endfacet
  facet normal 0.2902846772544605 0 -0.9569403357322094
    outer loop
      vertex -2.391771452281811 -4 45.77424707819554
      vertex -1.2193145126008016 -10 46.12990800252019
      vertex -2.391771452281811 -10 45.77424707819554
    endloop
  endfacet
  facet normal 0.09801714032956178 0 -0.9951847266721967
    outer loop
      vertex -1.2193145126008016 -4 46.12990800252019
      vertex 0 -10 46.25
      vertex -1.2193145126008016 -10 46.12990800252019
    endloop
  endfacet
  facet normal 0.2902846772544605 0 0.9569403357322094
    outer loop
      vertex -2.391771452281811 -4 34.22575292180446
      vertex -2.391771452281811 -10 34.22575292180446
      vertex -1.2193145126008016 -4 33.87009199747981
    endloop
  endfacet
  facet normal 0.09801714032956178 0 0.9951847266721967
    outer loop
      vertex -1.2193145126008016 -4 33.87009199747981
      vertex -1.2193145126008016 -10 33.87009199747981
      vertex 0 -4 33.75
    endloop
  endfacet
  facet normal 0.2902846772544605 0 -0.9569403357322094
    outer loop
      vertex -2.391771452281811 -4 45.77424707819554
      vertex -1.2193145126008016 -4 46.12990800252019
      vertex -1.2193145126008016 -10 46.12990800252019
    endloop
  endfacet
  facet normal 0.09801714032956178 0 -0.9951847266721967
    outer loop
      vertex -1.2193145126008016 -4 46.12990800252019
      vertex 0 -4 46.25
      vertex 0 -10 46.25
    endloop
  endfacet
  facet normal 0 -1 0
    outer loop
      vertex -5.196685076890907 -4 36.52768604362748
      vertex -4.419417382415922 -4 35.58058261758408
      vertex -4.419417382415922 -4 44.41941738241592
    endloop
  endfacet
  facet normal 0 -1 0
    outer loop
      vertex -5.196685076890907 -4 36.52768604362748
      vertex -4.419417382415922 -4 44.41941738241592
      vertex -5.196685076890907 -4 43.47231395637252
    endloop
  endfacet
  facet normal 0 -1 0
    outer loop
      vertex -4.419417382415922 -4 35.58058261758408
      vertex -3.4723139563725134 -4 34.80331492310909
      vertex -3.4723139563725134 -4 45.19668507689091
    endloop
  endfacet
  facet normal 0 -1 0
    outer loop
      vertex -4.419417382415922 -4 35.58058261758408
      vertex -3.4723139563725134 -4 45.19668507689091
      vertex -4.419417382415922 -4 44.41941738241592
    endloop
  endfacet
  facet normal 0 -1 0
    outer loop
      vertex -3.4723139563725134 -4 34.80331492310909
      vertex -2.391771452281811 -4 34.22575292180446
      vertex -2.391771452281811 -4 45.77424707819554
    endloop
  endfacet
  facet normal 0 -1 0
    outer loop
      vertex -3.4723139563725134 -4 34.80331492310909
      vertex -2.391771452281811 -4 45.77424707819554
      vertex -3.4723139563725134 -4 45.19668507689091
    endloop
  endfacet
  facet normal 0 -1 0
    outer loop
      vertex -2.391771452281811 -4 34.22575292180446
      vertex -1.879858660950843 -4 38.74391860044507
      vertex -2.0887870286167542 -4 39.13479608383794
    endloop
  endfacet
  facet normal 0 -1 0
    outer loop
      vertex -2.391771452281811 -4 34.22575292180446
      vertex -1.5986883791814732 -4 38.401311620818525
      vertex -1.879858660950843 -4 38.74391860044507
    endloop
  endfacet
  facet normal 0 -1 0
    outer loop
      vertex -2.391771452281811 -4 34.22575292180446
      vertex -1.2193145126008016 -4 33.87009199747981
      vertex -1.2560813995549314 -4 38.120141339049155
    endloop
  endfacet
  facet normal 0 -1 0
    outer loop
      vertex -2.391771452281811 -4 34.22575292180446
      vertex -1.2560813995549314 -4 38.120141339049155
      vertex -1.5986883791814732 -4 38.401311620818525
    endloop
  endfacet
  facet normal 0 -1 0
    outer loop
      vertex -1.2193145126008016 -4 33.87009199747981
      vertex -0.8652039161620579 -4 37.91121297138324
      vertex -1.2560813995549314 -4 38.120141339049155
    endloop
  endfacet
  facet normal 0 -1 0
    outer loop
      vertex -1.2193145126008016 -4 33.87009199747981
      vertex -0.44107713148302263 -4 37.78255551782181
      vertex -0.8652039161620579 -4 37.91121297138324
    endloop
  endfacet
  facet normal 0 -1 0
    outer loop
      vertex -1.2193145126008016 -4 33.87009199747981
      vertex 0 -4 33.75
      vertex 0 -4 37.7391132121533
    endloop
  endfacet
  facet normal 0 -1 0
    outer loop
      vertex -1.2193145126008016 -4 33.87009199747981
      vertex 0 -4 37.7391132121533
      vertex -0.44107713148302263 -4 37.78255551782181
    endloop
  endfacet
  facet normal 0 -1 0
    outer loop
      vertex -2.391771452281811 -4 34.22575292180446
      vertex -2.217444482178185 -4 39.55892286851698
      vertex -2.2608867878467005 -4 40
    endloop
  endfacet
  facet normal 0 -1 0
    outer loop
      vertex -2.391771452281811 -4 34.22575292180446
      vertex -2.0887870286167542 -4 39.13479608383794
      vertex -2.217444482178185 -4 39.55892286851698
    endloop
  endfacet
  facet normal 0 -1 0
    outer loop
      vertex -2.391771452281811 -4 34.22575292180446
      vertex -2.2608867878467005 -4 40
      vertex -2.391771452281811 -4 45.77424707819554
    endloop
  endfacet
  facet normal 0 -1 0
    outer loop
      vertex -2.391771452281811 -4 45.77424707819554
      vertex -2.2608867878467005 -4 40
      vertex -2.242595290723115 -4 40.18571668694022
    endloop
  endfacet
  facet normal 0 -1 0
    outer loop
      vertex -2.391771452281811 -4 45.77424707819554
      vertex -2.242595290723115 -4 40.18571668694022
      vertex -2.217444482178185 -4 40.44107713148302
    endloop
  endfacet
  facet normal 0 -1 0
    outer loop
      vertex -2.391771452281811 -4 45.77424707819554
      vertex -2.217444482178185 -4 40.44107713148302
      vertex -2.0887870286167542 -4 40.86520391616206
    endloop
  endfacet
  facet normal 0 -1 0
    outer loop
      vertex -2.391771452281811 -4 45.77424707819554
      vertex -2.0887870286167542 -4 40.86520391616206
      vertex -1.879858660950843 -4 41.25608139955493
    endloop
  endfacet
  facet normal 0 -1 0
    outer loop
      vertex -2.391771452281811 -4 45.77424707819554
      vertex -1.879858660950843 -4 41.25608139955493
      vertex -1.5986883791814732 -4 41.598688379181475
    endloop
  endfacet
  facet normal 0 -1 0
    outer loop
      vertex -1.5986883791814732 -4 41.598688379181475
      vertex -1.2560813995549314 -4 41.879858660950845
      vertex -1.2193145126008016 -4 46.12990800252019
    endloop
  endfacet
  facet normal 0 -1 0
    outer loop
      vertex -2.391771452281811 -4 45.77424707819554
      vertex -1.5986883791814732 -4 41.598688379181475
      vertex -1.2193145126008016 -4 46.12990800252019
    endloop
  endfacet
  facet normal 0 -1 0
    outer loop
      vertex -1.2560813995549314 -4 41.879858660950845
      vertex -0.8652039161620579 -4 42.08878702861676
      vertex -1.2193145126008016 -4 46.12990800252019
    endloop
  endfacet
  facet normal 0 -1 0
    outer loop
      vertex -1.2193145126008016 -4 46.12990800252019
      vertex -0.8652039161620579 -4 42.08878702861676
      vertex -0.44107713148302263 -4 42.21744448217819
    endloop
  endfacet
  facet normal 0 -1 0
    outer loop
      vertex -1.2193145126008016 -4 46.12990800252019
      vertex -0.44107713148302263 -4 42.21744448217819
      vertex 0 -4 42.2608867878467
    endloop
  endfacet
  facet normal 0 -1 0
    outer loop
      vertex -1.2193145126008016 -4 46.12990800252019
      vertex 0 -4 42.2608867878467
      vertex 0 -4 46.25
    endloop
  endfacet
  facet normal -0.09801714032956178 0 0.9951847266721967
    outer loop
      vertex 1.2193145126008016 -4 33.87009199747981
      vertex 0 -10 33.75
      vertex 1.2193145126008016 -10 33.87009199747981
    endloop
  endfacet
  facet normal -0.2902846772544605 0 0.9569403357322094
    outer loop
      vertex 2.391771452281811 -4 34.22575292180446
      vertex 1.2193145126008016 -10 33.87009199747981
      vertex 2.391771452281811 -10 34.22575292180446
    endloop
  endfacet
  facet normal -0.09801714032956178 0 -0.9951847266721967
    outer loop
      vertex 0 -4 46.25
      vertex 1.2193145126008016 -10 46.12990800252019
      vertex 0 -10 46.25
    endloop
  endfacet
  facet normal -0.2902846772544605 0 -0.9569403357322094
    outer loop
      vertex 1.2193145126008016 -4 46.12990800252019
      vertex 2.391771452281811 -10 45.77424707819554
      vertex 1.2193145126008016 -10 46.12990800252019
    endloop
  endfacet
  facet normal -0.09801714032956178 0 0.9951847266721967
    outer loop
      vertex 0 -4 33.75
      vertex 0 -10 33.75
      vertex 1.2193145126008016 -4 33.87009199747981
    endloop
  endfacet
  facet normal -0.2902846772544605 0 0.9569403357322094
    outer loop
      vertex 1.2193145126008016 -4 33.87009199747981
      vertex 1.2193145126008016 -10 33.87009199747981
      vertex 2.391771452281811 -4 34.22575292180446
    endloop
  endfacet
  facet normal -0.09801714032956178 0 -0.9951847266721967
    outer loop
      vertex 0 -4 46.25
      vertex 1.2193145126008016 -4 46.12990800252019
      vertex 1.2193145126008016 -10 46.12990800252019
    endloop
  endfacet
  facet normal -0.2902846772544605 0 -0.9569403357322094
    outer loop
      vertex 1.2193145126008016 -4 46.12990800252019
      vertex 2.391771452281811 -4 45.77424707819554
      vertex 2.391771452281811 -10 45.77424707819554
    endloop
  endfacet
  facet normal -0.47139673682599814 0 0.8819212643483548
    outer loop
      vertex 3.4723139563725134 -4 34.80331492310909
      vertex 2.391771452281811 -10 34.22575292180446
      vertex 3.4723139563725134 -10 34.80331492310909
    endloop
  endfacet
  facet normal -0.6343932841636454 0 0.773010453362737
    outer loop
      vertex 4.419417382415922 -4 35.58058261758408
      vertex 3.4723139563725134 -10 34.80331492310909
      vertex 4.419417382415922 -10 35.58058261758408
    endloop
  endfacet
  facet normal -0.7730104533627362 0 0.6343932841636465
    outer loop
      vertex 5.196685076890907 -4 36.52768604362748
      vertex 4.419417382415922 -10 35.58058261758408
      vertex 5.196685076890907 -10 36.52768604362748
    endloop
  endfacet
  facet normal -0.47139673682599814 0 -0.8819212643483548
    outer loop
      vertex 2.391771452281811 -4 45.77424707819554
      vertex 3.4723139563725134 -10 45.19668507689091
      vertex 2.391771452281811 -10 45.77424707819554
    endloop
  endfacet
  facet normal -0.6343932841636454 0 -0.773010453362737
    outer loop
      vertex 3.4723139563725134 -4 45.19668507689091
      vertex 4.419417382415922 -10 44.41941738241592
      vertex 3.4723139563725134 -10 45.19668507689091
    endloop
  endfacet
  facet normal -0.7730104533627362 0 -0.6343932841636465
    outer loop
      vertex 4.419417382415922 -4 44.41941738241592
      vertex 5.196685076890907 -10 43.47231395637252
      vertex 4.419417382415922 -10 44.41941738241592
    endloop
  endfacet
  facet normal -0.47139673682599814 0 0.8819212643483548
    outer loop
      vertex 2.391771452281811 -4 34.22575292180446
      vertex 2.391771452281811 -10 34.22575292180446
      vertex 3.4723139563725134 -4 34.80331492310909
    endloop
  endfacet
  facet normal -0.6343932841636454 0 0.773010453362737
    outer loop
      vertex 3.4723139563725134 -4 34.80331492310909
      vertex 3.4723139563725134 -10 34.80331492310909
      vertex 4.419417382415922 -4 35.58058261758408
    endloop
  endfacet
  facet normal -0.7730104533627362 0 0.6343932841636465
    outer loop
      vertex 4.419417382415922 -4 35.58058261758408
      vertex 4.419417382415922 -10 35.58058261758408
      vertex 5.196685076890907 -4 36.52768604362748
    endloop
  endfacet
  facet normal -0.47139673682599814 0 -0.8819212643483548
    outer loop
      vertex 2.391771452281811 -4 45.77424707819554
      vertex 3.4723139563725134 -4 45.19668507689091
      vertex 3.4723139563725134 -10 45.19668507689091
    endloop
  endfacet
  facet normal -0.6343932841636454 0 -0.773010453362737
    outer loop
      vertex 3.4723139563725134 -4 45.19668507689091
      vertex 4.419417382415922 -4 44.41941738241592
      vertex 4.419417382415922 -10 44.41941738241592
    endloop
  endfacet
  facet normal -0.7730104533627362 0 -0.6343932841636465
    outer loop
      vertex 4.419417382415922 -4 44.41941738241592
      vertex 5.196685076890907 -4 43.47231395637252
      vertex 5.196685076890907 -10 43.47231395637252
    endloop
  endfacet
  facet normal 0 -1 0
    outer loop
      vertex 0 -4 33.75
      vertex 1.2193145126008016 -4 33.87009199747981
      vertex 0 -4 37.7391132121533
    endloop
  endfacet
  facet normal 0 -1 0
    outer loop
      vertex 1.2193145126008016 -4 33.87009199747981
      vertex 0.44107713148302263 -4 37.78255551782181
      vertex 0 -4 37.7391132121533
    endloop
  endfacet
  facet normal 0 -1 0
    outer loop
      vertex 1.2193145126008016 -4 33.87009199747981
      vertex 0.8652039161620579 -4 37.91121297138324
      vertex 0.44107713148302263 -4 37.78255551782181
    endloop
  endfacet
  facet normal 0 -1 0
    outer loop
      vertex 1.2193145126008016 -4 33.87009199747981
      vertex 1.2560813995549314 -4 38.120141339049155
      vertex 0.8652039161620579 -4 37.91121297138324
    endloop
  endfacet
  facet normal 0 -1 0
    outer loop
      vertex 1.2193145126008016 -4 33.87009199747981
      vertex 1.5986883791814732 -4 38.401311620818525
      vertex 1.2560813995549314 -4 38.120141339049155
    endloop
  endfacet
  facet normal 0 -1 0
    outer loop
      vertex 1.2193145126008016 -4 33.87009199747981
      vertex 2.391771452281811 -4 34.22575292180446
      vertex 1.5986883791814732 -4 38.401311620818525
    endloop
  endfacet
  facet normal 0 -1 0
    outer loop
      vertex 2.391771452281811 -4 34.22575292180446
      vertex 1.879858660950843 -4 38.74391860044507
      vertex 1.5986883791814732 -4 38.401311620818525
    endloop
  endfacet
  facet normal 0 -1 0
    outer loop
      vertex 2.391771452281811 -4 34.22575292180446
      vertex 2.0887870286167542 -4 39.13479608383794
      vertex 1.879858660950843 -4 38.74391860044507
    endloop
  endfacet
  facet normal 0 -1 0
    outer loop
      vertex 0 -4 42.2608867878467
      vertex 0.44107713148302263 -4 42.21744448217819
      vertex 1.2193145126008016 -4 46.12990800252019
    endloop
  endfacet
  facet normal 0 -1 0
    outer loop
      vertex 0.44107713148302263 -4 42.21744448217819
      vertex 0.8652039161620579 -4 42.08878702861676
      vertex 1.2193145126008016 -4 46.12990800252019
    endloop
  endfacet
  facet normal 0 -1 0
    outer loop
      vertex 0.8652039161620579 -4 42.08878702861676
      vertex 1.2560813995549314 -4 41.879858660950845
      vertex 1.2193145126008016 -4 46.12990800252019
    endloop
  endfacet
  facet normal 0 -1 0
    outer loop
      vertex 0 -4 42.2608867878467
      vertex 1.2193145126008016 -4 46.12990800252019
      vertex 0 -4 46.25
    endloop
  endfacet
  facet normal 0 -1 0
    outer loop
      vertex 1.2560813995549314 -4 41.879858660950845
      vertex 1.5986883791814732 -4 41.598688379181475
      vertex 2.391771452281811 -4 45.77424707819554
    endloop
  endfacet
  facet normal 0 -1 0
    outer loop
      vertex 2.391771452281811 -4 34.22575292180446
      vertex 2.217444482178185 -4 39.55892286851698
      vertex 2.0887870286167542 -4 39.13479608383794
    endloop
  endfacet
  facet normal 0 -1 0
    outer loop
      vertex 2.391771452281811 -4 34.22575292180446
      vertex 2.2608867878467005 -4 40
      vertex 2.217444482178185 -4 39.55892286851698
    endloop
  endfacet
  facet normal 0 -1 0
    outer loop
      vertex 2.391771452281811 -4 34.22575292180446
      vertex 2.391771452281811 -4 45.77424707819554
      vertex 2.2608867878467005 -4 40
    endloop
  endfacet
  facet normal 0 -1 0
    outer loop
      vertex 1.5986883791814732 -4 41.598688379181475
      vertex 1.879858660950843 -4 41.25608139955493
      vertex 2.391771452281811 -4 45.77424707819554
    endloop
  endfacet
  facet normal 0 -1 0
    outer loop
      vertex 1.879858660950843 -4 41.25608139955493
      vertex 2.0887870286167542 -4 40.86520391616206
      vertex 2.391771452281811 -4 45.77424707819554
    endloop
  endfacet
  facet normal 0 -1 0
    outer loop
      vertex 2.217444482178185 -4 40.44107713148302
      vertex 2.2608867878467005 -4 40
      vertex 2.391771452281811 -4 45.77424707819554
    endloop
  endfacet
  facet normal 0 -1 0
    outer loop
      vertex 2.217444482178185 -4 40.44107713148302
      vertex 2.391771452281811 -4 45.77424707819554
      vertex 2.0887870286167542 -4 40.86520391616206
    endloop
  endfacet
  facet normal 0 -1 0
    outer loop
      vertex 1.2560813995549314 -4 41.879858660950845
      vertex 2.391771452281811 -4 45.77424707819554
      vertex 1.2193145126008016 -4 46.12990800252019
    endloop
  endfacet
  facet normal 0 -1 0
    outer loop
      vertex 2.391771452281811 -4 34.22575292180446
      vertex 3.4723139563725134 -4 34.80331492310909
      vertex 3.4723139563725134 -4 45.19668507689091
    endloop
  endfacet
  facet normal 0 -1 0
    outer loop
      vertex 2.391771452281811 -4 34.22575292180446
      vertex 3.4723139563725134 -4 45.19668507689091
      vertex 2.391771452281811 -4 45.77424707819554
    endloop
  endfacet
  facet normal 0 -1 0
    outer loop
      vertex 3.4723139563725134 -4 34.80331492310909
      vertex 4.419417382415922 -4 35.58058261758408
      vertex 4.419417382415922 -4 44.41941738241592
    endloop
  endfacet
  facet normal 0 -1 0
    outer loop
      vertex 3.4723139563725134 -4 34.80331492310909
      vertex 4.419417382415922 -4 44.41941738241592
      vertex 3.4723139563725134 -4 45.19668507689091
    endloop
  endfacet
  facet normal 0 -1 0
    outer loop
      vertex 4.419417382415922 -4 35.58058261758408
      vertex 5.196685076890907 -4 36.52768604362748
      vertex 5.196685076890907 -4 43.47231395637252
    endloop
  endfacet
  facet normal 0 -1 0
    outer loop
      vertex 4.419417382415922 -4 35.58058261758408
      vertex 5.196685076890907 -4 43.47231395637252
      vertex 4.419417382415922 -4 44.41941738241592
    endloop
  endfacet
  facet normal -0.8819212643483558 0 0.47139673682599614
    outer loop
      vertex 5.774247078195542 -4 37.60822854771819
      vertex 5.196685076890907 -10 36.52768604362748
      vertex 5.774247078195542 -10 37.60822854771819
    endloop
  endfacet
  facet normal -0.8819212643483558 0 -0.47139673682599614
    outer loop
      vertex 5.196685076890907 -4 43.47231395637252
      vertex 5.774247078195542 -10 42.39177145228181
      vertex 5.196685076890907 -10 43.47231395637252
    endloop
  endfacet
  facet normal -0.9569403357322085 0 0.2902846772544634
    outer loop
      vertex 6.129908002520191 -4 38.7806854873992
      vertex 5.774247078195542 -10 37.60822854771819
      vertex 6.129908002520191 -10 38.7806854873992
    endloop
  endfacet
  facet normal -0.9951847266721969 0 0.0980171403295602
    outer loop
      vertex 6.25 -4 40
      vertex 6.129908002520191 -10 38.7806854873992
      vertex 6.25 -10 40
    endloop
  endfacet
  facet normal -0.9569403357322085 0 -0.2902846772544634
    outer loop
      vertex 5.774247078195542 -4 42.39177145228181
      vertex 6.129908002520191 -10 41.2193145126008
      vertex 5.774247078195542 -10 42.39177145228181
    endloop
  endfacet
  facet normal -0.9951847266721969 0 -0.0980171403295602
    outer loop
      vertex 6.129908002520191 -4 41.2193145126008
      vertex 6.25 -10 40
      vertex 6.129908002520191 -10 41.2193145126008
    endloop
  endfacet
  facet normal -0.8819212643483558 0 0.47139673682599614
    outer loop
      vertex 5.196685076890907 -4 36.52768604362748
      vertex 5.196685076890907 -10 36.52768604362748
      vertex 5.774247078195542 -4 37.60822854771819
    endloop
  endfacet
  facet normal -0.8819212643483558 0 -0.47139673682599614
    outer loop
      vertex 5.196685076890907 -4 43.47231395637252
      vertex 5.774247078195542 -4 42.39177145228181
      vertex 5.774247078195542 -10 42.39177145228181
    endloop
  endfacet
  facet normal -0.9569403357322085 0 0.2902846772544634
    outer loop
      vertex 5.774247078195542 -4 37.60822854771819
      vertex 5.774247078195542 -10 37.60822854771819
      vertex 6.129908002520191 -4 38.7806854873992
    endloop
  endfacet
  facet normal -0.9951847266721969 0 0.0980171403295602
    outer loop
      vertex 6.129908002520191 -4 38.7806854873992
      vertex 6.129908002520191 -10 38.7806854873992
      vertex 6.25 -4 40
    endloop
  endfacet
  facet normal -0.9951847266721969 0 -0.0980171403295602
    outer loop
      vertex 6.25 -4 40
      vertex 6.25 -10 40
      vertex 6.129908002520191 -4 41.2193145126008
    endloop
  endfacet
  facet normal -0.9569403357322085 0 -0.2902846772544634
    outer loop
      vertex 5.774247078195542 -4 42.39177145228181
      vertex 6.129908002520191 -4 41.2193145126008
      vertex 6.129908002520191 -10 41.2193145126008
    endloop
  endfacet
  facet normal 0 -1 0
    outer loop
      vertex 5.196685076890907 -4 36.52768604362748
      vertex 5.774247078195542 -4 37.60822854771819
      vertex 5.774247078195542 -4 42.39177145228181
    endloop
  endfacet
  facet normal 0 -1 0
    outer loop
      vertex 5.196685076890907 -4 36.52768604362748
      vertex 5.774247078195542 -4 42.39177145228181
      vertex 5.196685076890907 -4 43.47231395637252
    endloop
  endfacet
  facet normal 0 -1 0
    outer loop
      vertex 5.774247078195542 -4 37.60822854771819
      vertex 6.129908002520191 -4 41.2193145126008
      vertex 5.774247078195542 -4 42.39177145228181
    endloop
  endfacet
  facet normal 0 -1 0
    outer loop
      vertex 5.774247078195542 -4 37.60822854771819
      vertex 6.129908002520191 -4 38.7806854873992
      vertex 6.129908002520191 -4 41.2193145126008
    endloop
  endfacet
  facet normal 0 -1 0
    outer loop
      vertex 6.129908002520191 -4 38.7806854873992
      vertex 6.25 -4 40
      vertex 6.129908002520191 -4 41.2193145126008
    endloop
  endfacet
  facet normal 0 1 0
    outer loop
      vertex -6.129908002520191 4 38.7806854873992
      vertex -6.25 4 40
      vertex -6.129908002520191 4 41.2193145126008
    endloop
  endfacet
  facet normal 0 1 0
    outer loop
      vertex -6.129908002520191 4 38.7806854873992
      vertex -6.129908002520191 4 41.2193145126008
      vertex -5.774247078195542 4 37.60822854771819
    endloop
  endfacet
  facet normal 0 1 0
    outer loop
      vertex -5.774247078195542 4 37.60822854771819
      vertex -6.129908002520191 4 41.2193145126008
      vertex -5.774247078195542 4 42.39177145228181
    endloop
  endfacet
  facet normal 0 1 0
    outer loop
      vertex -5.774247078195542 4 37.60822854771819
      vertex -5.774247078195542 4 42.39177145228181
      vertex -5.196685076890907 4 36.52768604362748
    endloop
  endfacet
  facet normal 0 1 0
    outer loop
      vertex -5.774247078195542 4 42.39177145228181
      vertex -5.196685076890907 4 43.47231395637252
      vertex -5.196685076890907 4 36.52768604362748
    endloop
  endfacet
  facet normal 0.8819212643483558 0 0.47139673682599614
    outer loop
      vertex -5.774247078195542 4 37.60822854771819
      vertex -5.196685076890907 4 36.52768604362748
      vertex -5.196685076890907 10 36.52768604362748
    endloop
  endfacet
  facet normal 0.9951847266721969 0 0.0980171403295602
    outer loop
      vertex -6.129908002520191 4 38.7806854873992
      vertex -6.129908002520191 10 38.7806854873992
      vertex -6.25 4 40
    endloop
  endfacet
  facet normal 0.9951847266721969 0 -0.0980171403295602
    outer loop
      vertex -6.25 4 40
      vertex -6.25 10 40
      vertex -6.129908002520191 4 41.2193145126008
    endloop
  endfacet
  facet normal 0.9569403357322085 0 0.2902846772544634
    outer loop
      vertex -6.129908002520191 4 38.7806854873992
      vertex -5.774247078195542 4 37.60822854771819
      vertex -5.774247078195542 10 37.60822854771819
    endloop
  endfacet
  facet normal 0.9569403357322085 0 -0.2902846772544634
    outer loop
      vertex -6.129908002520191 4 41.2193145126008
      vertex -6.129908002520191 10 41.2193145126008
      vertex -5.774247078195542 4 42.39177145228181
    endloop
  endfacet
  facet normal 0.8819212643483558 0 -0.47139673682599614
    outer loop
      vertex -5.774247078195542 4 42.39177145228181
      vertex -5.774247078195542 10 42.39177145228181
      vertex -5.196685076890907 4 43.47231395637252
    endloop
  endfacet
  facet normal 0.8819212643483558 0 0.47139673682599614
    outer loop
      vertex -5.774247078195542 4 37.60822854771819
      vertex -5.196685076890907 10 36.52768604362748
      vertex -5.774247078195542 10 37.60822854771819
    endloop
  endfacet
  facet normal 0.9569403357322085 0 0.2902846772544634
    outer loop
      vertex -6.129908002520191 4 38.7806854873992
      vertex -5.774247078195542 10 37.60822854771819
      vertex -6.129908002520191 10 38.7806854873992
    endloop
  endfacet
  facet normal 0.9951847266721969 0 0.0980171403295602
    outer loop
      vertex -6.25 4 40
      vertex -6.129908002520191 10 38.7806854873992
      vertex -6.25 10 40
    endloop
  endfacet
  facet normal 0.9951847266721969 0 -0.0980171403295602
    outer loop
      vertex -6.129908002520191 4 41.2193145126008
      vertex -6.25 10 40
      vertex -6.129908002520191 10 41.2193145126008
    endloop
  endfacet
  facet normal 0.9569403357322085 0 -0.2902846772544634
    outer loop
      vertex -5.774247078195542 4 42.39177145228181
      vertex -6.129908002520191 10 41.2193145126008
      vertex -5.774247078195542 10 42.39177145228181
    endloop
  endfacet
  facet normal 0.8819212643483558 0 -0.47139673682599614
    outer loop
      vertex -5.196685076890907 4 43.47231395637252
      vertex -5.774247078195542 10 42.39177145228181
      vertex -5.196685076890907 10 43.47231395637252
    endloop
  endfacet
  facet normal 0 1 0
    outer loop
      vertex -5.196685076890907 4 36.52768604362748
      vertex -5.196685076890907 4 43.47231395637252
      vertex -4.419417382415922 4 35.58058261758408
    endloop
  endfacet
  facet normal 0 1 0
    outer loop
      vertex -5.196685076890907 4 43.47231395637252
      vertex -4.419417382415922 4 44.41941738241592
      vertex -4.419417382415922 4 35.58058261758408
    endloop
  endfacet
  facet normal 0 1 0
    outer loop
      vertex -4.419417382415922 4 35.58058261758408
      vertex -4.419417382415922 4 44.41941738241592
      vertex -3.4723139563725134 4 34.80331492310909
    endloop
  endfacet
  facet normal 0 1 0
    outer loop
      vertex -4.419417382415922 4 44.41941738241592
      vertex -3.4723139563725134 4 45.19668507689091
      vertex -3.4723139563725134 4 34.80331492310909
    endloop
  endfacet
  facet normal 0 1 0
    outer loop
      vertex -3.4723139563725134 4 34.80331492310909
      vertex -3.4723139563725134 4 45.19668507689091
      vertex -2.391771452281811 4 34.22575292180446
    endloop
  endfacet
  facet normal 0 1 0
    outer loop
      vertex -3.4723139563725134 4 45.19668507689091
      vertex -2.391771452281811 4 45.77424707819554
      vertex -2.391771452281811 4 34.22575292180446
    endloop
  endfacet
  facet normal 0 1 0
    outer loop
      vertex -2.391771452281811 4 34.22575292180446
      vertex -2.0887870286167542 4 39.13479608383794
      vertex -1.879858660950843 4 38.74391860044507
    endloop
  endfacet
  facet normal 0 1 0
    outer loop
      vertex -2.391771452281811 4 34.22575292180446
      vertex -1.879858660950843 4 38.74391860044507
      vertex -1.5986883791814732 4 38.401311620818525
    endloop
  endfacet
  facet normal 0 1 0
    outer loop
      vertex -2.391771452281811 4 34.22575292180446
      vertex -1.5986883791814732 4 38.401311620818525
      vertex -1.2193145126008016 4 33.87009199747981
    endloop
  endfacet
  facet normal 0 1 0
    outer loop
      vertex -1.5986883791814732 4 38.401311620818525
      vertex -1.2560813995549314 4 38.120141339049155
      vertex -1.2193145126008016 4 33.87009199747981
    endloop
  endfacet
  facet normal 0 1 0
    outer loop
      vertex -1.2193145126008016 4 33.87009199747981
      vertex -1.2560813995549314 4 38.120141339049155
      vertex -0.8652039161620579 4 37.91121297138324
    endloop
  endfacet
  facet normal 0 1 0
    outer loop
      vertex -1.2193145126008016 4 33.87009199747981
      vertex -0.8652039161620579 4 37.91121297138324
      vertex -0.44107713148302263 4 37.78255551782181
    endloop
  endfacet
  facet normal 0 1 0
    outer loop
      vertex -1.2193145126008016 4 33.87009199747981
      vertex 0 4 37.7391132121533
      vertex 0 4 33.75
    endloop
  endfacet
  facet normal 0 1 0
    outer loop
      vertex -1.2193145126008016 4 33.87009199747981
      vertex -0.44107713148302263 4 37.78255551782181
      vertex 0 4 37.7391132121533
    endloop
  endfacet
  facet normal 0 1 0
    outer loop
      vertex -2.391771452281811 4 34.22575292180446
      vertex -2.242595290723115 4 39.81428331305978
      vertex -2.217444482178185 4 39.55892286851698
    endloop
  endfacet
  facet normal 0 1 0
    outer loop
      vertex -2.391771452281811 4 34.22575292180446
      vertex -2.2608867878467005 4 40
      vertex -2.242595290723115 4 39.81428331305978
    endloop
  endfacet
  facet normal 0 1 0
    outer loop
      vertex -2.391771452281811 4 34.22575292180446
      vertex -2.217444482178185 4 39.55892286851698
      vertex -2.0887870286167542 4 39.13479608383794
    endloop
  endfacet
  facet normal 0 1 0
    outer loop
      vertex -2.391771452281811 4 34.22575292180446
      vertex -2.391771452281811 4 45.77424707819554
      vertex -2.2608867878467005 4 40
    endloop
  endfacet
  facet normal 0 1 0
    outer loop
      vertex -2.391771452281811 4 45.77424707819554
      vertex -2.2357359793017704 4 40.2553604445428
      vertex -2.2608867878467005 4 40
    endloop
  endfacet
  facet normal 0 1 0
    outer loop
      vertex -2.391771452281811 4 45.77424707819554
      vertex -2.217444482178185 4 40.44107713148302
      vertex -2.2357359793017704 4 40.2553604445428
    endloop
  endfacet
  facet normal 0 1 0
    outer loop
      vertex -2.391771452281811 4 45.77424707819554
      vertex -2.0887870286167542 4 40.86520391616206
      vertex -2.217444482178185 4 40.44107713148302
    endloop
  endfacet
  facet normal 0 1 0
    outer loop
      vertex -2.391771452281811 4 45.77424707819554
      vertex -1.879858660950843 4 41.25608139955493
      vertex -2.0887870286167542 4 40.86520391616206
    endloop
  endfacet
  facet normal 0 1 0
    outer loop
      vertex -2.391771452281811 4 45.77424707819554
      vertex -1.5986883791814732 4 41.598688379181475
      vertex -1.879858660950843 4 41.25608139955493
    endloop
  endfacet
  facet normal 0 1 0
    outer loop
      vertex -2.391771452281811 4 45.77424707819554
      vertex -1.2560813995549314 4 41.879858660950845
      vertex -1.5986883791814732 4 41.598688379181475
    endloop
  endfacet
  facet normal 0 1 0
    outer loop
      vertex -2.391771452281811 4 45.77424707819554
      vertex -1.2193145126008016 4 46.12990800252019
      vertex -1.2560813995549314 4 41.879858660950845
    endloop
  endfacet
  facet normal 0 1 0
    outer loop
      vertex -1.2560813995549314 4 41.879858660950845
      vertex -1.2193145126008016 4 46.12990800252019
      vertex -0.8652039161620579 4 42.08878702861676
    endloop
  endfacet
  facet normal 0 1 0
    outer loop
      vertex -1.2193145126008016 4 46.12990800252019
      vertex -0.44107713148302263 4 42.21744448217819
      vertex -0.8652039161620579 4 42.08878702861676
    endloop
  endfacet
  facet normal 0 1 0
    outer loop
      vertex -1.2193145126008016 4 46.12990800252019
      vertex 0 4 42.2608867878467
      vertex -0.44107713148302263 4 42.21744448217819
    endloop
  endfacet
  facet normal 0 1 0
    outer loop
      vertex -1.2193145126008016 4 46.12990800252019
      vertex 0 4 46.25
      vertex 0 4 42.2608867878467
    endloop
  endfacet
  facet normal 0.7730104533627362 0 0.6343932841636465
    outer loop
      vertex -5.196685076890907 4 36.52768604362748
      vertex -4.419417382415922 4 35.58058261758408
      vertex -4.419417382415922 10 35.58058261758408
    endloop
  endfacet
  facet normal 0.6343932841636454 0 0.773010453362737
    outer loop
      vertex -4.419417382415922 4 35.58058261758408
      vertex -3.4723139563725134 4 34.80331492310909
      vertex -3.4723139563725134 10 34.80331492310909
    endloop
  endfacet
  facet normal 0.47139673682599814 0 0.8819212643483548
    outer loop
      vertex -3.4723139563725134 4 34.80331492310909
      vertex -2.391771452281811 4 34.22575292180446
      vertex -2.391771452281811 10 34.22575292180446
    endloop
  endfacet
  facet normal 0.7730104533627362 0 -0.6343932841636465
    outer loop
      vertex -5.196685076890907 4 43.47231395637252
      vertex -5.196685076890907 10 43.47231395637252
      vertex -4.419417382415922 4 44.41941738241592
    endloop
  endfacet
  facet normal 0.6343932841636454 0 -0.773010453362737
    outer loop
      vertex -4.419417382415922 4 44.41941738241592
      vertex -4.419417382415922 10 44.41941738241592
      vertex -3.4723139563725134 4 45.19668507689091
    endloop
  endfacet
  facet normal 0.47139673682599814 0 -0.8819212643483548
    outer loop
      vertex -3.4723139563725134 4 45.19668507689091
      vertex -3.4723139563725134 10 45.19668507689091
      vertex -2.391771452281811 4 45.77424707819554
    endloop
  endfacet
  facet normal 0.7730104533627362 0 0.6343932841636465
    outer loop
      vertex -5.196685076890907 4 36.52768604362748
      vertex -4.419417382415922 10 35.58058261758408
      vertex -5.196685076890907 10 36.52768604362748
    endloop
  endfacet
  facet normal 0.6343932841636454 0 0.773010453362737
    outer loop
      vertex -4.419417382415922 4 35.58058261758408
      vertex -3.4723139563725134 10 34.80331492310909
      vertex -4.419417382415922 10 35.58058261758408
    endloop
  endfacet
  facet normal 0.47139673682599814 0 0.8819212643483548
    outer loop
      vertex -3.4723139563725134 4 34.80331492310909
      vertex -2.391771452281811 10 34.22575292180446
      vertex -3.4723139563725134 10 34.80331492310909
    endloop
  endfacet
  facet normal 0.7730104533627362 0 -0.6343932841636465
    outer loop
      vertex -4.419417382415922 4 44.41941738241592
      vertex -5.196685076890907 10 43.47231395637252
      vertex -4.419417382415922 10 44.41941738241592
    endloop
  endfacet
  facet normal 0.6343932841636454 0 -0.773010453362737
    outer loop
      vertex -3.4723139563725134 4 45.19668507689091
      vertex -4.419417382415922 10 44.41941738241592
      vertex -3.4723139563725134 10 45.19668507689091
    endloop
  endfacet
  facet normal 0.47139673682599814 0 -0.8819212643483548
    outer loop
      vertex -2.391771452281811 4 45.77424707819554
      vertex -3.4723139563725134 10 45.19668507689091
      vertex -2.391771452281811 10 45.77424707819554
    endloop
  endfacet
  facet normal 0.2902846772544605 0 0.9569403357322094
    outer loop
      vertex -2.391771452281811 4 34.22575292180446
      vertex -1.2193145126008016 4 33.87009199747981
      vertex -1.2193145126008016 10 33.87009199747981
    endloop
  endfacet
  facet normal 0.09801714032956178 0 0.9951847266721967
    outer loop
      vertex -1.2193145126008016 4 33.87009199747981
      vertex 0 4 33.75
      vertex 0 10 33.75
    endloop
  endfacet
  facet normal 0.2902846772544605 0 -0.9569403357322094
    outer loop
      vertex -2.391771452281811 4 45.77424707819554
      vertex -2.391771452281811 10 45.77424707819554
      vertex -1.2193145126008016 4 46.12990800252019
    endloop
  endfacet
  facet normal 0.09801714032956178 0 -0.9951847266721967
    outer loop
      vertex -1.2193145126008016 4 46.12990800252019
      vertex -1.2193145126008016 10 46.12990800252019
      vertex 0 4 46.25
    endloop
  endfacet
  facet normal 0.2902846772544605 0 0.9569403357322094
    outer loop
      vertex -2.391771452281811 4 34.22575292180446
      vertex -1.2193145126008016 10 33.87009199747981
      vertex -2.391771452281811 10 34.22575292180446
    endloop
  endfacet
  facet normal 0.09801714032956178 0 0.9951847266721967
    outer loop
      vertex -1.2193145126008016 4 33.87009199747981
      vertex 0 10 33.75
      vertex -1.2193145126008016 10 33.87009199747981
    endloop
  endfacet
  facet normal 0.2902846772544605 0 -0.9569403357322094
    outer loop
      vertex -1.2193145126008016 4 46.12990800252019
      vertex -2.391771452281811 10 45.77424707819554
      vertex -1.2193145126008016 10 46.12990800252019
    endloop
  endfacet
  facet normal 0.09801714032956178 0 -0.9951847266721967
    outer loop
      vertex 0 4 46.25
      vertex -1.2193145126008016 10 46.12990800252019
      vertex 0 10 46.25
    endloop
  endfacet
  facet normal 0 1 0
    outer loop
      vertex 0 4 33.75
      vertex 0 4 37.7391132121533
      vertex 1.2193145126008016 4 33.87009199747981
    endloop
  endfacet
  facet normal 0 1 0
    outer loop
      vertex 1.2193145126008016 4 33.87009199747981
      vertex 0 4 37.7391132121533
      vertex 0.44107713148302263 4 37.78255551782181
    endloop
  endfacet
  facet normal 0 1 0
    outer loop
      vertex 1.2193145126008016 4 33.87009199747981
      vertex 0.44107713148302263 4 37.78255551782181
      vertex 0.8652039161620579 4 37.91121297138324
    endloop
  endfacet
  facet normal 0 1 0
    outer loop
      vertex 1.2193145126008016 4 33.87009199747981
      vertex 0.8652039161620579 4 37.91121297138324
      vertex 1.2560813995549314 4 38.120141339049155
    endloop
  endfacet
  facet normal 0 1 0
    outer loop
      vertex 1.2193145126008016 4 33.87009199747981
      vertex 1.2560813995549314 4 38.120141339049155
      vertex 2.391771452281811 4 34.22575292180446
    endloop
  endfacet
  facet normal 0 1 0
    outer loop
      vertex 1.2560813995549314 4 38.120141339049155
      vertex 1.5986883791814732 4 38.401311620818525
      vertex 2.391771452281811 4 34.22575292180446
    endloop
  endfacet
  facet normal 0 1 0
    outer loop
      vertex 2.391771452281811 4 34.22575292180446
      vertex 1.5986883791814732 4 38.401311620818525
      vertex 1.879858660950843 4 38.74391860044507
    endloop
  endfacet
  facet normal 0 1 0
    outer loop
      vertex 2.391771452281811 4 34.22575292180446
      vertex 1.879858660950843 4 38.74391860044507
      vertex 2.0887870286167542 4 39.13479608383794
    endloop
  endfacet
  facet normal 0 1 0
    outer loop
      vertex 0 4 42.2608867878467
      vertex 1.2193145126008016 4 46.12990800252019
      vertex 0.44107713148302263 4 42.21744448217819
    endloop
  endfacet
  facet normal 0 1 0
    outer loop
      vertex 0.44107713148302263 4 42.21744448217819
      vertex 1.2193145126008016 4 46.12990800252019
      vertex 0.8652039161620579 4 42.08878702861676
    endloop
  endfacet
  facet normal 0 1 0
    outer loop
      vertex 0.8652039161620579 4 42.08878702861676
      vertex 1.2193145126008016 4 46.12990800252019
      vertex 1.2560813995549314 4 41.879858660950845
    endloop
  endfacet
  facet normal 0 1 0
    outer loop
      vertex 0 4 42.2608867878467
      vertex 0 4 46.25
      vertex 1.2193145126008016 4 46.12990800252019
    endloop
  endfacet
  facet normal 0 1 0
    outer loop
      vertex 1.2560813995549314 4 41.879858660950845
      vertex 1.2193145126008016 4 46.12990800252019
      vertex 1.5986883791814732 4 41.598688379181475
    endloop
  endfacet
  facet normal 0 1 0
    outer loop
      vertex 2.391771452281811 4 34.22575292180446
      vertex 2.0887870286167542 4 39.13479608383794
      vertex 2.217444482178185 4 39.55892286851698
    endloop
  endfacet
  facet normal 0 1 0
    outer loop
      vertex 2.391771452281811 4 34.22575292180446
      vertex 2.217444482178185 4 39.55892286851698
      vertex 2.2608867878467005 4 40
    endloop
  endfacet
  facet normal 0 1 0
    outer loop
      vertex 2.391771452281811 4 34.22575292180446
      vertex 2.2608867878467005 4 40
      vertex 2.391771452281811 4 45.77424707819554
    endloop
  endfacet
  facet normal 0 1 0
    outer loop
      vertex 1.5986883791814732 4 41.598688379181475
      vertex 2.391771452281811 4 45.77424707819554
      vertex 1.879858660950843 4 41.25608139955493
    endloop
  endfacet
  facet normal 0 1 0
    outer loop
      vertex 1.879858660950843 4 41.25608139955493
      vertex 2.391771452281811 4 45.77424707819554
      vertex 2.0887870286167542 4 40.86520391616206
    endloop
  endfacet
  facet normal 0 1 0
    outer loop
      vertex 2.242595290723115 4 40.18571668694022
      vertex 2.391771452281811 4 45.77424707819554
      vertex 2.2608867878467005 4 40
    endloop
  endfacet
  facet normal 0 1 0
    outer loop
      vertex 2.217444482178185 4 40.44107713148302
      vertex 2.391771452281811 4 45.77424707819554
      vertex 2.242595290723115 4 40.18571668694022
    endloop
  endfacet
  facet normal 0 1 0
    outer loop
      vertex 2.217444482178185 4 40.44107713148302
      vertex 2.0887870286167542 4 40.86520391616206
      vertex 2.391771452281811 4 45.77424707819554
    endloop
  endfacet
  facet normal 0 1 0
    outer loop
      vertex 1.2193145126008016 4 46.12990800252019
      vertex 2.391771452281811 4 45.77424707819554
      vertex 1.5986883791814732 4 41.598688379181475
    endloop
  endfacet
  facet normal 0 1 0
    outer loop
      vertex 2.391771452281811 4 34.22575292180446
      vertex 2.391771452281811 4 45.77424707819554
      vertex 3.4723139563725134 4 34.80331492310909
    endloop
  endfacet
  facet normal 0 1 0
    outer loop
      vertex 2.391771452281811 4 45.77424707819554
      vertex 3.4723139563725134 4 45.19668507689091
      vertex 3.4723139563725134 4 34.80331492310909
    endloop
  endfacet
  facet normal 0 1 0
    outer loop
      vertex 3.4723139563725134 4 34.80331492310909
      vertex 3.4723139563725134 4 45.19668507689091
      vertex 4.419417382415922 4 35.58058261758408
    endloop
  endfacet
  facet normal 0 1 0
    outer loop
      vertex 3.4723139563725134 4 45.19668507689091
      vertex 4.419417382415922 4 44.41941738241592
      vertex 4.419417382415922 4 35.58058261758408
    endloop
  endfacet
  facet normal 0 1 0
    outer loop
      vertex 4.419417382415922 4 35.58058261758408
      vertex 4.419417382415922 4 44.41941738241592
      vertex 5.196685076890907 4 36.52768604362748
    endloop
  endfacet
  facet normal 0 1 0
    outer loop
      vertex 4.419417382415922 4 44.41941738241592
      vertex 5.196685076890907 4 43.47231395637252
      vertex 5.196685076890907 4 36.52768604362748
    endloop
  endfacet
  facet normal -0.09801714032956178 0 0.9951847266721967
    outer loop
      vertex 0 4 33.75
      vertex 1.2193145126008016 4 33.87009199747981
      vertex 1.2193145126008016 10 33.87009199747981
    endloop
  endfacet
  facet normal -0.2902846772544605 0 0.9569403357322094
    outer loop
      vertex 1.2193145126008016 4 33.87009199747981
      vertex 2.391771452281811 4 34.22575292180446
      vertex 2.391771452281811 10 34.22575292180446
    endloop
  endfacet
  facet normal -0.09801714032956178 0 -0.9951847266721967
    outer loop
      vertex 0 4 46.25
      vertex 0 10 46.25
      vertex 1.2193145126008016 4 46.12990800252019
    endloop
  endfacet
  facet normal -0.2902846772544605 0 -0.9569403357322094
    outer loop
      vertex 1.2193145126008016 4 46.12990800252019
      vertex 1.2193145126008016 10 46.12990800252019
      vertex 2.391771452281811 4 45.77424707819554
    endloop
  endfacet
  facet normal -0.09801714032956178 0 0.9951847266721967
    outer loop
      vertex 0 4 33.75
      vertex 1.2193145126008016 10 33.87009199747981
      vertex 0 10 33.75
    endloop
  endfacet
  facet normal -0.2902846772544605 0 0.9569403357322094
    outer loop
      vertex 1.2193145126008016 4 33.87009199747981
      vertex 2.391771452281811 10 34.22575292180446
      vertex 1.2193145126008016 10 33.87009199747981
    endloop
  endfacet
  facet normal -0.09801714032956178 0 -0.9951847266721967
    outer loop
      vertex 1.2193145126008016 4 46.12990800252019
      vertex 0 10 46.25
      vertex 1.2193145126008016 10 46.12990800252019
    endloop
  endfacet
  facet normal -0.2902846772544605 0 -0.9569403357322094
    outer loop
      vertex 2.391771452281811 4 45.77424707819554
      vertex 1.2193145126008016 10 46.12990800252019
      vertex 2.391771452281811 10 45.77424707819554
    endloop
  endfacet
  facet normal -0.47139673682599814 0 0.8819212643483548
    outer loop
      vertex 2.391771452281811 4 34.22575292180446
      vertex 3.4723139563725134 4 34.80331492310909
      vertex 3.4723139563725134 10 34.80331492310909
    endloop
  endfacet
  facet normal -0.6343932841636454 0 0.773010453362737
    outer loop
      vertex 3.4723139563725134 4 34.80331492310909
      vertex 4.419417382415922 4 35.58058261758408
      vertex 4.419417382415922 10 35.58058261758408
    endloop
  endfacet
  facet normal -0.7730104533627362 0 0.6343932841636465
    outer loop
      vertex 4.419417382415922 4 35.58058261758408
      vertex 5.196685076890907 4 36.52768604362748
      vertex 5.196685076890907 10 36.52768604362748
    endloop
  endfacet
  facet normal -0.47139673682599814 0 -0.8819212643483548
    outer loop
      vertex 2.391771452281811 4 45.77424707819554
      vertex 2.391771452281811 10 45.77424707819554
      vertex 3.4723139563725134 4 45.19668507689091
    endloop
  endfacet
  facet normal -0.6343932841636454 0 -0.773010453362737
    outer loop
      vertex 3.4723139563725134 4 45.19668507689091
      vertex 3.4723139563725134 10 45.19668507689091
      vertex 4.419417382415922 4 44.41941738241592
    endloop
  endfacet
  facet normal -0.7730104533627362 0 -0.6343932841636465
    outer loop
      vertex 4.419417382415922 4 44.41941738241592
      vertex 4.419417382415922 10 44.41941738241592
      vertex 5.196685076890907 4 43.47231395637252
    endloop
  endfacet
  facet normal -0.47139673682599814 0 0.8819212643483548
    outer loop
      vertex 2.391771452281811 4 34.22575292180446
      vertex 3.4723139563725134 10 34.80331492310909
      vertex 2.391771452281811 10 34.22575292180446
    endloop
  endfacet
  facet normal -0.6343932841636454 0 0.773010453362737
    outer loop
      vertex 3.4723139563725134 4 34.80331492310909
      vertex 4.419417382415922 10 35.58058261758408
      vertex 3.4723139563725134 10 34.80331492310909
    endloop
  endfacet
  facet normal -0.7730104533627362 0 0.6343932841636465
    outer loop
      vertex 4.419417382415922 4 35.58058261758408
      vertex 5.196685076890907 10 36.52768604362748
      vertex 4.419417382415922 10 35.58058261758408
    endloop
  endfacet
  facet normal -0.47139673682599814 0 -0.8819212643483548
    outer loop
      vertex 3.4723139563725134 4 45.19668507689091
      vertex 2.391771452281811 10 45.77424707819554
      vertex 3.4723139563725134 10 45.19668507689091
    endloop
  endfacet
  facet normal -0.6343932841636454 0 -0.773010453362737
    outer loop
      vertex 4.419417382415922 4 44.41941738241592
      vertex 3.4723139563725134 10 45.19668507689091
      vertex 4.419417382415922 10 44.41941738241592
    endloop
  endfacet
  facet normal -0.7730104533627362 0 -0.6343932841636465
    outer loop
      vertex 5.196685076890907 4 43.47231395637252
      vertex 4.419417382415922 10 44.41941738241592
      vertex 5.196685076890907 10 43.47231395637252
    endloop
  endfacet
  facet normal 0 1 0
    outer loop
      vertex 5.196685076890907 4 36.52768604362748
      vertex 5.196685076890907 4 43.47231395637252
      vertex 5.774247078195542 4 37.60822854771819
    endloop
  endfacet
  facet normal 0 1 0
    outer loop
      vertex 5.196685076890907 4 43.47231395637252
      vertex 5.774247078195542 4 42.39177145228181
      vertex 5.774247078195542 4 37.60822854771819
    endloop
  endfacet
  facet normal 0 1 0
    outer loop
      vertex 5.774247078195542 4 37.60822854771819
      vertex 5.774247078195542 4 42.39177145228181
      vertex 6.129908002520191 4 38.7806854873992
    endloop
  endfacet
  facet normal 0 1 0
    outer loop
      vertex 6.129908002520191 4 38.7806854873992
      vertex 6.129908002520191 4 41.2193145126008
      vertex 6.25 4 40
    endloop
  endfacet
  facet normal 0 1 0
    outer loop
      vertex 6.129908002520191 4 38.7806854873992
      vertex 5.774247078195542 4 42.39177145228181
      vertex 6.129908002520191 4 41.2193145126008
    endloop
  endfacet
  facet normal -0.8819212643483558 0 0.47139673682599614
    outer loop
      vertex 5.196685076890907 4 36.52768604362748
      vertex 5.774247078195542 4 37.60822854771819
      vertex 5.774247078195542 10 37.60822854771819
    endloop
  endfacet
  facet normal -0.8819212643483558 0 -0.47139673682599614
    outer loop
      vertex 5.196685076890907 4 43.47231395637252
      vertex 5.196685076890907 10 43.47231395637252
      vertex 5.774247078195542 4 42.39177145228181
    endloop
  endfacet
  facet normal -0.9569403357322085 0 0.2902846772544634
    outer loop
      vertex 5.774247078195542 4 37.60822854771819
      vertex 6.129908002520191 4 38.7806854873992
      vertex 6.129908002520191 10 38.7806854873992
    endloop
  endfacet
  facet normal -0.9951847266721969 0 0.0980171403295602
    outer loop
      vertex 6.129908002520191 4 38.7806854873992
      vertex 6.25 4 40
      vertex 6.25 10 40
    endloop
  endfacet
  facet normal -0.9569403357322085 0 -0.2902846772544634
    outer loop
      vertex 5.774247078195542 4 42.39177145228181
      vertex 5.774247078195542 10 42.39177145228181
      vertex 6.129908002520191 4 41.2193145126008
    endloop
  endfacet
  facet normal -0.9951847266721969 0 -0.0980171403295602
    outer loop
      vertex 6.25 4 40
      vertex 6.129908002520191 4 41.2193145126008
      vertex 6.129908002520191 10 41.2193145126008
    endloop
  endfacet
  facet normal -0.8819212643483558 0 0.47139673682599614
    outer loop
      vertex 5.196685076890907 4 36.52768604362748
      vertex 5.774247078195542 10 37.60822854771819
      vertex 5.196685076890907 10 36.52768604362748
    endloop
  endfacet
  facet normal -0.8819212643483558 0 -0.47139673682599614
    outer loop
      vertex 5.774247078195542 4 42.39177145228181
      vertex 5.196685076890907 10 43.47231395637252
      vertex 5.774247078195542 10 42.39177145228181
    endloop
  endfacet
  facet normal -0.9569403357322085 0 0.2902846772544634
    outer loop
      vertex 5.774247078195542 4 37.60822854771819
      vertex 6.129908002520191 10 38.7806854873992
      vertex 5.774247078195542 10 37.60822854771819
    endloop
  endfacet
  facet normal -0.9951847266721969 0 0.0980171403295602
    outer loop
      vertex 6.129908002520191 4 38.7806854873992
      vertex 6.25 10 40
      vertex 6.129908002520191 10 38.7806854873992
    endloop
  endfacet
  facet normal -0.9951847266721969 0 -0.0980171403295602
    outer loop
      vertex 6.25 4 40
      vertex 6.129908002520191 10 41.2193145126008
      vertex 6.25 10 40
    endloop
  endfacet
  facet normal -0.9569403357322085 0 -0.2902846772544634
    outer loop
      vertex 6.129908002520191 4 41.2193145126008
      vertex 5.774247078195542 10 42.39177145228181
      vertex 6.129908002520191 10 41.2193145126008
    endloop
  endfacet
  facet normal 0.9951847266721969 0 0.0980171403295602
    outer loop
      vertex -6.129908002520191 -4 -41.2193145126008
      vertex -6.25 -10 -40
      vertex -6.129908002520191 -10 -41.2193145126008
    endloop
  endfacet
  facet normal 0.9569403357322085 0 0.2902846772544634
    outer loop
      vertex -5.774247078195542 -4 -42.39177145228181
      vertex -6.129908002520191 -10 -41.2193145126008
      vertex -5.774247078195542 -10 -42.39177145228181
    endloop
  endfacet
  facet normal 0.9951847266721969 0 -0.0980171403295602
    outer loop
      vertex -6.25 -4 -40
      vertex -6.129908002520191 -10 -38.7806854873992
      vertex -6.25 -10 -40
    endloop
  endfacet
  facet normal 0.9569403357322085 0 -0.2902846772544634
    outer loop
      vertex -6.129908002520191 -4 -38.7806854873992
      vertex -5.774247078195542 -10 -37.60822854771819
      vertex -6.129908002520191 -10 -38.7806854873992
    endloop
  endfacet
  facet normal 0.8819212643483558 0 0.47139673682599614
    outer loop
      vertex -5.196685076890907 -4 -43.47231395637252
      vertex -5.774247078195542 -10 -42.39177145228181
      vertex -5.196685076890907 -10 -43.47231395637252
    endloop
  endfacet
  facet normal 0.8819212643483558 0 -0.47139673682599614
    outer loop
      vertex -5.774247078195542 -4 -37.60822854771819
      vertex -5.196685076890907 -10 -36.52768604362748
      vertex -5.774247078195542 -10 -37.60822854771819
    endloop
  endfacet
  facet normal 0.9569403357322085 0 0.2902846772544634
    outer loop
      vertex -6.129908002520191 -4 -41.2193145126008
      vertex -6.129908002520191 -10 -41.2193145126008
      vertex -5.774247078195542 -4 -42.39177145228181
    endloop
  endfacet
  facet normal 0.9951847266721969 0 0.0980171403295602
    outer loop
      vertex -6.129908002520191 -4 -41.2193145126008
      vertex -6.25 -4 -40
      vertex -6.25 -10 -40
    endloop
  endfacet
  facet normal 0.9951847266721969 0 -0.0980171403295602
    outer loop
      vertex -6.25 -4 -40
      vertex -6.129908002520191 -4 -38.7806854873992
      vertex -6.129908002520191 -10 -38.7806854873992
    endloop
  endfacet
  facet normal 0.9569403357322085 0 -0.2902846772544634
    outer loop
      vertex -6.129908002520191 -4 -38.7806854873992
      vertex -5.774247078195542 -4 -37.60822854771819
      vertex -5.774247078195542 -10 -37.60822854771819
    endloop
  endfacet
  facet normal 0.8819212643483558 0 0.47139673682599614
    outer loop
      vertex -5.774247078195542 -4 -42.39177145228181
      vertex -5.774247078195542 -10 -42.39177145228181
      vertex -5.196685076890907 -4 -43.47231395637252
    endloop
  endfacet
  facet normal 0.8819212643483558 0 -0.47139673682599614
    outer loop
      vertex -5.774247078195542 -4 -37.60822854771819
      vertex -5.196685076890907 -4 -36.52768604362748
      vertex -5.196685076890907 -10 -36.52768604362748
    endloop
  endfacet
  facet normal 0 -1 0
    outer loop
      vertex -6.129908002520191 -4 -41.2193145126008
      vertex -6.129908002520191 -4 -38.7806854873992
      vertex -6.25 -4 -40
    endloop
  endfacet
  facet normal 0 -1 0
    outer loop
      vertex -6.129908002520191 -4 -41.2193145126008
      vertex -5.774247078195542 -4 -37.60822854771819
      vertex -6.129908002520191 -4 -38.7806854873992
    endloop
  endfacet
  facet normal 0 -1 0
    outer loop
      vertex -6.129908002520191 -4 -41.2193145126008
      vertex -5.774247078195542 -4 -42.39177145228181
      vertex -5.774247078195542 -4 -37.60822854771819
    endloop
  endfacet
  facet normal 0 -1 0
    outer loop
      vertex -5.774247078195542 -4 -42.39177145228181
      vertex -5.196685076890907 -4 -43.47231395637252
      vertex -5.196685076890907 -4 -36.52768604362748
    endloop
  endfacet
  facet normal 0 -1 0
    outer loop
      vertex -5.774247078195542 -4 -42.39177145228181
      vertex -5.196685076890907 -4 -36.52768604362748
      vertex -5.774247078195542 -4 -37.60822854771819
    endloop
  endfacet
  facet normal 0.7730104533627362 0 0.6343932841636465
    outer loop
      vertex -4.419417382415922 -4 -44.41941738241592
      vertex -5.196685076890907 -10 -43.47231395637252
      vertex -4.419417382415922 -10 -44.41941738241592
    endloop
  endfacet
  facet normal 0.6343932841636454 0 0.773010453362737
    outer loop
      vertex -3.4723139563725134 -4 -45.19668507689091
      vertex -4.419417382415922 -10 -44.41941738241592
      vertex -3.4723139563725134 -10 -45.19668507689091
    endloop
  endfacet
  facet normal 0.47139673682599814 0 0.8819212643483548
    outer loop
      vertex -2.391771452281811 -4 -45.77424707819554
      vertex -3.4723139563725134 -10 -45.19668507689091
      vertex -2.391771452281811 -10 -45.77424707819554
    endloop
  endfacet
  facet normal 0.7730104533627362 0 -0.6343932841636465
    outer loop
      vertex -5.196685076890907 -4 -36.52768604362748
      vertex -4.419417382415922 -10 -35.58058261758408
      vertex -5.196685076890907 -10 -36.52768604362748
    endloop
  endfacet
  facet normal 0.6343932841636454 0 -0.773010453362737
    outer loop
      vertex -4.419417382415922 -4 -35.58058261758408
      vertex -3.4723139563725134 -10 -34.80331492310909
      vertex -4.419417382415922 -10 -35.58058261758408
    endloop
  endfacet
  facet normal 0.47139673682599814 0 -0.8819212643483548
    outer loop
      vertex -3.4723139563725134 -4 -34.80331492310909
      vertex -2.391771452281811 -10 -34.22575292180446
      vertex -3.4723139563725134 -10 -34.80331492310909
    endloop
  endfacet
  facet normal 0.7730104533627362 0 0.6343932841636465
    outer loop
      vertex -5.196685076890907 -4 -43.47231395637252
      vertex -5.196685076890907 -10 -43.47231395637252
      vertex -4.419417382415922 -4 -44.41941738241592
    endloop
  endfacet
  facet normal 0.6343932841636454 0 0.773010453362737
    outer loop
      vertex -4.419417382415922 -4 -44.41941738241592
      vertex -4.419417382415922 -10 -44.41941738241592
      vertex -3.4723139563725134 -4 -45.19668507689091
    endloop
  endfacet
  facet normal 0.47139673682599814 0 0.8819212643483548
    outer loop
      vertex -3.4723139563725134 -4 -45.19668507689091
      vertex -3.4723139563725134 -10 -45.19668507689091
      vertex -2.391771452281811 -4 -45.77424707819554
    endloop
  endfacet
  facet normal 0.7730104533627362 0 -0.6343932841636465
    outer loop
      vertex -5.196685076890907 -4 -36.52768604362748
      vertex -4.419417382415922 -4 -35.58058261758408
      vertex -4.419417382415922 -10 -35.58058261758408
    endloop
  endfacet
  facet normal 0.6343932841636454 0 -0.773010453362737
    outer loop
      vertex -4.419417382415922 -4 -35.58058261758408
      vertex -3.4723139563725134 -4 -34.80331492310909
      vertex -3.4723139563725134 -10 -34.80331492310909
    endloop
  endfacet
  facet normal 0.47139673682599814 0 -0.8819212643483548
    outer loop
      vertex -3.4723139563725134 -4 -34.80331492310909
      vertex -2.391771452281811 -4 -34.22575292180446
      vertex -2.391771452281811 -10 -34.22575292180446
    endloop
  endfacet
  facet normal 0.2902846772544605 0 0.9569403357322094
    outer loop
      vertex -1.2193145126008016 -4 -46.12990800252019
      vertex -2.391771452281811 -10 -45.77424707819554
      vertex -1.2193145126008016 -10 -46.12990800252019
    endloop
  endfacet
  facet normal 0.09801714032956178 0 0.9951847266721967
    outer loop
      vertex 0 -4 -46.25
      vertex -1.2193145126008016 -10 -46.12990800252019
      vertex 0 -10 -46.25
    endloop
  endfacet
  facet normal 0.2902846772544605 0 -0.9569403357322094
    outer loop
      vertex -2.391771452281811 -4 -34.22575292180446
      vertex -1.2193145126008016 -10 -33.87009199747981
      vertex -2.391771452281811 -10 -34.22575292180446
    endloop
  endfacet
  facet normal 0.09801714032956178 0 -0.9951847266721967
    outer loop
      vertex -1.2193145126008016 -4 -33.87009199747981
      vertex 0 -10 -33.75
      vertex -1.2193145126008016 -10 -33.87009199747981
    endloop
  endfacet
  facet normal 0.2902846772544605 0 0.9569403357322094
    outer loop
      vertex -2.391771452281811 -4 -45.77424707819554
      vertex -2.391771452281811 -10 -45.77424707819554
      vertex -1.2193145126008016 -4 -46.12990800252019
    endloop
  endfacet
  facet normal 0.09801714032956178 0 0.9951847266721967
    outer loop
      vertex -1.2193145126008016 -4 -46.12990800252019
      vertex -1.2193145126008016 -10 -46.12990800252019
      vertex 0 -4 -46.25
    endloop
  endfacet
  facet normal 0.2902846772544605 0 -0.9569403357322094
    outer loop
      vertex -2.391771452281811 -4 -34.22575292180446
      vertex -1.2193145126008016 -4 -33.87009199747981
      vertex -1.2193145126008016 -10 -33.87009199747981
    endloop
  endfacet
  facet normal 0.09801714032956178 0 -0.9951847266721967
    outer loop
      vertex -1.2193145126008016 -4 -33.87009199747981
      vertex 0 -4 -33.75
      vertex 0 -10 -33.75
    endloop
  endfacet
  facet normal 0 -1 0
    outer loop
      vertex -5.196685076890907 -4 -43.47231395637252
      vertex -4.419417382415922 -4 -44.41941738241592
      vertex -4.419417382415922 -4 -35.58058261758408
    endloop
  endfacet
  facet normal 0 -1 0
    outer loop
      vertex -5.196685076890907 -4 -43.47231395637252
      vertex -4.419417382415922 -4 -35.58058261758408
      vertex -5.196685076890907 -4 -36.52768604362748
    endloop
  endfacet
  facet normal 0 -1 0
    outer loop
      vertex -4.419417382415922 -4 -44.41941738241592
      vertex -3.4723139563725134 -4 -45.19668507689091
      vertex -3.4723139563725134 -4 -34.80331492310909
    endloop
  endfacet
  facet normal 0 -1 0
    outer loop
      vertex -4.419417382415922 -4 -44.41941738241592
      vertex -3.4723139563725134 -4 -34.80331492310909
      vertex -4.419417382415922 -4 -35.58058261758408
    endloop
  endfacet
  facet normal 0 -1 0
    outer loop
      vertex -3.4723139563725134 -4 -45.19668507689091
      vertex -2.391771452281811 -4 -45.77424707819554
      vertex -2.391771452281811 -4 -34.22575292180446
    endloop
  endfacet
  facet normal 0 -1 0
    outer loop
      vertex -3.4723139563725134 -4 -45.19668507689091
      vertex -2.391771452281811 -4 -34.22575292180446
      vertex -3.4723139563725134 -4 -34.80331492310909
    endloop
  endfacet
  facet normal 0 -1 0
    outer loop
      vertex -2.391771452281811 -4 -45.77424707819554
      vertex -1.2193145126008016 -4 -46.12990800252019
      vertex -1.2560813995549314 -4 -41.879858660950845
    endloop
  endfacet
  facet normal 0 -1 0
    outer loop
      vertex -2.391771452281811 -4 -45.77424707819554
      vertex -2.0887870286167542 -4 -40.86520391616206
      vertex -2.217444482178185 -4 -40.44107713148302
    endloop
  endfacet
  facet normal 0 -1 0
    outer loop
      vertex -2.391771452281811 -4 -45.77424707819554
      vertex -2.217444482178185 -4 -40.44107713148302
      vertex -2.2608867878467005 -4 -40
    endloop
  endfacet
  facet normal 0 -1 0
    outer loop
      vertex -2.391771452281811 -4 -45.77424707819554
      vertex -1.879858660950843 -4 -41.25608139955493
      vertex -2.0887870286167542 -4 -40.86520391616206
    endloop
  endfacet
  facet normal 0 -1 0
    outer loop
      vertex -2.391771452281811 -4 -45.77424707819554
      vertex -1.5986883791814732 -4 -41.598688379181475
      vertex -1.879858660950843 -4 -41.25608139955493
    endloop
  endfacet
  facet normal 0 -1 0
    outer loop
      vertex -2.391771452281811 -4 -45.77424707819554
      vertex -2.2608867878467005 -4 -40
      vertex -2.391771452281811 -4 -34.22575292180446
    endloop
  endfacet
  facet normal 0 -1 0
    outer loop
      vertex -2.2608867878467005 -4 -40
      vertex -2.242595290723115 -4 -39.81428331305978
      vertex -2.391771452281811 -4 -34.22575292180446
    endloop
  endfacet
  facet normal 0 -1 0
    outer loop
      vertex -2.242595290723115 -4 -39.81428331305978
      vertex -2.217444482178185 -4 -39.55892286851698
      vertex -2.391771452281811 -4 -34.22575292180446
    endloop
  endfacet
  facet normal 0 -1 0
    outer loop
      vertex -2.217444482178185 -4 -39.55892286851698
      vertex -2.0887870286167542 -4 -39.13479608383794
      vertex -2.391771452281811 -4 -34.22575292180446
    endloop
  endfacet
  facet normal 0 -1 0
    outer loop
      vertex -2.391771452281811 -4 -45.77424707819554
      vertex -1.2560813995549314 -4 -41.879858660950845
      vertex -1.5986883791814732 -4 -41.598688379181475
    endloop
  endfacet
  facet normal 0 -1 0
    outer loop
      vertex -1.2193145126008016 -4 -46.12990800252019
      vertex 0 -4 -46.25
      vertex 0 -4 -42.2608867878467
    endloop
  endfacet
  facet normal 0 -1 0
    outer loop
      vertex -1.2193145126008016 -4 -46.12990800252019
      vertex -0.8652039161620579 -4 -42.08878702861676
      vertex -1.2560813995549314 -4 -41.879858660950845
    endloop
  endfacet
  facet normal 0 -1 0
    outer loop
      vertex -1.2193145126008016 -4 -46.12990800252019
      vertex -0.44107713148302263 -4 -42.21744448217819
      vertex -0.8652039161620579 -4 -42.08878702861676
    endloop
  endfacet
  facet normal 0 -1 0
    outer loop
      vertex -1.2193145126008016 -4 -46.12990800252019
      vertex 0 -4 -42.2608867878467
      vertex -0.44107713148302263 -4 -42.21744448217819
    endloop
  endfacet
  facet normal 0 -1 0
    outer loop
      vertex -2.0887870286167542 -4 -39.13479608383794
      vertex -1.879858660950843 -4 -38.74391860044507
      vertex -2.391771452281811 -4 -34.22575292180446
    endloop
  endfacet
  facet normal 0 -1 0
    outer loop
      vertex -1.879858660950843 -4 -38.74391860044507
      vertex -1.5986883791814732 -4 -38.401311620818525
      vertex -2.391771452281811 -4 -34.22575292180446
    endloop
  endfacet
  facet normal 0 -1 0
    outer loop
      vertex -1.5986883791814732 -4 -38.401311620818525
      vertex -1.2193145126008016 -4 -33.87009199747981
      vertex -2.391771452281811 -4 -34.22575292180446
    endloop
  endfacet
  facet normal 0 -1 0
    outer loop
      vertex -1.5986883791814732 -4 -38.401311620818525
      vertex -1.2560813995549314 -4 -38.120141339049155
      vertex -1.2193145126008016 -4 -33.87009199747981
    endloop
  endfacet
  facet normal 0 -1 0
    outer loop
      vertex -1.2560813995549314 -4 -38.120141339049155
      vertex -0.8652039161620579 -4 -37.91121297138324
      vertex -1.2193145126008016 -4 -33.87009199747981
    endloop
  endfacet
  facet normal 0 -1 0
    outer loop
      vertex -0.8652039161620579 -4 -37.91121297138324
      vertex -0.44107713148302263 -4 -37.78255551782181
      vertex -1.2193145126008016 -4 -33.87009199747981
    endloop
  endfacet
  facet normal 0 -1 0
    outer loop
      vertex -0.44107713148302263 -4 -37.78255551782181
      vertex 0 -4 -37.7391132121533
      vertex -1.2193145126008016 -4 -33.87009199747981
    endloop
  endfacet
  facet normal 0 -1 0
    outer loop
      vertex -1.2193145126008016 -4 -33.87009199747981
      vertex 0 -4 -37.7391132121533
      vertex 0 -4 -33.75
    endloop
  endfacet
  facet normal -0.09801714032956178 0 0.9951847266721967
    outer loop
      vertex 1.2193145126008016 -4 -46.12990800252019
      vertex 0 -10 -46.25
      vertex 1.2193145126008016 -10 -46.12990800252019
    endloop
  endfacet
  facet normal -0.2902846772544605 0 0.9569403357322094
    outer loop
      vertex 2.391771452281811 -4 -45.77424707819554
      vertex 1.2193145126008016 -10 -46.12990800252019
      vertex 2.391771452281811 -10 -45.77424707819554
    endloop
  endfacet
  facet normal -0.09801714032956178 0 -0.9951847266721967
    outer loop
      vertex 0 -4 -33.75
      vertex 1.2193145126008016 -10 -33.87009199747981
      vertex 0 -10 -33.75
    endloop
  endfacet
  facet normal -0.2902846772544605 0 -0.9569403357322094
    outer loop
      vertex 1.2193145126008016 -4 -33.87009199747981
      vertex 2.391771452281811 -10 -34.22575292180446
      vertex 1.2193145126008016 -10 -33.87009199747981
    endloop
  endfacet
  facet normal -0.09801714032956178 0 0.9951847266721967
    outer loop
      vertex 0 -4 -46.25
      vertex 0 -10 -46.25
      vertex 1.2193145126008016 -4 -46.12990800252019
    endloop
  endfacet
  facet normal -0.2902846772544605 0 0.9569403357322094
    outer loop
      vertex 1.2193145126008016 -4 -46.12990800252019
      vertex 1.2193145126008016 -10 -46.12990800252019
      vertex 2.391771452281811 -4 -45.77424707819554
    endloop
  endfacet
  facet normal -0.09801714032956178 0 -0.9951847266721967
    outer loop
      vertex 0 -4 -33.75
      vertex 1.2193145126008016 -4 -33.87009199747981
      vertex 1.2193145126008016 -10 -33.87009199747981
    endloop
  endfacet
  facet normal -0.2902846772544605 0 -0.9569403357322094
    outer loop
      vertex 1.2193145126008016 -4 -33.87009199747981
      vertex 2.391771452281811 -4 -34.22575292180446
      vertex 2.391771452281811 -10 -34.22575292180446
    endloop
  endfacet
  facet normal -0.47139673682599814 0 0.8819212643483548
    outer loop
      vertex 3.4723139563725134 -4 -45.19668507689091
      vertex 2.391771452281811 -10 -45.77424707819554
      vertex 3.4723139563725134 -10 -45.19668507689091
    endloop
  endfacet
  facet normal -0.6343932841636454 0 0.773010453362737
    outer loop
      vertex 4.419417382415922 -4 -44.41941738241592
      vertex 3.4723139563725134 -10 -45.19668507689091
      vertex 4.419417382415922 -10 -44.41941738241592
    endloop
  endfacet
  facet normal -0.7730104533627362 0 0.6343932841636465
    outer loop
      vertex 5.196685076890907 -4 -43.47231395637252
      vertex 4.419417382415922 -10 -44.41941738241592
      vertex 5.196685076890907 -10 -43.47231395637252
    endloop
  endfacet
  facet normal -0.47139673682599814 0 -0.8819212643483548
    outer loop
      vertex 2.391771452281811 -4 -34.22575292180446
      vertex 3.4723139563725134 -10 -34.80331492310909
      vertex 2.391771452281811 -10 -34.22575292180446
    endloop
  endfacet
  facet normal -0.6343932841636454 0 -0.773010453362737
    outer loop
      vertex 3.4723139563725134 -4 -34.80331492310909
      vertex 4.419417382415922 -10 -35.58058261758408
      vertex 3.4723139563725134 -10 -34.80331492310909
    endloop
  endfacet
  facet normal -0.7730104533627362 0 -0.6343932841636465
    outer loop
      vertex 4.419417382415922 -4 -35.58058261758408
      vertex 5.196685076890907 -10 -36.52768604362748
      vertex 4.419417382415922 -10 -35.58058261758408
    endloop
  endfacet
  facet normal -0.47139673682599814 0 0.8819212643483548
    outer loop
      vertex 2.391771452281811 -4 -45.77424707819554
      vertex 2.391771452281811 -10 -45.77424707819554
      vertex 3.4723139563725134 -4 -45.19668507689091
    endloop
  endfacet
  facet normal -0.6343932841636454 0 0.773010453362737
    outer loop
      vertex 3.4723139563725134 -4 -45.19668507689091
      vertex 3.4723139563725134 -10 -45.19668507689091
      vertex 4.419417382415922 -4 -44.41941738241592
    endloop
  endfacet
  facet normal -0.7730104533627362 0 0.6343932841636465
    outer loop
      vertex 4.419417382415922 -4 -44.41941738241592
      vertex 4.419417382415922 -10 -44.41941738241592
      vertex 5.196685076890907 -4 -43.47231395637252
    endloop
  endfacet
  facet normal -0.47139673682599814 0 -0.8819212643483548
    outer loop
      vertex 2.391771452281811 -4 -34.22575292180446
      vertex 3.4723139563725134 -4 -34.80331492310909
      vertex 3.4723139563725134 -10 -34.80331492310909
    endloop
  endfacet
  facet normal -0.6343932841636454 0 -0.773010453362737
    outer loop
      vertex 3.4723139563725134 -4 -34.80331492310909
      vertex 4.419417382415922 -4 -35.58058261758408
      vertex 4.419417382415922 -10 -35.58058261758408
    endloop
  endfacet
  facet normal -0.7730104533627362 0 -0.6343932841636465
    outer loop
      vertex 4.419417382415922 -4 -35.58058261758408
      vertex 5.196685076890907 -4 -36.52768604362748
      vertex 5.196685076890907 -10 -36.52768604362748
    endloop
  endfacet
  facet normal 0 -1 0
    outer loop
      vertex 0 -4 -46.25
      vertex 1.2193145126008016 -4 -46.12990800252019
      vertex 0 -4 -42.2608867878467
    endloop
  endfacet
  facet normal 0 -1 0
    outer loop
      vertex 0 -4 -42.2608867878467
      vertex 1.2193145126008016 -4 -46.12990800252019
      vertex 0.44107713148302263 -4 -42.21744448217819
    endloop
  endfacet
  facet normal 0 -1 0
    outer loop
      vertex 0.44107713148302263 -4 -42.21744448217819
      vertex 1.2193145126008016 -4 -46.12990800252019
      vertex 0.8652039161620579 -4 -42.08878702861676
    endloop
  endfacet
  facet normal 0 -1 0
    outer loop
      vertex 0.8652039161620579 -4 -42.08878702861676
      vertex 1.2193145126008016 -4 -46.12990800252019
      vertex 1.2560813995549314 -4 -41.879858660950845
    endloop
  endfacet
  facet normal 0 -1 0
    outer loop
      vertex 1.2193145126008016 -4 -46.12990800252019
      vertex 2.391771452281811 -4 -45.77424707819554
      vertex 1.5986883791814732 -4 -41.598688379181475
    endloop
  endfacet
  facet normal 0 -1 0
    outer loop
      vertex 1.2193145126008016 -4 -46.12990800252019
      vertex 1.5986883791814732 -4 -41.598688379181475
      vertex 1.2560813995549314 -4 -41.879858660950845
    endloop
  endfacet
  facet normal 0 -1 0
    outer loop
      vertex 1.5986883791814732 -4 -41.598688379181475
      vertex 2.391771452281811 -4 -45.77424707819554
      vertex 1.879858660950843 -4 -41.25608139955493
    endloop
  endfacet
  facet normal 0 -1 0
    outer loop
      vertex 1.879858660950843 -4 -41.25608139955493
      vertex 2.391771452281811 -4 -45.77424707819554
      vertex 2.0887870286167542 -4 -40.86520391616206
    endloop
  endfacet
  facet normal 0 -1 0
    outer loop
      vertex 2.0887870286167542 -4 -40.86520391616206
      vertex 2.391771452281811 -4 -45.77424707819554
      vertex 2.217444482178185 -4 -40.44107713148302
    endloop
  endfacet
  facet normal 0 -1 0
    outer loop
      vertex 2.217444482178185 -4 -40.44107713148302
      vertex 2.391771452281811 -4 -45.77424707819554
      vertex 2.2608867878467005 -4 -40
    endloop
  endfacet
  facet normal 0 -1 0
    outer loop
      vertex 2.2608867878467005 -4 -40
      vertex 2.391771452281811 -4 -45.77424707819554
      vertex 2.391771452281811 -4 -34.22575292180446
    endloop
  endfacet
  facet normal 0 -1 0
    outer loop
      vertex 2.0887870286167542 -4 -39.13479608383794
      vertex 2.217444482178185 -4 -39.55892286851698
      vertex 2.391771452281811 -4 -34.22575292180446
    endloop
  endfacet
  facet normal 0 -1 0
    outer loop
      vertex 2.217444482178185 -4 -39.55892286851698
      vertex 2.2608867878467005 -4 -40
      vertex 2.391771452281811 -4 -34.22575292180446
    endloop
  endfacet
  facet normal 0 -1 0
    outer loop
      vertex 0 -4 -37.7391132121533
      vertex 0.44107713148302263 -4 -37.78255551782181
      vertex 1.2193145126008016 -4 -33.87009199747981
    endloop
  endfacet
  facet normal 0 -1 0
    outer loop
      vertex 0 -4 -37.7391132121533
      vertex 1.2193145126008016 -4 -33.87009199747981
      vertex 0 -4 -33.75
    endloop
  endfacet
  facet normal 0 -1 0
    outer loop
      vertex 0.44107713148302263 -4 -37.78255551782181
      vertex 0.8652039161620579 -4 -37.91121297138324
      vertex 1.2193145126008016 -4 -33.87009199747981
    endloop
  endfacet
  facet normal 0 -1 0
    outer loop
      vertex 0.8652039161620579 -4 -37.91121297138324
      vertex 1.2560813995549314 -4 -38.120141339049155
      vertex 1.2193145126008016 -4 -33.87009199747981
    endloop
  endfacet
  facet normal 0 -1 0
    outer loop
      vertex 1.2560813995549314 -4 -38.120141339049155
      vertex 1.5986883791814732 -4 -38.401311620818525
      vertex 2.391771452281811 -4 -34.22575292180446
    endloop
  endfacet
  facet normal 0 -1 0
    outer loop
      vertex 1.2560813995549314 -4 -38.120141339049155
      vertex 2.391771452281811 -4 -34.22575292180446
      vertex 1.2193145126008016 -4 -33.87009199747981
    endloop
  endfacet
  facet normal 0 -1 0
    outer loop
      vertex 1.5986883791814732 -4 -38.401311620818525
      vertex 1.879858660950843 -4 -38.74391860044507
      vertex 2.391771452281811 -4 -34.22575292180446
    endloop
  endfacet
  facet normal 0 -1 0
    outer loop
      vertex 1.879858660950843 -4 -38.74391860044507
      vertex 2.0887870286167542 -4 -39.13479608383794
      vertex 2.391771452281811 -4 -34.22575292180446
    endloop
  endfacet
  facet normal 0 -1 0
    outer loop
      vertex 2.391771452281811 -4 -45.77424707819554
      vertex 3.4723139563725134 -4 -45.19668507689091
      vertex 3.4723139563725134 -4 -34.80331492310909
    endloop
  endfacet
  facet normal 0 -1 0
    outer loop
      vertex 2.391771452281811 -4 -45.77424707819554
      vertex 3.4723139563725134 -4 -34.80331492310909
      vertex 2.391771452281811 -4 -34.22575292180446
    endloop
  endfacet
  facet normal 0 -1 0
    outer loop
      vertex 3.4723139563725134 -4 -45.19668507689091
      vertex 4.419417382415922 -4 -44.41941738241592
      vertex 4.419417382415922 -4 -35.58058261758408
    endloop
  endfacet
  facet normal 0 -1 0
    outer loop
      vertex 3.4723139563725134 -4 -45.19668507689091
      vertex 4.419417382415922 -4 -35.58058261758408
      vertex 3.4723139563725134 -4 -34.80331492310909
    endloop
  endfacet
  facet normal 0 -1 0
    outer loop
      vertex 4.419417382415922 -4 -44.41941738241592
      vertex 5.196685076890907 -4 -43.47231395637252
      vertex 5.196685076890907 -4 -36.52768604362748
    endloop
  endfacet
  facet normal 0 -1 0
    outer loop
      vertex 4.419417382415922 -4 -44.41941738241592
      vertex 5.196685076890907 -4 -36.52768604362748
      vertex 4.419417382415922 -4 -35.58058261758408
    endloop
  endfacet
  facet normal -0.8819212643483558 0 0.47139673682599614
    outer loop
      vertex 5.774247078195542 -4 -42.39177145228181
      vertex 5.196685076890907 -10 -43.47231395637252
      vertex 5.774247078195542 -10 -42.39177145228181
    endloop
  endfacet
  facet normal -0.9569403357322085 0 0.2902846772544634
    outer loop
      vertex 6.129908002520191 -4 -41.2193145126008
      vertex 5.774247078195542 -10 -42.39177145228181
      vertex 6.129908002520191 -10 -41.2193145126008
    endloop
  endfacet
  facet normal -0.9569403357322085 0 -0.2902846772544634
    outer loop
      vertex 5.774247078195542 -4 -37.60822854771819
      vertex 6.129908002520191 -10 -38.7806854873992
      vertex 5.774247078195542 -10 -37.60822854771819
    endloop
  endfacet
  facet normal -0.9951847266721969 0 0.0980171403295602
    outer loop
      vertex 6.25 -4 -40
      vertex 6.129908002520191 -10 -41.2193145126008
      vertex 6.25 -10 -40
    endloop
  endfacet
  facet normal -0.9951847266721969 0 -0.0980171403295602
    outer loop
      vertex 6.129908002520191 -4 -38.7806854873992
      vertex 6.25 -10 -40
      vertex 6.129908002520191 -10 -38.7806854873992
    endloop
  endfacet
  facet normal -0.8819212643483558 0 -0.47139673682599614
    outer loop
      vertex 5.196685076890907 -4 -36.52768604362748
      vertex 5.774247078195542 -10 -37.60822854771819
      vertex 5.196685076890907 -10 -36.52768604362748
    endloop
  endfacet
  facet normal -0.8819212643483558 0 0.47139673682599614
    outer loop
      vertex 5.196685076890907 -4 -43.47231395637252
      vertex 5.196685076890907 -10 -43.47231395637252
      vertex 5.774247078195542 -4 -42.39177145228181
    endloop
  endfacet
  facet normal -0.9569403357322085 0 0.2902846772544634
    outer loop
      vertex 5.774247078195542 -4 -42.39177145228181
      vertex 5.774247078195542 -10 -42.39177145228181
      vertex 6.129908002520191 -4 -41.2193145126008
    endloop
  endfacet
  facet normal -0.9951847266721969 0 0.0980171403295602
    outer loop
      vertex 6.129908002520191 -4 -41.2193145126008
      vertex 6.129908002520191 -10 -41.2193145126008
      vertex 6.25 -4 -40
    endloop
  endfacet
  facet normal -0.9951847266721969 0 -0.0980171403295602
    outer loop
      vertex 6.25 -4 -40
      vertex 6.25 -10 -40
      vertex 6.129908002520191 -4 -38.7806854873992
    endloop
  endfacet
  facet normal -0.9569403357322085 0 -0.2902846772544634
    outer loop
      vertex 5.774247078195542 -4 -37.60822854771819
      vertex 6.129908002520191 -4 -38.7806854873992
      vertex 6.129908002520191 -10 -38.7806854873992
    endloop
  endfacet
  facet normal -0.8819212643483558 0 -0.47139673682599614
    outer loop
      vertex 5.196685076890907 -4 -36.52768604362748
      vertex 5.774247078195542 -4 -37.60822854771819
      vertex 5.774247078195542 -10 -37.60822854771819
    endloop
  endfacet
  facet normal 0 -1 0
    outer loop
      vertex 5.196685076890907 -4 -43.47231395637252
      vertex 5.774247078195542 -4 -42.39177145228181
      vertex 5.774247078195542 -4 -37.60822854771819
    endloop
  endfacet
  facet normal 0 -1 0
    outer loop
      vertex 5.196685076890907 -4 -43.47231395637252
      vertex 5.774247078195542 -4 -37.60822854771819
      vertex 5.196685076890907 -4 -36.52768604362748
    endloop
  endfacet
  facet normal 0 -1 0
    outer loop
      vertex 5.774247078195542 -4 -42.39177145228181
      vertex 6.129908002520191 -4 -41.2193145126008
      vertex 6.129908002520191 -4 -38.7806854873992
    endloop
  endfacet
  facet normal 0 -1 0
    outer loop
      vertex 5.774247078195542 -4 -42.39177145228181
      vertex 6.129908002520191 -4 -38.7806854873992
      vertex 5.774247078195542 -4 -37.60822854771819
    endloop
  endfacet
  facet normal 0 -1 0
    outer loop
      vertex 6.129908002520191 -4 -41.2193145126008
      vertex 6.25 -4 -40
      vertex 6.129908002520191 -4 -38.7806854873992
    endloop
  endfacet
  facet normal 0 1 0
    outer loop
      vertex -6.129908002520191 4 -41.2193145126008
      vertex -6.129908002520191 4 -38.7806854873992
      vertex -5.774247078195542 4 -42.39177145228181
    endloop
  endfacet
  facet normal 0 1 0
    outer loop
      vertex -6.129908002520191 4 -41.2193145126008
      vertex -6.25 4 -40
      vertex -6.129908002520191 4 -38.7806854873992
    endloop
  endfacet
  facet normal 0 1 0
    outer loop
      vertex -5.774247078195542 4 -42.39177145228181
      vertex -6.129908002520191 4 -38.7806854873992
      vertex -5.774247078195542 4 -37.60822854771819
    endloop
  endfacet
  facet normal 0 1 0
    outer loop
      vertex -5.774247078195542 4 -42.39177145228181
      vertex -5.774247078195542 4 -37.60822854771819
      vertex -5.196685076890907 4 -43.47231395637252
    endloop
  endfacet
  facet normal 0 1 0
    outer loop
      vertex -5.774247078195542 4 -37.60822854771819
      vertex -5.196685076890907 4 -36.52768604362748
      vertex -5.196685076890907 4 -43.47231395637252
    endloop
  endfacet
  facet normal 0.9951847266721969 0 0.0980171403295602
    outer loop
      vertex -6.129908002520191 4 -41.2193145126008
      vertex -6.129908002520191 10 -41.2193145126008
      vertex -6.25 4 -40
    endloop
  endfacet
  facet normal 0.9569403357322085 0 0.2902846772544634
    outer loop
      vertex -6.129908002520191 4 -41.2193145126008
      vertex -5.774247078195542 4 -42.39177145228181
      vertex -5.774247078195542 10 -42.39177145228181
    endloop
  endfacet
  facet normal 0.9951847266721969 0 -0.0980171403295602
    outer loop
      vertex -6.25 4 -40
      vertex -6.25 10 -40
      vertex -6.129908002520191 4 -38.7806854873992
    endloop
  endfacet
  facet normal 0.9569403357322085 0 -0.2902846772544634
    outer loop
      vertex -6.129908002520191 4 -38.7806854873992
      vertex -6.129908002520191 10 -38.7806854873992
      vertex -5.774247078195542 4 -37.60822854771819
    endloop
  endfacet
  facet normal 0.8819212643483558 0 0.47139673682599614
    outer loop
      vertex -5.774247078195542 4 -42.39177145228181
      vertex -5.196685076890907 4 -43.47231395637252
      vertex -5.196685076890907 10 -43.47231395637252
    endloop
  endfacet
  facet normal 0.8819212643483558 0 -0.47139673682599614
    outer loop
      vertex -5.774247078195542 4 -37.60822854771819
      vertex -5.774247078195542 10 -37.60822854771819
      vertex -5.196685076890907 4 -36.52768604362748
    endloop
  endfacet
  facet normal 0.9569403357322085 0 0.2902846772544634
    outer loop
      vertex -6.129908002520191 4 -41.2193145126008
      vertex -5.774247078195542 10 -42.39177145228181
      vertex -6.129908002520191 10 -41.2193145126008
    endloop
  endfacet
  facet normal 0.9951847266721969 0 0.0980171403295602
    outer loop
      vertex -6.25 4 -40
      vertex -6.129908002520191 10 -41.2193145126008
      vertex -6.25 10 -40
    endloop
  endfacet
  facet normal 0.9951847266721969 0 -0.0980171403295602
    outer loop
      vertex -6.129908002520191 4 -38.7806854873992
      vertex -6.25 10 -40
      vertex -6.129908002520191 10 -38.7806854873992
    endloop
  endfacet
  facet normal 0.9569403357322085 0 -0.2902846772544634
    outer loop
      vertex -5.774247078195542 4 -37.60822854771819
      vertex -6.129908002520191 10 -38.7806854873992
      vertex -5.774247078195542 10 -37.60822854771819
    endloop
  endfacet
  facet normal 0.8819212643483558 0 0.47139673682599614
    outer loop
      vertex -5.774247078195542 4 -42.39177145228181
      vertex -5.196685076890907 10 -43.47231395637252
      vertex -5.774247078195542 10 -42.39177145228181
    endloop
  endfacet
  facet normal 0.8819212643483558 0 -0.47139673682599614
    outer loop
      vertex -5.196685076890907 4 -36.52768604362748
      vertex -5.774247078195542 10 -37.60822854771819
      vertex -5.196685076890907 10 -36.52768604362748
    endloop
  endfacet
  facet normal 0 1 0
    outer loop
      vertex -5.196685076890907 4 -43.47231395637252
      vertex -5.196685076890907 4 -36.52768604362748
      vertex -4.419417382415922 4 -44.41941738241592
    endloop
  endfacet
  facet normal 0 1 0
    outer loop
      vertex -5.196685076890907 4 -36.52768604362748
      vertex -4.419417382415922 4 -35.58058261758408
      vertex -4.419417382415922 4 -44.41941738241592
    endloop
  endfacet
  facet normal 0 1 0
    outer loop
      vertex -4.419417382415922 4 -44.41941738241592
      vertex -4.419417382415922 4 -35.58058261758408
      vertex -3.4723139563725134 4 -45.19668507689091
    endloop
  endfacet
  facet normal 0 1 0
    outer loop
      vertex -4.419417382415922 4 -35.58058261758408
      vertex -3.4723139563725134 4 -34.80331492310909
      vertex -3.4723139563725134 4 -45.19668507689091
    endloop
  endfacet
  facet normal 0 1 0
    outer loop
      vertex -3.4723139563725134 4 -45.19668507689091
      vertex -3.4723139563725134 4 -34.80331492310909
      vertex -2.391771452281811 4 -45.77424707819554
    endloop
  endfacet
  facet normal 0 1 0
    outer loop
      vertex -3.4723139563725134 4 -34.80331492310909
      vertex -2.391771452281811 4 -34.22575292180446
      vertex -2.391771452281811 4 -45.77424707819554
    endloop
  endfacet
  facet normal 0 1 0
    outer loop
      vertex -2.391771452281811 4 -45.77424707819554
      vertex -1.5986883791814732 4 -41.598688379181475
      vertex -1.2193145126008016 4 -46.12990800252019
    endloop
  endfacet
  facet normal 0 1 0
    outer loop
      vertex -2.391771452281811 4 -45.77424707819554
      vertex -2.217444482178185 4 -40.44107713148302
      vertex -2.0887870286167542 4 -40.86520391616206
    endloop
  endfacet
  facet normal 0 1 0
    outer loop
      vertex -2.391771452281811 4 -45.77424707819554
      vertex -2.242595290723115 4 -40.18571668694022
      vertex -2.217444482178185 4 -40.44107713148302
    endloop
  endfacet
  facet normal 0 1 0
    outer loop
      vertex -2.391771452281811 4 -45.77424707819554
      vertex -2.2608867878467005 4 -40
      vertex -2.242595290723115 4 -40.18571668694022
    endloop
  endfacet
  facet normal 0 1 0
    outer loop
      vertex -2.391771452281811 4 -45.77424707819554
      vertex -2.0887870286167542 4 -40.86520391616206
      vertex -1.879858660950843 4 -41.25608139955493
    endloop
  endfacet
  facet normal 0 1 0
    outer loop
      vertex -2.391771452281811 4 -45.77424707819554
      vertex -1.879858660950843 4 -41.25608139955493
      vertex -1.5986883791814732 4 -41.598688379181475
    endloop
  endfacet
  facet normal 0 1 0
    outer loop
      vertex -2.391771452281811 4 -45.77424707819554
      vertex -2.391771452281811 4 -34.22575292180446
      vertex -2.2608867878467005 4 -40
    endloop
  endfacet
  facet normal 0 1 0
    outer loop
      vertex -2.2608867878467005 4 -40
      vertex -2.391771452281811 4 -34.22575292180446
      vertex -2.2357359793017704 4 -39.7446395554572
    endloop
  endfacet
  facet normal 0 1 0
    outer loop
      vertex -2.2357359793017704 4 -39.7446395554572
      vertex -2.391771452281811 4 -34.22575292180446
      vertex -2.217444482178185 4 -39.55892286851698
    endloop
  endfacet
  facet normal 0 1 0
    outer loop
      vertex -2.217444482178185 4 -39.55892286851698
      vertex -2.391771452281811 4 -34.22575292180446
      vertex -2.0887870286167542 4 -39.13479608383794
    endloop
  endfacet
  facet normal 0 1 0
    outer loop
      vertex -1.5986883791814732 4 -41.598688379181475
      vertex -1.2560813995549314 4 -41.879858660950845
      vertex -1.2193145126008016 4 -46.12990800252019
    endloop
  endfacet
  facet normal 0 1 0
    outer loop
      vertex -1.2193145126008016 4 -46.12990800252019
      vertex 0 4 -42.2608867878467
      vertex 0 4 -46.25
    endloop
  endfacet
  facet normal 0 1 0
    outer loop
      vertex -1.2193145126008016 4 -46.12990800252019
      vertex -1.2560813995549314 4 -41.879858660950845
      vertex -0.8652039161620579 4 -42.08878702861676
    endloop
  endfacet
  facet normal 0 1 0
    outer loop
      vertex -1.2193145126008016 4 -46.12990800252019
      vertex -0.8652039161620579 4 -42.08878702861676
      vertex -0.44107713148302263 4 -42.21744448217819
    endloop
  endfacet
  facet normal 0 1 0
    outer loop
      vertex -1.2193145126008016 4 -46.12990800252019
      vertex -0.44107713148302263 4 -42.21744448217819
      vertex 0 4 -42.2608867878467
    endloop
  endfacet
  facet normal 0 1 0
    outer loop
      vertex -2.0887870286167542 4 -39.13479608383794
      vertex -2.391771452281811 4 -34.22575292180446
      vertex -1.879858660950843 4 -38.74391860044507
    endloop
  endfacet
  facet normal 0 1 0
    outer loop
      vertex -1.879858660950843 4 -38.74391860044507
      vertex -2.391771452281811 4 -34.22575292180446
      vertex -1.5986883791814732 4 -38.401311620818525
    endloop
  endfacet
  facet normal 0 1 0
    outer loop
      vertex -1.5986883791814732 4 -38.401311620818525
      vertex -2.391771452281811 4 -34.22575292180446
      vertex -1.2560813995549314 4 -38.120141339049155
    endloop
  endfacet
  facet normal 0 1 0
    outer loop
      vertex -2.391771452281811 4 -34.22575292180446
      vertex -1.2193145126008016 4 -33.87009199747981
      vertex -1.2560813995549314 4 -38.120141339049155
    endloop
  endfacet
  facet normal 0 1 0
    outer loop
      vertex -1.2560813995549314 4 -38.120141339049155
      vertex -1.2193145126008016 4 -33.87009199747981
      vertex -0.8652039161620579 4 -37.91121297138324
    endloop
  endfacet
  facet normal 0 1 0
    outer loop
      vertex -0.8652039161620579 4 -37.91121297138324
      vertex -1.2193145126008016 4 -33.87009199747981
      vertex -0.44107713148302263 4 -37.78255551782181
    endloop
  endfacet
  facet normal 0 1 0
    outer loop
      vertex -0.44107713148302263 4 -37.78255551782181
      vertex -1.2193145126008016 4 -33.87009199747981
      vertex 0 4 -37.7391132121533
    endloop
  endfacet
  facet normal 0 1 0
    outer loop
      vertex -1.2193145126008016 4 -33.87009199747981
      vertex 0 4 -33.75
      vertex 0 4 -37.7391132121533
    endloop
  endfacet
  facet normal 0.7730104533627362 0 0.6343932841636465
    outer loop
      vertex -5.196685076890907 4 -43.47231395637252
      vertex -4.419417382415922 4 -44.41941738241592
      vertex -4.419417382415922 10 -44.41941738241592
    endloop
  endfacet
  facet normal 0.6343932841636454 0 0.773010453362737
    outer loop
      vertex -4.419417382415922 4 -44.41941738241592
      vertex -3.4723139563725134 4 -45.19668507689091
      vertex -3.4723139563725134 10 -45.19668507689091
    endloop
  endfacet
  facet normal 0.47139673682599814 0 0.8819212643483548
    outer loop
      vertex -3.4723139563725134 4 -45.19668507689091
      vertex -2.391771452281811 4 -45.77424707819554
      vertex -2.391771452281811 10 -45.77424707819554
    endloop
  endfacet
  facet normal 0.7730104533627362 0 -0.6343932841636465
    outer loop
      vertex -5.196685076890907 4 -36.52768604362748
      vertex -5.196685076890907 10 -36.52768604362748
      vertex -4.419417382415922 4 -35.58058261758408
    endloop
  endfacet
  facet normal 0.6343932841636454 0 -0.773010453362737
    outer loop
      vertex -4.419417382415922 4 -35.58058261758408
      vertex -4.419417382415922 10 -35.58058261758408
      vertex -3.4723139563725134 4 -34.80331492310909
    endloop
  endfacet
  facet normal 0.47139673682599814 0 -0.8819212643483548
    outer loop
      vertex -3.4723139563725134 4 -34.80331492310909
      vertex -3.4723139563725134 10 -34.80331492310909
      vertex -2.391771452281811 4 -34.22575292180446
    endloop
  endfacet
  facet normal 0.7730104533627362 0 0.6343932841636465
    outer loop
      vertex -5.196685076890907 4 -43.47231395637252
      vertex -4.419417382415922 10 -44.41941738241592
      vertex -5.196685076890907 10 -43.47231395637252
    endloop
  endfacet
  facet normal 0.6343932841636454 0 0.773010453362737
    outer loop
      vertex -4.419417382415922 4 -44.41941738241592
      vertex -3.4723139563725134 10 -45.19668507689091
      vertex -4.419417382415922 10 -44.41941738241592
    endloop
  endfacet
  facet normal 0.47139673682599814 0 0.8819212643483548
    outer loop
      vertex -3.4723139563725134 4 -45.19668507689091
      vertex -2.391771452281811 10 -45.77424707819554
      vertex -3.4723139563725134 10 -45.19668507689091
    endloop
  endfacet
  facet normal 0.7730104533627362 0 -0.6343932841636465
    outer loop
      vertex -4.419417382415922 4 -35.58058261758408
      vertex -5.196685076890907 10 -36.52768604362748
      vertex -4.419417382415922 10 -35.58058261758408
    endloop
  endfacet
  facet normal 0.6343932841636454 0 -0.773010453362737
    outer loop
      vertex -3.4723139563725134 4 -34.80331492310909
      vertex -4.419417382415922 10 -35.58058261758408
      vertex -3.4723139563725134 10 -34.80331492310909
    endloop
  endfacet
  facet normal 0.47139673682599814 0 -0.8819212643483548
    outer loop
      vertex -2.391771452281811 4 -34.22575292180446
      vertex -3.4723139563725134 10 -34.80331492310909
      vertex -2.391771452281811 10 -34.22575292180446
    endloop
  endfacet
  facet normal 0.2902846772544605 0 0.9569403357322094
    outer loop
      vertex -2.391771452281811 4 -45.77424707819554
      vertex -1.2193145126008016 4 -46.12990800252019
      vertex -1.2193145126008016 10 -46.12990800252019
    endloop
  endfacet
  facet normal 0.09801714032956178 0 0.9951847266721967
    outer loop
      vertex -1.2193145126008016 4 -46.12990800252019
      vertex 0 4 -46.25
      vertex 0 10 -46.25
    endloop
  endfacet
  facet normal 0.2902846772544605 0 -0.9569403357322094
    outer loop
      vertex -2.391771452281811 4 -34.22575292180446
      vertex -2.391771452281811 10 -34.22575292180446
      vertex -1.2193145126008016 4 -33.87009199747981
    endloop
  endfacet
  facet normal 0.09801714032956178 0 -0.9951847266721967
    outer loop
      vertex -1.2193145126008016 4 -33.87009199747981
      vertex -1.2193145126008016 10 -33.87009199747981
      vertex 0 4 -33.75
    endloop
  endfacet
  facet normal 0.2902846772544605 0 0.9569403357322094
    outer loop
      vertex -2.391771452281811 4 -45.77424707819554
      vertex -1.2193145126008016 10 -46.12990800252019
      vertex -2.391771452281811 10 -45.77424707819554
    endloop
  endfacet
  facet normal 0.09801714032956178 0 0.9951847266721967
    outer loop
      vertex -1.2193145126008016 4 -46.12990800252019
      vertex 0 10 -46.25
      vertex -1.2193145126008016 10 -46.12990800252019
    endloop
  endfacet
  facet normal 0.2902846772544605 0 -0.9569403357322094
    outer loop
      vertex -1.2193145126008016 4 -33.87009199747981
      vertex -2.391771452281811 10 -34.22575292180446
      vertex -1.2193145126008016 10 -33.87009199747981
    endloop
  endfacet
  facet normal 0.09801714032956178 0 -0.9951847266721967
    outer loop
      vertex 0 4 -33.75
      vertex -1.2193145126008016 10 -33.87009199747981
      vertex 0 10 -33.75
    endloop
  endfacet
  facet normal 0 1 0
    outer loop
      vertex 0 4 -46.25
      vertex 0 4 -42.2608867878467
      vertex 1.2193145126008016 4 -46.12990800252019
    endloop
  endfacet
  facet normal 0 1 0
    outer loop
      vertex 0 4 -42.2608867878467
      vertex 0.44107713148302263 4 -42.21744448217819
      vertex 1.2193145126008016 4 -46.12990800252019
    endloop
  endfacet
  facet normal 0 1 0
    outer loop
      vertex 0.44107713148302263 4 -42.21744448217819
      vertex 0.8652039161620579 4 -42.08878702861676
      vertex 1.2193145126008016 4 -46.12990800252019
    endloop
  endfacet
  facet normal 0 1 0
    outer loop
      vertex 0.8652039161620579 4 -42.08878702861676
      vertex 1.2560813995549314 4 -41.879858660950845
      vertex 1.2193145126008016 4 -46.12990800252019
    endloop
  endfacet
  facet normal 0 1 0
    outer loop
      vertex 1.2193145126008016 4 -46.12990800252019
      vertex 1.2560813995549314 4 -41.879858660950845
      vertex 2.391771452281811 4 -45.77424707819554
    endloop
  endfacet
  facet normal 0 1 0
    outer loop
      vertex 1.2560813995549314 4 -41.879858660950845
      vertex 1.5986883791814732 4 -41.598688379181475
      vertex 2.391771452281811 4 -45.77424707819554
    endloop
  endfacet
  facet normal 0 1 0
    outer loop
      vertex 1.5986883791814732 4 -41.598688379181475
      vertex 1.879858660950843 4 -41.25608139955493
      vertex 2.391771452281811 4 -45.77424707819554
    endloop
  endfacet
  facet normal 0 1 0
    outer loop
      vertex 1.879858660950843 4 -41.25608139955493
      vertex 2.0887870286167542 4 -40.86520391616206
      vertex 2.391771452281811 4 -45.77424707819554
    endloop
  endfacet
  facet normal 0 1 0
    outer loop
      vertex 2.0887870286167542 4 -40.86520391616206
      vertex 2.217444482178185 4 -40.44107713148302
      vertex 2.391771452281811 4 -45.77424707819554
    endloop
  endfacet
  facet normal 0 1 0
    outer loop
      vertex 2.217444482178185 4 -40.44107713148302
      vertex 2.2608867878467005 4 -40
      vertex 2.391771452281811 4 -45.77424707819554
    endloop
  endfacet
  facet normal 0 1 0
    outer loop
      vertex 2.2608867878467005 4 -40
      vertex 2.391771452281811 4 -34.22575292180446
      vertex 2.391771452281811 4 -45.77424707819554
    endloop
  endfacet
  facet normal 0 1 0
    outer loop
      vertex 2.0887870286167542 4 -39.13479608383794
      vertex 2.391771452281811 4 -34.22575292180446
      vertex 2.217444482178185 4 -39.55892286851698
    endloop
  endfacet
  facet normal 0 1 0
    outer loop
      vertex 2.242595290723115 4 -39.81428331305978
      vertex 2.391771452281811 4 -34.22575292180446
      vertex 2.2608867878467005 4 -40
    endloop
  endfacet
  facet normal 0 1 0
    outer loop
      vertex 2.242595290723115 4 -39.81428331305978
      vertex 2.217444482178185 4 -39.55892286851698
      vertex 2.391771452281811 4 -34.22575292180446
    endloop
  endfacet
  facet normal 0 1 0
    outer loop
      vertex 0 4 -37.7391132121533
      vertex 1.2193145126008016 4 -33.87009199747981
      vertex 0.44107713148302263 4 -37.78255551782181
    endloop
  endfacet
  facet normal 0 1 0
    outer loop
      vertex 0 4 -37.7391132121533
      vertex 0 4 -33.75
      vertex 1.2193145126008016 4 -33.87009199747981
    endloop
  endfacet
  facet normal 0 1 0
    outer loop
      vertex 0.44107713148302263 4 -37.78255551782181
      vertex 1.2193145126008016 4 -33.87009199747981
      vertex 0.8652039161620579 4 -37.91121297138324
    endloop
  endfacet
  facet normal 0 1 0
    outer loop
      vertex 0.8652039161620579 4 -37.91121297138324
      vertex 1.2193145126008016 4 -33.87009199747981
      vertex 1.2560813995549314 4 -38.120141339049155
    endloop
  endfacet
  facet normal 0 1 0
    outer loop
      vertex 1.2560813995549314 4 -38.120141339049155
      vertex 1.2193145126008016 4 -33.87009199747981
      vertex 1.5986883791814732 4 -38.401311620818525
    endloop
  endfacet
  facet normal 0 1 0
    outer loop
      vertex 1.2193145126008016 4 -33.87009199747981
      vertex 2.391771452281811 4 -34.22575292180446
      vertex 1.5986883791814732 4 -38.401311620818525
    endloop
  endfacet
  facet normal 0 1 0
    outer loop
      vertex 1.5986883791814732 4 -38.401311620818525
      vertex 2.391771452281811 4 -34.22575292180446
      vertex 1.879858660950843 4 -38.74391860044507
    endloop
  endfacet
  facet normal 0 1 0
    outer loop
      vertex 1.879858660950843 4 -38.74391860044507
      vertex 2.391771452281811 4 -34.22575292180446
      vertex 2.0887870286167542 4 -39.13479608383794
    endloop
  endfacet
  facet normal 0 1 0
    outer loop
      vertex 2.391771452281811 4 -45.77424707819554
      vertex 2.391771452281811 4 -34.22575292180446
      vertex 3.4723139563725134 4 -45.19668507689091
    endloop
  endfacet
  facet normal 0 1 0
    outer loop
      vertex 2.391771452281811 4 -34.22575292180446
      vertex 3.4723139563725134 4 -34.80331492310909
      vertex 3.4723139563725134 4 -45.19668507689091
    endloop
  endfacet
  facet normal 0 1 0
    outer loop
      vertex 3.4723139563725134 4 -45.19668507689091
      vertex 3.4723139563725134 4 -34.80331492310909
      vertex 4.419417382415922 4 -44.41941738241592
    endloop
  endfacet
  facet normal 0 1 0
    outer loop
      vertex 3.4723139563725134 4 -34.80331492310909
      vertex 4.419417382415922 4 -35.58058261758408
      vertex 4.419417382415922 4 -44.41941738241592
    endloop
  endfacet
  facet normal 0 1 0
    outer loop
      vertex 4.419417382415922 4 -44.41941738241592
      vertex 4.419417382415922 4 -35.58058261758408
      vertex 5.196685076890907 4 -43.47231395637252
    endloop
  endfacet
  facet normal 0 1 0
    outer loop
      vertex 4.419417382415922 4 -35.58058261758408
      vertex 5.196685076890907 4 -36.52768604362748
      vertex 5.196685076890907 4 -43.47231395637252
    endloop
  endfacet
  facet normal -0.09801714032956178 0 0.9951847266721967
    outer loop
      vertex 0 4 -46.25
      vertex 1.2193145126008016 4 -46.12990800252019
      vertex 1.2193145126008016 10 -46.12990800252019
    endloop
  endfacet
  facet normal -0.2902846772544605 0 0.9569403357322094
    outer loop
      vertex 1.2193145126008016 4 -46.12990800252019
      vertex 2.391771452281811 4 -45.77424707819554
      vertex 2.391771452281811 10 -45.77424707819554
    endloop
  endfacet
  facet normal -0.09801714032956178 0 -0.9951847266721967
    outer loop
      vertex 0 4 -33.75
      vertex 0 10 -33.75
      vertex 1.2193145126008016 4 -33.87009199747981
    endloop
  endfacet
  facet normal -0.2902846772544605 0 -0.9569403357322094
    outer loop
      vertex 1.2193145126008016 4 -33.87009199747981
      vertex 1.2193145126008016 10 -33.87009199747981
      vertex 2.391771452281811 4 -34.22575292180446
    endloop
  endfacet
  facet normal -0.09801714032956178 0 0.9951847266721967
    outer loop
      vertex 0 4 -46.25
      vertex 1.2193145126008016 10 -46.12990800252019
      vertex 0 10 -46.25
    endloop
  endfacet
  facet normal -0.2902846772544605 0 0.9569403357322094
    outer loop
      vertex 1.2193145126008016 4 -46.12990800252019
      vertex 2.391771452281811 10 -45.77424707819554
      vertex 1.2193145126008016 10 -46.12990800252019
    endloop
  endfacet
  facet normal -0.09801714032956178 0 -0.9951847266721967
    outer loop
      vertex 1.2193145126008016 4 -33.87009199747981
      vertex 0 10 -33.75
      vertex 1.2193145126008016 10 -33.87009199747981
    endloop
  endfacet
  facet normal -0.2902846772544605 0 -0.9569403357322094
    outer loop
      vertex 2.391771452281811 4 -34.22575292180446
      vertex 1.2193145126008016 10 -33.87009199747981
      vertex 2.391771452281811 10 -34.22575292180446
    endloop
  endfacet
  facet normal -0.47139673682599814 0 0.8819212643483548
    outer loop
      vertex 2.391771452281811 4 -45.77424707819554
      vertex 3.4723139563725134 4 -45.19668507689091
      vertex 3.4723139563725134 10 -45.19668507689091
    endloop
  endfacet
  facet normal -0.6343932841636454 0 0.773010453362737
    outer loop
      vertex 3.4723139563725134 4 -45.19668507689091
      vertex 4.419417382415922 4 -44.41941738241592
      vertex 4.419417382415922 10 -44.41941738241592
    endloop
  endfacet
  facet normal -0.7730104533627362 0 0.6343932841636465
    outer loop
      vertex 4.419417382415922 4 -44.41941738241592
      vertex 5.196685076890907 4 -43.47231395637252
      vertex 5.196685076890907 10 -43.47231395637252
    endloop
  endfacet
  facet normal -0.47139673682599814 0 -0.8819212643483548
    outer loop
      vertex 2.391771452281811 4 -34.22575292180446
      vertex 2.391771452281811 10 -34.22575292180446
      vertex 3.4723139563725134 4 -34.80331492310909
    endloop
  endfacet
  facet normal -0.6343932841636454 0 -0.773010453362737
    outer loop
      vertex 3.4723139563725134 4 -34.80331492310909
      vertex 3.4723139563725134 10 -34.80331492310909
      vertex 4.419417382415922 4 -35.58058261758408
    endloop
  endfacet
  facet normal -0.7730104533627362 0 -0.6343932841636465
    outer loop
      vertex 4.419417382415922 4 -35.58058261758408
      vertex 4.419417382415922 10 -35.58058261758408
      vertex 5.196685076890907 4 -36.52768604362748
    endloop
  endfacet
  facet normal -0.47139673682599814 0 0.8819212643483548
    outer loop
      vertex 2.391771452281811 4 -45.77424707819554
      vertex 3.4723139563725134 10 -45.19668507689091
      vertex 2.391771452281811 10 -45.77424707819554
    endloop
  endfacet
  facet normal -0.6343932841636454 0 0.773010453362737
    outer loop
      vertex 3.4723139563725134 4 -45.19668507689091
      vertex 4.419417382415922 10 -44.41941738241592
      vertex 3.4723139563725134 10 -45.19668507689091
    endloop
  endfacet
  facet normal -0.7730104533627362 0 0.6343932841636465
    outer loop
      vertex 4.419417382415922 4 -44.41941738241592
      vertex 5.196685076890907 10 -43.47231395637252
      vertex 4.419417382415922 10 -44.41941738241592
    endloop
  endfacet
  facet normal -0.47139673682599814 0 -0.8819212643483548
    outer loop
      vertex 3.4723139563725134 4 -34.80331492310909
      vertex 2.391771452281811 10 -34.22575292180446
      vertex 3.4723139563725134 10 -34.80331492310909
    endloop
  endfacet
  facet normal -0.6343932841636454 0 -0.773010453362737
    outer loop
      vertex 4.419417382415922 4 -35.58058261758408
      vertex 3.4723139563725134 10 -34.80331492310909
      vertex 4.419417382415922 10 -35.58058261758408
    endloop
  endfacet
  facet normal -0.7730104533627362 0 -0.6343932841636465
    outer loop
      vertex 5.196685076890907 4 -36.52768604362748
      vertex 4.419417382415922 10 -35.58058261758408
      vertex 5.196685076890907 10 -36.52768604362748
    endloop
  endfacet
  facet normal 0 1 0
    outer loop
      vertex 5.196685076890907 4 -43.47231395637252
      vertex 5.196685076890907 4 -36.52768604362748
      vertex 5.774247078195542 4 -42.39177145228181
    endloop
  endfacet
  facet normal 0 1 0
    outer loop
      vertex 5.196685076890907 4 -36.52768604362748
      vertex 5.774247078195542 4 -37.60822854771819
      vertex 5.774247078195542 4 -42.39177145228181
    endloop
  endfacet
  facet normal 0 1 0
    outer loop
      vertex 5.774247078195542 4 -42.39177145228181
      vertex 5.774247078195542 4 -37.60822854771819
      vertex 6.129908002520191 4 -41.2193145126008
    endloop
  endfacet
  facet normal 0 1 0
    outer loop
      vertex 6.129908002520191 4 -41.2193145126008
      vertex 5.774247078195542 4 -37.60822854771819
      vertex 6.129908002520191 4 -38.7806854873992
    endloop
  endfacet
  facet normal 0 1 0
    outer loop
      vertex 6.129908002520191 4 -41.2193145126008
      vertex 6.129908002520191 4 -38.7806854873992
      vertex 6.25 4 -40
    endloop
  endfacet
  facet normal -0.8819212643483558 0 0.47139673682599614
    outer loop
      vertex 5.196685076890907 4 -43.47231395637252
      vertex 5.774247078195542 4 -42.39177145228181
      vertex 5.774247078195542 10 -42.39177145228181
    endloop
  endfacet
  facet normal -0.9569403357322085 0 0.2902846772544634
    outer loop
      vertex 5.774247078195542 4 -42.39177145228181
      vertex 6.129908002520191 4 -41.2193145126008
      vertex 6.129908002520191 10 -41.2193145126008
    endloop
  endfacet
  facet normal -0.9569403357322085 0 -0.2902846772544634
    outer loop
      vertex 5.774247078195542 4 -37.60822854771819
      vertex 5.774247078195542 10 -37.60822854771819
      vertex 6.129908002520191 4 -38.7806854873992
    endloop
  endfacet
  facet normal -0.9951847266721969 0 0.0980171403295602
    outer loop
      vertex 6.129908002520191 4 -41.2193145126008
      vertex 6.25 4 -40
      vertex 6.25 10 -40
    endloop
  endfacet
  facet normal -0.9951847266721969 0 -0.0980171403295602
    outer loop
      vertex 6.25 4 -40
      vertex 6.129908002520191 4 -38.7806854873992
      vertex 6.129908002520191 10 -38.7806854873992
    endloop
  endfacet
  facet normal -0.8819212643483558 0 -0.47139673682599614
    outer loop
      vertex 5.196685076890907 4 -36.52768604362748
      vertex 5.196685076890907 10 -36.52768604362748
      vertex 5.774247078195542 4 -37.60822854771819
    endloop
  endfacet
  facet normal -0.8819212643483558 0 0.47139673682599614
    outer loop
      vertex 5.196685076890907 4 -43.47231395637252
      vertex 5.774247078195542 10 -42.39177145228181
      vertex 5.196685076890907 10 -43.47231395637252
    endloop
  endfacet
  facet normal -0.9569403357322085 0 0.2902846772544634
    outer loop
      vertex 5.774247078195542 4 -42.39177145228181
      vertex 6.129908002520191 10 -41.2193145126008
      vertex 5.774247078195542 10 -42.39177145228181
    endloop
  endfacet
  facet normal -0.9951847266721969 0 0.0980171403295602
    outer loop
      vertex 6.129908002520191 4 -41.2193145126008
      vertex 6.25 10 -40
      vertex 6.129908002520191 10 -41.2193145126008
    endloop
  endfacet
  facet normal -0.9951847266721969 0 -0.0980171403295602
    outer loop
      vertex 6.25 4 -40
      vertex 6.129908002520191 10 -38.7806854873992
      vertex 6.25 10 -40
    endloop
  endfacet
  facet normal -0.9569403357322085 0 -0.2902846772544634
    outer loop
      vertex 6.129908002520191 4 -38.7806854873992
      vertex 5.774247078195542 10 -37.60822854771819
      vertex 6.129908002520191 10 -38.7806854873992
    endloop
  endfacet
  facet normal -0.8819212643483558 0 -0.47139673682599614
    outer loop
      vertex 5.774247078195542 4 -37.60822854771819
      vertex 5.196685076890907 10 -36.52768604362748
      vertex 5.774247078195542 10 -37.60822854771819
    endloop
  endfacet
  facet normal -0.5773502691896258 -0.5773502691896258 -0.5773502691896258
    outer loop
      vertex -10 -9 -49
      vertex -9 -9 -50
      vertex -9 -10 -49
    endloop
  endfacet
  facet normal 0 -1 0
    outer loop
      vertex -9 -10 -49
      vertex -5.774247078195542 -10 -42.39177145228181
      vertex -6.129908002520191 -10 -41.2193145126008
    endloop
  endfacet
  facet normal 0 -1 0
    outer loop
      vertex -9 -10 -49
      vertex -5.196685076890907 -10 -43.47231395637252
      vertex -5.774247078195542 -10 -42.39177145228181
    endloop
  endfacet
  facet normal 0 -1 0
    outer loop
      vertex -9 -10 -49
      vertex -6.129908002520191 -10 -41.2193145126008
      vertex -6.25 -10 -40
    endloop
  endfacet
  facet normal 0 -1 0
    outer loop
      vertex -9 -10 -49
      vertex -6.25 -10 -40
      vertex -6.129908002520191 -10 -38.7806854873992
    endloop
  endfacet
  facet normal 0 -1 0
    outer loop
      vertex -9 -10 -49
      vertex -4.419417382415922 -10 -44.41941738241592
      vertex -5.196685076890907 -10 -43.47231395637252
    endloop
  endfacet
  facet normal 0 -1 0
    outer loop
      vertex -9 -10 -49
      vertex -3.4723139563725134 -10 -45.19668507689091
      vertex -4.419417382415922 -10 -44.41941738241592
    endloop
  endfacet
  facet normal -0.7071067811865475 -0.7071067811865475 0
    outer loop
      vertex -10 -9 -49
      vertex -9 -10 -49
      vertex -10 -9 49
    endloop
  endfacet
  facet normal -0.7071067811865476 0 -0.7071067811865476
    outer loop
      vertex -10 -9 -49
      vertex -10 9 -49
      vertex -9 -9 -50
    endloop
  endfacet
  facet normal -1 0 0
    outer loop
      vertex -10 -9 -49
      vertex -10 -9 49
      vertex -10 9 -49
    endloop
  endfacet
  facet normal 0 -1 0
    outer loop
      vertex -9 -10 -49
      vertex -2.391771452281811 -10 -45.77424707819554
      vertex -3.4723139563725134 -10 -45.19668507689091
    endloop
  endfacet
  facet normal 0 -1 0
    outer loop
      vertex -9 -10 -49
      vertex -1.2193145126008016 -10 -46.12990800252019
      vertex -2.391771452281811 -10 -45.77424707819554
    endloop
  endfacet
  facet normal 0 -1 0
    outer loop
      vertex -9 -10 -49
      vertex 0 -10 -46.25
      vertex -1.2193145126008016 -10 -46.12990800252019
    endloop
  endfacet
  facet normal 0 -0.7071067811865476 -0.7071067811865476
    outer loop
      vertex -9 -10 -49
      vertex -9 -9 -50
      vertex 9 -9 -50
    endloop
  endfacet
  facet normal 0 -1 0
    outer loop
      vertex -9 -10 -49
      vertex -6.129908002520191 -10 -38.7806854873992
      vertex 9 -10 49
    endloop
  endfacet
  facet normal 0 -1 0
    outer loop
      vertex 9 -10 49
      vertex -6.129908002520191 -10 -38.7806854873992
      vertex -5.774247078195542 -10 -37.60822854771819
    endloop
  endfacet
  facet normal 0 -1 0
    outer loop
      vertex 9 -10 49
      vertex -5.774247078195542 -10 -37.60822854771819
      vertex -5.196685076890907 -10 -36.52768604362748
    endloop
  endfacet
  facet normal 0 -1 0
    outer loop
      vertex 9 -10 49
      vertex -5.196685076890907 -10 -36.52768604362748
      vertex -4.419417382415922 -10 -35.58058261758408
    endloop
  endfacet
  facet normal -0.7071067811865475 -0.7071067811865475 0
    outer loop
      vertex -9 -10 -49
      vertex -9 -10 49
      vertex -10 -9 49
    endloop
  endfacet
  facet normal 0 -1 0
    outer loop
      vertex -9 -10 -49
      vertex -6.129908002520191 -10 38.7806854873992
      vertex -9 -10 49
    endloop
  endfacet
  facet normal 0 -1 0
    outer loop
      vertex -9 -10 -49
      vertex -5.774247078195542 -10 37.60822854771819
      vertex -6.129908002520191 -10 38.7806854873992
    endloop
  endfacet
  facet normal 0 -1 0
    outer loop
      vertex -9 -10 -49
      vertex -5.196685076890907 -10 36.52768604362748
      vertex -5.774247078195542 -10 37.60822854771819
    endloop
  endfacet
  facet normal 0 -1 0
    outer loop
      vertex -9 -10 -49
      vertex -4.419417382415922 -10 35.58058261758408
      vertex -5.196685076890907 -10 36.52768604362748
    endloop
  endfacet
  facet normal 0 -1 0
    outer loop
      vertex -9 -10 -49
      vertex -3.4723139563725134 -10 34.80331492310909
      vertex -4.419417382415922 -10 35.58058261758408
    endloop
  endfacet
  facet normal -0.5773502691896258 -0.5773502691896258 0.5773502691896258
    outer loop
      vertex -10 -9 49
      vertex -9 -10 49
      vertex -9 -9 50
    endloop
  endfacet
  facet normal 0 -1 0
    outer loop
      vertex -9 -10 49
      vertex -6.129908002520191 -10 38.7806854873992
      vertex -6.25 -10 40
    endloop
  endfacet
  facet normal 0 -1 0
    outer loop
      vertex -9 -10 49
      vertex -6.25 -10 40
      vertex -6.129908002520191 -10 41.2193145126008
    endloop
  endfacet
  facet normal 0 -1 0
    outer loop
      vertex -9 -10 49
      vertex -6.129908002520191 -10 41.2193145126008
      vertex -5.774247078195542 -10 42.39177145228181
    endloop
  endfacet
  facet normal 0 -1 0
    outer loop
      vertex -9 -10 49
      vertex -5.774247078195542 -10 42.39177145228181
      vertex -5.196685076890907 -10 43.47231395637252
    endloop
  endfacet
  facet normal 0 -1 0
    outer loop
      vertex -9 -10 49
      vertex -5.196685076890907 -10 43.47231395637252
      vertex -4.419417382415922 -10 44.41941738241592
    endloop
  endfacet
  facet normal 0 -1 0
    outer loop
      vertex -9 -10 49
      vertex -4.419417382415922 -10 44.41941738241592
      vertex -3.4723139563725134 -10 45.19668507689091
    endloop
  endfacet
  facet normal -0.7071067811865476 0 0.7071067811865476
    outer loop
      vertex -10 -9 49
      vertex -9 -9 50
      vertex -9 9 50
    endloop
  endfacet
  facet normal 0 -1 0
    outer loop
      vertex -9 -10 -49
      vertex -2.391771452281811 -10 34.22575292180446
      vertex -3.4723139563725134 -10 34.80331492310909
    endloop
  endfacet
  facet normal 0 -1 0
    outer loop
      vertex -9 -10 -49
      vertex -1.2193145126008016 -10 33.87009199747981
      vertex -2.391771452281811 -10 34.22575292180446
    endloop
  endfacet
  facet normal 0 -1 0
    outer loop
      vertex -9 -10 -49
      vertex 0 -10 33.75
      vertex -1.2193145126008016 -10 33.87009199747981
    endloop
  endfacet
  facet normal 0 -1 0
    outer loop
      vertex -9 -10 -49
      vertex 1.2193145126008016 -10 33.87009199747981
      vertex 0 -10 33.75
    endloop
  endfacet
  facet normal 0 -1 0
    outer loop
      vertex -9 -10 -49
      vertex 2.391771452281811 -10 34.22575292180446
      vertex 1.2193145126008016 -10 33.87009199747981
    endloop
  endfacet
  facet normal 0 -1 0
    outer loop
      vertex -9 -10 -49
      vertex 3.4723139563725134 -10 34.80331492310909
      vertex 2.391771452281811 -10 34.22575292180446
    endloop
  endfacet
  facet normal 0 -1 0
    outer loop
      vertex -9 -10 -49
      vertex 4.419417382415922 -10 35.58058261758408
      vertex 3.4723139563725134 -10 34.80331492310909
    endloop
  endfacet
  facet normal 0 -1 0
    outer loop
      vertex -9 -10 49
      vertex -3.4723139563725134 -10 45.19668507689091
      vertex -2.391771452281811 -10 45.77424707819554
    endloop
  endfacet
  facet normal 0 -1 0
    outer loop
      vertex -9 -10 49
      vertex -2.391771452281811 -10 45.77424707819554
      vertex -1.2193145126008016 -10 46.12990800252019
    endloop
  endfacet
  facet normal 0 -0.7071067811865476 0.7071067811865476
    outer loop
      vertex -9 -10 49
      vertex 9 -10 49
      vertex -9 -9 50
    endloop
  endfacet
  facet normal 0 -1 0
    outer loop
      vertex -9 -10 49
      vertex -1.2193145126008016 -10 46.12990800252019
      vertex 9 -10 49
    endloop
  endfacet
  facet normal 0 0 1
    outer loop
      vertex -9 -9 50
      vertex 9 -9 50
      vertex -9 9 50
    endloop
  endfacet
  facet normal -0.7071067811865476 0 -0.7071067811865476
    outer loop
      vertex -9 -9 -50
      vertex -10 9 -49
      vertex -9 9 -50
    endloop
  endfacet
  facet normal -0.5773502691896258 0.5773502691896258 -0.5773502691896258
    outer loop
      vertex -10 9 -49
      vertex -9 10 -49
      vertex -9 9 -50
    endloop
  endfacet
  facet normal 0 1 0
    outer loop
      vertex -9 10 -49
      vertex -6.129908002520191 10 -41.2193145126008
      vertex -5.774247078195542 10 -42.39177145228181
    endloop
  endfacet
  facet normal 0 1 0
    outer loop
      vertex -9 10 -49
      vertex -5.774247078195542 10 -42.39177145228181
      vertex -5.196685076890907 10 -43.47231395637252
    endloop
  endfacet
  facet normal 0 1 0
    outer loop
      vertex -9 10 -49
      vertex -6.25 10 -40
      vertex -6.129908002520191 10 -41.2193145126008
    endloop
  endfacet
  facet normal 0 1 0
    outer loop
      vertex -9 10 -49
      vertex -6.129908002520191 10 -38.7806854873992
      vertex -6.25 10 -40
    endloop
  endfacet
  facet normal 0 1 0
    outer loop
      vertex -9 10 -49
      vertex -5.196685076890907 10 -43.47231395637252
      vertex -4.419417382415922 10 -44.41941738241592
    endloop
  endfacet
  facet normal 0 1 0
    outer loop
      vertex -9 10 -49
      vertex -4.419417382415922 10 -44.41941738241592
      vertex -3.4723139563725134 10 -45.19668507689091
    endloop
  endfacet
  facet normal -0.7071067811865475 0.7071067811865475 0
    outer loop
      vertex -10 9 -49
      vertex -10 9 49
      vertex -9 10 -49
    endloop
  endfacet
  facet normal 0 0 -1
    outer loop
      vertex -9 -9 -50
      vertex -9 9 -50
      vertex 9 9 -50
    endloop
  endfacet
  facet normal 0 1 0
    outer loop
      vertex -9 10 -49
      vertex -3.4723139563725134 10 -45.19668507689091
      vertex -2.391771452281811 10 -45.77424707819554
    endloop
  endfacet
  facet normal 0 1 0
    outer loop
      vertex -9 10 -49
      vertex -2.391771452281811 10 -45.77424707819554
      vertex -1.2193145126008016 10 -46.12990800252019
    endloop
  endfacet
  facet normal 0 1 0
    outer loop
      vertex -9 10 -49
      vertex -1.2193145126008016 10 -46.12990800252019
      vertex 0 10 -46.25
    endloop
  endfacet
  facet normal 0 0.7071067811865476 -0.7071067811865476
    outer loop
      vertex -9 9 -50
      vertex -9 10 -49
      vertex 9 9 -50
    endloop
  endfacet
  facet normal 0 1 0
    outer loop
      vertex -9 10 -49
      vertex 0 10 -46.25
      vertex 1.2193145126008016 10 -46.12990800252019
    endloop
  endfacet
  facet normal 0 1 0
    outer loop
      vertex -9 10 -49
      vertex 9 10 49
      vertex -6.129908002520191 10 -38.7806854873992
    endloop
  endfacet
  facet normal 0 1 0
    outer loop
      vertex 9 10 49
      vertex -5.774247078195542 10 -37.60822854771819
      vertex -6.129908002520191 10 -38.7806854873992
    endloop
  endfacet
  facet normal 0 1 0
    outer loop
      vertex 9 10 49
      vertex -5.196685076890907 10 -36.52768604362748
      vertex -5.774247078195542 10 -37.60822854771819
    endloop
  endfacet
  facet normal 0 1 0
    outer loop
      vertex 9 10 49
      vertex -4.419417382415922 10 -35.58058261758408
      vertex -5.196685076890907 10 -36.52768604362748
    endloop
  endfacet
  facet normal -1 0 0
    outer loop
      vertex -10 -9 49
      vertex -10 9 49
      vertex -10 9 -49
    endloop
  endfacet
  facet normal -0.7071067811865476 0 0.7071067811865476
    outer loop
      vertex -10 -9 49
      vertex -9 9 50
      vertex -10 9 49
    endloop
  endfacet
  facet normal -0.7071067811865475 0.7071067811865475 0
    outer loop
      vertex -9 10 -49
      vertex -10 9 49
      vertex -9 10 49
    endloop
  endfacet
  facet normal 0 1 0
    outer loop
      vertex -9 10 -49
      vertex -9 10 49
      vertex -6.25 10 40
    endloop
  endfacet
  facet normal 0 1 0
    outer loop
      vertex -9 10 -49
      vertex -6.129908002520191 10 38.7806854873992
      vertex -5.774247078195542 10 37.60822854771819
    endloop
  endfacet
  facet normal 0 1 0
    outer loop
      vertex -9 10 -49
      vertex -6.25 10 40
      vertex -6.129908002520191 10 38.7806854873992
    endloop
  endfacet
  facet normal 0 1 0
    outer loop
      vertex -9 10 -49
      vertex -5.774247078195542 10 37.60822854771819
      vertex -5.196685076890907 10 36.52768604362748
    endloop
  endfacet
  facet normal 0 1 0
    outer loop
      vertex -9 10 -49
      vertex -5.196685076890907 10 36.52768604362748
      vertex -4.419417382415922 10 35.58058261758408
    endloop
  endfacet
  facet normal 0 1 0
    outer loop
      vertex -9 10 -49
      vertex -4.419417382415922 10 35.58058261758408
      vertex -3.4723139563725134 10 34.80331492310909
    endloop
  endfacet
  facet normal -0.5773502691896258 0.5773502691896258 0.5773502691896258
    outer loop
      vertex -10 9 49
      vertex -9 9 50
      vertex -9 10 49
    endloop
  endfacet
  facet normal 0 1 0
    outer loop
      vertex -9 10 49
      vertex -6.129908002520191 10 41.2193145126008
      vertex -6.25 10 40
    endloop
  endfacet
  facet normal 0 1 0
    outer loop
      vertex -9 10 49
      vertex -5.774247078195542 10 42.39177145228181
      vertex -6.129908002520191 10 41.2193145126008
    endloop
  endfacet
  facet normal 0 1 0
    outer loop
      vertex -9 10 49
      vertex -5.196685076890907 10 43.47231395637252
      vertex -5.774247078195542 10 42.39177145228181
    endloop
  endfacet
  facet normal 0 1 0
    outer loop
      vertex -9 10 49
      vertex -4.419417382415922 10 44.41941738241592
      vertex -5.196685076890907 10 43.47231395637252
    endloop
  endfacet
  facet normal 0 1 0
    outer loop
      vertex -9 10 49
      vertex -3.4723139563725134 10 45.19668507689091
      vertex -4.419417382415922 10 44.41941738241592
    endloop
  endfacet
  facet normal 0 1 0
    outer loop
      vertex -9 10 -49
      vertex -3.4723139563725134 10 34.80331492310909
      vertex -2.391771452281811 10 34.22575292180446
    endloop
  endfacet
  facet normal 0 1 0
    outer loop
      vertex -9 10 -49
      vertex -2.391771452281811 10 34.22575292180446
      vertex -1.2193145126008016 10 33.87009199747981
    endloop
  endfacet
  facet normal 0 1 0
    outer loop
      vertex -9 10 -49
      vertex -1.2193145126008016 10 33.87009199747981
      vertex 0 10 33.75
    endloop
  endfacet
  facet normal 0 1 0
    outer loop
      vertex -9 10 -49
      vertex 0 10 33.75
      vertex 1.2193145126008016 10 33.87009199747981
    endloop
  endfacet
  facet normal 0 1 0
    outer loop
      vertex -9 10 -49
      vertex 1.2193145126008016 10 33.87009199747981
      vertex 2.391771452281811 10 34.22575292180446
    endloop
  endfacet
  facet normal 0 1 0
    outer loop
      vertex -9 10 -49
      vertex 2.391771452281811 10 34.22575292180446
      vertex 3.4723139563725134 10 34.80331492310909
    endloop
  endfacet
  facet normal 0 1 0
    outer loop
      vertex -9 10 -49
      vertex 3.4723139563725134 10 34.80331492310909
      vertex 4.419417382415922 10 35.58058261758408
    endloop
  endfacet
  facet normal 0 1 0
    outer loop
      vertex -9 10 49
      vertex -2.391771452281811 10 45.77424707819554
      vertex -3.4723139563725134 10 45.19668507689091
    endloop
  endfacet
  facet normal 0 1 0
    outer loop
      vertex -9 10 49
      vertex -1.2193145126008016 10 46.12990800252019
      vertex -2.391771452281811 10 45.77424707819554
    endloop
  endfacet
  facet normal 0 1 0
    outer loop
      vertex -9 10 49
      vertex 0 10 46.25
      vertex -1.2193145126008016 10 46.12990800252019
    endloop
  endfacet
  facet normal 0 0.7071067811865476 0.7071067811865476
    outer loop
      vertex -9 9 50
      vertex 9 10 49
      vertex -9 10 49
    endloop
  endfacet
  facet normal 0 -1 0
    outer loop
      vertex -9 -10 -49
      vertex 9 -10 -49
      vertex 0 -10 -46.25
    endloop
  endfacet
  facet normal 0 -0.7071067811865476 -0.7071067811865476
    outer loop
      vertex -9 -10 -49
      vertex 9 -9 -50
      vertex 9 -10 -49
    endloop
  endfacet
  facet normal 0 -1 0
    outer loop
      vertex 9 -10 -49
      vertex 1.2193145126008016 -10 -46.12990800252019
      vertex 0 -10 -46.25
    endloop
  endfacet
  facet normal 0 -1 0
    outer loop
      vertex 9 -10 -49
      vertex 2.391771452281811 -10 -45.77424707819554
      vertex 1.2193145126008016 -10 -46.12990800252019
    endloop
  endfacet
  facet normal 0 -1 0
    outer loop
      vertex 9 -10 -49
      vertex 3.4723139563725134 -10 -45.19668507689091
      vertex 2.391771452281811 -10 -45.77424707819554
    endloop
  endfacet
  facet normal 0 -1 0
    outer loop
      vertex 9 -10 49
      vertex -4.419417382415922 -10 -35.58058261758408
      vertex -3.4723139563725134 -10 -34.80331492310909
    endloop
  endfacet
  facet normal 0 -1 0
    outer loop
      vertex 9 -10 49
      vertex -3.4723139563725134 -10 -34.80331492310909
      vertex -2.391771452281811 -10 -34.22575292180446
    endloop
  endfacet
  facet normal 0 -1 0
    outer loop
      vertex 9 -10 49
      vertex -2.391771452281811 -10 -34.22575292180446
      vertex -1.2193145126008016 -10 -33.87009199747981
    endloop
  endfacet
  facet normal 0 -1 0
    outer loop
      vertex 9 -10 49
      vertex -1.2193145126008016 -10 -33.87009199747981
      vertex 0 -10 -33.75
    endloop
  endfacet
  facet normal 0 -1 0
    outer loop
      vertex 9 -10 49
      vertex 0 -10 -33.75
      vertex 1.2193145126008016 -10 -33.87009199747981
    endloop
  endfacet
  facet normal 0 -1 0
    outer loop
      vertex 9 -10 49
      vertex 1.2193145126008016 -10 -33.87009199747981
      vertex 2.391771452281811 -10 -34.22575292180446
    endloop
  endfacet
  facet normal 0 -1 0
    outer loop
      vertex 9 -10 49
      vertex 2.391771452281811 -10 -34.22575292180446
      vertex 3.4723139563725134 -10 -34.80331492310909
    endloop
  endfacet
  facet normal 0 0 -1
    outer loop
      vertex -9 -9 -50
      vertex 9 9 -50
      vertex 9 -9 -50
    endloop
  endfacet
  facet normal 0 -1 0
    outer loop
      vertex 9 -10 -49
      vertex 4.419417382415922 -10 -44.41941738241592
      vertex 3.4723139563725134 -10 -45.19668507689091
    endloop
  endfacet
  facet normal 0 -1 0
    outer loop
      vertex 9 -10 -49
      vertex 5.196685076890907 -10 -43.47231395637252
      vertex 4.419417382415922 -10 -44.41941738241592
    endloop
  endfacet
  facet normal 0 -1 0
    outer loop
      vertex 9 -10 -49
      vertex 5.774247078195542 -10 -42.39177145228181
      vertex 5.196685076890907 -10 -43.47231395637252
    endloop
  endfacet
  facet normal 0 -1 0
    outer loop
      vertex 9 -10 -49
      vertex 6.129908002520191 -10 -41.2193145126008
      vertex 5.774247078195542 -10 -42.39177145228181
    endloop
  endfacet
  facet normal 0 -1 0
    outer loop
      vertex 9 -10 -49
      vertex 6.25 -10 -40
      vertex 6.129908002520191 -10 -41.2193145126008
    endloop
  endfacet
  facet normal 0.5773502691896258 -0.5773502691896258 -0.5773502691896258
    outer loop
      vertex 9 -10 -49
      vertex 9 -9 -50
      vertex 10 -9 -49
    endloop
  endfacet
  facet normal 0 -1 0
    outer loop
      vertex 9 -10 49
      vertex 3.4723139563725134 -10 -34.80331492310909
      vertex 4.419417382415922 -10 -35.58058261758408
    endloop
  endfacet
  facet normal 0 -1 0
    outer loop
      vertex 9 -10 49
      vertex 4.419417382415922 -10 -35.58058261758408
      vertex 5.196685076890907 -10 -36.52768604362748
    endloop
  endfacet
  facet normal 0 -1 0
    outer loop
      vertex 9 -10 49
      vertex 5.196685076890907 -10 -36.52768604362748
      vertex 5.774247078195542 -10 -37.60822854771819
    endloop
  endfacet
  facet normal 0 -1 0
    outer loop
      vertex 9 -10 49
      vertex 6.129908002520191 -10 -38.7806854873992
      vertex 6.25 -10 -40
    endloop
  endfacet
  facet normal 0 -1 0
    outer loop
      vertex 9 -10 49
      vertex 5.774247078195542 -10 -37.60822854771819
      vertex 6.129908002520191 -10 -38.7806854873992
    endloop
  endfacet
  facet normal 0 -1 0
    outer loop
      vertex 9 -10 -49
      vertex 9 -10 49
      vertex 6.25 -10 -40
    endloop
  endfacet
  facet normal 0.7071067811865475 -0.7071067811865475 0
    outer loop
      vertex 9 -10 -49
      vertex 10 -9 -49
      vertex 9 -10 49
    endloop
  endfacet
  facet normal 0.7071067811865476 0 -0.7071067811865476
    outer loop
      vertex 9 -9 -50
      vertex 9 9 -50
      vertex 10 -9 -49
    endloop
  endfacet
  facet normal 0 -1 0
    outer loop
      vertex -9 -10 -49
      vertex 5.196685076890907 -10 36.52768604362748
      vertex 4.419417382415922 -10 35.58058261758408
    endloop
  endfacet
  facet normal 0 -1 0
    outer loop
      vertex -9 -10 -49
      vertex 5.774247078195542 -10 37.60822854771819
      vertex 5.196685076890907 -10 36.52768604362748
    endloop
  endfacet
  facet normal 0 -1 0
    outer loop
      vertex -9 -10 -49
      vertex 6.129908002520191 -10 38.7806854873992
      vertex 5.774247078195542 -10 37.60822854771819
    endloop
  endfacet
  facet normal 0 -1 0
    outer loop
      vertex -9 -10 -49
      vertex 9 -10 49
      vertex 6.129908002520191 -10 38.7806854873992
    endloop
  endfacet
  facet normal 0 -1 0
    outer loop
      vertex 9 -10 49
      vertex -1.2193145126008016 -10 46.12990800252019
      vertex 0 -10 46.25
    endloop
  endfacet
  facet normal 0 -0.7071067811865476 0.7071067811865476
    outer loop
      vertex -9 -9 50
      vertex 9 -10 49
      vertex 9 -9 50
    endloop
  endfacet
  facet normal 0 -1 0
    outer loop
      vertex 9 -10 49
      vertex 0 -10 46.25
      vertex 1.2193145126008016 -10 46.12990800252019
    endloop
  endfacet
  facet normal 0 -1 0
    outer loop
      vertex 9 -10 49
      vertex 1.2193145126008016 -10 46.12990800252019
      vertex 2.391771452281811 -10 45.77424707819554
    endloop
  endfacet
  facet normal 0 -1 0
    outer loop
      vertex 9 -10 49
      vertex 2.391771452281811 -10 45.77424707819554
      vertex 3.4723139563725134 -10 45.19668507689091
    endloop
  endfacet
  facet normal 0.7071067811865475 -0.7071067811865475 0
    outer loop
      vertex 10 -9 -49
      vertex 10 -9 49
      vertex 9 -10 49
    endloop
  endfacet
  facet normal 0 -1 0
    outer loop
      vertex 9 -10 49
      vertex 3.4723139563725134 -10 45.19668507689091
      vertex 4.419417382415922 -10 44.41941738241592
    endloop
  endfacet
  facet normal 0 -1 0
    outer loop
      vertex 9 -10 49
      vertex 4.419417382415922 -10 44.41941738241592
      vertex 5.196685076890907 -10 43.47231395637252
    endloop
  endfacet
  facet normal 0 -1 0
    outer loop
      vertex 9 -10 49
      vertex 6.25 -10 40
      vertex 6.129908002520191 -10 38.7806854873992
    endloop
  endfacet
  facet normal 0 -1 0
    outer loop
      vertex 9 -10 49
      vertex 6.129908002520191 -10 41.2193145126008
      vertex 6.25 -10 40
    endloop
  endfacet
  facet normal 0 -1 0
    outer loop
      vertex 9 -10 49
      vertex 5.196685076890907 -10 43.47231395637252
      vertex 5.774247078195542 -10 42.39177145228181
    endloop
  endfacet
  facet normal 0 -1 0
    outer loop
      vertex 9 -10 49
      vertex 5.774247078195542 -10 42.39177145228181
      vertex 6.129908002520191 -10 41.2193145126008
    endloop
  endfacet
  facet normal 0.5773502691896258 -0.5773502691896258 0.5773502691896258
    outer loop
      vertex 9 -10 49
      vertex 10 -9 49
      vertex 9 -9 50
    endloop
  endfacet
  facet normal 1 0 0
    outer loop
      vertex 10 -9 -49
      vertex 10 9 49
      vertex 10 -9 49
    endloop
  endfacet
  facet normal 0.7071067811865476 0 0.7071067811865476
    outer loop
      vertex 9 -9 50
      vertex 10 -9 49
      vertex 9 9 50
    endloop
  endfacet
  facet normal 0 1 0
    outer loop
      vertex -9 10 -49
      vertex 1.2193145126008016 10 -46.12990800252019
      vertex 9 10 -49
    endloop
  endfacet
  facet normal 0 0.7071067811865476 -0.7071067811865476
    outer loop
      vertex -9 10 -49
      vertex 9 10 -49
      vertex 9 9 -50
    endloop
  endfacet
  facet normal 0 1 0
    outer loop
      vertex 9 10 -49
      vertex 1.2193145126008016 10 -46.12990800252019
      vertex 2.391771452281811 10 -45.77424707819554
    endloop
  endfacet
  facet normal 0 1 0
    outer loop
      vertex 9 10 -49
      vertex 2.391771452281811 10 -45.77424707819554
      vertex 3.4723139563725134 10 -45.19668507689091
    endloop
  endfacet
  facet normal 0 1 0
    outer loop
      vertex 9 10 49
      vertex -3.4723139563725134 10 -34.80331492310909
      vertex -4.419417382415922 10 -35.58058261758408
    endloop
  endfacet
  facet normal 0 1 0
    outer loop
      vertex 9 10 49
      vertex -2.391771452281811 10 -34.22575292180446
      vertex -3.4723139563725134 10 -34.80331492310909
    endloop
  endfacet
  facet normal 0 1 0
    outer loop
      vertex 9 10 49
      vertex -1.2193145126008016 10 -33.87009199747981
      vertex -2.391771452281811 10 -34.22575292180446
    endloop
  endfacet
  facet normal 0 1 0
    outer loop
      vertex 9 10 49
      vertex 0 10 -33.75
      vertex -1.2193145126008016 10 -33.87009199747981
    endloop
  endfacet
  facet normal 0 1 0
    outer loop
      vertex 9 10 49
      vertex 1.2193145126008016 10 -33.87009199747981
      vertex 0 10 -33.75
    endloop
  endfacet
  facet normal 0 1 0
    outer loop
      vertex 9 10 49
      vertex 2.391771452281811 10 -34.22575292180446
      vertex 1.2193145126008016 10 -33.87009199747981
    endloop
  endfacet
  facet normal 0 1 0
    outer loop
      vertex 9 10 49
      vertex 3.4723139563725134 10 -34.80331492310909
      vertex 2.391771452281811 10 -34.22575292180446
    endloop
  endfacet
  facet normal 0.7071067811865476 0 -0.7071067811865476
    outer loop
      vertex 10 -9 -49
      vertex 9 9 -50
      vertex 10 9 -49
    endloop
  endfacet
  facet normal 1 0 0
    outer loop
      vertex 10 -9 -49
      vertex 10 9 -49
      vertex 10 9 49
    endloop
  endfacet
  facet normal 0 1 0
    outer loop
      vertex 9 10 -49
      vertex 3.4723139563725134 10 -45.19668507689091
      vertex 4.419417382415922 10 -44.41941738241592
    endloop
  endfacet
  facet normal 0 1 0
    outer loop
      vertex 9 10 -49
      vertex 4.419417382415922 10 -44.41941738241592
      vertex 5.196685076890907 10 -43.47231395637252
    endloop
  endfacet
  facet normal 0 1 0
    outer loop
      vertex 9 10 -49
      vertex 5.196685076890907 10 -43.47231395637252
      vertex 5.774247078195542 10 -42.39177145228181
    endloop
  endfacet
  facet normal 0 1 0
    outer loop
      vertex 9 10 -49
      vertex 5.774247078195542 10 -42.39177145228181
      vertex 6.129908002520191 10 -41.2193145126008
    endloop
  endfacet
  facet normal 0 1 0
    outer loop
      vertex 9 10 -49
      vertex 6.129908002520191 10 -41.2193145126008
      vertex 6.25 10 -40
    endloop
  endfacet
  facet normal 0 1 0
    outer loop
      vertex 9 10 -49
      vertex 6.25 10 -40
      vertex 6.129908002520191 10 -38.7806854873992
    endloop
  endfacet
  facet normal 0.5773502691896258 0.5773502691896258 -0.5773502691896258
    outer loop
      vertex 9 9 -50
      vertex 9 10 -49
      vertex 10 9 -49
    endloop
  endfacet
  facet normal 0 1 0
    outer loop
      vertex 9 10 49
      vertex 4.419417382415922 10 -35.58058261758408
      vertex 3.4723139563725134 10 -34.80331492310909
    endloop
  endfacet
  facet normal 0 1 0
    outer loop
      vertex 9 10 49
      vertex 5.196685076890907 10 -36.52768604362748
      vertex 4.419417382415922 10 -35.58058261758408
    endloop
  endfacet
  facet normal 0 1 0
    outer loop
      vertex 9 10 49
      vertex 5.774247078195542 10 -37.60822854771819
      vertex 5.196685076890907 10 -36.52768604362748
    endloop
  endfacet
  facet normal 0 1 0
    outer loop
      vertex 9 10 49
      vertex 6.129908002520191 10 -38.7806854873992
      vertex 5.774247078195542 10 -37.60822854771819
    endloop
  endfacet
  facet normal 0 1 0
    outer loop
      vertex 9 10 -49
      vertex 6.129908002520191 10 -38.7806854873992
      vertex 9 10 49
    endloop
  endfacet
  facet normal 0.7071067811865475 0.7071067811865475 0
    outer loop
      vertex 9 10 -49
      vertex 9 10 49
      vertex 10 9 -49
    endloop
  endfacet
  facet normal 0 0 1
    outer loop
      vertex -9 9 50
      vertex 9 -9 50
      vertex 9 9 50
    endloop
  endfacet
  facet normal 0 1 0
    outer loop
      vertex -9 10 -49
      vertex 4.419417382415922 10 35.58058261758408
      vertex 5.196685076890907 10 36.52768604362748
    endloop
  endfacet
  facet normal 0 1 0
    outer loop
      vertex -9 10 -49
      vertex 5.196685076890907 10 36.52768604362748
      vertex 5.774247078195542 10 37.60822854771819
    endloop
  endfacet
  facet normal 0 1 0
    outer loop
      vertex -9 10 -49
      vertex 5.774247078195542 10 37.60822854771819
      vertex 6.129908002520191 10 38.7806854873992
    endloop
  endfacet
  facet normal 0 1 0
    outer loop
      vertex -9 10 -49
      vertex 6.129908002520191 10 38.7806854873992
      vertex 9 10 49
    endloop
  endfacet
  facet normal 0 1 0
    outer loop
      vertex -9 10 49
      vertex 9 10 49
      vertex 0 10 46.25
    endloop
  endfacet
  facet normal 0 0.7071067811865476 0.7071067811865476
    outer loop
      vertex -9 9 50
      vertex 9 9 50
      vertex 9 10 49
    endloop
  endfacet
  facet normal 0 1 0
    outer loop
      vertex 9 10 49
      vertex 1.2193145126008016 10 46.12990800252019
      vertex 0 10 46.25
    endloop
  endfacet
  facet normal 0 1 0
    outer loop
      vertex 9 10 49
      vertex 2.391771452281811 10 45.77424707819554
      vertex 1.2193145126008016 10 46.12990800252019
    endloop
  endfacet
  facet normal 0 1 0
    outer loop
      vertex 9 10 49
      vertex 3.4723139563725134 10 45.19668507689091
      vertex 2.391771452281811 10 45.77424707819554
    endloop
  endfacet
  facet normal 0.7071067811865476 0 0.7071067811865476
    outer loop
      vertex 10 -9 49
      vertex 10 9 49
      vertex 9 9 50
    endloop
  endfacet
  facet normal 0.7071067811865475 0.7071067811865475 0
    outer loop
      vertex 10 9 -49
      vertex 9 10 49
      vertex 10 9 49
    endloop
  endfacet
  facet normal 0 1 0
    outer loop
      vertex 9 10 49
      vertex 4.419417382415922 10 44.41941738241592
      vertex 3.4723139563725134 10 45.19668507689091
    endloop
  endfacet
  facet normal 0 1 0
    outer loop
      vertex 9 10 49
      vertex 5.196685076890907 10 43.47231395637252
      vertex 4.419417382415922 10 44.41941738241592
    endloop
  endfacet
  facet normal 0 1 0
    outer loop
      vertex 9 10 49
      vertex 6.129908002520191 10 38.7806854873992
      vertex 6.25 10 40
    endloop
  endfacet
  facet normal 0 1 0
    outer loop
      vertex 9 10 49
      vertex 6.25 10 40
      vertex 6.129908002520191 10 41.2193145126008
    endloop
  endfacet
  facet normal 0 1 0
    outer loop
      vertex 9 10 49
      vertex 5.774247078195542 10 42.39177145228181
      vertex 5.196685076890907 10 43.47231395637252
    endloop
  endfacet
  facet normal 0 1 0
    outer loop
      vertex 9 10 49
      vertex 6.129908002520191 10 41.2193145126008
      vertex 5.774247078195542 10 42.39177145228181
    endloop
  endfacet
  facet normal 0.5773502691896258 0.5773502691896258 0.5773502691896258
    outer loop
      vertex 9 9 50
      vertex 10 9 49
      vertex 9 10 49
    endloop
  endfacet
endsolid OpenSCAD_Model
