solid OpenSCAD_Model
  facet normal 0.9951847266721968 1.7612943026977593e-17 0.09801714032956094
    outer loop
      vertex -2.2608867878467005 -4 30
      vertex -2.217444482178185 -4 29.558922868516976
      vertex -2.242595290723115 4 29.81428331305978
    endloop
  endfacet
  facet normal 0.956940335732209 0 0.2902846772544619
    outer loop
      vertex -2.0887870286167542 -4 29.13479608383794
      vertex -2.0887870286167542 4 29.13479608383794
      vertex -2.217444482178185 -4 29.558922868516976
    endloop
  endfacet
  facet normal 0.8819212643483536 0 0.4713967368260002
    outer loop
      vertex -2.0887870286167542 -4 29.13479608383794
      vertex -1.879858660950843 -4 28.74391860044507
      vertex -1.879858660950843 4 28.74391860044507
    endloop
  endfacet
  facet normal 0.77301045336274 0 0.6343932841636417
    outer loop
      vertex -1.879858660950843 -4 28.74391860044507
      vertex -1.5986883791814732 -4 28.401311620818525
      vertex -1.5986883791814732 4 28.401311620818525
    endloop
  endfacet
  facet normal 0.6343932841636457 0 0.7730104533627368
    outer loop
      vertex -1.5986883791814732 -4 28.401311620818525
      vertex -1.2560813995549314 -4 28.120141339049155
      vertex -1.2560813995549314 4 28.120141339049155
    endloop
  endfacet
  facet normal 0.47139673682599265 0 0.8819212643483577
    outer loop
      vertex -1.2560813995549314 -4 28.120141339049155
      vertex -0.8652039161620579 -4 27.911212971383247
      vertex -0.8652039161620579 4 27.911212971383247
    endloop
  endfacet
  facet normal 0.29028467725446216 0 0.9569403357322089
    outer loop
      vertex -0.8652039161620579 -4 27.911212971383247
      vertex -0.44107713148302263 -4 27.782555517821816
      vertex -0.44107713148302263 4 27.782555517821816
    endloop
  endfacet
  facet normal 0.09801714032956411 0 0.9951847266721966
    outer loop
      vertex -0.44107713148302263 -4 27.782555517821816
      vertex 0 -4 27.7391132121533
      vertex 0 4 27.7391132121533
    endloop
  endfacet
  facet normal 0.9951847266721968 -2.9788557051308804e-17 -0.09801714032956148
    outer loop
      vertex -2.242595290723115 -4 30.18571668694022
      vertex -2.2357359793017704 4 30.255360444542802
      vertex -2.217444482178185 -4 30.441077131483024
    endloop
  endfacet
  facet normal 0.956940335732209 0 -0.2902846772544619
    outer loop
      vertex -2.217444482178185 -4 30.441077131483024
      vertex -2.217444482178185 4 30.441077131483024
      vertex -2.0887870286167542 -4 30.86520391616206
    endloop
  endfacet
  facet normal 0.8819212643483536 0 -0.4713967368260002
    outer loop
      vertex -2.0887870286167542 -4 30.86520391616206
      vertex -2.0887870286167542 4 30.86520391616206
      vertex -1.879858660950843 -4 31.25608139955493
    endloop
  endfacet
  facet normal 0.77301045336274 0 -0.6343932841636417
    outer loop
      vertex -1.879858660950843 -4 31.25608139955493
      vertex -1.879858660950843 4 31.25608139955493
      vertex -1.5986883791814732 -4 31.598688379181475
    endloop
  endfacet
  facet normal 0.6343932841636457 0 -0.7730104533627368
    outer loop
      vertex -1.5986883791814732 -4 31.598688379181475
      vertex -1.5986883791814732 4 31.598688379181475
      vertex -1.2560813995549314 -4 31.879858660950845
    endloop
  endfacet
  facet normal 0.4713967368259989 0 -0.8819212643483544
    outer loop
      vertex -1.2560813995549314 -4 31.879858660950845
      vertex -1.2560813995549314 4 31.879858660950845
      vertex -0.8652039161620579 -4 32.08878702861676
    endloop
  endfacet
  facet normal 0.29028467725446216 0 -0.9569403357322089
    outer loop
      vertex -0.8652039161620579 -4 32.08878702861676
      vertex -0.8652039161620579 4 32.08878702861676
      vertex -0.44107713148302263 -4 32.21744448217819
    endloop
  endfacet
  facet normal 0.09801714032955616 0 -0.9951847266721973
    outer loop
      vertex -0.44107713148302263 -4 32.21744448217819
      vertex -0.44107713148302263 4 32.21744448217819
      vertex 0 -4 32.2608867878467
    endloop
  endfacet
  facet normal 0.9951847266721968 0 0.09801714032956148
    outer loop
      vertex -2.217444482178185 -4 29.558922868516976
      vertex -2.217444482178185 4 29.558922868516976
      vertex -2.242595290723115 4 29.81428331305978
    endloop
  endfacet
  facet normal 0.956940335732209 0 0.2902846772544619
    outer loop
      vertex -2.217444482178185 -4 29.558922868516976
      vertex -2.0887870286167542 4 29.13479608383794
      vertex -2.217444482178185 4 29.558922868516976
    endloop
  endfacet
  facet normal 0.8819212643483536 0 0.4713967368260002
    outer loop
      vertex -2.0887870286167542 -4 29.13479608383794
      vertex -1.879858660950843 4 28.74391860044507
      vertex -2.0887870286167542 4 29.13479608383794
    endloop
  endfacet
  facet normal 0.77301045336274 0 0.6343932841636417
    outer loop
      vertex -1.879858660950843 -4 28.74391860044507
      vertex -1.5986883791814732 4 28.401311620818525
      vertex -1.879858660950843 4 28.74391860044507
    endloop
  endfacet
  facet normal 0.6343932841636457 0 0.7730104533627368
    outer loop
      vertex -1.5986883791814732 -4 28.401311620818525
      vertex -1.2560813995549314 4 28.120141339049155
      vertex -1.5986883791814732 4 28.401311620818525
    endloop
  endfacet
  facet normal 0.47139673682599265 0 0.8819212643483577
    outer loop
      vertex -1.2560813995549314 -4 28.120141339049155
      vertex -0.8652039161620579 4 27.911212971383247
      vertex -1.2560813995549314 4 28.120141339049155
    endloop
  endfacet
  facet normal 0.29028467725446216 0 0.9569403357322089
    outer loop
      vertex -0.8652039161620579 -4 27.911212971383247
      vertex -0.44107713148302263 4 27.782555517821816
      vertex -0.8652039161620579 4 27.911212971383247
    endloop
  endfacet
  facet normal 0.09801714032956411 0 0.9951847266721966
    outer loop
      vertex -0.44107713148302263 -4 27.782555517821816
      vertex 0 4 27.7391132121533
      vertex -0.44107713148302263 4 27.782555517821816
    endloop
  endfacet
  facet normal 0.9951847266721969 0 -0.0980171403295602
    outer loop
      vertex -2.217444482178185 -4 30.441077131483024
      vertex -2.2357359793017704 4 30.255360444542802
      vertex -2.217444482178185 4 30.441077131483024
    endloop
  endfacet
  facet normal 0.956940335732209 0 -0.2902846772544619
    outer loop
      vertex -2.0887870286167542 -4 30.86520391616206
      vertex -2.217444482178185 4 30.441077131483024
      vertex -2.0887870286167542 4 30.86520391616206
    endloop
  endfacet
  facet normal 0.8819212643483536 0 -0.4713967368260002
    outer loop
      vertex -1.879858660950843 -4 31.25608139955493
      vertex -2.0887870286167542 4 30.86520391616206
      vertex -1.879858660950843 4 31.25608139955493
    endloop
  endfacet
  facet normal 0.77301045336274 0 -0.6343932841636417
    outer loop
      vertex -1.5986883791814732 -4 31.598688379181475
      vertex -1.879858660950843 4 31.25608139955493
      vertex -1.5986883791814732 4 31.598688379181475
    endloop
  endfacet
  facet normal 0.6343932841636457 0 -0.7730104533627368
    outer loop
      vertex -1.2560813995549314 -4 31.879858660950845
      vertex -1.5986883791814732 4 31.598688379181475
      vertex -1.2560813995549314 4 31.879858660950845
    endloop
  endfacet
  facet normal 0.4713967368259989 0 -0.8819212643483544
    outer loop
      vertex -0.8652039161620579 -4 32.08878702861676
      vertex -1.2560813995549314 4 31.879858660950845
      vertex -0.8652039161620579 4 32.08878702861676
    endloop
  endfacet
  facet normal 0.29028467725446216 0 -0.9569403357322089
    outer loop
      vertex -0.44107713148302263 -4 32.21744448217819
      vertex -0.8652039161620579 4 32.08878702861676
      vertex -0.44107713148302263 4 32.21744448217819
    endloop
  endfacet
  facet normal 0.09801714032955616 0 -0.9951847266721973
    outer loop
      vertex -0.44107713148302263 4 32.21744448217819
      vertex 0 4 32.2608867878467
      vertex 0 -4 32.2608867878467
    endloop
  endfacet
  facet normal -0.09801714032956411 0 0.9951847266721966
    outer loop
      vertex 0 -4 27.7391132121533
      vertex 0.44107713148302263 -4 27.782555517821816
      vertex 0.44107713148302263 4 27.782555517821816
    endloop
  endfacet
  facet normal -0.29028467725446216 0 0.9569403357322089
    outer loop
      vertex 0.44107713148302263 -4 27.782555517821816
      vertex 0.8652039161620579 -4 27.911212971383247
      vertex 0.8652039161620579 4 27.911212971383247
    endloop
  endfacet
  facet normal -0.47139673682599265 0 0.8819212643483577
    outer loop
      vertex 0.8652039161620579 -4 27.911212971383247
      vertex 1.2560813995549314 -4 28.120141339049155
      vertex 1.2560813995549314 4 28.120141339049155
    endloop
  endfacet
  facet normal -0.6343932841636457 0 0.7730104533627368
    outer loop
      vertex 1.2560813995549314 -4 28.120141339049155
      vertex 1.5986883791814732 -4 28.401311620818525
      vertex 1.5986883791814732 4 28.401311620818525
    endloop
  endfacet
  facet normal -0.77301045336274 0 0.6343932841636417
    outer loop
      vertex 1.5986883791814732 -4 28.401311620818525
      vertex 1.879858660950843 -4 28.74391860044507
      vertex 1.879858660950843 4 28.74391860044507
    endloop
  endfacet
  facet normal -0.8819212643483536 0 0.4713967368260002
    outer loop
      vertex 1.879858660950843 -4 28.74391860044507
      vertex 2.0887870286167542 -4 29.13479608383794
      vertex 2.0887870286167542 4 29.13479608383794
    endloop
  endfacet
  facet normal -0.956940335732209 0 0.2902846772544619
    outer loop
      vertex 2.0887870286167542 -4 29.13479608383794
      vertex 2.217444482178185 -4 29.558922868516976
      vertex 2.217444482178185 4 29.558922868516976
    endloop
  endfacet
  facet normal -0.9951847266721968 0 0.09801714032956094
    outer loop
      vertex 2.217444482178185 -4 29.558922868516976
      vertex 2.2608867878467005 -4 30
      vertex 2.2608867878467005 4 30
    endloop
  endfacet
  facet normal -0.09801714032955616 0 -0.9951847266721973
    outer loop
      vertex 0 -4 32.2608867878467
      vertex 0 4 32.2608867878467
      vertex 0.44107713148302263 -4 32.21744448217819
    endloop
  endfacet
  facet normal -0.29028467725446216 0 -0.9569403357322089
    outer loop
      vertex 0.44107713148302263 -4 32.21744448217819
      vertex 0.44107713148302263 4 32.21744448217819
      vertex 0.8652039161620579 -4 32.08878702861676
    endloop
  endfacet
  facet normal -0.4713967368259989 0 -0.8819212643483544
    outer loop
      vertex 0.8652039161620579 -4 32.08878702861676
      vertex 0.8652039161620579 4 32.08878702861676
      vertex 1.2560813995549314 -4 31.879858660950845
    endloop
  endfacet
  facet normal -0.6343932841636457 0 -0.7730104533627368
    outer loop
      vertex 1.2560813995549314 -4 31.879858660950845
      vertex 1.2560813995549314 4 31.879858660950845
      vertex 1.5986883791814732 -4 31.598688379181475
    endloop
  endfacet
  facet normal -0.77301045336274 0 -0.6343932841636417
    outer loop
      vertex 1.5986883791814732 -4 31.598688379181475
      vertex 1.5986883791814732 4 31.598688379181475
      vertex 1.879858660950843 -4 31.25608139955493
    endloop
  endfacet
  facet normal -0.8819212643483536 0 -0.4713967368260002
    outer loop
      vertex 1.879858660950843 -4 31.25608139955493
      vertex 1.879858660950843 4 31.25608139955493
      vertex 2.0887870286167542 -4 30.86520391616206
    endloop
  endfacet
  facet normal -0.956940335732209 0 -0.2902846772544619
    outer loop
      vertex 2.0887870286167542 -4 30.86520391616206
      vertex 2.0887870286167542 4 30.86520391616206
      vertex 2.217444482178185 -4 30.441077131483024
    endloop
  endfacet
  facet normal -0.9951847266721968 1.712369460956155e-17 -0.09801714032956094
    outer loop
      vertex 2.217444482178185 -4 30.441077131483024
      vertex 2.242595290723115 4 30.18571668694022
      vertex 2.2608867878467005 -4 30
    endloop
  endfacet
  facet normal -0.09801714032956411 0 0.9951847266721966
    outer loop
      vertex 0 -4 27.7391132121533
      vertex 0.44107713148302263 4 27.782555517821816
      vertex 0 4 27.7391132121533
    endloop
  endfacet
  facet normal -0.29028467725446216 0 0.9569403357322089
    outer loop
      vertex 0.44107713148302263 -4 27.782555517821816
      vertex 0.8652039161620579 4 27.911212971383247
      vertex 0.44107713148302263 4 27.782555517821816
    endloop
  endfacet
  facet normal -0.47139673682599265 0 0.8819212643483577
    outer loop
      vertex 0.8652039161620579 -4 27.911212971383247
      vertex 1.2560813995549314 4 28.120141339049155
      vertex 0.8652039161620579 4 27.911212971383247
    endloop
  endfacet
  facet normal -0.6343932841636457 0 0.7730104533627368
    outer loop
      vertex 1.2560813995549314 -4 28.120141339049155
      vertex 1.5986883791814732 4 28.401311620818525
      vertex 1.2560813995549314 4 28.120141339049155
    endloop
  endfacet
  facet normal -0.77301045336274 0 0.6343932841636417
    outer loop
      vertex 1.5986883791814732 -4 28.401311620818525
      vertex 1.879858660950843 4 28.74391860044507
      vertex 1.5986883791814732 4 28.401311620818525
    endloop
  endfacet
  facet normal -0.8819212643483536 0 0.4713967368260002
    outer loop
      vertex 1.879858660950843 -4 28.74391860044507
      vertex 2.0887870286167542 4 29.13479608383794
      vertex 1.879858660950843 4 28.74391860044507
    endloop
  endfacet
  facet normal -0.956940335732209 0 0.2902846772544619
    outer loop
      vertex 2.0887870286167542 -4 29.13479608383794
      vertex 2.217444482178185 4 29.558922868516976
      vertex 2.0887870286167542 4 29.13479608383794
    endloop
  endfacet
  facet normal -0.9951847266721968 0 0.09801714032956094
    outer loop
      vertex 2.217444482178185 -4 29.558922868516976
      vertex 2.2608867878467005 4 30
      vertex 2.217444482178185 4 29.558922868516976
    endloop
  endfacet
  facet normal -0.09801714032955616 0 -0.9951847266721973
    outer loop
      vertex 0.44107713148302263 -4 32.21744448217819
      vertex 0 4 32.2608867878467
      vertex 0.44107713148302263 4 32.21744448217819
    endloop
  endfacet
  facet normal -0.29028467725446216 0 -0.9569403357322089
    outer loop
      vertex 0.8652039161620579 -4 32.08878702861676
      vertex 0.44107713148302263 4 32.21744448217819
      vertex 0.8652039161620579 4 32.08878702861676
    endloop
  endfacet
  facet normal -0.4713967368259989 0 -0.8819212643483544
    outer loop
      vertex 1.2560813995549314 -4 31.879858660950845
      vertex 0.8652039161620579 4 32.08878702861676
      vertex 1.2560813995549314 4 31.879858660950845
    endloop
  endfacet
  facet normal -0.6343932841636457 0 -0.7730104533627368
    outer loop
      vertex 1.5986883791814732 -4 31.598688379181475
      vertex 1.2560813995549314 4 31.879858660950845
      vertex 1.5986883791814732 4 31.598688379181475
    endloop
  endfacet
  facet normal -0.77301045336274 0 -0.6343932841636417
    outer loop
      vertex 1.879858660950843 -4 31.25608139955493
      vertex 1.5986883791814732 4 31.598688379181475
      vertex 1.879858660950843 4 31.25608139955493
    endloop
  endfacet
  facet normal -0.8819212643483536 0 -0.4713967368260002
    outer loop
      vertex 2.0887870286167542 -4 30.86520391616206
      vertex 1.879858660950843 4 31.25608139955493
      vertex 2.0887870286167542 4 30.86520391616206
    endloop
  endfacet
  facet normal -0.956940335732209 0 -0.2902846772544619
    outer loop
      vertex 2.217444482178185 -4 30.441077131483024
      vertex 2.0887870286167542 4 30.86520391616206
      vertex 2.217444482178185 4 30.441077131483024
    endloop
  endfacet
  facet normal -0.9951847266721968 0 -0.09801714032956148
    outer loop
      vertex 2.217444482178185 -4 30.441077131483024
      vertex 2.217444482178185 4 30.441077131483024
      vertex 2.242595290723115 4 30.18571668694022
    endloop
  endfacet
  facet normal 0.9951847266721969 0 -0.0980171403295602
    outer loop
      vertex -2.2608867878467005 -4 30
      vertex -2.2608867878467005 4 30
      vertex -2.242595290723115 -4 30.18571668694022
    endloop
  endfacet
  facet normal 0.9951847266721969 0 0.0980171403295602
    outer loop
      vertex -2.2608867878467005 -4 30
      vertex -2.242595290723115 4 29.81428331305978
      vertex -2.2608867878467005 4 30
    endloop
  endfacet
  facet normal 0.9951847266721968 -2.9894190232341817e-17 -0.09801714032956148
    outer loop
      vertex -2.242595290723115 -4 30.18571668694022
      vertex -2.2608867878467005 4 30
      vertex -2.2357359793017704 4 30.255360444542802
    endloop
  endfacet
  facet normal -0.9951847266721969 0 -0.0980171403295602
    outer loop
      vertex 2.2608867878467005 -4 30
      vertex 2.242595290723115 4 30.18571668694022
      vertex 2.2608867878467005 4 30
    endloop
  endfacet
  facet normal 0.9951847266721968 1.7612943026977593e-17 0.09801714032956094
    outer loop
      vertex -2.2608867878467005 -4 -30
      vertex -2.217444482178185 -4 -30.441077131483024
      vertex -2.242595290723115 4 -30.18571668694022
    endloop
  endfacet
  facet normal 0.956940335732209 0 0.2902846772544619
    outer loop
      vertex -2.217444482178185 -4 -30.441077131483024
      vertex -2.0887870286167542 -4 -30.86520391616206
      vertex -2.0887870286167542 4 -30.86520391616206
    endloop
  endfacet
  facet normal 0.8819212643483536 0 0.4713967368260002
    outer loop
      vertex -2.0887870286167542 -4 -30.86520391616206
      vertex -1.879858660950843 -4 -31.25608139955493
      vertex -1.879858660950843 4 -31.25608139955493
    endloop
  endfacet
  facet normal 0.77301045336274 0 0.6343932841636417
    outer loop
      vertex -1.879858660950843 -4 -31.25608139955493
      vertex -1.5986883791814732 -4 -31.598688379181475
      vertex -1.5986883791814732 4 -31.598688379181475
    endloop
  endfacet
  facet normal 0.6343932841636457 0 0.7730104533627368
    outer loop
      vertex -1.5986883791814732 -4 -31.598688379181475
      vertex -1.2560813995549314 -4 -31.879858660950845
      vertex -1.2560813995549314 4 -31.879858660950845
    endloop
  endfacet
  facet normal 0.4713967368259989 0 0.8819212643483544
    outer loop
      vertex -1.2560813995549314 -4 -31.879858660950845
      vertex -0.8652039161620579 -4 -32.08878702861676
      vertex -0.8652039161620579 4 -32.08878702861676
    endloop
  endfacet
  facet normal 0.29028467725446216 0 0.9569403357322089
    outer loop
      vertex -0.8652039161620579 -4 -32.08878702861676
      vertex -0.44107713148302263 -4 -32.21744448217819
      vertex -0.44107713148302263 4 -32.21744448217819
    endloop
  endfacet
  facet normal 0.09801714032955616 0 0.9951847266721973
    outer loop
      vertex -0.44107713148302263 -4 -32.21744448217819
      vertex 0 -4 -32.2608867878467
      vertex 0 4 -32.2608867878467
    endloop
  endfacet
  facet normal 0.9951847266721968 -2.9788557051308804e-17 -0.09801714032956148
    outer loop
      vertex -2.242595290723115 -4 -29.81428331305978
      vertex -2.2357359793017704 4 -29.744639555457198
      vertex -2.217444482178185 -4 -29.558922868516976
    endloop
  endfacet
  facet normal 0.956940335732209 0 -0.2902846772544619
    outer loop
      vertex -2.217444482178185 -4 -29.558922868516976
      vertex -2.217444482178185 4 -29.558922868516976
      vertex -2.0887870286167542 -4 -29.13479608383794
    endloop
  endfacet
  facet normal 0.8819212643483536 0 -0.4713967368260002
    outer loop
      vertex -2.0887870286167542 -4 -29.13479608383794
      vertex -2.0887870286167542 4 -29.13479608383794
      vertex -1.879858660950843 -4 -28.74391860044507
    endloop
  endfacet
  facet normal 0.77301045336274 0 -0.6343932841636417
    outer loop
      vertex -1.879858660950843 -4 -28.74391860044507
      vertex -1.879858660950843 4 -28.74391860044507
      vertex -1.5986883791814732 -4 -28.401311620818525
    endloop
  endfacet
  facet normal 0.6343932841636457 0 -0.7730104533627368
    outer loop
      vertex -1.5986883791814732 -4 -28.401311620818525
      vertex -1.5986883791814732 4 -28.401311620818525
      vertex -1.2560813995549314 -4 -28.120141339049155
    endloop
  endfacet
  facet normal 0.47139673682599265 0 -0.8819212643483577
    outer loop
      vertex -1.2560813995549314 -4 -28.120141339049155
      vertex -1.2560813995549314 4 -28.120141339049155
      vertex -0.8652039161620579 -4 -27.911212971383247
    endloop
  endfacet
  facet normal 0.29028467725446216 0 -0.9569403357322089
    outer loop
      vertex -0.8652039161620579 -4 -27.911212971383247
      vertex -0.8652039161620579 4 -27.911212971383247
      vertex -0.44107713148302263 -4 -27.782555517821816
    endloop
  endfacet
  facet normal 0.09801714032956411 0 -0.9951847266721966
    outer loop
      vertex -0.44107713148302263 -4 -27.782555517821816
      vertex -0.44107713148302263 4 -27.782555517821816
      vertex 0 -4 -27.7391132121533
    endloop
  endfacet
  facet normal 0.9951847266721968 0 0.09801714032956148
    outer loop
      vertex -2.217444482178185 -4 -30.441077131483024
      vertex -2.217444482178185 4 -30.441077131483024
      vertex -2.242595290723115 4 -30.18571668694022
    endloop
  endfacet
  facet normal 0.956940335732209 0 0.2902846772544619
    outer loop
      vertex -2.217444482178185 -4 -30.441077131483024
      vertex -2.0887870286167542 4 -30.86520391616206
      vertex -2.217444482178185 4 -30.441077131483024
    endloop
  endfacet
  facet normal 0.8819212643483536 0 0.4713967368260002
    outer loop
      vertex -2.0887870286167542 -4 -30.86520391616206
      vertex -1.879858660950843 4 -31.25608139955493
      vertex -2.0887870286167542 4 -30.86520391616206
    endloop
  endfacet
  facet normal 0.77301045336274 0 0.6343932841636417
    outer loop
      vertex -1.879858660950843 -4 -31.25608139955493
      vertex -1.5986883791814732 4 -31.598688379181475
      vertex -1.879858660950843 4 -31.25608139955493
    endloop
  endfacet
  facet normal 0.6343932841636457 0 0.7730104533627368
    outer loop
      vertex -1.5986883791814732 -4 -31.598688379181475
      vertex -1.2560813995549314 4 -31.879858660950845
      vertex -1.5986883791814732 4 -31.598688379181475
    endloop
  endfacet
  facet normal 0.4713967368259989 0 0.8819212643483544
    outer loop
      vertex -1.2560813995549314 -4 -31.879858660950845
      vertex -0.8652039161620579 4 -32.08878702861676
      vertex -1.2560813995549314 4 -31.879858660950845
    endloop
  endfacet
  facet normal 0.29028467725446216 0 0.9569403357322089
    outer loop
      vertex -0.8652039161620579 -4 -32.08878702861676
      vertex -0.44107713148302263 4 -32.21744448217819
      vertex -0.8652039161620579 4 -32.08878702861676
    endloop
  endfacet
  facet normal 0.09801714032955616 0 0.9951847266721973
    outer loop
      vertex -0.44107713148302263 -4 -32.21744448217819
      vertex 0 4 -32.2608867878467
      vertex -0.44107713148302263 4 -32.21744448217819
    endloop
  endfacet
  facet normal 0.9951847266721969 0 -0.0980171403295602
    outer loop
      vertex -2.217444482178185 -4 -29.558922868516976
      vertex -2.2357359793017704 4 -29.744639555457198
      vertex -2.217444482178185 4 -29.558922868516976
    endloop
  endfacet
  facet normal 0.956940335732209 0 -0.2902846772544619
    outer loop
      vertex -2.0887870286167542 -4 -29.13479608383794
      vertex -2.217444482178185 4 -29.558922868516976
      vertex -2.0887870286167542 4 -29.13479608383794
    endloop
  endfacet
  facet normal 0.8819212643483536 0 -0.4713967368260002
    outer loop
      vertex -1.879858660950843 -4 -28.74391860044507
      vertex -2.0887870286167542 4 -29.13479608383794
      vertex -1.879858660950843 4 -28.74391860044507
    endloop
  endfacet
  facet normal 0.77301045336274 0 -0.6343932841636417
    outer loop
      vertex -1.5986883791814732 -4 -28.401311620818525
      vertex -1.879858660950843 4 -28.74391860044507
      vertex -1.5986883791814732 4 -28.401311620818525
    endloop
  endfacet
  facet normal 0.6343932841636457 0 -0.7730104533627368
    outer loop
      vertex -1.2560813995549314 -4 -28.120141339049155
      vertex -1.5986883791814732 4 -28.401311620818525
      vertex -1.2560813995549314 4 -28.120141339049155
    endloop
  endfacet
  facet normal 0.47139673682599265 0 -0.8819212643483577
    outer loop
      vertex -0.8652039161620579 -4 -27.911212971383247
      vertex -1.2560813995549314 4 -28.120141339049155
      vertex -0.8652039161620579 4 -27.911212971383247
    endloop
  endfacet
  facet normal 0.29028467725446216 0 -0.9569403357322089
    outer loop
      vertex -0.44107713148302263 -4 -27.782555517821816
      vertex -0.8652039161620579 4 -27.911212971383247
      vertex -0.44107713148302263 4 -27.782555517821816
    endloop
  endfacet
  facet normal 0.09801714032956411 0 -0.9951847266721966
    outer loop
      vertex -0.44107713148302263 4 -27.782555517821816
      vertex 0 4 -27.7391132121533
      vertex 0 -4 -27.7391132121533
    endloop
  endfacet
  facet normal -0.09801714032955616 0 0.9951847266721973
    outer loop
      vertex 0 -4 -32.2608867878467
      vertex 0.44107713148302263 -4 -32.21744448217819
      vertex 0.44107713148302263 4 -32.21744448217819
    endloop
  endfacet
  facet normal -0.29028467725446216 0 0.9569403357322089
    outer loop
      vertex 0.44107713148302263 -4 -32.21744448217819
      vertex 0.8652039161620579 -4 -32.08878702861676
      vertex 0.8652039161620579 4 -32.08878702861676
    endloop
  endfacet
  facet normal -0.4713967368259989 0 0.8819212643483544
    outer loop
      vertex 0.8652039161620579 -4 -32.08878702861676
      vertex 1.2560813995549314 -4 -31.879858660950845
      vertex 1.2560813995549314 4 -31.879858660950845
    endloop
  endfacet
  facet normal -0.6343932841636457 0 0.7730104533627368
    outer loop
      vertex 1.2560813995549314 -4 -31.879858660950845
      vertex 1.5986883791814732 -4 -31.598688379181475
      vertex 1.5986883791814732 4 -31.598688379181475
    endloop
  endfacet
  facet normal -0.77301045336274 0 0.6343932841636417
    outer loop
      vertex 1.5986883791814732 -4 -31.598688379181475
      vertex 1.879858660950843 -4 -31.25608139955493
      vertex 1.879858660950843 4 -31.25608139955493
    endloop
  endfacet
  facet normal -0.8819212643483536 0 0.4713967368260002
    outer loop
      vertex 1.879858660950843 -4 -31.25608139955493
      vertex 2.0887870286167542 -4 -30.86520391616206
      vertex 2.0887870286167542 4 -30.86520391616206
    endloop
  endfacet
  facet normal -0.956940335732209 0 0.2902846772544619
    outer loop
      vertex 2.0887870286167542 -4 -30.86520391616206
      vertex 2.217444482178185 -4 -30.441077131483024
      vertex 2.217444482178185 4 -30.441077131483024
    endloop
  endfacet
  facet normal -0.9951847266721968 0 0.09801714032956094
    outer loop
      vertex 2.217444482178185 -4 -30.441077131483024
      vertex 2.2608867878467005 -4 -30
      vertex 2.2608867878467005 4 -30
    endloop
  endfacet
  facet normal -0.09801714032956411 0 -0.9951847266721966
    outer loop
      vertex 0 -4 -27.7391132121533
      vertex 0 4 -27.7391132121533
      vertex 0.44107713148302263 -4 -27.782555517821816
    endloop
  endfacet
  facet normal -0.29028467725446216 0 -0.9569403357322089
    outer loop
      vertex 0.44107713148302263 -4 -27.782555517821816
      vertex 0.44107713148302263 4 -27.782555517821816
      vertex 0.8652039161620579 -4 -27.911212971383247
    endloop
  endfacet
  facet normal -0.47139673682599265 0 -0.8819212643483577
    outer loop
      vertex 0.8652039161620579 -4 -27.911212971383247
      vertex 0.8652039161620579 4 -27.911212971383247
      vertex 1.2560813995549314 -4 -28.120141339049155
    endloop
  endfacet
  facet normal -0.6343932841636457 0 -0.7730104533627368
    outer loop
      vertex 1.2560813995549314 -4 -28.120141339049155
      vertex 1.2560813995549314 4 -28.120141339049155
      vertex 1.5986883791814732 -4 -28.401311620818525
    endloop
  endfacet
  facet normal -0.77301045336274 0 -0.6343932841636417
    outer loop
      vertex 1.5986883791814732 -4 -28.401311620818525
      vertex 1.5986883791814732 4 -28.401311620818525
      vertex 1.879858660950843 -4 -28.74391860044507
    endloop
  endfacet
  facet normal -0.8819212643483536 0 -0.4713967368260002
    outer loop
      vertex 1.879858660950843 -4 -28.74391860044507
      vertex 1.879858660950843 4 -28.74391860044507
      vertex 2.0887870286167542 -4 -29.13479608383794
    endloop
  endfacet
  facet normal -0.956940335732209 0 -0.2902846772544619
    outer loop
      vertex 2.217444482178185 -4 -29.558922868516976
      vertex 2.0887870286167542 -4 -29.13479608383794
      vertex 2.0887870286167542 4 -29.13479608383794
    endloop
  endfacet
  facet normal -0.9951847266721968 1.712369460956155e-17 -0.09801714032956094
    outer loop
      vertex 2.217444482178185 -4 -29.558922868516976
      vertex 2.242595290723115 4 -29.81428331305978
      vertex 2.2608867878467005 -4 -30
    endloop
  endfacet
  facet normal -0.09801714032955616 0 0.9951847266721973
    outer loop
      vertex 0 -4 -32.2608867878467
      vertex 0.44107713148302263 4 -32.21744448217819
      vertex 0 4 -32.2608867878467
    endloop
  endfacet
  facet normal -0.29028467725446216 0 0.9569403357322089
    outer loop
      vertex 0.44107713148302263 -4 -32.21744448217819
      vertex 0.8652039161620579 4 -32.08878702861676
      vertex 0.44107713148302263 4 -32.21744448217819
    endloop
  endfacet
  facet normal -0.4713967368259989 0 0.8819212643483544
    outer loop
      vertex 0.8652039161620579 -4 -32.08878702861676
      vertex 1.2560813995549314 4 -31.879858660950845
      vertex 0.8652039161620579 4 -32.08878702861676
    endloop
  endfacet
  facet normal -0.6343932841636457 0 0.7730104533627368
    outer loop
      vertex 1.2560813995549314 -4 -31.879858660950845
      vertex 1.5986883791814732 4 -31.598688379181475
      vertex 1.2560813995549314 4 -31.879858660950845
    endloop
  endfacet
  facet normal -0.77301045336274 0 0.6343932841636417
    outer loop
      vertex 1.5986883791814732 -4 -31.598688379181475
      vertex 1.879858660950843 4 -31.25608139955493
      vertex 1.5986883791814732 4 -31.598688379181475
    endloop
  endfacet
  facet normal -0.8819212643483536 0 0.4713967368260002
    outer loop
      vertex 1.879858660950843 -4 -31.25608139955493
      vertex 2.0887870286167542 4 -30.86520391616206
      vertex 1.879858660950843 4 -31.25608139955493
    endloop
  endfacet
  facet normal -0.956940335732209 0 0.2902846772544619
    outer loop
      vertex 2.0887870286167542 -4 -30.86520391616206
      vertex 2.217444482178185 4 -30.441077131483024
      vertex 2.0887870286167542 4 -30.86520391616206
    endloop
  endfacet
  facet normal -0.9951847266721968 0 0.09801714032956094
    outer loop
      vertex 2.217444482178185 -4 -30.441077131483024
      vertex 2.2608867878467005 4 -30
      vertex 2.217444482178185 4 -30.441077131483024
    endloop
  endfacet
  facet normal -0.09801714032956411 0 -0.9951847266721966
    outer loop
      vertex 0.44107713148302263 -4 -27.782555517821816
      vertex 0 4 -27.7391132121533
      vertex 0.44107713148302263 4 -27.782555517821816
    endloop
  endfacet
  facet normal -0.29028467725446216 0 -0.9569403357322089
    outer loop
      vertex 0.8652039161620579 -4 -27.911212971383247
      vertex 0.44107713148302263 4 -27.782555517821816
      vertex 0.8652039161620579 4 -27.911212971383247
    endloop
  endfacet
  facet normal -0.47139673682599265 0 -0.8819212643483577
    outer loop
      vertex 1.2560813995549314 -4 -28.120141339049155
      vertex 0.8652039161620579 4 -27.911212971383247
      vertex 1.2560813995549314 4 -28.120141339049155
    endloop
  endfacet
  facet normal -0.6343932841636457 0 -0.7730104533627368
    outer loop
      vertex 1.5986883791814732 -4 -28.401311620818525
      vertex 1.2560813995549314 4 -28.120141339049155
      vertex 1.5986883791814732 4 -28.401311620818525
    endloop
  endfacet
  facet normal -0.77301045336274 0 -0.6343932841636417
    outer loop
      vertex 1.879858660950843 -4 -28.74391860044507
      vertex 1.5986883791814732 4 -28.401311620818525
      vertex 1.879858660950843 4 -28.74391860044507
    endloop
  endfacet
  facet normal -0.8819212643483536 0 -0.4713967368260002
    outer loop
      vertex 2.0887870286167542 -4 -29.13479608383794
      vertex 1.879858660950843 4 -28.74391860044507
      vertex 2.0887870286167542 4 -29.13479608383794
    endloop
  endfacet
  facet normal -0.956940335732209 0 -0.2902846772544619
    outer loop
      vertex 2.217444482178185 -4 -29.558922868516976
      vertex 2.0887870286167542 4 -29.13479608383794
      vertex 2.217444482178185 4 -29.558922868516976
    endloop
  endfacet
  facet normal -0.9951847266721968 0 -0.09801714032956148
    outer loop
      vertex 2.217444482178185 -4 -29.558922868516976
      vertex 2.217444482178185 4 -29.558922868516976
      vertex 2.242595290723115 4 -29.81428331305978
    endloop
  endfacet
  facet normal 0.9951847266721969 0 -0.0980171403295602
    outer loop
      vertex -2.2608867878467005 -4 -30
      vertex -2.2608867878467005 4 -30
      vertex -2.242595290723115 -4 -29.81428331305978
    endloop
  endfacet
  facet normal 0.9951847266721969 0 0.0980171403295602
    outer loop
      vertex -2.2608867878467005 -4 -30
      vertex -2.242595290723115 4 -30.18571668694022
      vertex -2.2608867878467005 4 -30
    endloop
  endfacet
  facet normal 0.9951847266721968 -2.9894190232341817e-17 -0.09801714032956148
    outer loop
      vertex -2.242595290723115 -4 -29.81428331305978
      vertex -2.2608867878467005 4 -30
      vertex -2.2357359793017704 4 -29.744639555457198
    endloop
  endfacet
  facet normal -0.9951847266721969 0 -0.0980171403295602
    outer loop
      vertex 2.2608867878467005 -4 -30
      vertex 2.242595290723115 4 -29.81428331305978
      vertex 2.2608867878467005 4 -30
    endloop
  endfacet
  facet normal 0.9951847266721969 0 0.0980171403295602
    outer loop
      vertex -6.129908002520191 -4 28.780685487399197
      vertex -6.25 -10 30
      vertex -6.129908002520191 -10 28.780685487399197
    endloop
  endfacet
  facet normal 0.9569403357322088 0 0.2902846772544626
    outer loop
      vertex -5.774247078195542 -4 27.608228547718188
      vertex -6.129908002520191 -10 28.780685487399197
      vertex -5.774247078195542 -10 27.608228547718188
    endloop
  endfacet
  facet normal 0.8819212643483545 0 0.47139673682599853
    outer loop
      vertex -5.196685076890907 -4 26.527686043627487
      vertex -5.774247078195542 -10 27.608228547718188
      vertex -5.196685076890907 -10 26.527686043627487
    endloop
  endfacet
  facet normal 0.9951847266721969 0 -0.0980171403295602
    outer loop
      vertex -6.25 -4 30
      vertex -6.129908002520191 -10 31.219314512600803
      vertex -6.25 -10 30
    endloop
  endfacet
  facet normal 0.9569403357322085 0 -0.2902846772544634
    outer loop
      vertex -6.129908002520191 -4 31.219314512600803
      vertex -5.774247078195542 -10 32.39177145228181
      vertex -6.129908002520191 -10 31.219314512600803
    endloop
  endfacet
  facet normal 0.8819212643483558 0 -0.47139673682599614
    outer loop
      vertex -5.774247078195542 -4 32.39177145228181
      vertex -5.196685076890907 -10 33.47231395637252
      vertex -5.774247078195542 -10 32.39177145228181
    endloop
  endfacet
  facet normal 0.9569403357322088 0 0.2902846772544626
    outer loop
      vertex -6.129908002520191 -4 28.780685487399197
      vertex -6.129908002520191 -10 28.780685487399197
      vertex -5.774247078195542 -4 27.608228547718188
    endloop
  endfacet
  facet normal 0.9951847266721969 0 0.0980171403295602
    outer loop
      vertex -6.129908002520191 -4 28.780685487399197
      vertex -6.25 -4 30
      vertex -6.25 -10 30
    endloop
  endfacet
  facet normal 0.8819212643483545 0 0.47139673682599853
    outer loop
      vertex -5.196685076890907 -4 26.527686043627487
      vertex -5.774247078195542 -4 27.608228547718188
      vertex -5.774247078195542 -10 27.608228547718188
    endloop
  endfacet
  facet normal 0.9951847266721969 0 -0.0980171403295602
    outer loop
      vertex -6.25 -4 30
      vertex -6.129908002520191 -4 31.219314512600803
      vertex -6.129908002520191 -10 31.219314512600803
    endloop
  endfacet
  facet normal 0.9569403357322085 0 -0.2902846772544634
    outer loop
      vertex -6.129908002520191 -4 31.219314512600803
      vertex -5.774247078195542 -4 32.39177145228181
      vertex -5.774247078195542 -10 32.39177145228181
    endloop
  endfacet
  facet normal 0.8819212643483558 0 -0.47139673682599614
    outer loop
      vertex -5.774247078195542 -4 32.39177145228181
      vertex -5.196685076890907 -4 33.47231395637252
      vertex -5.196685076890907 -10 33.47231395637252
    endloop
  endfacet
  facet normal 0 -1 0
    outer loop
      vertex -6.129908002520191 -4 28.780685487399197
      vertex -5.774247078195542 -4 27.608228547718188
      vertex -5.774247078195542 -4 32.39177145228181
    endloop
  endfacet
  facet normal 0 -1 0
    outer loop
      vertex -5.196685076890907 -4 26.527686043627487
      vertex -5.196685076890907 -4 33.47231395637252
      vertex -5.774247078195542 -4 27.608228547718188
    endloop
  endfacet
  facet normal 0 -1 0
    outer loop
      vertex -6.129908002520191 -4 28.780685487399197
      vertex -6.129908002520191 -4 31.219314512600803
      vertex -6.25 -4 30
    endloop
  endfacet
  facet normal 0 -1 0
    outer loop
      vertex -6.129908002520191 -4 28.780685487399197
      vertex -5.774247078195542 -4 32.39177145228181
      vertex -6.129908002520191 -4 31.219314512600803
    endloop
  endfacet
  facet normal 0 -1 0
    outer loop
      vertex -5.774247078195542 -4 27.608228547718188
      vertex -5.196685076890907 -4 33.47231395637252
      vertex -5.774247078195542 -4 32.39177145228181
    endloop
  endfacet
  facet normal 0.7730104533627373 0 0.6343932841636449
    outer loop
      vertex -4.419417382415922 -4 25.580582617584078
      vertex -5.196685076890907 -10 26.527686043627487
      vertex -4.419417382415922 -10 25.580582617584078
    endloop
  endfacet
  facet normal 0.6343932841636454 0 0.773010453362737
    outer loop
      vertex -3.4723139563725134 -4 24.80331492310909
      vertex -4.419417382415922 -10 25.580582617584078
      vertex -3.4723139563725134 -10 24.80331492310909
    endloop
  endfacet
  facet normal 0.47139673682599814 0 0.8819212643483548
    outer loop
      vertex -2.391771452281811 -4 24.225752921804457
      vertex -3.4723139563725134 -10 24.80331492310909
      vertex -2.391771452281811 -10 24.225752921804457
    endloop
  endfacet
  facet normal 0.7730104533627362 0 -0.6343932841636465
    outer loop
      vertex -5.196685076890907 -4 33.47231395637252
      vertex -4.419417382415922 -10 34.41941738241592
      vertex -5.196685076890907 -10 33.47231395637252
    endloop
  endfacet
  facet normal 0.6343932841636454 0 -0.773010453362737
    outer loop
      vertex -4.419417382415922 -4 34.41941738241592
      vertex -3.4723139563725134 -10 35.19668507689091
      vertex -4.419417382415922 -10 34.41941738241592
    endloop
  endfacet
  facet normal 0.47139673682599814 0 -0.8819212643483548
    outer loop
      vertex -3.4723139563725134 -4 35.19668507689091
      vertex -2.391771452281811 -10 35.77424707819554
      vertex -3.4723139563725134 -10 35.19668507689091
    endloop
  endfacet
  facet normal 0.7730104533627373 0 0.6343932841636449
    outer loop
      vertex -5.196685076890907 -4 26.527686043627487
      vertex -5.196685076890907 -10 26.527686043627487
      vertex -4.419417382415922 -4 25.580582617584078
    endloop
  endfacet
  facet normal 0.6343932841636454 0 0.773010453362737
    outer loop
      vertex -4.419417382415922 -4 25.580582617584078
      vertex -4.419417382415922 -10 25.580582617584078
      vertex -3.4723139563725134 -4 24.80331492310909
    endloop
  endfacet
  facet normal 0.47139673682599814 0 0.8819212643483548
    outer loop
      vertex -3.4723139563725134 -4 24.80331492310909
      vertex -3.4723139563725134 -10 24.80331492310909
      vertex -2.391771452281811 -4 24.225752921804457
    endloop
  endfacet
  facet normal 0.7730104533627362 0 -0.6343932841636465
    outer loop
      vertex -5.196685076890907 -4 33.47231395637252
      vertex -4.419417382415922 -4 34.41941738241592
      vertex -4.419417382415922 -10 34.41941738241592
    endloop
  endfacet
  facet normal 0.6343932841636454 0 -0.773010453362737
    outer loop
      vertex -4.419417382415922 -4 34.41941738241592
      vertex -3.4723139563725134 -4 35.19668507689091
      vertex -3.4723139563725134 -10 35.19668507689091
    endloop
  endfacet
  facet normal 0.47139673682599814 0 -0.8819212643483548
    outer loop
      vertex -3.4723139563725134 -4 35.19668507689091
      vertex -2.391771452281811 -4 35.77424707819554
      vertex -2.391771452281811 -10 35.77424707819554
    endloop
  endfacet
  facet normal 0.2902846772544605 0 0.9569403357322094
    outer loop
      vertex -1.2193145126008016 -4 23.87009199747981
      vertex -2.391771452281811 -10 24.225752921804457
      vertex -1.2193145126008016 -10 23.87009199747981
    endloop
  endfacet
  facet normal 0.09801714032956178 0 0.9951847266721967
    outer loop
      vertex 0 -4 23.75
      vertex -1.2193145126008016 -10 23.87009199747981
      vertex 0 -10 23.75
    endloop
  endfacet
  facet normal 0.2902846772544605 0 -0.9569403357322094
    outer loop
      vertex -2.391771452281811 -4 35.77424707819554
      vertex -1.2193145126008016 -10 36.12990800252019
      vertex -2.391771452281811 -10 35.77424707819554
    endloop
  endfacet
  facet normal 0.09801714032956178 0 -0.9951847266721967
    outer loop
      vertex -1.2193145126008016 -4 36.12990800252019
      vertex 0 -10 36.25
      vertex -1.2193145126008016 -10 36.12990800252019
    endloop
  endfacet
  facet normal 0.2902846772544605 0 0.9569403357322094
    outer loop
      vertex -2.391771452281811 -4 24.225752921804457
      vertex -2.391771452281811 -10 24.225752921804457
      vertex -1.2193145126008016 -4 23.87009199747981
    endloop
  endfacet
  facet normal 0.09801714032956178 0 0.9951847266721967
    outer loop
      vertex -1.2193145126008016 -4 23.87009199747981
      vertex -1.2193145126008016 -10 23.87009199747981
      vertex 0 -4 23.75
    endloop
  endfacet
  facet normal 0.2902846772544605 0 -0.9569403357322094
    outer loop
      vertex -2.391771452281811 -4 35.77424707819554
      vertex -1.2193145126008016 -4 36.12990800252019
      vertex -1.2193145126008016 -10 36.12990800252019
    endloop
  endfacet
  facet normal 0.09801714032956178 0 -0.9951847266721967
    outer loop
      vertex -1.2193145126008016 -4 36.12990800252019
      vertex 0 -4 36.25
      vertex 0 -10 36.25
    endloop
  endfacet
  facet normal 0 -1 0
    outer loop
      vertex -5.196685076890907 -4 26.527686043627487
      vertex -4.419417382415922 -4 25.580582617584078
      vertex -4.419417382415922 -4 34.41941738241592
    endloop
  endfacet
  facet normal 0 -1 0
    outer loop
      vertex -4.419417382415922 -4 25.580582617584078
      vertex -3.4723139563725134 -4 24.80331492310909
      vertex -3.4723139563725134 -4 35.19668507689091
    endloop
  endfacet
  facet normal 0 -1 0
    outer loop
      vertex -3.4723139563725134 -4 24.80331492310909
      vertex -2.391771452281811 -4 24.225752921804457
      vertex -2.391771452281811 -4 35.77424707819554
    endloop
  endfacet
  facet normal 0 -1 0
    outer loop
      vertex -5.196685076890907 -4 26.527686043627487
      vertex -4.419417382415922 -4 34.41941738241592
      vertex -5.196685076890907 -4 33.47231395637252
    endloop
  endfacet
  facet normal 0 -1 0
    outer loop
      vertex -4.419417382415922 -4 25.580582617584078
      vertex -3.4723139563725134 -4 35.19668507689091
      vertex -4.419417382415922 -4 34.41941738241592
    endloop
  endfacet
  facet normal 0 -1 0
    outer loop
      vertex -3.4723139563725134 -4 24.80331492310909
      vertex -2.391771452281811 -4 35.77424707819554
      vertex -3.4723139563725134 -4 35.19668507689091
    endloop
  endfacet
  facet normal 0 -1 0
    outer loop
      vertex -2.391771452281811 -4 24.225752921804457
      vertex -1.879858660950843 -4 28.74391860044507
      vertex -2.0887870286167542 -4 29.13479608383794
    endloop
  endfacet
  facet normal 0 -1 0
    outer loop
      vertex -2.391771452281811 -4 24.225752921804457
      vertex -1.5986883791814732 -4 28.401311620818525
      vertex -1.879858660950843 -4 28.74391860044507
    endloop
  endfacet
  facet normal 0 -1 0
    outer loop
      vertex -2.391771452281811 -4 24.225752921804457
      vertex -2.217444482178185 -4 29.558922868516976
      vertex -2.2608867878467005 -4 30
    endloop
  endfacet
  facet normal 0 -1 0
    outer loop
      vertex -2.391771452281811 -4 24.225752921804457
      vertex -2.0887870286167542 -4 29.13479608383794
      vertex -2.217444482178185 -4 29.558922868516976
    endloop
  endfacet
  facet normal 0 -1 0
    outer loop
      vertex -2.391771452281811 -4 24.225752921804457
      vertex -1.2193145126008016 -4 23.87009199747981
      vertex -1.2560813995549314 -4 28.120141339049155
    endloop
  endfacet
  facet normal 0 -1 0
    outer loop
      vertex -2.391771452281811 -4 24.225752921804457
      vertex -1.2560813995549314 -4 28.120141339049155
      vertex -1.5986883791814732 -4 28.401311620818525
    endloop
  endfacet
  facet normal 0 -1 0
    outer loop
      vertex -1.2193145126008016 -4 23.87009199747981
      vertex -0.8652039161620579 -4 27.911212971383247
      vertex -1.2560813995549314 -4 28.120141339049155
    endloop
  endfacet
  facet normal 0 -1 0
    outer loop
      vertex -1.2193145126008016 -4 23.87009199747981
      vertex -0.44107713148302263 -4 27.782555517821816
      vertex -0.8652039161620579 -4 27.911212971383247
    endloop
  endfacet
  facet normal 0 -1 0
    outer loop
      vertex -1.2193145126008016 -4 23.87009199747981
      vertex 0 -4 23.75
      vertex 0 -4 27.7391132121533
    endloop
  endfacet
  facet normal 0 -1 0
    outer loop
      vertex -1.2193145126008016 -4 23.87009199747981
      vertex 0 -4 27.7391132121533
      vertex -0.44107713148302263 -4 27.782555517821816
    endloop
  endfacet
  facet normal 0 -1 0
    outer loop
      vertex -2.391771452281811 -4 24.225752921804457
      vertex -2.2608867878467005 -4 30
      vertex -2.391771452281811 -4 35.77424707819554
    endloop
  endfacet
  facet normal 0 -1 0
    outer loop
      vertex -2.391771452281811 -4 35.77424707819554
      vertex -2.2608867878467005 -4 30
      vertex -2.242595290723115 -4 30.18571668694022
    endloop
  endfacet
  facet normal 0 -1 0
    outer loop
      vertex -2.391771452281811 -4 35.77424707819554
      vertex -2.242595290723115 -4 30.18571668694022
      vertex -2.217444482178185 -4 30.441077131483024
    endloop
  endfacet
  facet normal 0 -1 0
    outer loop
      vertex -2.391771452281811 -4 35.77424707819554
      vertex -2.217444482178185 -4 30.441077131483024
      vertex -2.0887870286167542 -4 30.86520391616206
    endloop
  endfacet
  facet normal 0 -1 0
    outer loop
      vertex -2.391771452281811 -4 35.77424707819554
      vertex -2.0887870286167542 -4 30.86520391616206
      vertex -1.879858660950843 -4 31.25608139955493
    endloop
  endfacet
  facet normal 0 -1 0
    outer loop
      vertex -2.391771452281811 -4 35.77424707819554
      vertex -1.879858660950843 -4 31.25608139955493
      vertex -1.5986883791814732 -4 31.598688379181475
    endloop
  endfacet
  facet normal 0 -1 0
    outer loop
      vertex -2.391771452281811 -4 35.77424707819554
      vertex -1.5986883791814732 -4 31.598688379181475
      vertex -1.2193145126008016 -4 36.12990800252019
    endloop
  endfacet
  facet normal 0 -1 0
    outer loop
      vertex -1.5986883791814732 -4 31.598688379181475
      vertex -1.2560813995549314 -4 31.879858660950845
      vertex -1.2193145126008016 -4 36.12990800252019
    endloop
  endfacet
  facet normal 0 -1 0
    outer loop
      vertex -1.2560813995549314 -4 31.879858660950845
      vertex -0.8652039161620579 -4 32.08878702861676
      vertex -1.2193145126008016 -4 36.12990800252019
    endloop
  endfacet
  facet normal 0 -1 0
    outer loop
      vertex -1.2193145126008016 -4 36.12990800252019
      vertex -0.8652039161620579 -4 32.08878702861676
      vertex -0.44107713148302263 -4 32.21744448217819
    endloop
  endfacet
  facet normal 0 -1 0
    outer loop
      vertex -1.2193145126008016 -4 36.12990800252019
      vertex -0.44107713148302263 -4 32.21744448217819
      vertex 0 -4 32.2608867878467
    endloop
  endfacet
  facet normal 0 -1 0
    outer loop
      vertex -1.2193145126008016 -4 36.12990800252019
      vertex 0 -4 32.2608867878467
      vertex 0 -4 36.25
    endloop
  endfacet
  facet normal -0.09801714032956178 0 0.9951847266721967
    outer loop
      vertex 1.2193145126008016 -4 23.87009199747981
      vertex 0 -10 23.75
      vertex 1.2193145126008016 -10 23.87009199747981
    endloop
  endfacet
  facet normal -0.2902846772544605 0 0.9569403357322094
    outer loop
      vertex 2.391771452281811 -4 24.225752921804457
      vertex 1.2193145126008016 -10 23.87009199747981
      vertex 2.391771452281811 -10 24.225752921804457
    endloop
  endfacet
  facet normal -0.09801714032956178 0 -0.9951847266721967
    outer loop
      vertex 0 -4 36.25
      vertex 1.2193145126008016 -10 36.12990800252019
      vertex 0 -10 36.25
    endloop
  endfacet
  facet normal -0.2902846772544605 0 -0.9569403357322094
    outer loop
      vertex 1.2193145126008016 -4 36.12990800252019
      vertex 2.391771452281811 -10 35.77424707819554
      vertex 1.2193145126008016 -10 36.12990800252019
    endloop
  endfacet
  facet normal -0.09801714032956178 0 0.9951847266721967
    outer loop
      vertex 0 -4 23.75
      vertex 0 -10 23.75
      vertex 1.2193145126008016 -4 23.87009199747981
    endloop
  endfacet
  facet normal -0.2902846772544605 0 0.9569403357322094
    outer loop
      vertex 1.2193145126008016 -4 23.87009199747981
      vertex 1.2193145126008016 -10 23.87009199747981
      vertex 2.391771452281811 -4 24.225752921804457
    endloop
  endfacet
  facet normal -0.09801714032956178 0 -0.9951847266721967
    outer loop
      vertex 0 -4 36.25
      vertex 1.2193145126008016 -4 36.12990800252019
      vertex 1.2193145126008016 -10 36.12990800252019
    endloop
  endfacet
  facet normal -0.2902846772544605 0 -0.9569403357322094
    outer loop
      vertex 1.2193145126008016 -4 36.12990800252019
      vertex 2.391771452281811 -4 35.77424707819554
      vertex 2.391771452281811 -10 35.77424707819554
    endloop
  endfacet
  facet normal -0.47139673682599814 0 0.8819212643483548
    outer loop
      vertex 3.4723139563725134 -4 24.80331492310909
      vertex 2.391771452281811 -10 24.225752921804457
      vertex 3.4723139563725134 -10 24.80331492310909
    endloop
  endfacet
  facet normal -0.6343932841636454 0 0.773010453362737
    outer loop
      vertex 4.419417382415922 -4 25.580582617584078
      vertex 3.4723139563725134 -10 24.80331492310909
      vertex 4.419417382415922 -10 25.580582617584078
    endloop
  endfacet
  facet normal -0.7730104533627373 0 0.6343932841636449
    outer loop
      vertex 5.196685076890907 -4 26.527686043627487
      vertex 4.419417382415922 -10 25.580582617584078
      vertex 5.196685076890907 -10 26.527686043627487
    endloop
  endfacet
  facet normal -0.47139673682599814 0 -0.8819212643483548
    outer loop
      vertex 2.391771452281811 -4 35.77424707819554
      vertex 3.4723139563725134 -10 35.19668507689091
      vertex 2.391771452281811 -10 35.77424707819554
    endloop
  endfacet
  facet normal -0.6343932841636454 0 -0.773010453362737
    outer loop
      vertex 3.4723139563725134 -4 35.19668507689091
      vertex 4.419417382415922 -10 34.41941738241592
      vertex 3.4723139563725134 -10 35.19668507689091
    endloop
  endfacet
  facet normal -0.7730104533627362 0 -0.6343932841636465
    outer loop
      vertex 4.419417382415922 -4 34.41941738241592
      vertex 5.196685076890907 -10 33.47231395637252
      vertex 4.419417382415922 -10 34.41941738241592
    endloop
  endfacet
  facet normal -0.47139673682599814 0 0.8819212643483548
    outer loop
      vertex 2.391771452281811 -4 24.225752921804457
      vertex 2.391771452281811 -10 24.225752921804457
      vertex 3.4723139563725134 -4 24.80331492310909
    endloop
  endfacet
  facet normal -0.6343932841636454 0 0.773010453362737
    outer loop
      vertex 3.4723139563725134 -4 24.80331492310909
      vertex 3.4723139563725134 -10 24.80331492310909
      vertex 4.419417382415922 -4 25.580582617584078
    endloop
  endfacet
  facet normal -0.7730104533627373 0 0.6343932841636449
    outer loop
      vertex 4.419417382415922 -4 25.580582617584078
      vertex 4.419417382415922 -10 25.580582617584078
      vertex 5.196685076890907 -4 26.527686043627487
    endloop
  endfacet
  facet normal -0.47139673682599814 0 -0.8819212643483548
    outer loop
      vertex 2.391771452281811 -4 35.77424707819554
      vertex 3.4723139563725134 -4 35.19668507689091
      vertex 3.4723139563725134 -10 35.19668507689091
    endloop
  endfacet
  facet normal -0.6343932841636454 0 -0.773010453362737
    outer loop
      vertex 3.4723139563725134 -4 35.19668507689091
      vertex 4.419417382415922 -4 34.41941738241592
      vertex 4.419417382415922 -10 34.41941738241592
    endloop
  endfacet
  facet normal -0.7730104533627362 0 -0.6343932841636465
    outer loop
      vertex 4.419417382415922 -4 34.41941738241592
      vertex 5.196685076890907 -4 33.47231395637252
      vertex 5.196685076890907 -10 33.47231395637252
    endloop
  endfacet
  facet normal 0 -1 0
    outer loop
      vertex 0 -4 23.75
      vertex 1.2193145126008016 -4 23.87009199747981
      vertex 0 -4 27.7391132121533
    endloop
  endfacet
  facet normal 0 -1 0
    outer loop
      vertex 1.2193145126008016 -4 23.87009199747981
      vertex 0.44107713148302263 -4 27.782555517821816
      vertex 0 -4 27.7391132121533
    endloop
  endfacet
  facet normal 0 -1 0
    outer loop
      vertex 1.2193145126008016 -4 23.87009199747981
      vertex 0.8652039161620579 -4 27.911212971383247
      vertex 0.44107713148302263 -4 27.782555517821816
    endloop
  endfacet
  facet normal 0 -1 0
    outer loop
      vertex 1.2193145126008016 -4 23.87009199747981
      vertex 1.2560813995549314 -4 28.120141339049155
      vertex 0.8652039161620579 -4 27.911212971383247
    endloop
  endfacet
  facet normal 0 -1 0
    outer loop
      vertex 1.2193145126008016 -4 23.87009199747981
      vertex 1.5986883791814732 -4 28.401311620818525
      vertex 1.2560813995549314 -4 28.120141339049155
    endloop
  endfacet
  facet normal 0 -1 0
    outer loop
      vertex 1.2193145126008016 -4 23.87009199747981
      vertex 2.391771452281811 -4 24.225752921804457
      vertex 1.5986883791814732 -4 28.401311620818525
    endloop
  endfacet
  facet normal 0 -1 0
    outer loop
      vertex 2.391771452281811 -4 24.225752921804457
      vertex 1.879858660950843 -4 28.74391860044507
      vertex 1.5986883791814732 -4 28.401311620818525
    endloop
  endfacet
  facet normal 0 -1 0
    outer loop
      vertex 2.391771452281811 -4 24.225752921804457
      vertex 2.0887870286167542 -4 29.13479608383794
      vertex 1.879858660950843 -4 28.74391860044507
    endloop
  endfacet
  facet normal 0 -1 0
    outer loop
      vertex 2.391771452281811 -4 24.225752921804457
      vertex 2.217444482178185 -4 29.558922868516976
      vertex 2.0887870286167542 -4 29.13479608383794
    endloop
  endfacet
  facet normal 0 -1 0
    outer loop
      vertex 2.391771452281811 -4 24.225752921804457
      vertex 2.2608867878467005 -4 30
      vertex 2.217444482178185 -4 29.558922868516976
    endloop
  endfacet
  facet normal 0 -1 0
    outer loop
      vertex 0 -4 32.2608867878467
      vertex 0.44107713148302263 -4 32.21744448217819
      vertex 1.2193145126008016 -4 36.12990800252019
    endloop
  endfacet
  facet normal 0 -1 0
    outer loop
      vertex 0 -4 32.2608867878467
      vertex 1.2193145126008016 -4 36.12990800252019
      vertex 0 -4 36.25
    endloop
  endfacet
  facet normal 0 -1 0
    outer loop
      vertex 0.44107713148302263 -4 32.21744448217819
      vertex 0.8652039161620579 -4 32.08878702861676
      vertex 1.2193145126008016 -4 36.12990800252019
    endloop
  endfacet
  facet normal 0 -1 0
    outer loop
      vertex 0.8652039161620579 -4 32.08878702861676
      vertex 1.2560813995549314 -4 31.879858660950845
      vertex 1.2193145126008016 -4 36.12990800252019
    endloop
  endfacet
  facet normal 0 -1 0
    outer loop
      vertex 1.2560813995549314 -4 31.879858660950845
      vertex 1.5986883791814732 -4 31.598688379181475
      vertex 2.391771452281811 -4 35.77424707819554
    endloop
  endfacet
  facet normal 0 -1 0
    outer loop
      vertex 1.2560813995549314 -4 31.879858660950845
      vertex 2.391771452281811 -4 35.77424707819554
      vertex 1.2193145126008016 -4 36.12990800252019
    endloop
  endfacet
  facet normal 0 -1 0
    outer loop
      vertex 2.391771452281811 -4 24.225752921804457
      vertex 2.391771452281811 -4 35.77424707819554
      vertex 2.2608867878467005 -4 30
    endloop
  endfacet
  facet normal 0 -1 0
    outer loop
      vertex 2.0887870286167542 -4 30.86520391616206
      vertex 2.217444482178185 -4 30.441077131483024
      vertex 2.391771452281811 -4 35.77424707819554
    endloop
  endfacet
  facet normal 0 -1 0
    outer loop
      vertex 2.217444482178185 -4 30.441077131483024
      vertex 2.2608867878467005 -4 30
      vertex 2.391771452281811 -4 35.77424707819554
    endloop
  endfacet
  facet normal 0 -1 0
    outer loop
      vertex 1.5986883791814732 -4 31.598688379181475
      vertex 1.879858660950843 -4 31.25608139955493
      vertex 2.391771452281811 -4 35.77424707819554
    endloop
  endfacet
  facet normal 0 -1 0
    outer loop
      vertex 1.879858660950843 -4 31.25608139955493
      vertex 2.0887870286167542 -4 30.86520391616206
      vertex 2.391771452281811 -4 35.77424707819554
    endloop
  endfacet
  facet normal 0 -1 0
    outer loop
      vertex 2.391771452281811 -4 24.225752921804457
      vertex 3.4723139563725134 -4 24.80331492310909
      vertex 3.4723139563725134 -4 35.19668507689091
    endloop
  endfacet
  facet normal 0 -1 0
    outer loop
      vertex 3.4723139563725134 -4 24.80331492310909
      vertex 4.419417382415922 -4 25.580582617584078
      vertex 4.419417382415922 -4 34.41941738241592
    endloop
  endfacet
  facet normal 0 -1 0
    outer loop
      vertex 4.419417382415922 -4 25.580582617584078
      vertex 5.196685076890907 -4 26.527686043627487
      vertex 5.196685076890907 -4 33.47231395637252
    endloop
  endfacet
  facet normal 0 -1 0
    outer loop
      vertex 2.391771452281811 -4 24.225752921804457
      vertex 3.4723139563725134 -4 35.19668507689091
      vertex 2.391771452281811 -4 35.77424707819554
    endloop
  endfacet
  facet normal 0 -1 0
    outer loop
      vertex 3.4723139563725134 -4 24.80331492310909
      vertex 4.419417382415922 -4 34.41941738241592
      vertex 3.4723139563725134 -4 35.19668507689091
    endloop
  endfacet
  facet normal 0 -1 0
    outer loop
      vertex 4.419417382415922 -4 25.580582617584078
      vertex 5.196685076890907 -4 33.47231395637252
      vertex 4.419417382415922 -4 34.41941738241592
    endloop
  endfacet
  facet normal -0.8819212643483545 0 0.47139673682599853
    outer loop
      vertex 5.774247078195542 -4 27.608228547718188
      vertex 5.196685076890907 -10 26.527686043627487
      vertex 5.774247078195542 -10 27.608228547718188
    endloop
  endfacet
  facet normal -0.9569403357322088 0 0.2902846772544626
    outer loop
      vertex 6.129908002520191 -4 28.780685487399197
      vertex 5.774247078195542 -10 27.608228547718188
      vertex 6.129908002520191 -10 28.780685487399197
    endloop
  endfacet
  facet normal -0.9951847266721969 0 0.0980171403295602
    outer loop
      vertex 6.25 -4 30
      vertex 6.129908002520191 -10 28.780685487399197
      vertex 6.25 -10 30
    endloop
  endfacet
  facet normal -0.8819212643483558 0 -0.47139673682599614
    outer loop
      vertex 5.196685076890907 -4 33.47231395637252
      vertex 5.774247078195542 -10 32.39177145228181
      vertex 5.196685076890907 -10 33.47231395637252
    endloop
  endfacet
  facet normal -0.9569403357322085 0 -0.2902846772544634
    outer loop
      vertex 5.774247078195542 -4 32.39177145228181
      vertex 6.129908002520191 -10 31.219314512600803
      vertex 5.774247078195542 -10 32.39177145228181
    endloop
  endfacet
  facet normal -0.9951847266721969 0 -0.0980171403295602
    outer loop
      vertex 6.129908002520191 -4 31.219314512600803
      vertex 6.25 -10 30
      vertex 6.129908002520191 -10 31.219314512600803
    endloop
  endfacet
  facet normal -0.8819212643483545 0 0.47139673682599853
    outer loop
      vertex 5.196685076890907 -4 26.527686043627487
      vertex 5.196685076890907 -10 26.527686043627487
      vertex 5.774247078195542 -4 27.608228547718188
    endloop
  endfacet
  facet normal -0.9569403357322088 0 0.2902846772544626
    outer loop
      vertex 5.774247078195542 -4 27.608228547718188
      vertex 5.774247078195542 -10 27.608228547718188
      vertex 6.129908002520191 -4 28.780685487399197
    endloop
  endfacet
  facet normal -0.9951847266721969 0 0.0980171403295602
    outer loop
      vertex 6.129908002520191 -4 28.780685487399197
      vertex 6.129908002520191 -10 28.780685487399197
      vertex 6.25 -4 30
    endloop
  endfacet
  facet normal -0.8819212643483558 0 -0.47139673682599614
    outer loop
      vertex 5.196685076890907 -4 33.47231395637252
      vertex 5.774247078195542 -4 32.39177145228181
      vertex 5.774247078195542 -10 32.39177145228181
    endloop
  endfacet
  facet normal -0.9951847266721969 0 -0.0980171403295602
    outer loop
      vertex 6.25 -4 30
      vertex 6.25 -10 30
      vertex 6.129908002520191 -4 31.219314512600803
    endloop
  endfacet
  facet normal -0.9569403357322085 0 -0.2902846772544634
    outer loop
      vertex 6.129908002520191 -4 31.219314512600803
      vertex 6.129908002520191 -10 31.219314512600803
      vertex 5.774247078195542 -4 32.39177145228181
    endloop
  endfacet
  facet normal 0 -1 0
    outer loop
      vertex 5.196685076890907 -4 26.527686043627487
      vertex 5.774247078195542 -4 27.608228547718188
      vertex 5.774247078195542 -4 32.39177145228181
    endloop
  endfacet
  facet normal 0 -1 0
    outer loop
      vertex 5.774247078195542 -4 27.608228547718188
      vertex 6.129908002520191 -4 28.780685487399197
      vertex 6.129908002520191 -4 31.219314512600803
    endloop
  endfacet
  facet normal 0 -1 0
    outer loop
      vertex 5.196685076890907 -4 26.527686043627487
      vertex 5.774247078195542 -4 32.39177145228181
      vertex 5.196685076890907 -4 33.47231395637252
    endloop
  endfacet
  facet normal 0 -1 0
    outer loop
      vertex 5.774247078195542 -4 27.608228547718188
      vertex 6.129908002520191 -4 31.219314512600803
      vertex 5.774247078195542 -4 32.39177145228181
    endloop
  endfacet
  facet normal 0 -1 0
    outer loop
      vertex 6.129908002520191 -4 28.780685487399197
      vertex 6.25 -4 30
      vertex 6.129908002520191 -4 31.219314512600803
    endloop
  endfacet
  facet normal 0 1 0
    outer loop
      vertex -6.129908002520191 4 28.780685487399197
      vertex -6.129908002520191 4 31.219314512600803
      vertex -5.774247078195542 4 27.608228547718188
    endloop
  endfacet
  facet normal 0 1 0
    outer loop
      vertex -5.196685076890907 4 26.527686043627487
      vertex -5.774247078195542 4 27.608228547718188
      vertex -5.774247078195542 4 32.39177145228181
    endloop
  endfacet
  facet normal 0 1 0
    outer loop
      vertex -6.129908002520191 4 28.780685487399197
      vertex -6.25 4 30
      vertex -6.129908002520191 4 31.219314512600803
    endloop
  endfacet
  facet normal 0 1 0
    outer loop
      vertex -6.129908002520191 4 31.219314512600803
      vertex -5.774247078195542 4 32.39177145228181
      vertex -5.774247078195542 4 27.608228547718188
    endloop
  endfacet
  facet normal 0 1 0
    outer loop
      vertex -5.196685076890907 4 26.527686043627487
      vertex -5.774247078195542 4 32.39177145228181
      vertex -5.196685076890907 4 33.47231395637252
    endloop
  endfacet
  facet normal 0.9951847266721969 0 0.0980171403295602
    outer loop
      vertex -6.129908002520191 4 28.780685487399197
      vertex -6.129908002520191 10 28.780685487399197
      vertex -6.25 4 30
    endloop
  endfacet
  facet normal 0.9569403357322088 0 0.2902846772544626
    outer loop
      vertex -6.129908002520191 4 28.780685487399197
      vertex -5.774247078195542 4 27.608228547718188
      vertex -5.774247078195542 10 27.608228547718188
    endloop
  endfacet
  facet normal 0.8819212643483545 0 0.47139673682599853
    outer loop
      vertex -5.196685076890907 4 26.527686043627487
      vertex -5.196685076890907 10 26.527686043627487
      vertex -5.774247078195542 4 27.608228547718188
    endloop
  endfacet
  facet normal 0.9951847266721969 0 -0.0980171403295602
    outer loop
      vertex -6.25 4 30
      vertex -6.25 10 30
      vertex -6.129908002520191 4 31.219314512600803
    endloop
  endfacet
  facet normal 0.9569403357322085 0 -0.2902846772544634
    outer loop
      vertex -6.129908002520191 4 31.219314512600803
      vertex -6.129908002520191 10 31.219314512600803
      vertex -5.774247078195542 4 32.39177145228181
    endloop
  endfacet
  facet normal 0.8819212643483558 0 -0.47139673682599614
    outer loop
      vertex -5.774247078195542 4 32.39177145228181
      vertex -5.774247078195542 10 32.39177145228181
      vertex -5.196685076890907 4 33.47231395637252
    endloop
  endfacet
  facet normal 0.9569403357322088 0 0.2902846772544626
    outer loop
      vertex -6.129908002520191 4 28.780685487399197
      vertex -5.774247078195542 10 27.608228547718188
      vertex -6.129908002520191 10 28.780685487399197
    endloop
  endfacet
  facet normal 0.9951847266721969 0 0.0980171403295602
    outer loop
      vertex -6.25 4 30
      vertex -6.129908002520191 10 28.780685487399197
      vertex -6.25 10 30
    endloop
  endfacet
  facet normal 0.8819212643483545 0 0.47139673682599853
    outer loop
      vertex -5.774247078195542 4 27.608228547718188
      vertex -5.196685076890907 10 26.527686043627487
      vertex -5.774247078195542 10 27.608228547718188
    endloop
  endfacet
  facet normal 0.9951847266721969 0 -0.0980171403295602
    outer loop
      vertex -6.129908002520191 4 31.219314512600803
      vertex -6.25 10 30
      vertex -6.129908002520191 10 31.219314512600803
    endloop
  endfacet
  facet normal 0.9569403357322085 0 -0.2902846772544634
    outer loop
      vertex -5.774247078195542 4 32.39177145228181
      vertex -6.129908002520191 10 31.219314512600803
      vertex -5.774247078195542 10 32.39177145228181
    endloop
  endfacet
  facet normal 0.8819212643483558 0 -0.47139673682599614
    outer loop
      vertex -5.196685076890907 4 33.47231395637252
      vertex -5.774247078195542 10 32.39177145228181
      vertex -5.196685076890907 10 33.47231395637252
    endloop
  endfacet
  facet normal 0 1 0
    outer loop
      vertex -5.196685076890907 4 26.527686043627487
      vertex -5.196685076890907 4 33.47231395637252
      vertex -4.419417382415922 4 25.580582617584078
    endloop
  endfacet
  facet normal 0 1 0
    outer loop
      vertex -4.419417382415922 4 25.580582617584078
      vertex -4.419417382415922 4 34.41941738241592
      vertex -3.4723139563725134 4 24.80331492310909
    endloop
  endfacet
  facet normal 0 1 0
    outer loop
      vertex -3.4723139563725134 4 24.80331492310909
      vertex -3.4723139563725134 4 35.19668507689091
      vertex -2.391771452281811 4 24.225752921804457
    endloop
  endfacet
  facet normal 0 1 0
    outer loop
      vertex -5.196685076890907 4 33.47231395637252
      vertex -4.419417382415922 4 34.41941738241592
      vertex -4.419417382415922 4 25.580582617584078
    endloop
  endfacet
  facet normal 0 1 0
    outer loop
      vertex -3.4723139563725134 4 24.80331492310909
      vertex -4.419417382415922 4 34.41941738241592
      vertex -3.4723139563725134 4 35.19668507689091
    endloop
  endfacet
  facet normal 0 1 0
    outer loop
      vertex -3.4723139563725134 4 35.19668507689091
      vertex -2.391771452281811 4 35.77424707819554
      vertex -2.391771452281811 4 24.225752921804457
    endloop
  endfacet
  facet normal 0 1 0
    outer loop
      vertex -2.391771452281811 4 24.225752921804457
      vertex -2.0887870286167542 4 29.13479608383794
      vertex -1.879858660950843 4 28.74391860044507
    endloop
  endfacet
  facet normal 0 1 0
    outer loop
      vertex -2.391771452281811 4 24.225752921804457
      vertex -1.879858660950843 4 28.74391860044507
      vertex -1.5986883791814732 4 28.401311620818525
    endloop
  endfacet
  facet normal 0 1 0
    outer loop
      vertex -2.391771452281811 4 24.225752921804457
      vertex -2.242595290723115 4 29.81428331305978
      vertex -2.217444482178185 4 29.558922868516976
    endloop
  endfacet
  facet normal 0 1 0
    outer loop
      vertex -2.391771452281811 4 24.225752921804457
      vertex -2.2608867878467005 4 30
      vertex -2.242595290723115 4 29.81428331305978
    endloop
  endfacet
  facet normal 0 1 0
    outer loop
      vertex -2.391771452281811 4 24.225752921804457
      vertex -2.217444482178185 4 29.558922868516976
      vertex -2.0887870286167542 4 29.13479608383794
    endloop
  endfacet
  facet normal 0 1 0
    outer loop
      vertex -2.391771452281811 4 24.225752921804457
      vertex -1.5986883791814732 4 28.401311620818525
      vertex -1.2193145126008016 4 23.87009199747981
    endloop
  endfacet
  facet normal 0 1 0
    outer loop
      vertex -1.5986883791814732 4 28.401311620818525
      vertex -1.2560813995549314 4 28.120141339049155
      vertex -1.2193145126008016 4 23.87009199747981
    endloop
  endfacet
  facet normal 0 1 0
    outer loop
      vertex -1.2193145126008016 4 23.87009199747981
      vertex -1.2560813995549314 4 28.120141339049155
      vertex -0.8652039161620579 4 27.911212971383247
    endloop
  endfacet
  facet normal 0 1 0
    outer loop
      vertex -1.2193145126008016 4 23.87009199747981
      vertex -0.8652039161620579 4 27.911212971383247
      vertex -0.44107713148302263 4 27.782555517821816
    endloop
  endfacet
  facet normal 0 1 0
    outer loop
      vertex -1.2193145126008016 4 23.87009199747981
      vertex 0 4 27.7391132121533
      vertex 0 4 23.75
    endloop
  endfacet
  facet normal 0 1 0
    outer loop
      vertex -1.2193145126008016 4 23.87009199747981
      vertex -0.44107713148302263 4 27.782555517821816
      vertex 0 4 27.7391132121533
    endloop
  endfacet
  facet normal 0 1 0
    outer loop
      vertex -2.391771452281811 4 24.225752921804457
      vertex -2.391771452281811 4 35.77424707819554
      vertex -2.2608867878467005 4 30
    endloop
  endfacet
  facet normal 0 1 0
    outer loop
      vertex -2.391771452281811 4 35.77424707819554
      vertex -2.2357359793017704 4 30.255360444542802
      vertex -2.2608867878467005 4 30
    endloop
  endfacet
  facet normal 0 1 0
    outer loop
      vertex -2.391771452281811 4 35.77424707819554
      vertex -2.217444482178185 4 30.441077131483024
      vertex -2.2357359793017704 4 30.255360444542802
    endloop
  endfacet
  facet normal 0 1 0
    outer loop
      vertex -2.391771452281811 4 35.77424707819554
      vertex -2.0887870286167542 4 30.86520391616206
      vertex -2.217444482178185 4 30.441077131483024
    endloop
  endfacet
  facet normal 0 1 0
    outer loop
      vertex -2.391771452281811 4 35.77424707819554
      vertex -1.879858660950843 4 31.25608139955493
      vertex -2.0887870286167542 4 30.86520391616206
    endloop
  endfacet
  facet normal 0 1 0
    outer loop
      vertex -2.391771452281811 4 35.77424707819554
      vertex -1.5986883791814732 4 31.598688379181475
      vertex -1.879858660950843 4 31.25608139955493
    endloop
  endfacet
  facet normal 0 1 0
    outer loop
      vertex -2.391771452281811 4 35.77424707819554
      vertex -1.2560813995549314 4 31.879858660950845
      vertex -1.5986883791814732 4 31.598688379181475
    endloop
  endfacet
  facet normal 0 1 0
    outer loop
      vertex -2.391771452281811 4 35.77424707819554
      vertex -1.2193145126008016 4 36.12990800252019
      vertex -1.2560813995549314 4 31.879858660950845
    endloop
  endfacet
  facet normal 0 1 0
    outer loop
      vertex -1.2560813995549314 4 31.879858660950845
      vertex -1.2193145126008016 4 36.12990800252019
      vertex -0.8652039161620579 4 32.08878702861676
    endloop
  endfacet
  facet normal 0 1 0
    outer loop
      vertex -1.2193145126008016 4 36.12990800252019
      vertex -0.44107713148302263 4 32.21744448217819
      vertex -0.8652039161620579 4 32.08878702861676
    endloop
  endfacet
  facet normal 0 1 0
    outer loop
      vertex -1.2193145126008016 4 36.12990800252019
      vertex 0 4 32.2608867878467
      vertex -0.44107713148302263 4 32.21744448217819
    endloop
  endfacet
  facet normal 0 1 0
    outer loop
      vertex -1.2193145126008016 4 36.12990800252019
      vertex 0 4 36.25
      vertex 0 4 32.2608867878467
    endloop
  endfacet
  facet normal 0.7730104533627373 0 0.6343932841636449
    outer loop
      vertex -5.196685076890907 4 26.527686043627487
      vertex -4.419417382415922 4 25.580582617584078
      vertex -4.419417382415922 10 25.580582617584078
    endloop
  endfacet
  facet normal 0.6343932841636454 0 0.773010453362737
    outer loop
      vertex -4.419417382415922 4 25.580582617584078
      vertex -3.4723139563725134 4 24.80331492310909
      vertex -3.4723139563725134 10 24.80331492310909
    endloop
  endfacet
  facet normal 0.47139673682599814 0 0.8819212643483548
    outer loop
      vertex -3.4723139563725134 4 24.80331492310909
      vertex -2.391771452281811 4 24.225752921804457
      vertex -2.391771452281811 10 24.225752921804457
    endloop
  endfacet
  facet normal 0.7730104533627362 0 -0.6343932841636465
    outer loop
      vertex -5.196685076890907 4 33.47231395637252
      vertex -5.196685076890907 10 33.47231395637252
      vertex -4.419417382415922 4 34.41941738241592
    endloop
  endfacet
  facet normal 0.6343932841636454 0 -0.773010453362737
    outer loop
      vertex -4.419417382415922 4 34.41941738241592
      vertex -4.419417382415922 10 34.41941738241592
      vertex -3.4723139563725134 4 35.19668507689091
    endloop
  endfacet
  facet normal 0.47139673682599814 0 -0.8819212643483548
    outer loop
      vertex -3.4723139563725134 4 35.19668507689091
      vertex -3.4723139563725134 10 35.19668507689091
      vertex -2.391771452281811 4 35.77424707819554
    endloop
  endfacet
  facet normal 0.7730104533627373 0 0.6343932841636449
    outer loop
      vertex -5.196685076890907 4 26.527686043627487
      vertex -4.419417382415922 10 25.580582617584078
      vertex -5.196685076890907 10 26.527686043627487
    endloop
  endfacet
  facet normal 0.6343932841636454 0 0.773010453362737
    outer loop
      vertex -4.419417382415922 4 25.580582617584078
      vertex -3.4723139563725134 10 24.80331492310909
      vertex -4.419417382415922 10 25.580582617584078
    endloop
  endfacet
  facet normal 0.47139673682599814 0 0.8819212643483548
    outer loop
      vertex -3.4723139563725134 4 24.80331492310909
      vertex -2.391771452281811 10 24.225752921804457
      vertex -3.4723139563725134 10 24.80331492310909
    endloop
  endfacet
  facet normal 0.7730104533627362 0 -0.6343932841636465
    outer loop
      vertex -4.419417382415922 4 34.41941738241592
      vertex -5.196685076890907 10 33.47231395637252
      vertex -4.419417382415922 10 34.41941738241592
    endloop
  endfacet
  facet normal 0.6343932841636454 0 -0.773010453362737
    outer loop
      vertex -3.4723139563725134 4 35.19668507689091
      vertex -4.419417382415922 10 34.41941738241592
      vertex -3.4723139563725134 10 35.19668507689091
    endloop
  endfacet
  facet normal 0.47139673682599814 0 -0.8819212643483548
    outer loop
      vertex -2.391771452281811 4 35.77424707819554
      vertex -3.4723139563725134 10 35.19668507689091
      vertex -2.391771452281811 10 35.77424707819554
    endloop
  endfacet
  facet normal 0.2902846772544605 0 0.9569403357322094
    outer loop
      vertex -2.391771452281811 4 24.225752921804457
      vertex -1.2193145126008016 4 23.87009199747981
      vertex -1.2193145126008016 10 23.87009199747981
    endloop
  endfacet
  facet normal 0.09801714032956178 0 0.9951847266721967
    outer loop
      vertex -1.2193145126008016 4 23.87009199747981
      vertex 0 4 23.75
      vertex 0 10 23.75
    endloop
  endfacet
  facet normal 0.2902846772544605 0 -0.9569403357322094
    outer loop
      vertex -2.391771452281811 4 35.77424707819554
      vertex -2.391771452281811 10 35.77424707819554
      vertex -1.2193145126008016 4 36.12990800252019
    endloop
  endfacet
  facet normal 0.09801714032956178 0 -0.9951847266721967
    outer loop
      vertex -1.2193145126008016 4 36.12990800252019
      vertex -1.2193145126008016 10 36.12990800252019
      vertex 0 4 36.25
    endloop
  endfacet
  facet normal 0.2902846772544605 0 0.9569403357322094
    outer loop
      vertex -2.391771452281811 4 24.225752921804457
      vertex -1.2193145126008016 10 23.87009199747981
      vertex -2.391771452281811 10 24.225752921804457
    endloop
  endfacet
  facet normal 0.09801714032956178 0 0.9951847266721967
    outer loop
      vertex -1.2193145126008016 4 23.87009199747981
      vertex 0 10 23.75
      vertex -1.2193145126008016 10 23.87009199747981
    endloop
  endfacet
  facet normal 0.2902846772544605 0 -0.9569403357322094
    outer loop
      vertex -1.2193145126008016 4 36.12990800252019
      vertex -2.391771452281811 10 35.77424707819554
      vertex -1.2193145126008016 10 36.12990800252019
    endloop
  endfacet
  facet normal 0.09801714032956178 0 -0.9951847266721967
    outer loop
      vertex 0 4 36.25
      vertex -1.2193145126008016 10 36.12990800252019
      vertex 0 10 36.25
    endloop
  endfacet
  facet normal 0 1 0
    outer loop
      vertex 0 4 23.75
      vertex 0 4 27.7391132121533
      vertex 1.2193145126008016 4 23.87009199747981
    endloop
  endfacet
  facet normal 0 1 0
    outer loop
      vertex 1.2193145126008016 4 23.87009199747981
      vertex 0 4 27.7391132121533
      vertex 0.44107713148302263 4 27.782555517821816
    endloop
  endfacet
  facet normal 0 1 0
    outer loop
      vertex 1.2193145126008016 4 23.87009199747981
      vertex 0.44107713148302263 4 27.782555517821816
      vertex 0.8652039161620579 4 27.911212971383247
    endloop
  endfacet
  facet normal 0 1 0
    outer loop
      vertex 1.2193145126008016 4 23.87009199747981
      vertex 0.8652039161620579 4 27.911212971383247
      vertex 1.2560813995549314 4 28.120141339049155
    endloop
  endfacet
  facet normal 0 1 0
    outer loop
      vertex 1.2193145126008016 4 23.87009199747981
      vertex 1.2560813995549314 4 28.120141339049155
      vertex 2.391771452281811 4 24.225752921804457
    endloop
  endfacet
  facet normal 0 1 0
    outer loop
      vertex 1.2560813995549314 4 28.120141339049155
      vertex 1.5986883791814732 4 28.401311620818525
      vertex 2.391771452281811 4 24.225752921804457
    endloop
  endfacet
  facet normal 0 1 0
    outer loop
      vertex 2.391771452281811 4 24.225752921804457
      vertex 1.5986883791814732 4 28.401311620818525
      vertex 1.879858660950843 4 28.74391860044507
    endloop
  endfacet
  facet normal 0 1 0
    outer loop
      vertex 2.391771452281811 4 24.225752921804457
      vertex 1.879858660950843 4 28.74391860044507
      vertex 2.0887870286167542 4 29.13479608383794
    endloop
  endfacet
  facet normal 0 1 0
    outer loop
      vertex 2.391771452281811 4 24.225752921804457
      vertex 2.0887870286167542 4 29.13479608383794
      vertex 2.217444482178185 4 29.558922868516976
    endloop
  endfacet
  facet normal 0 1 0
    outer loop
      vertex 2.391771452281811 4 24.225752921804457
      vertex 2.217444482178185 4 29.558922868516976
      vertex 2.2608867878467005 4 30
    endloop
  endfacet
  facet normal 0 1 0
    outer loop
      vertex 0 4 32.2608867878467
      vertex 1.2193145126008016 4 36.12990800252019
      vertex 0.44107713148302263 4 32.21744448217819
    endloop
  endfacet
  facet normal 0 1 0
    outer loop
      vertex 0 4 32.2608867878467
      vertex 0 4 36.25
      vertex 1.2193145126008016 4 36.12990800252019
    endloop
  endfacet
  facet normal 0 1 0
    outer loop
      vertex 0.44107713148302263 4 32.21744448217819
      vertex 1.2193145126008016 4 36.12990800252019
      vertex 0.8652039161620579 4 32.08878702861676
    endloop
  endfacet
  facet normal 0 1 0
    outer loop
      vertex 0.8652039161620579 4 32.08878702861676
      vertex 1.2193145126008016 4 36.12990800252019
      vertex 1.2560813995549314 4 31.879858660950845
    endloop
  endfacet
  facet normal 0 1 0
    outer loop
      vertex 1.2560813995549314 4 31.879858660950845
      vertex 1.2193145126008016 4 36.12990800252019
      vertex 1.5986883791814732 4 31.598688379181475
    endloop
  endfacet
  facet normal 0 1 0
    outer loop
      vertex 1.2193145126008016 4 36.12990800252019
      vertex 2.391771452281811 4 35.77424707819554
      vertex 1.5986883791814732 4 31.598688379181475
    endloop
  endfacet
  facet normal 0 1 0
    outer loop
      vertex 2.391771452281811 4 24.225752921804457
      vertex 2.2608867878467005 4 30
      vertex 2.391771452281811 4 35.77424707819554
    endloop
  endfacet
  facet normal 0 1 0
    outer loop
      vertex 2.0887870286167542 4 30.86520391616206
      vertex 2.391771452281811 4 35.77424707819554
      vertex 2.217444482178185 4 30.441077131483024
    endloop
  endfacet
  facet normal 0 1 0
    outer loop
      vertex 2.242595290723115 4 30.18571668694022
      vertex 2.391771452281811 4 35.77424707819554
      vertex 2.2608867878467005 4 30
    endloop
  endfacet
  facet normal 0 1 0
    outer loop
      vertex 2.242595290723115 4 30.18571668694022
      vertex 2.217444482178185 4 30.441077131483024
      vertex 2.391771452281811 4 35.77424707819554
    endloop
  endfacet
  facet normal 0 1 0
    outer loop
      vertex 1.5986883791814732 4 31.598688379181475
      vertex 2.391771452281811 4 35.77424707819554
      vertex 1.879858660950843 4 31.25608139955493
    endloop
  endfacet
  facet normal 0 1 0
    outer loop
      vertex 1.879858660950843 4 31.25608139955493
      vertex 2.391771452281811 4 35.77424707819554
      vertex 2.0887870286167542 4 30.86520391616206
    endloop
  endfacet
  facet normal 0 1 0
    outer loop
      vertex 2.391771452281811 4 24.225752921804457
      vertex 2.391771452281811 4 35.77424707819554
      vertex 3.4723139563725134 4 24.80331492310909
    endloop
  endfacet
  facet normal 0 1 0
    outer loop
      vertex 3.4723139563725134 4 24.80331492310909
      vertex 3.4723139563725134 4 35.19668507689091
      vertex 4.419417382415922 4 25.580582617584078
    endloop
  endfacet
  facet normal 0 1 0
    outer loop
      vertex 4.419417382415922 4 25.580582617584078
      vertex 4.419417382415922 4 34.41941738241592
      vertex 5.196685076890907 4 26.527686043627487
    endloop
  endfacet
  facet normal 0 1 0
    outer loop
      vertex 2.391771452281811 4 35.77424707819554
      vertex 3.4723139563725134 4 35.19668507689091
      vertex 3.4723139563725134 4 24.80331492310909
    endloop
  endfacet
  facet normal 0 1 0
    outer loop
      vertex 4.419417382415922 4 25.580582617584078
      vertex 3.4723139563725134 4 35.19668507689091
      vertex 4.419417382415922 4 34.41941738241592
    endloop
  endfacet
  facet normal 0 1 0
    outer loop
      vertex 4.419417382415922 4 34.41941738241592
      vertex 5.196685076890907 4 33.47231395637252
      vertex 5.196685076890907 4 26.527686043627487
    endloop
  endfacet
  facet normal -0.09801714032956178 0 0.9951847266721967
    outer loop
      vertex 0 4 23.75
      vertex 1.2193145126008016 4 23.87009199747981
      vertex 1.2193145126008016 10 23.87009199747981
    endloop
  endfacet
  facet normal -0.2902846772544605 0 0.9569403357322094
    outer loop
      vertex 1.2193145126008016 4 23.87009199747981
      vertex 2.391771452281811 4 24.225752921804457
      vertex 2.391771452281811 10 24.225752921804457
    endloop
  endfacet
  facet normal -0.09801714032956178 0 -0.9951847266721967
    outer loop
      vertex 0 4 36.25
      vertex 0 10 36.25
      vertex 1.2193145126008016 4 36.12990800252019
    endloop
  endfacet
  facet normal -0.2902846772544605 0 -0.9569403357322094
    outer loop
      vertex 1.2193145126008016 4 36.12990800252019
      vertex 1.2193145126008016 10 36.12990800252019
      vertex 2.391771452281811 4 35.77424707819554
    endloop
  endfacet
  facet normal -0.09801714032956178 0 0.9951847266721967
    outer loop
      vertex 0 4 23.75
      vertex 1.2193145126008016 10 23.87009199747981
      vertex 0 10 23.75
    endloop
  endfacet
  facet normal -0.2902846772544605 0 0.9569403357322094
    outer loop
      vertex 1.2193145126008016 4 23.87009199747981
      vertex 2.391771452281811 10 24.225752921804457
      vertex 1.2193145126008016 10 23.87009199747981
    endloop
  endfacet
  facet normal -0.09801714032956178 0 -0.9951847266721967
    outer loop
      vertex 1.2193145126008016 4 36.12990800252019
      vertex 0 10 36.25
      vertex 1.2193145126008016 10 36.12990800252019
    endloop
  endfacet
  facet normal -0.2902846772544605 0 -0.9569403357322094
    outer loop
      vertex 2.391771452281811 4 35.77424707819554
      vertex 1.2193145126008016 10 36.12990800252019
      vertex 2.391771452281811 10 35.77424707819554
    endloop
  endfacet
  facet normal -0.47139673682599814 0 0.8819212643483548
    outer loop
      vertex 2.391771452281811 4 24.225752921804457
      vertex 3.4723139563725134 4 24.80331492310909
      vertex 3.4723139563725134 10 24.80331492310909
    endloop
  endfacet
  facet normal -0.6343932841636454 0 0.773010453362737
    outer loop
      vertex 3.4723139563725134 4 24.80331492310909
      vertex 4.419417382415922 4 25.580582617584078
      vertex 4.419417382415922 10 25.580582617584078
    endloop
  endfacet
  facet normal -0.7730104533627373 0 0.6343932841636449
    outer loop
      vertex 4.419417382415922 4 25.580582617584078
      vertex 5.196685076890907 4 26.527686043627487
      vertex 5.196685076890907 10 26.527686043627487
    endloop
  endfacet
  facet normal -0.47139673682599814 0 -0.8819212643483548
    outer loop
      vertex 2.391771452281811 4 35.77424707819554
      vertex 2.391771452281811 10 35.77424707819554
      vertex 3.4723139563725134 4 35.19668507689091
    endloop
  endfacet
  facet normal -0.6343932841636454 0 -0.773010453362737
    outer loop
      vertex 3.4723139563725134 4 35.19668507689091
      vertex 3.4723139563725134 10 35.19668507689091
      vertex 4.419417382415922 4 34.41941738241592
    endloop
  endfacet
  facet normal -0.7730104533627362 0 -0.6343932841636465
    outer loop
      vertex 4.419417382415922 4 34.41941738241592
      vertex 4.419417382415922 10 34.41941738241592
      vertex 5.196685076890907 4 33.47231395637252
    endloop
  endfacet
  facet normal -0.47139673682599814 0 0.8819212643483548
    outer loop
      vertex 2.391771452281811 4 24.225752921804457
      vertex 3.4723139563725134 10 24.80331492310909
      vertex 2.391771452281811 10 24.225752921804457
    endloop
  endfacet
  facet normal -0.6343932841636454 0 0.773010453362737
    outer loop
      vertex 3.4723139563725134 4 24.80331492310909
      vertex 4.419417382415922 10 25.580582617584078
      vertex 3.4723139563725134 10 24.80331492310909
    endloop
  endfacet
  facet normal -0.7730104533627373 0 0.6343932841636449
    outer loop
      vertex 4.419417382415922 4 25.580582617584078
      vertex 5.196685076890907 10 26.527686043627487
      vertex 4.419417382415922 10 25.580582617584078
    endloop
  endfacet
  facet normal -0.47139673682599814 0 -0.8819212643483548
    outer loop
      vertex 3.4723139563725134 4 35.19668507689091
      vertex 2.391771452281811 10 35.77424707819554
      vertex 3.4723139563725134 10 35.19668507689091
    endloop
  endfacet
  facet normal -0.6343932841636454 0 -0.773010453362737
    outer loop
      vertex 4.419417382415922 4 34.41941738241592
      vertex 3.4723139563725134 10 35.19668507689091
      vertex 4.419417382415922 10 34.41941738241592
    endloop
  endfacet
  facet normal -0.7730104533627362 0 -0.6343932841636465
    outer loop
      vertex 5.196685076890907 4 33.47231395637252
      vertex 4.419417382415922 10 34.41941738241592
      vertex 5.196685076890907 10 33.47231395637252
    endloop
  endfacet
  facet normal 0 1 0
    outer loop
      vertex 5.196685076890907 4 26.527686043627487
      vertex 5.196685076890907 4 33.47231395637252
      vertex 5.774247078195542 4 27.608228547718188
    endloop
  endfacet
  facet normal 0 1 0
    outer loop
      vertex 5.774247078195542 4 27.608228547718188
      vertex 5.774247078195542 4 32.39177145228181
      vertex 6.129908002520191 4 28.780685487399197
    endloop
  endfacet
  facet normal 0 1 0
    outer loop
      vertex 5.196685076890907 4 33.47231395637252
      vertex 5.774247078195542 4 32.39177145228181
      vertex 5.774247078195542 4 27.608228547718188
    endloop
  endfacet
  facet normal 0 1 0
    outer loop
      vertex 6.129908002520191 4 28.780685487399197
      vertex 5.774247078195542 4 32.39177145228181
      vertex 6.129908002520191 4 31.219314512600803
    endloop
  endfacet
  facet normal 0 1 0
    outer loop
      vertex 6.129908002520191 4 28.780685487399197
      vertex 6.129908002520191 4 31.219314512600803
      vertex 6.25 4 30
    endloop
  endfacet
  facet normal -0.8819212643483545 0 0.47139673682599853
    outer loop
      vertex 5.196685076890907 4 26.527686043627487
      vertex 5.774247078195542 4 27.608228547718188
      vertex 5.774247078195542 10 27.608228547718188
    endloop
  endfacet
  facet normal -0.9569403357322088 0 0.2902846772544626
    outer loop
      vertex 5.774247078195542 4 27.608228547718188
      vertex 6.129908002520191 4 28.780685487399197
      vertex 6.129908002520191 10 28.780685487399197
    endloop
  endfacet
  facet normal -0.9951847266721969 0 0.0980171403295602
    outer loop
      vertex 6.129908002520191 4 28.780685487399197
      vertex 6.25 4 30
      vertex 6.25 10 30
    endloop
  endfacet
  facet normal -0.8819212643483558 0 -0.47139673682599614
    outer loop
      vertex 5.196685076890907 4 33.47231395637252
      vertex 5.196685076890907 10 33.47231395637252
      vertex 5.774247078195542 4 32.39177145228181
    endloop
  endfacet
  facet normal -0.9569403357322085 0 -0.2902846772544634
    outer loop
      vertex 6.129908002520191 4 31.219314512600803
      vertex 5.774247078195542 4 32.39177145228181
      vertex 5.774247078195542 10 32.39177145228181
    endloop
  endfacet
  facet normal -0.9951847266721969 0 -0.0980171403295602
    outer loop
      vertex 6.25 4 30
      vertex 6.129908002520191 4 31.219314512600803
      vertex 6.129908002520191 10 31.219314512600803
    endloop
  endfacet
  facet normal -0.8819212643483545 0 0.47139673682599853
    outer loop
      vertex 5.196685076890907 4 26.527686043627487
      vertex 5.774247078195542 10 27.608228547718188
      vertex 5.196685076890907 10 26.527686043627487
    endloop
  endfacet
  facet normal -0.9569403357322088 0 0.2902846772544626
    outer loop
      vertex 5.774247078195542 4 27.608228547718188
      vertex 6.129908002520191 10 28.780685487399197
      vertex 5.774247078195542 10 27.608228547718188
    endloop
  endfacet
  facet normal -0.9951847266721969 0 0.0980171403295602
    outer loop
      vertex 6.129908002520191 4 28.780685487399197
      vertex 6.25 10 30
      vertex 6.129908002520191 10 28.780685487399197
    endloop
  endfacet
  facet normal -0.8819212643483558 0 -0.47139673682599614
    outer loop
      vertex 5.774247078195542 4 32.39177145228181
      vertex 5.196685076890907 10 33.47231395637252
      vertex 5.774247078195542 10 32.39177145228181
    endloop
  endfacet
  facet normal -0.9951847266721969 0 -0.0980171403295602
    outer loop
      vertex 6.25 4 30
      vertex 6.129908002520191 10 31.219314512600803
      vertex 6.25 10 30
    endloop
  endfacet
  facet normal -0.9569403357322085 0 -0.2902846772544634
    outer loop
      vertex 6.129908002520191 4 31.219314512600803
      vertex 5.774247078195542 10 32.39177145228181
      vertex 6.129908002520191 10 31.219314512600803
    endloop
  endfacet
  facet normal 0.9951847266721969 0 0.0980171403295602
    outer loop
      vertex -6.129908002520191 -4 -31.219314512600803
      vertex -6.25 -10 -30
      vertex -6.129908002520191 -10 -31.219314512600803
    endloop
  endfacet
  facet normal 0.9569403357322085 0 0.2902846772544634
    outer loop
      vertex -5.774247078195542 -4 -32.39177145228181
      vertex -6.129908002520191 -10 -31.219314512600803
      vertex -5.774247078195542 -10 -32.39177145228181
    endloop
  endfacet
  facet normal 0.8819212643483558 0 0.47139673682599614
    outer loop
      vertex -5.196685076890907 -4 -33.47231395637252
      vertex -5.774247078195542 -10 -32.39177145228181
      vertex -5.196685076890907 -10 -33.47231395637252
    endloop
  endfacet
  facet normal 0.9951847266721969 0 -0.0980171403295602
    outer loop
      vertex -6.25 -4 -30
      vertex -6.129908002520191 -10 -28.780685487399197
      vertex -6.25 -10 -30
    endloop
  endfacet
  facet normal 0.9569403357322088 0 -0.2902846772544626
    outer loop
      vertex -6.129908002520191 -4 -28.780685487399197
      vertex -5.774247078195542 -10 -27.608228547718188
      vertex -6.129908002520191 -10 -28.780685487399197
    endloop
  endfacet
  facet normal 0.8819212643483545 0 -0.47139673682599853
    outer loop
      vertex -5.774247078195542 -4 -27.608228547718188
      vertex -5.196685076890907 -10 -26.527686043627487
      vertex -5.774247078195542 -10 -27.608228547718188
    endloop
  endfacet
  facet normal 0.9569403357322085 0 0.2902846772544634
    outer loop
      vertex -5.774247078195542 -4 -32.39177145228181
      vertex -6.129908002520191 -4 -31.219314512600803
      vertex -6.129908002520191 -10 -31.219314512600803
    endloop
  endfacet
  facet normal 0.9951847266721969 0 0.0980171403295602
    outer loop
      vertex -6.129908002520191 -4 -31.219314512600803
      vertex -6.25 -4 -30
      vertex -6.25 -10 -30
    endloop
  endfacet
  facet normal 0.8819212643483558 0 0.47139673682599614
    outer loop
      vertex -5.774247078195542 -4 -32.39177145228181
      vertex -5.774247078195542 -10 -32.39177145228181
      vertex -5.196685076890907 -4 -33.47231395637252
    endloop
  endfacet
  facet normal 0.9951847266721969 0 -0.0980171403295602
    outer loop
      vertex -6.25 -4 -30
      vertex -6.129908002520191 -4 -28.780685487399197
      vertex -6.129908002520191 -10 -28.780685487399197
    endloop
  endfacet
  facet normal 0.9569403357322088 0 -0.2902846772544626
    outer loop
      vertex -6.129908002520191 -4 -28.780685487399197
      vertex -5.774247078195542 -4 -27.608228547718188
      vertex -5.774247078195542 -10 -27.608228547718188
    endloop
  endfacet
  facet normal 0.8819212643483545 0 -0.47139673682599853
    outer loop
      vertex -5.774247078195542 -4 -27.608228547718188
      vertex -5.196685076890907 -4 -26.527686043627487
      vertex -5.196685076890907 -10 -26.527686043627487
    endloop
  endfacet
  facet normal 0 -1 0
    outer loop
      vertex -5.774247078195542 -4 -32.39177145228181
      vertex -5.774247078195542 -4 -27.608228547718188
      vertex -6.129908002520191 -4 -31.219314512600803
    endloop
  endfacet
  facet normal 0 -1 0
    outer loop
      vertex -5.774247078195542 -4 -32.39177145228181
      vertex -5.196685076890907 -4 -33.47231395637252
      vertex -5.196685076890907 -4 -26.527686043627487
    endloop
  endfacet
  facet normal 0 -1 0
    outer loop
      vertex -6.129908002520191 -4 -31.219314512600803
      vertex -6.129908002520191 -4 -28.780685487399197
      vertex -6.25 -4 -30
    endloop
  endfacet
  facet normal 0 -1 0
    outer loop
      vertex -6.129908002520191 -4 -31.219314512600803
      vertex -5.774247078195542 -4 -27.608228547718188
      vertex -6.129908002520191 -4 -28.780685487399197
    endloop
  endfacet
  facet normal 0 -1 0
    outer loop
      vertex -5.774247078195542 -4 -32.39177145228181
      vertex -5.196685076890907 -4 -26.527686043627487
      vertex -5.774247078195542 -4 -27.608228547718188
    endloop
  endfacet
  facet normal 0.7730104533627362 0 0.6343932841636465
    outer loop
      vertex -4.419417382415922 -4 -34.41941738241592
      vertex -5.196685076890907 -10 -33.47231395637252
      vertex -4.419417382415922 -10 -34.41941738241592
    endloop
  endfacet
  facet normal 0.6343932841636454 0 0.773010453362737
    outer loop
      vertex -3.4723139563725134 -4 -35.19668507689091
      vertex -4.419417382415922 -10 -34.41941738241592
      vertex -3.4723139563725134 -10 -35.19668507689091
    endloop
  endfacet
  facet normal 0.47139673682599814 0 0.8819212643483548
    outer loop
      vertex -2.391771452281811 -4 -35.77424707819554
      vertex -3.4723139563725134 -10 -35.19668507689091
      vertex -2.391771452281811 -10 -35.77424707819554
    endloop
  endfacet
  facet normal 0.7730104533627373 0 -0.6343932841636449
    outer loop
      vertex -5.196685076890907 -4 -26.527686043627487
      vertex -4.419417382415922 -10 -25.580582617584078
      vertex -5.196685076890907 -10 -26.527686043627487
    endloop
  endfacet
  facet normal 0.6343932841636454 0 -0.773010453362737
    outer loop
      vertex -4.419417382415922 -4 -25.580582617584078
      vertex -3.4723139563725134 -10 -24.80331492310909
      vertex -4.419417382415922 -10 -25.580582617584078
    endloop
  endfacet
  facet normal 0.47139673682599814 0 -0.8819212643483548
    outer loop
      vertex -3.4723139563725134 -4 -24.80331492310909
      vertex -2.391771452281811 -10 -24.225752921804457
      vertex -3.4723139563725134 -10 -24.80331492310909
    endloop
  endfacet
  facet normal 0.7730104533627362 0 0.6343932841636465
    outer loop
      vertex -5.196685076890907 -4 -33.47231395637252
      vertex -5.196685076890907 -10 -33.47231395637252
      vertex -4.419417382415922 -4 -34.41941738241592
    endloop
  endfacet
  facet normal 0.6343932841636454 0 0.773010453362737
    outer loop
      vertex -4.419417382415922 -4 -34.41941738241592
      vertex -4.419417382415922 -10 -34.41941738241592
      vertex -3.4723139563725134 -4 -35.19668507689091
    endloop
  endfacet
  facet normal 0.47139673682599814 0 0.8819212643483548
    outer loop
      vertex -3.4723139563725134 -4 -35.19668507689091
      vertex -3.4723139563725134 -10 -35.19668507689091
      vertex -2.391771452281811 -4 -35.77424707819554
    endloop
  endfacet
  facet normal 0.7730104533627373 0 -0.6343932841636449
    outer loop
      vertex -5.196685076890907 -4 -26.527686043627487
      vertex -4.419417382415922 -4 -25.580582617584078
      vertex -4.419417382415922 -10 -25.580582617584078
    endloop
  endfacet
  facet normal 0.6343932841636454 0 -0.773010453362737
    outer loop
      vertex -4.419417382415922 -4 -25.580582617584078
      vertex -3.4723139563725134 -4 -24.80331492310909
      vertex -3.4723139563725134 -10 -24.80331492310909
    endloop
  endfacet
  facet normal 0.47139673682599814 0 -0.8819212643483548
    outer loop
      vertex -3.4723139563725134 -4 -24.80331492310909
      vertex -2.391771452281811 -4 -24.225752921804457
      vertex -2.391771452281811 -10 -24.225752921804457
    endloop
  endfacet
  facet normal 0.2902846772544605 0 0.9569403357322094
    outer loop
      vertex -1.2193145126008016 -4 -36.12990800252019
      vertex -2.391771452281811 -10 -35.77424707819554
      vertex -1.2193145126008016 -10 -36.12990800252019
    endloop
  endfacet
  facet normal 0.09801714032956178 0 0.9951847266721967
    outer loop
      vertex 0 -4 -36.25
      vertex -1.2193145126008016 -10 -36.12990800252019
      vertex 0 -10 -36.25
    endloop
  endfacet
  facet normal 0.2902846772544605 0 -0.9569403357322094
    outer loop
      vertex -2.391771452281811 -4 -24.225752921804457
      vertex -1.2193145126008016 -10 -23.87009199747981
      vertex -2.391771452281811 -10 -24.225752921804457
    endloop
  endfacet
  facet normal 0.09801714032956178 0 -0.9951847266721967
    outer loop
      vertex -1.2193145126008016 -4 -23.87009199747981
      vertex 0 -10 -23.75
      vertex -1.2193145126008016 -10 -23.87009199747981
    endloop
  endfacet
  facet normal 0.2902846772544605 0 0.9569403357322094
    outer loop
      vertex -2.391771452281811 -4 -35.77424707819554
      vertex -2.391771452281811 -10 -35.77424707819554
      vertex -1.2193145126008016 -4 -36.12990800252019
    endloop
  endfacet
  facet normal 0.09801714032956178 0 0.9951847266721967
    outer loop
      vertex -1.2193145126008016 -4 -36.12990800252019
      vertex -1.2193145126008016 -10 -36.12990800252019
      vertex 0 -4 -36.25
    endloop
  endfacet
  facet normal 0.2902846772544605 0 -0.9569403357322094
    outer loop
      vertex -2.391771452281811 -4 -24.225752921804457
      vertex -1.2193145126008016 -4 -23.87009199747981
      vertex -1.2193145126008016 -10 -23.87009199747981
    endloop
  endfacet
  facet normal 0.09801714032956178 0 -0.9951847266721967
    outer loop
      vertex -1.2193145126008016 -4 -23.87009199747981
      vertex 0 -4 -23.75
      vertex 0 -10 -23.75
    endloop
  endfacet
  facet normal 0 -1 0
    outer loop
      vertex -5.196685076890907 -4 -33.47231395637252
      vertex -4.419417382415922 -4 -34.41941738241592
      vertex -4.419417382415922 -4 -25.580582617584078
    endloop
  endfacet
  facet normal 0 -1 0
    outer loop
      vertex -4.419417382415922 -4 -34.41941738241592
      vertex -3.4723139563725134 -4 -35.19668507689091
      vertex -3.4723139563725134 -4 -24.80331492310909
    endloop
  endfacet
  facet normal 0 -1 0
    outer loop
      vertex -3.4723139563725134 -4 -35.19668507689091
      vertex -2.391771452281811 -4 -35.77424707819554
      vertex -2.391771452281811 -4 -24.225752921804457
    endloop
  endfacet
  facet normal 0 -1 0
    outer loop
      vertex -5.196685076890907 -4 -33.47231395637252
      vertex -4.419417382415922 -4 -25.580582617584078
      vertex -5.196685076890907 -4 -26.527686043627487
    endloop
  endfacet
  facet normal 0 -1 0
    outer loop
      vertex -4.419417382415922 -4 -34.41941738241592
      vertex -3.4723139563725134 -4 -24.80331492310909
      vertex -4.419417382415922 -4 -25.580582617584078
    endloop
  endfacet
  facet normal 0 -1 0
    outer loop
      vertex -3.4723139563725134 -4 -35.19668507689091
      vertex -2.391771452281811 -4 -24.225752921804457
      vertex -3.4723139563725134 -4 -24.80331492310909
    endloop
  endfacet
  facet normal 0 -1 0
    outer loop
      vertex -2.391771452281811 -4 -35.77424707819554
      vertex -1.879858660950843 -4 -31.25608139955493
      vertex -2.0887870286167542 -4 -30.86520391616206
    endloop
  endfacet
  facet normal 0 -1 0
    outer loop
      vertex -2.391771452281811 -4 -35.77424707819554
      vertex -1.5986883791814732 -4 -31.598688379181475
      vertex -1.879858660950843 -4 -31.25608139955493
    endloop
  endfacet
  facet normal 0 -1 0
    outer loop
      vertex -2.391771452281811 -4 -35.77424707819554
      vertex -2.217444482178185 -4 -30.441077131483024
      vertex -2.2608867878467005 -4 -30
    endloop
  endfacet
  facet normal 0 -1 0
    outer loop
      vertex -2.391771452281811 -4 -35.77424707819554
      vertex -2.0887870286167542 -4 -30.86520391616206
      vertex -2.217444482178185 -4 -30.441077131483024
    endloop
  endfacet
  facet normal 0 -1 0
    outer loop
      vertex -2.391771452281811 -4 -35.77424707819554
      vertex -1.2193145126008016 -4 -36.12990800252019
      vertex -1.2560813995549314 -4 -31.879858660950845
    endloop
  endfacet
  facet normal 0 -1 0
    outer loop
      vertex -2.391771452281811 -4 -35.77424707819554
      vertex -1.2560813995549314 -4 -31.879858660950845
      vertex -1.5986883791814732 -4 -31.598688379181475
    endloop
  endfacet
  facet normal 0 -1 0
    outer loop
      vertex -1.2193145126008016 -4 -36.12990800252019
      vertex -0.8652039161620579 -4 -32.08878702861676
      vertex -1.2560813995549314 -4 -31.879858660950845
    endloop
  endfacet
  facet normal 0 -1 0
    outer loop
      vertex -1.2193145126008016 -4 -36.12990800252019
      vertex -0.44107713148302263 -4 -32.21744448217819
      vertex -0.8652039161620579 -4 -32.08878702861676
    endloop
  endfacet
  facet normal 0 -1 0
    outer loop
      vertex -1.2193145126008016 -4 -36.12990800252019
      vertex 0 -4 -36.25
      vertex 0 -4 -32.2608867878467
    endloop
  endfacet
  facet normal 0 -1 0
    outer loop
      vertex -1.2193145126008016 -4 -36.12990800252019
      vertex 0 -4 -32.2608867878467
      vertex -0.44107713148302263 -4 -32.21744448217819
    endloop
  endfacet
  facet normal 0 -1 0
    outer loop
      vertex -2.391771452281811 -4 -35.77424707819554
      vertex -2.2608867878467005 -4 -30
      vertex -2.391771452281811 -4 -24.225752921804457
    endloop
  endfacet
  facet normal 0 -1 0
    outer loop
      vertex -2.2608867878467005 -4 -30
      vertex -2.242595290723115 -4 -29.81428331305978
      vertex -2.391771452281811 -4 -24.225752921804457
    endloop
  endfacet
  facet normal 0 -1 0
    outer loop
      vertex -2.242595290723115 -4 -29.81428331305978
      vertex -2.217444482178185 -4 -29.558922868516976
      vertex -2.391771452281811 -4 -24.225752921804457
    endloop
  endfacet
  facet normal 0 -1 0
    outer loop
      vertex -2.217444482178185 -4 -29.558922868516976
      vertex -2.0887870286167542 -4 -29.13479608383794
      vertex -2.391771452281811 -4 -24.225752921804457
    endloop
  endfacet
  facet normal 0 -1 0
    outer loop
      vertex -2.0887870286167542 -4 -29.13479608383794
      vertex -1.879858660950843 -4 -28.74391860044507
      vertex -2.391771452281811 -4 -24.225752921804457
    endloop
  endfacet
  facet normal 0 -1 0
    outer loop
      vertex -1.879858660950843 -4 -28.74391860044507
      vertex -1.5986883791814732 -4 -28.401311620818525
      vertex -2.391771452281811 -4 -24.225752921804457
    endloop
  endfacet
  facet normal 0 -1 0
    outer loop
      vertex -1.5986883791814732 -4 -28.401311620818525
      vertex -1.2193145126008016 -4 -23.87009199747981
      vertex -2.391771452281811 -4 -24.225752921804457
    endloop
  endfacet
  facet normal 0 -1 0
    outer loop
      vertex -1.5986883791814732 -4 -28.401311620818525
      vertex -1.2560813995549314 -4 -28.120141339049155
      vertex -1.2193145126008016 -4 -23.87009199747981
    endloop
  endfacet
  facet normal 0 -1 0
    outer loop
      vertex -1.2560813995549314 -4 -28.120141339049155
      vertex -0.8652039161620579 -4 -27.911212971383247
      vertex -1.2193145126008016 -4 -23.87009199747981
    endloop
  endfacet
  facet normal 0 -1 0
    outer loop
      vertex -0.8652039161620579 -4 -27.911212971383247
      vertex -0.44107713148302263 -4 -27.782555517821816
      vertex -1.2193145126008016 -4 -23.87009199747981
    endloop
  endfacet
  facet normal 0 -1 0
    outer loop
      vertex -0.44107713148302263 -4 -27.782555517821816
      vertex 0 -4 -27.7391132121533
      vertex -1.2193145126008016 -4 -23.87009199747981
    endloop
  endfacet
  facet normal 0 -1 0
    outer loop
      vertex -1.2193145126008016 -4 -23.87009199747981
      vertex 0 -4 -27.7391132121533
      vertex 0 -4 -23.75
    endloop
  endfacet
  facet normal -0.09801714032956178 0 0.9951847266721967
    outer loop
      vertex 1.2193145126008016 -4 -36.12990800252019
      vertex 0 -10 -36.25
      vertex 1.2193145126008016 -10 -36.12990800252019
    endloop
  endfacet
  facet normal -0.2902846772544605 0 0.9569403357322094
    outer loop
      vertex 2.391771452281811 -4 -35.77424707819554
      vertex 1.2193145126008016 -10 -36.12990800252019
      vertex 2.391771452281811 -10 -35.77424707819554
    endloop
  endfacet
  facet normal -0.09801714032956178 0 -0.9951847266721967
    outer loop
      vertex 0 -4 -23.75
      vertex 1.2193145126008016 -10 -23.87009199747981
      vertex 0 -10 -23.75
    endloop
  endfacet
  facet normal -0.2902846772544605 0 -0.9569403357322094
    outer loop
      vertex 1.2193145126008016 -4 -23.87009199747981
      vertex 2.391771452281811 -10 -24.225752921804457
      vertex 1.2193145126008016 -10 -23.87009199747981
    endloop
  endfacet
  facet normal -0.09801714032956178 0 0.9951847266721967
    outer loop
      vertex 0 -4 -36.25
      vertex 0 -10 -36.25
      vertex 1.2193145126008016 -4 -36.12990800252019
    endloop
  endfacet
  facet normal -0.2902846772544605 0 0.9569403357322094
    outer loop
      vertex 1.2193145126008016 -4 -36.12990800252019
      vertex 1.2193145126008016 -10 -36.12990800252019
      vertex 2.391771452281811 -4 -35.77424707819554
    endloop
  endfacet
  facet normal -0.09801714032956178 0 -0.9951847266721967
    outer loop
      vertex 0 -4 -23.75
      vertex 1.2193145126008016 -4 -23.87009199747981
      vertex 1.2193145126008016 -10 -23.87009199747981
    endloop
  endfacet
  facet normal -0.2902846772544605 0 -0.9569403357322094
    outer loop
      vertex 1.2193145126008016 -4 -23.87009199747981
      vertex 2.391771452281811 -4 -24.225752921804457
      vertex 2.391771452281811 -10 -24.225752921804457
    endloop
  endfacet
  facet normal -0.47139673682599814 0 0.8819212643483548
    outer loop
      vertex 3.4723139563725134 -4 -35.19668507689091
      vertex 2.391771452281811 -10 -35.77424707819554
      vertex 3.4723139563725134 -10 -35.19668507689091
    endloop
  endfacet
  facet normal -0.6343932841636454 0 0.773010453362737
    outer loop
      vertex 4.419417382415922 -4 -34.41941738241592
      vertex 3.4723139563725134 -10 -35.19668507689091
      vertex 4.419417382415922 -10 -34.41941738241592
    endloop
  endfacet
  facet normal -0.7730104533627362 0 0.6343932841636465
    outer loop
      vertex 5.196685076890907 -4 -33.47231395637252
      vertex 4.419417382415922 -10 -34.41941738241592
      vertex 5.196685076890907 -10 -33.47231395637252
    endloop
  endfacet
  facet normal -0.47139673682599814 0 -0.8819212643483548
    outer loop
      vertex 2.391771452281811 -4 -24.225752921804457
      vertex 3.4723139563725134 -10 -24.80331492310909
      vertex 2.391771452281811 -10 -24.225752921804457
    endloop
  endfacet
  facet normal -0.6343932841636454 0 -0.773010453362737
    outer loop
      vertex 3.4723139563725134 -4 -24.80331492310909
      vertex 4.419417382415922 -10 -25.580582617584078
      vertex 3.4723139563725134 -10 -24.80331492310909
    endloop
  endfacet
  facet normal -0.7730104533627373 0 -0.6343932841636449
    outer loop
      vertex 4.419417382415922 -4 -25.580582617584078
      vertex 5.196685076890907 -10 -26.527686043627487
      vertex 4.419417382415922 -10 -25.580582617584078
    endloop
  endfacet
  facet normal -0.47139673682599814 0 0.8819212643483548
    outer loop
      vertex 2.391771452281811 -4 -35.77424707819554
      vertex 2.391771452281811 -10 -35.77424707819554
      vertex 3.4723139563725134 -4 -35.19668507689091
    endloop
  endfacet
  facet normal -0.6343932841636454 0 0.773010453362737
    outer loop
      vertex 3.4723139563725134 -4 -35.19668507689091
      vertex 3.4723139563725134 -10 -35.19668507689091
      vertex 4.419417382415922 -4 -34.41941738241592
    endloop
  endfacet
  facet normal -0.7730104533627362 0 0.6343932841636465
    outer loop
      vertex 4.419417382415922 -4 -34.41941738241592
      vertex 4.419417382415922 -10 -34.41941738241592
      vertex 5.196685076890907 -4 -33.47231395637252
    endloop
  endfacet
  facet normal -0.47139673682599814 0 -0.8819212643483548
    outer loop
      vertex 2.391771452281811 -4 -24.225752921804457
      vertex 3.4723139563725134 -4 -24.80331492310909
      vertex 3.4723139563725134 -10 -24.80331492310909
    endloop
  endfacet
  facet normal -0.6343932841636454 0 -0.773010453362737
    outer loop
      vertex 3.4723139563725134 -4 -24.80331492310909
      vertex 4.419417382415922 -4 -25.580582617584078
      vertex 4.419417382415922 -10 -25.580582617584078
    endloop
  endfacet
  facet normal -0.7730104533627373 0 -0.6343932841636449
    outer loop
      vertex 4.419417382415922 -4 -25.580582617584078
      vertex 5.196685076890907 -4 -26.527686043627487
      vertex 5.196685076890907 -10 -26.527686043627487
    endloop
  endfacet
  facet normal 0 -1 0
    outer loop
      vertex 0 -4 -36.25
      vertex 1.2193145126008016 -4 -36.12990800252019
      vertex 0 -4 -32.2608867878467
    endloop
  endfacet
  facet normal 0 -1 0
    outer loop
      vertex 0 -4 -32.2608867878467
      vertex 1.2193145126008016 -4 -36.12990800252019
      vertex 0.44107713148302263 -4 -32.21744448217819
    endloop
  endfacet
  facet normal 0 -1 0
    outer loop
      vertex 0.44107713148302263 -4 -32.21744448217819
      vertex 1.2193145126008016 -4 -36.12990800252019
      vertex 0.8652039161620579 -4 -32.08878702861676
    endloop
  endfacet
  facet normal 0 -1 0
    outer loop
      vertex 0.8652039161620579 -4 -32.08878702861676
      vertex 1.2193145126008016 -4 -36.12990800252019
      vertex 1.2560813995549314 -4 -31.879858660950845
    endloop
  endfacet
  facet normal 0 -1 0
    outer loop
      vertex 1.2193145126008016 -4 -36.12990800252019
      vertex 1.5986883791814732 -4 -31.598688379181475
      vertex 1.2560813995549314 -4 -31.879858660950845
    endloop
  endfacet
  facet normal 0 -1 0
    outer loop
      vertex 1.2193145126008016 -4 -36.12990800252019
      vertex 2.391771452281811 -4 -35.77424707819554
      vertex 1.5986883791814732 -4 -31.598688379181475
    endloop
  endfacet
  facet normal 0 -1 0
    outer loop
      vertex 1.5986883791814732 -4 -31.598688379181475
      vertex 2.391771452281811 -4 -35.77424707819554
      vertex 1.879858660950843 -4 -31.25608139955493
    endloop
  endfacet
  facet normal 0 -1 0
    outer loop
      vertex 1.879858660950843 -4 -31.25608139955493
      vertex 2.391771452281811 -4 -35.77424707819554
      vertex 2.0887870286167542 -4 -30.86520391616206
    endloop
  endfacet
  facet normal 0 -1 0
    outer loop
      vertex 2.0887870286167542 -4 -30.86520391616206
      vertex 2.391771452281811 -4 -35.77424707819554
      vertex 2.217444482178185 -4 -30.441077131483024
    endloop
  endfacet
  facet normal 0 -1 0
    outer loop
      vertex 2.217444482178185 -4 -30.441077131483024
      vertex 2.391771452281811 -4 -35.77424707819554
      vertex 2.2608867878467005 -4 -30
    endloop
  endfacet
  facet normal 0 -1 0
    outer loop
      vertex 0 -4 -27.7391132121533
      vertex 0.44107713148302263 -4 -27.782555517821816
      vertex 1.2193145126008016 -4 -23.87009199747981
    endloop
  endfacet
  facet normal 0 -1 0
    outer loop
      vertex 0 -4 -27.7391132121533
      vertex 1.2193145126008016 -4 -23.87009199747981
      vertex 0 -4 -23.75
    endloop
  endfacet
  facet normal 0 -1 0
    outer loop
      vertex 0.44107713148302263 -4 -27.782555517821816
      vertex 0.8652039161620579 -4 -27.911212971383247
      vertex 1.2193145126008016 -4 -23.87009199747981
    endloop
  endfacet
  facet normal 0 -1 0
    outer loop
      vertex 0.8652039161620579 -4 -27.911212971383247
      vertex 1.2560813995549314 -4 -28.120141339049155
      vertex 1.2193145126008016 -4 -23.87009199747981
    endloop
  endfacet
  facet normal 0 -1 0
    outer loop
      vertex 1.2560813995549314 -4 -28.120141339049155
      vertex 1.5986883791814732 -4 -28.401311620818525
      vertex 2.391771452281811 -4 -24.225752921804457
    endloop
  endfacet
  facet normal 0 -1 0
    outer loop
      vertex 1.2560813995549314 -4 -28.120141339049155
      vertex 2.391771452281811 -4 -24.225752921804457
      vertex 1.2193145126008016 -4 -23.87009199747981
    endloop
  endfacet
  facet normal 0 -1 0
    outer loop
      vertex 2.2608867878467005 -4 -30
      vertex 2.391771452281811 -4 -35.77424707819554
      vertex 2.391771452281811 -4 -24.225752921804457
    endloop
  endfacet
  facet normal 0 -1 0
    outer loop
      vertex 2.217444482178185 -4 -29.558922868516976
      vertex 2.391771452281811 -4 -24.225752921804457
      vertex 2.0887870286167542 -4 -29.13479608383794
    endloop
  endfacet
  facet normal 0 -1 0
    outer loop
      vertex 2.217444482178185 -4 -29.558922868516976
      vertex 2.2608867878467005 -4 -30
      vertex 2.391771452281811 -4 -24.225752921804457
    endloop
  endfacet
  facet normal 0 -1 0
    outer loop
      vertex 1.5986883791814732 -4 -28.401311620818525
      vertex 1.879858660950843 -4 -28.74391860044507
      vertex 2.391771452281811 -4 -24.225752921804457
    endloop
  endfacet
  facet normal 0 -1 0
    outer loop
      vertex 1.879858660950843 -4 -28.74391860044507
      vertex 2.0887870286167542 -4 -29.13479608383794
      vertex 2.391771452281811 -4 -24.225752921804457
    endloop
  endfacet
  facet normal 0 -1 0
    outer loop
      vertex 2.391771452281811 -4 -35.77424707819554
      vertex 3.4723139563725134 -4 -35.19668507689091
      vertex 3.4723139563725134 -4 -24.80331492310909
    endloop
  endfacet
  facet normal 0 -1 0
    outer loop
      vertex 3.4723139563725134 -4 -35.19668507689091
      vertex 4.419417382415922 -4 -34.41941738241592
      vertex 4.419417382415922 -4 -25.580582617584078
    endloop
  endfacet
  facet normal 0 -1 0
    outer loop
      vertex 4.419417382415922 -4 -34.41941738241592
      vertex 5.196685076890907 -4 -33.47231395637252
      vertex 5.196685076890907 -4 -26.527686043627487
    endloop
  endfacet
  facet normal 0 -1 0
    outer loop
      vertex 2.391771452281811 -4 -35.77424707819554
      vertex 3.4723139563725134 -4 -24.80331492310909
      vertex 2.391771452281811 -4 -24.225752921804457
    endloop
  endfacet
  facet normal 0 -1 0
    outer loop
      vertex 3.4723139563725134 -4 -35.19668507689091
      vertex 4.419417382415922 -4 -25.580582617584078
      vertex 3.4723139563725134 -4 -24.80331492310909
    endloop
  endfacet
  facet normal 0 -1 0
    outer loop
      vertex 4.419417382415922 -4 -34.41941738241592
      vertex 5.196685076890907 -4 -26.527686043627487
      vertex 4.419417382415922 -4 -25.580582617584078
    endloop
  endfacet
  facet normal -0.8819212643483558 0 0.47139673682599614
    outer loop
      vertex 5.774247078195542 -4 -32.39177145228181
      vertex 5.196685076890907 -10 -33.47231395637252
      vertex 5.774247078195542 -10 -32.39177145228181
    endloop
  endfacet
  facet normal -0.9569403357322085 0 0.2902846772544634
    outer loop
      vertex 6.129908002520191 -4 -31.219314512600803
      vertex 5.774247078195542 -10 -32.39177145228181
      vertex 6.129908002520191 -10 -31.219314512600803
    endloop
  endfacet
  facet normal -0.9951847266721969 0 0.0980171403295602
    outer loop
      vertex 6.25 -4 -30
      vertex 6.129908002520191 -10 -31.219314512600803
      vertex 6.25 -10 -30
    endloop
  endfacet
  facet normal -0.8819212643483545 0 -0.47139673682599853
    outer loop
      vertex 5.196685076890907 -4 -26.527686043627487
      vertex 5.774247078195542 -10 -27.608228547718188
      vertex 5.196685076890907 -10 -26.527686043627487
    endloop
  endfacet
  facet normal -0.9569403357322088 0 -0.2902846772544626
    outer loop
      vertex 5.774247078195542 -4 -27.608228547718188
      vertex 6.129908002520191 -10 -28.780685487399197
      vertex 5.774247078195542 -10 -27.608228547718188
    endloop
  endfacet
  facet normal -0.9951847266721969 0 -0.0980171403295602
    outer loop
      vertex 6.129908002520191 -4 -28.780685487399197
      vertex 6.25 -10 -30
      vertex 6.129908002520191 -10 -28.780685487399197
    endloop
  endfacet
  facet normal -0.8819212643483558 0 0.47139673682599614
    outer loop
      vertex 5.196685076890907 -4 -33.47231395637252
      vertex 5.196685076890907 -10 -33.47231395637252
      vertex 5.774247078195542 -4 -32.39177145228181
    endloop
  endfacet
  facet normal -0.9569403357322085 0 0.2902846772544634
    outer loop
      vertex 5.774247078195542 -4 -32.39177145228181
      vertex 5.774247078195542 -10 -32.39177145228181
      vertex 6.129908002520191 -4 -31.219314512600803
    endloop
  endfacet
  facet normal -0.9951847266721969 0 0.0980171403295602
    outer loop
      vertex 6.129908002520191 -4 -31.219314512600803
      vertex 6.129908002520191 -10 -31.219314512600803
      vertex 6.25 -4 -30
    endloop
  endfacet
  facet normal -0.8819212643483545 0 -0.47139673682599853
    outer loop
      vertex 5.774247078195542 -4 -27.608228547718188
      vertex 5.774247078195542 -10 -27.608228547718188
      vertex 5.196685076890907 -4 -26.527686043627487
    endloop
  endfacet
  facet normal -0.9951847266721969 0 -0.0980171403295602
    outer loop
      vertex 6.25 -4 -30
      vertex 6.25 -10 -30
      vertex 6.129908002520191 -4 -28.780685487399197
    endloop
  endfacet
  facet normal -0.9569403357322088 0 -0.2902846772544626
    outer loop
      vertex 5.774247078195542 -4 -27.608228547718188
      vertex 6.129908002520191 -4 -28.780685487399197
      vertex 6.129908002520191 -10 -28.780685487399197
    endloop
  endfacet
  facet normal 0 -1 0
    outer loop
      vertex 5.196685076890907 -4 -33.47231395637252
      vertex 5.774247078195542 -4 -32.39177145228181
      vertex 5.774247078195542 -4 -27.608228547718188
    endloop
  endfacet
  facet normal 0 -1 0
    outer loop
      vertex 5.774247078195542 -4 -32.39177145228181
      vertex 6.129908002520191 -4 -31.219314512600803
      vertex 6.129908002520191 -4 -28.780685487399197
    endloop
  endfacet
  facet normal 0 -1 0
    outer loop
      vertex 5.196685076890907 -4 -33.47231395637252
      vertex 5.774247078195542 -4 -27.608228547718188
      vertex 5.196685076890907 -4 -26.527686043627487
    endloop
  endfacet
  facet normal 0 -1 0
    outer loop
      vertex 5.774247078195542 -4 -32.39177145228181
      vertex 6.129908002520191 -4 -28.780685487399197
      vertex 5.774247078195542 -4 -27.608228547718188
    endloop
  endfacet
  facet normal 0 -1 0
    outer loop
      vertex 6.129908002520191 -4 -31.219314512600803
      vertex 6.25 -4 -30
      vertex 6.129908002520191 -4 -28.780685487399197
    endloop
  endfacet
  facet normal 0 1 0
    outer loop
      vertex -5.774247078195542 4 -32.39177145228181
      vertex -6.129908002520191 4 -31.219314512600803
      vertex -6.129908002520191 4 -28.780685487399197
    endloop
  endfacet
  facet normal 0 1 0
    outer loop
      vertex -5.774247078195542 4 -32.39177145228181
      vertex -5.774247078195542 4 -27.608228547718188
      vertex -5.196685076890907 4 -33.47231395637252
    endloop
  endfacet
  facet normal 0 1 0
    outer loop
      vertex -6.129908002520191 4 -31.219314512600803
      vertex -6.25 4 -30
      vertex -6.129908002520191 4 -28.780685487399197
    endloop
  endfacet
  facet normal 0 1 0
    outer loop
      vertex -5.774247078195542 4 -32.39177145228181
      vertex -6.129908002520191 4 -28.780685487399197
      vertex -5.774247078195542 4 -27.608228547718188
    endloop
  endfacet
  facet normal 0 1 0
    outer loop
      vertex -5.774247078195542 4 -27.608228547718188
      vertex -5.196685076890907 4 -26.527686043627487
      vertex -5.196685076890907 4 -33.47231395637252
    endloop
  endfacet
  facet normal 0.9951847266721969 0 0.0980171403295602
    outer loop
      vertex -6.129908002520191 4 -31.219314512600803
      vertex -6.129908002520191 10 -31.219314512600803
      vertex -6.25 4 -30
    endloop
  endfacet
  facet normal 0.9569403357322085 0 0.2902846772544634
    outer loop
      vertex -5.774247078195542 4 -32.39177145228181
      vertex -5.774247078195542 10 -32.39177145228181
      vertex -6.129908002520191 4 -31.219314512600803
    endloop
  endfacet
  facet normal 0.8819212643483558 0 0.47139673682599614
    outer loop
      vertex -5.774247078195542 4 -32.39177145228181
      vertex -5.196685076890907 4 -33.47231395637252
      vertex -5.196685076890907 10 -33.47231395637252
    endloop
  endfacet
  facet normal 0.9951847266721969 0 -0.0980171403295602
    outer loop
      vertex -6.25 4 -30
      vertex -6.25 10 -30
      vertex -6.129908002520191 4 -28.780685487399197
    endloop
  endfacet
  facet normal 0.9569403357322088 0 -0.2902846772544626
    outer loop
      vertex -6.129908002520191 4 -28.780685487399197
      vertex -6.129908002520191 10 -28.780685487399197
      vertex -5.774247078195542 4 -27.608228547718188
    endloop
  endfacet
  facet normal 0.8819212643483545 0 -0.47139673682599853
    outer loop
      vertex -5.774247078195542 4 -27.608228547718188
      vertex -5.774247078195542 10 -27.608228547718188
      vertex -5.196685076890907 4 -26.527686043627487
    endloop
  endfacet
  facet normal 0.9569403357322085 0 0.2902846772544634
    outer loop
      vertex -6.129908002520191 4 -31.219314512600803
      vertex -5.774247078195542 10 -32.39177145228181
      vertex -6.129908002520191 10 -31.219314512600803
    endloop
  endfacet
  facet normal 0.9951847266721969 0 0.0980171403295602
    outer loop
      vertex -6.25 4 -30
      vertex -6.129908002520191 10 -31.219314512600803
      vertex -6.25 10 -30
    endloop
  endfacet
  facet normal 0.8819212643483558 0 0.47139673682599614
    outer loop
      vertex -5.774247078195542 4 -32.39177145228181
      vertex -5.196685076890907 10 -33.47231395637252
      vertex -5.774247078195542 10 -32.39177145228181
    endloop
  endfacet
  facet normal 0.9951847266721969 0 -0.0980171403295602
    outer loop
      vertex -6.129908002520191 4 -28.780685487399197
      vertex -6.25 10 -30
      vertex -6.129908002520191 10 -28.780685487399197
    endloop
  endfacet
  facet normal 0.9569403357322088 0 -0.2902846772544626
    outer loop
      vertex -5.774247078195542 4 -27.608228547718188
      vertex -6.129908002520191 10 -28.780685487399197
      vertex -5.774247078195542 10 -27.608228547718188
    endloop
  endfacet
  facet normal 0.8819212643483545 0 -0.47139673682599853
    outer loop
      vertex -5.196685076890907 4 -26.527686043627487
      vertex -5.774247078195542 10 -27.608228547718188
      vertex -5.196685076890907 10 -26.527686043627487
    endloop
  endfacet
  facet normal 0 1 0
    outer loop
      vertex -5.196685076890907 4 -33.47231395637252
      vertex -5.196685076890907 4 -26.527686043627487
      vertex -4.419417382415922 4 -34.41941738241592
    endloop
  endfacet
  facet normal 0 1 0
    outer loop
      vertex -4.419417382415922 4 -34.41941738241592
      vertex -4.419417382415922 4 -25.580582617584078
      vertex -3.4723139563725134 4 -35.19668507689091
    endloop
  endfacet
  facet normal 0 1 0
    outer loop
      vertex -3.4723139563725134 4 -35.19668507689091
      vertex -3.4723139563725134 4 -24.80331492310909
      vertex -2.391771452281811 4 -35.77424707819554
    endloop
  endfacet
  facet normal 0 1 0
    outer loop
      vertex -5.196685076890907 4 -26.527686043627487
      vertex -4.419417382415922 4 -25.580582617584078
      vertex -4.419417382415922 4 -34.41941738241592
    endloop
  endfacet
  facet normal 0 1 0
    outer loop
      vertex -3.4723139563725134 4 -35.19668507689091
      vertex -4.419417382415922 4 -25.580582617584078
      vertex -3.4723139563725134 4 -24.80331492310909
    endloop
  endfacet
  facet normal 0 1 0
    outer loop
      vertex -3.4723139563725134 4 -24.80331492310909
      vertex -2.391771452281811 4 -24.225752921804457
      vertex -2.391771452281811 4 -35.77424707819554
    endloop
  endfacet
  facet normal 0 1 0
    outer loop
      vertex -2.391771452281811 4 -35.77424707819554
      vertex -2.0887870286167542 4 -30.86520391616206
      vertex -1.879858660950843 4 -31.25608139955493
    endloop
  endfacet
  facet normal 0 1 0
    outer loop
      vertex -2.391771452281811 4 -35.77424707819554
      vertex -1.879858660950843 4 -31.25608139955493
      vertex -1.5986883791814732 4 -31.598688379181475
    endloop
  endfacet
  facet normal 0 1 0
    outer loop
      vertex -2.391771452281811 4 -35.77424707819554
      vertex -2.242595290723115 4 -30.18571668694022
      vertex -2.217444482178185 4 -30.441077131483024
    endloop
  endfacet
  facet normal 0 1 0
    outer loop
      vertex -2.391771452281811 4 -35.77424707819554
      vertex -2.2608867878467005 4 -30
      vertex -2.242595290723115 4 -30.18571668694022
    endloop
  endfacet
  facet normal 0 1 0
    outer loop
      vertex -2.391771452281811 4 -35.77424707819554
      vertex -2.217444482178185 4 -30.441077131483024
      vertex -2.0887870286167542 4 -30.86520391616206
    endloop
  endfacet
  facet normal 0 1 0
    outer loop
      vertex -2.391771452281811 4 -35.77424707819554
      vertex -1.5986883791814732 4 -31.598688379181475
      vertex -1.2193145126008016 4 -36.12990800252019
    endloop
  endfacet
  facet normal 0 1 0
    outer loop
      vertex -1.5986883791814732 4 -31.598688379181475
      vertex -1.2560813995549314 4 -31.879858660950845
      vertex -1.2193145126008016 4 -36.12990800252019
    endloop
  endfacet
  facet normal 0 1 0
    outer loop
      vertex -1.2193145126008016 4 -36.12990800252019
      vertex -1.2560813995549314 4 -31.879858660950845
      vertex -0.8652039161620579 4 -32.08878702861676
    endloop
  endfacet
  facet normal 0 1 0
    outer loop
      vertex -1.2193145126008016 4 -36.12990800252019
      vertex -0.8652039161620579 4 -32.08878702861676
      vertex -0.44107713148302263 4 -32.21744448217819
    endloop
  endfacet
  facet normal 0 1 0
    outer loop
      vertex -1.2193145126008016 4 -36.12990800252019
      vertex 0 4 -32.2608867878467
      vertex 0 4 -36.25
    endloop
  endfacet
  facet normal 0 1 0
    outer loop
      vertex -1.2193145126008016 4 -36.12990800252019
      vertex -0.44107713148302263 4 -32.21744448217819
      vertex 0 4 -32.2608867878467
    endloop
  endfacet
  facet normal 0 1 0
    outer loop
      vertex -2.391771452281811 4 -35.77424707819554
      vertex -2.391771452281811 4 -24.225752921804457
      vertex -2.2608867878467005 4 -30
    endloop
  endfacet
  facet normal 0 1 0
    outer loop
      vertex -2.2608867878467005 4 -30
      vertex -2.391771452281811 4 -24.225752921804457
      vertex -2.2357359793017704 4 -29.744639555457198
    endloop
  endfacet
  facet normal 0 1 0
    outer loop
      vertex -2.2357359793017704 4 -29.744639555457198
      vertex -2.391771452281811 4 -24.225752921804457
      vertex -2.217444482178185 4 -29.558922868516976
    endloop
  endfacet
  facet normal 0 1 0
    outer loop
      vertex -2.217444482178185 4 -29.558922868516976
      vertex -2.391771452281811 4 -24.225752921804457
      vertex -2.0887870286167542 4 -29.13479608383794
    endloop
  endfacet
  facet normal 0 1 0
    outer loop
      vertex -2.0887870286167542 4 -29.13479608383794
      vertex -2.391771452281811 4 -24.225752921804457
      vertex -1.879858660950843 4 -28.74391860044507
    endloop
  endfacet
  facet normal 0 1 0
    outer loop
      vertex -1.879858660950843 4 -28.74391860044507
      vertex -2.391771452281811 4 -24.225752921804457
      vertex -1.5986883791814732 4 -28.401311620818525
    endloop
  endfacet
  facet normal 0 1 0
    outer loop
      vertex -1.5986883791814732 4 -28.401311620818525
      vertex -2.391771452281811 4 -24.225752921804457
      vertex -1.2560813995549314 4 -28.120141339049155
    endloop
  endfacet
  facet normal 0 1 0
    outer loop
      vertex -2.391771452281811 4 -24.225752921804457
      vertex -1.2193145126008016 4 -23.87009199747981
      vertex -1.2560813995549314 4 -28.120141339049155
    endloop
  endfacet
  facet normal 0 1 0
    outer loop
      vertex -1.2560813995549314 4 -28.120141339049155
      vertex -1.2193145126008016 4 -23.87009199747981
      vertex -0.8652039161620579 4 -27.911212971383247
    endloop
  endfacet
  facet normal 0 1 0
    outer loop
      vertex -0.8652039161620579 4 -27.911212971383247
      vertex -1.2193145126008016 4 -23.87009199747981
      vertex -0.44107713148302263 4 -27.782555517821816
    endloop
  endfacet
  facet normal 0 1 0
    outer loop
      vertex -0.44107713148302263 4 -27.782555517821816
      vertex -1.2193145126008016 4 -23.87009199747981
      vertex 0 4 -27.7391132121533
    endloop
  endfacet
  facet normal 0 1 0
    outer loop
      vertex -1.2193145126008016 4 -23.87009199747981
      vertex 0 4 -23.75
      vertex 0 4 -27.7391132121533
    endloop
  endfacet
  facet normal 0.7730104533627362 0 0.6343932841636465
    outer loop
      vertex -5.196685076890907 4 -33.47231395637252
      vertex -4.419417382415922 4 -34.41941738241592
      vertex -4.419417382415922 10 -34.41941738241592
    endloop
  endfacet
  facet normal 0.6343932841636454 0 0.773010453362737
    outer loop
      vertex -4.419417382415922 4 -34.41941738241592
      vertex -3.4723139563725134 4 -35.19668507689091
      vertex -3.4723139563725134 10 -35.19668507689091
    endloop
  endfacet
  facet normal 0.47139673682599814 0 0.8819212643483548
    outer loop
      vertex -3.4723139563725134 4 -35.19668507689091
      vertex -2.391771452281811 4 -35.77424707819554
      vertex -2.391771452281811 10 -35.77424707819554
    endloop
  endfacet
  facet normal 0.7730104533627373 0 -0.6343932841636449
    outer loop
      vertex -5.196685076890907 4 -26.527686043627487
      vertex -5.196685076890907 10 -26.527686043627487
      vertex -4.419417382415922 4 -25.580582617584078
    endloop
  endfacet
  facet normal 0.6343932841636454 0 -0.773010453362737
    outer loop
      vertex -4.419417382415922 4 -25.580582617584078
      vertex -4.419417382415922 10 -25.580582617584078
      vertex -3.4723139563725134 4 -24.80331492310909
    endloop
  endfacet
  facet normal 0.47139673682599814 0 -0.8819212643483548
    outer loop
      vertex -3.4723139563725134 4 -24.80331492310909
      vertex -3.4723139563725134 10 -24.80331492310909
      vertex -2.391771452281811 4 -24.225752921804457
    endloop
  endfacet
  facet normal 0.7730104533627362 0 0.6343932841636465
    outer loop
      vertex -5.196685076890907 4 -33.47231395637252
      vertex -4.419417382415922 10 -34.41941738241592
      vertex -5.196685076890907 10 -33.47231395637252
    endloop
  endfacet
  facet normal 0.6343932841636454 0 0.773010453362737
    outer loop
      vertex -4.419417382415922 4 -34.41941738241592
      vertex -3.4723139563725134 10 -35.19668507689091
      vertex -4.419417382415922 10 -34.41941738241592
    endloop
  endfacet
  facet normal 0.47139673682599814 0 0.8819212643483548
    outer loop
      vertex -3.4723139563725134 4 -35.19668507689091
      vertex -2.391771452281811 10 -35.77424707819554
      vertex -3.4723139563725134 10 -35.19668507689091
    endloop
  endfacet
  facet normal 0.7730104533627373 0 -0.6343932841636449
    outer loop
      vertex -4.419417382415922 4 -25.580582617584078
      vertex -5.196685076890907 10 -26.527686043627487
      vertex -4.419417382415922 10 -25.580582617584078
    endloop
  endfacet
  facet normal 0.6343932841636454 0 -0.773010453362737
    outer loop
      vertex -3.4723139563725134 4 -24.80331492310909
      vertex -4.419417382415922 10 -25.580582617584078
      vertex -3.4723139563725134 10 -24.80331492310909
    endloop
  endfacet
  facet normal 0.47139673682599814 0 -0.8819212643483548
    outer loop
      vertex -2.391771452281811 4 -24.225752921804457
      vertex -3.4723139563725134 10 -24.80331492310909
      vertex -2.391771452281811 10 -24.225752921804457
    endloop
  endfacet
  facet normal 0.2902846772544605 0 0.9569403357322094
    outer loop
      vertex -2.391771452281811 4 -35.77424707819554
      vertex -1.2193145126008016 4 -36.12990800252019
      vertex -1.2193145126008016 10 -36.12990800252019
    endloop
  endfacet
  facet normal 0.09801714032956178 0 0.9951847266721967
    outer loop
      vertex -1.2193145126008016 4 -36.12990800252019
      vertex 0 4 -36.25
      vertex 0 10 -36.25
    endloop
  endfacet
  facet normal 0.2902846772544605 0 -0.9569403357322094
    outer loop
      vertex -2.391771452281811 4 -24.225752921804457
      vertex -2.391771452281811 10 -24.225752921804457
      vertex -1.2193145126008016 4 -23.87009199747981
    endloop
  endfacet
  facet normal 0.09801714032956178 0 -0.9951847266721967
    outer loop
      vertex -1.2193145126008016 4 -23.87009199747981
      vertex -1.2193145126008016 10 -23.87009199747981
      vertex 0 4 -23.75
    endloop
  endfacet
  facet normal 0.2902846772544605 0 0.9569403357322094
    outer loop
      vertex -2.391771452281811 4 -35.77424707819554
      vertex -1.2193145126008016 10 -36.12990800252019
      vertex -2.391771452281811 10 -35.77424707819554
    endloop
  endfacet
  facet normal 0.09801714032956178 0 0.9951847266721967
    outer loop
      vertex -1.2193145126008016 4 -36.12990800252019
      vertex 0 10 -36.25
      vertex -1.2193145126008016 10 -36.12990800252019
    endloop
  endfacet
  facet normal 0.2902846772544605 0 -0.9569403357322094
    outer loop
      vertex -1.2193145126008016 4 -23.87009199747981
      vertex -2.391771452281811 10 -24.225752921804457
      vertex -1.2193145126008016 10 -23.87009199747981
    endloop
  endfacet
  facet normal 0.09801714032956178 0 -0.9951847266721967
    outer loop
      vertex 0 4 -23.75
      vertex -1.2193145126008016 10 -23.87009199747981
      vertex 0 10 -23.75
    endloop
  endfacet
  facet normal 0 1 0
    outer loop
      vertex 0 4 -36.25
      vertex 0 4 -32.2608867878467
      vertex 1.2193145126008016 4 -36.12990800252019
    endloop
  endfacet
  facet normal 0 1 0
    outer loop
      vertex 0 4 -32.2608867878467
      vertex 0.44107713148302263 4 -32.21744448217819
      vertex 1.2193145126008016 4 -36.12990800252019
    endloop
  endfacet
  facet normal 0 1 0
    outer loop
      vertex 0.44107713148302263 4 -32.21744448217819
      vertex 0.8652039161620579 4 -32.08878702861676
      vertex 1.2193145126008016 4 -36.12990800252019
    endloop
  endfacet
  facet normal 0 1 0
    outer loop
      vertex 0.8652039161620579 4 -32.08878702861676
      vertex 1.2560813995549314 4 -31.879858660950845
      vertex 1.2193145126008016 4 -36.12990800252019
    endloop
  endfacet
  facet normal 0 1 0
    outer loop
      vertex 1.2193145126008016 4 -36.12990800252019
      vertex 1.2560813995549314 4 -31.879858660950845
      vertex 2.391771452281811 4 -35.77424707819554
    endloop
  endfacet
  facet normal 0 1 0
    outer loop
      vertex 1.2560813995549314 4 -31.879858660950845
      vertex 1.5986883791814732 4 -31.598688379181475
      vertex 2.391771452281811 4 -35.77424707819554
    endloop
  endfacet
  facet normal 0 1 0
    outer loop
      vertex 1.5986883791814732 4 -31.598688379181475
      vertex 1.879858660950843 4 -31.25608139955493
      vertex 2.391771452281811 4 -35.77424707819554
    endloop
  endfacet
  facet normal 0 1 0
    outer loop
      vertex 1.879858660950843 4 -31.25608139955493
      vertex 2.0887870286167542 4 -30.86520391616206
      vertex 2.391771452281811 4 -35.77424707819554
    endloop
  endfacet
  facet normal 0 1 0
    outer loop
      vertex 2.0887870286167542 4 -30.86520391616206
      vertex 2.217444482178185 4 -30.441077131483024
      vertex 2.391771452281811 4 -35.77424707819554
    endloop
  endfacet
  facet normal 0 1 0
    outer loop
      vertex 2.217444482178185 4 -30.441077131483024
      vertex 2.2608867878467005 4 -30
      vertex 2.391771452281811 4 -35.77424707819554
    endloop
  endfacet
  facet normal 0 1 0
    outer loop
      vertex 0 4 -27.7391132121533
      vertex 1.2193145126008016 4 -23.87009199747981
      vertex 0.44107713148302263 4 -27.782555517821816
    endloop
  endfacet
  facet normal 0 1 0
    outer loop
      vertex 0 4 -27.7391132121533
      vertex 0 4 -23.75
      vertex 1.2193145126008016 4 -23.87009199747981
    endloop
  endfacet
  facet normal 0 1 0
    outer loop
      vertex 0.44107713148302263 4 -27.782555517821816
      vertex 1.2193145126008016 4 -23.87009199747981
      vertex 0.8652039161620579 4 -27.911212971383247
    endloop
  endfacet
  facet normal 0 1 0
    outer loop
      vertex 0.8652039161620579 4 -27.911212971383247
      vertex 1.2193145126008016 4 -23.87009199747981
      vertex 1.2560813995549314 4 -28.120141339049155
    endloop
  endfacet
  facet normal 0 1 0
    outer loop
      vertex 1.2560813995549314 4 -28.120141339049155
      vertex 1.2193145126008016 4 -23.87009199747981
      vertex 1.5986883791814732 4 -28.401311620818525
    endloop
  endfacet
  facet normal 0 1 0
    outer loop
      vertex 1.2193145126008016 4 -23.87009199747981
      vertex 2.391771452281811 4 -24.225752921804457
      vertex 1.5986883791814732 4 -28.401311620818525
    endloop
  endfacet
  facet normal 0 1 0
    outer loop
      vertex 2.2608867878467005 4 -30
      vertex 2.391771452281811 4 -24.225752921804457
      vertex 2.391771452281811 4 -35.77424707819554
    endloop
  endfacet
  facet normal 0 1 0
    outer loop
      vertex 2.217444482178185 4 -29.558922868516976
      vertex 2.0887870286167542 4 -29.13479608383794
      vertex 2.391771452281811 4 -24.225752921804457
    endloop
  endfacet
  facet normal 0 1 0
    outer loop
      vertex 2.242595290723115 4 -29.81428331305978
      vertex 2.391771452281811 4 -24.225752921804457
      vertex 2.2608867878467005 4 -30
    endloop
  endfacet
  facet normal 0 1 0
    outer loop
      vertex 2.242595290723115 4 -29.81428331305978
      vertex 2.217444482178185 4 -29.558922868516976
      vertex 2.391771452281811 4 -24.225752921804457
    endloop
  endfacet
  facet normal 0 1 0
    outer loop
      vertex 1.5986883791814732 4 -28.401311620818525
      vertex 2.391771452281811 4 -24.225752921804457
      vertex 1.879858660950843 4 -28.74391860044507
    endloop
  endfacet
  facet normal 0 1 0
    outer loop
      vertex 1.879858660950843 4 -28.74391860044507
      vertex 2.391771452281811 4 -24.225752921804457
      vertex 2.0887870286167542 4 -29.13479608383794
    endloop
  endfacet
  facet normal 0 1 0
    outer loop
      vertex 2.391771452281811 4 -35.77424707819554
      vertex 2.391771452281811 4 -24.225752921804457
      vertex 3.4723139563725134 4 -35.19668507689091
    endloop
  endfacet
  facet normal 0 1 0
    outer loop
      vertex 3.4723139563725134 4 -35.19668507689091
      vertex 3.4723139563725134 4 -24.80331492310909
      vertex 4.419417382415922 4 -34.41941738241592
    endloop
  endfacet
  facet normal 0 1 0
    outer loop
      vertex 4.419417382415922 4 -34.41941738241592
      vertex 4.419417382415922 4 -25.580582617584078
      vertex 5.196685076890907 4 -33.47231395637252
    endloop
  endfacet
  facet normal 0 1 0
    outer loop
      vertex 2.391771452281811 4 -24.225752921804457
      vertex 3.4723139563725134 4 -24.80331492310909
      vertex 3.4723139563725134 4 -35.19668507689091
    endloop
  endfacet
  facet normal 0 1 0
    outer loop
      vertex 4.419417382415922 4 -34.41941738241592
      vertex 3.4723139563725134 4 -24.80331492310909
      vertex 4.419417382415922 4 -25.580582617584078
    endloop
  endfacet
  facet normal 0 1 0
    outer loop
      vertex 4.419417382415922 4 -25.580582617584078
      vertex 5.196685076890907 4 -26.527686043627487
      vertex 5.196685076890907 4 -33.47231395637252
    endloop
  endfacet
  facet normal -0.09801714032956178 0 0.9951847266721967
    outer loop
      vertex 0 4 -36.25
      vertex 1.2193145126008016 4 -36.12990800252019
      vertex 1.2193145126008016 10 -36.12990800252019
    endloop
  endfacet
  facet normal -0.2902846772544605 0 0.9569403357322094
    outer loop
      vertex 1.2193145126008016 4 -36.12990800252019
      vertex 2.391771452281811 4 -35.77424707819554
      vertex 2.391771452281811 10 -35.77424707819554
    endloop
  endfacet
  facet normal -0.09801714032956178 0 -0.9951847266721967
    outer loop
      vertex 0 4 -23.75
      vertex 0 10 -23.75
      vertex 1.2193145126008016 4 -23.87009199747981
    endloop
  endfacet
  facet normal -0.2902846772544605 0 -0.9569403357322094
    outer loop
      vertex 1.2193145126008016 4 -23.87009199747981
      vertex 1.2193145126008016 10 -23.87009199747981
      vertex 2.391771452281811 4 -24.225752921804457
    endloop
  endfacet
  facet normal -0.09801714032956178 0 0.9951847266721967
    outer loop
      vertex 0 4 -36.25
      vertex 1.2193145126008016 10 -36.12990800252019
      vertex 0 10 -36.25
    endloop
  endfacet
  facet normal -0.2902846772544605 0 0.9569403357322094
    outer loop
      vertex 1.2193145126008016 4 -36.12990800252019
      vertex 2.391771452281811 10 -35.77424707819554
      vertex 1.2193145126008016 10 -36.12990800252019
    endloop
  endfacet
  facet normal -0.09801714032956178 0 -0.9951847266721967
    outer loop
      vertex 1.2193145126008016 4 -23.87009199747981
      vertex 0 10 -23.75
      vertex 1.2193145126008016 10 -23.87009199747981
    endloop
  endfacet
  facet normal -0.2902846772544605 0 -0.9569403357322094
    outer loop
      vertex 2.391771452281811 4 -24.225752921804457
      vertex 1.2193145126008016 10 -23.87009199747981
      vertex 2.391771452281811 10 -24.225752921804457
    endloop
  endfacet
  facet normal -0.47139673682599814 0 0.8819212643483548
    outer loop
      vertex 2.391771452281811 4 -35.77424707819554
      vertex 3.4723139563725134 4 -35.19668507689091
      vertex 3.4723139563725134 10 -35.19668507689091
    endloop
  endfacet
  facet normal -0.6343932841636454 0 0.773010453362737
    outer loop
      vertex 3.4723139563725134 4 -35.19668507689091
      vertex 4.419417382415922 4 -34.41941738241592
      vertex 4.419417382415922 10 -34.41941738241592
    endloop
  endfacet
  facet normal -0.7730104533627362 0 0.6343932841636465
    outer loop
      vertex 4.419417382415922 4 -34.41941738241592
      vertex 5.196685076890907 4 -33.47231395637252
      vertex 5.196685076890907 10 -33.47231395637252
    endloop
  endfacet
  facet normal -0.47139673682599814 0 -0.8819212643483548
    outer loop
      vertex 2.391771452281811 4 -24.225752921804457
      vertex 2.391771452281811 10 -24.225752921804457
      vertex 3.4723139563725134 4 -24.80331492310909
    endloop
  endfacet
  facet normal -0.6343932841636454 0 -0.773010453362737
    outer loop
      vertex 3.4723139563725134 4 -24.80331492310909
      vertex 3.4723139563725134 10 -24.80331492310909
      vertex 4.419417382415922 4 -25.580582617584078
    endloop
  endfacet
  facet normal -0.7730104533627373 0 -0.6343932841636449
    outer loop
      vertex 4.419417382415922 4 -25.580582617584078
      vertex 4.419417382415922 10 -25.580582617584078
      vertex 5.196685076890907 4 -26.527686043627487
    endloop
  endfacet
  facet normal -0.47139673682599814 0 0.8819212643483548
    outer loop
      vertex 2.391771452281811 4 -35.77424707819554
      vertex 3.4723139563725134 10 -35.19668507689091
      vertex 2.391771452281811 10 -35.77424707819554
    endloop
  endfacet
  facet normal -0.6343932841636454 0 0.773010453362737
    outer loop
      vertex 3.4723139563725134 4 -35.19668507689091
      vertex 4.419417382415922 10 -34.41941738241592
      vertex 3.4723139563725134 10 -35.19668507689091
    endloop
  endfacet
  facet normal -0.7730104533627362 0 0.6343932841636465
    outer loop
      vertex 4.419417382415922 4 -34.41941738241592
      vertex 5.196685076890907 10 -33.47231395637252
      vertex 4.419417382415922 10 -34.41941738241592
    endloop
  endfacet
  facet normal -0.47139673682599814 0 -0.8819212643483548
    outer loop
      vertex 3.4723139563725134 4 -24.80331492310909
      vertex 2.391771452281811 10 -24.225752921804457
      vertex 3.4723139563725134 10 -24.80331492310909
    endloop
  endfacet
  facet normal -0.6343932841636454 0 -0.773010453362737
    outer loop
      vertex 4.419417382415922 4 -25.580582617584078
      vertex 3.4723139563725134 10 -24.80331492310909
      vertex 4.419417382415922 10 -25.580582617584078
    endloop
  endfacet
  facet normal -0.7730104533627373 0 -0.6343932841636449
    outer loop
      vertex 5.196685076890907 4 -26.527686043627487
      vertex 4.419417382415922 10 -25.580582617584078
      vertex 5.196685076890907 10 -26.527686043627487
    endloop
  endfacet
  facet normal 0 1 0
    outer loop
      vertex 5.196685076890907 4 -33.47231395637252
      vertex 5.196685076890907 4 -26.527686043627487
      vertex 5.774247078195542 4 -32.39177145228181
    endloop
  endfacet
  facet normal 0 1 0
    outer loop
      vertex 5.774247078195542 4 -32.39177145228181
      vertex 5.774247078195542 4 -27.608228547718188
      vertex 6.129908002520191 4 -31.219314512600803
    endloop
  endfacet
  facet normal 0 1 0
    outer loop
      vertex 5.774247078195542 4 -32.39177145228181
      vertex 5.196685076890907 4 -26.527686043627487
      vertex 5.774247078195542 4 -27.608228547718188
    endloop
  endfacet
  facet normal 0 1 0
    outer loop
      vertex 5.774247078195542 4 -27.608228547718188
      vertex 6.129908002520191 4 -28.780685487399197
      vertex 6.129908002520191 4 -31.219314512600803
    endloop
  endfacet
  facet normal 0 1 0
    outer loop
      vertex 6.129908002520191 4 -31.219314512600803
      vertex 6.129908002520191 4 -28.780685487399197
      vertex 6.25 4 -30
    endloop
  endfacet
  facet normal -0.8819212643483558 0 0.47139673682599614
    outer loop
      vertex 5.196685076890907 4 -33.47231395637252
      vertex 5.774247078195542 4 -32.39177145228181
      vertex 5.774247078195542 10 -32.39177145228181
    endloop
  endfacet
  facet normal -0.9569403357322085 0 0.2902846772544634
    outer loop
      vertex 5.774247078195542 4 -32.39177145228181
      vertex 6.129908002520191 4 -31.219314512600803
      vertex 6.129908002520191 10 -31.219314512600803
    endloop
  endfacet
  facet normal -0.9951847266721969 0 0.0980171403295602
    outer loop
      vertex 6.129908002520191 4 -31.219314512600803
      vertex 6.25 4 -30
      vertex 6.25 10 -30
    endloop
  endfacet
  facet normal -0.8819212643483545 0 -0.47139673682599853
    outer loop
      vertex 5.774247078195542 4 -27.608228547718188
      vertex 5.196685076890907 4 -26.527686043627487
      vertex 5.196685076890907 10 -26.527686043627487
    endloop
  endfacet
  facet normal -0.9569403357322088 0 -0.2902846772544626
    outer loop
      vertex 5.774247078195542 4 -27.608228547718188
      vertex 5.774247078195542 10 -27.608228547718188
      vertex 6.129908002520191 4 -28.780685487399197
    endloop
  endfacet
  facet normal -0.9951847266721969 0 -0.0980171403295602
    outer loop
      vertex 6.25 4 -30
      vertex 6.129908002520191 4 -28.780685487399197
      vertex 6.129908002520191 10 -28.780685487399197
    endloop
  endfacet
  facet normal -0.8819212643483558 0 0.47139673682599614
    outer loop
      vertex 5.196685076890907 4 -33.47231395637252
      vertex 5.774247078195542 10 -32.39177145228181
      vertex 5.196685076890907 10 -33.47231395637252
    endloop
  endfacet
  facet normal -0.9569403357322085 0 0.2902846772544634
    outer loop
      vertex 5.774247078195542 4 -32.39177145228181
      vertex 6.129908002520191 10 -31.219314512600803
      vertex 5.774247078195542 10 -32.39177145228181
    endloop
  endfacet
  facet normal -0.9951847266721969 0 0.0980171403295602
    outer loop
      vertex 6.129908002520191 4 -31.219314512600803
      vertex 6.25 10 -30
      vertex 6.129908002520191 10 -31.219314512600803
    endloop
  endfacet
  facet normal -0.8819212643483545 0 -0.47139673682599853
    outer loop
      vertex 5.774247078195542 4 -27.608228547718188
      vertex 5.196685076890907 10 -26.527686043627487
      vertex 5.774247078195542 10 -27.608228547718188
    endloop
  endfacet
  facet normal -0.9951847266721969 0 -0.0980171403295602
    outer loop
      vertex 6.25 4 -30
      vertex 6.129908002520191 10 -28.780685487399197
      vertex 6.25 10 -30
    endloop
  endfacet
  facet normal -0.9569403357322088 0 -0.2902846772544626
    outer loop
      vertex 6.129908002520191 4 -28.780685487399197
      vertex 5.774247078195542 10 -27.608228547718188
      vertex 6.129908002520191 10 -28.780685487399197
    endloop
  endfacet
  facet normal -0.5773502691896258 -0.5773502691896258 -0.5773502691896258
    outer loop
      vertex -10 -9 -39
      vertex -9 -9 -40
      vertex -9 -10 -39
    endloop
  endfacet
  facet normal 0 -1 0
    outer loop
      vertex -9 -10 -39
      vertex -5.774247078195542 -10 -32.39177145228181
      vertex -6.129908002520191 -10 -31.219314512600803
    endloop
  endfacet
  facet normal 0 -1 0
    outer loop
      vertex -9 -10 -39
      vertex -6.129908002520191 -10 -31.219314512600803
      vertex -6.25 -10 -30
    endloop
  endfacet
  facet normal 0 -1 0
    outer loop
      vertex -9 -10 -39
      vertex -6.25 -10 -30
      vertex -6.129908002520191 -10 -28.780685487399197
    endloop
  endfacet
  facet normal 0 -1 0
    outer loop
      vertex -9 -10 -39
      vertex -5.196685076890907 -10 -33.47231395637252
      vertex -5.774247078195542 -10 -32.39177145228181
    endloop
  endfacet
  facet normal 0 -1 0
    outer loop
      vertex -9 -10 -39
      vertex -4.419417382415922 -10 -34.41941738241592
      vertex -5.196685076890907 -10 -33.47231395637252
    endloop
  endfacet
  facet normal 0 -1 0
    outer loop
      vertex -9 -10 -39
      vertex -3.4723139563725134 -10 -35.19668507689091
      vertex -4.419417382415922 -10 -34.41941738241592
    endloop
  endfacet
  facet normal -0.7071067811865476 -0.7071067811865476 0
    outer loop
      vertex -10 -9 -39
      vertex -9 -10 -39
      vertex -10 -9 39
    endloop
  endfacet
  facet normal -0.7071067811865476 0 -0.7071067811865476
    outer loop
      vertex -10 -9 -39
      vertex -10 9 -39
      vertex -9 -9 -40
    endloop
  endfacet
  facet normal -1 0 0
    outer loop
      vertex -10 -9 -39
      vertex -10 -9 39
      vertex -10 9 -39
    endloop
  endfacet
  facet normal 0 -1 0
    outer loop
      vertex -9 -10 -39
      vertex -2.391771452281811 -10 -35.77424707819554
      vertex -3.4723139563725134 -10 -35.19668507689091
    endloop
  endfacet
  facet normal 0 -1 0
    outer loop
      vertex -9 -10 -39
      vertex -1.2193145126008016 -10 -36.12990800252019
      vertex -2.391771452281811 -10 -35.77424707819554
    endloop
  endfacet
  facet normal 0 -1 0
    outer loop
      vertex -9 -10 -39
      vertex 0 -10 -36.25
      vertex -1.2193145126008016 -10 -36.12990800252019
    endloop
  endfacet
  facet normal 0 -0.7071067811865476 -0.7071067811865476
    outer loop
      vertex -9 -10 -39
      vertex -9 -9 -40
      vertex 9 -9 -40
    endloop
  endfacet
  facet normal 0 -1 0
    outer loop
      vertex -9 -10 -39
      vertex -6.129908002520191 -10 -28.780685487399197
      vertex 9 -10 39
    endloop
  endfacet
  facet normal 0 -1 0
    outer loop
      vertex 9 -10 39
      vertex -6.129908002520191 -10 -28.780685487399197
      vertex -5.774247078195542 -10 -27.608228547718188
    endloop
  endfacet
  facet normal 0 -1 0
    outer loop
      vertex 9 -10 39
      vertex -5.774247078195542 -10 -27.608228547718188
      vertex -5.196685076890907 -10 -26.527686043627487
    endloop
  endfacet
  facet normal 0 -1 0
    outer loop
      vertex 9 -10 39
      vertex -5.196685076890907 -10 -26.527686043627487
      vertex -4.419417382415922 -10 -25.580582617584078
    endloop
  endfacet
  facet normal 0 -1 0
    outer loop
      vertex -9 -10 -39
      vertex -6.129908002520191 -10 28.780685487399197
      vertex -9 -10 39
    endloop
  endfacet
  facet normal -0.7071067811865476 -0.7071067811865476 0
    outer loop
      vertex -9 -10 -39
      vertex -9 -10 39
      vertex -10 -9 39
    endloop
  endfacet
  facet normal 0 -1 0
    outer loop
      vertex -9 -10 -39
      vertex -5.774247078195542 -10 27.608228547718188
      vertex -6.129908002520191 -10 28.780685487399197
    endloop
  endfacet
  facet normal 0 -1 0
    outer loop
      vertex -9 -10 -39
      vertex -5.196685076890907 -10 26.527686043627487
      vertex -5.774247078195542 -10 27.608228547718188
    endloop
  endfacet
  facet normal 0 -1 0
    outer loop
      vertex -9 -10 -39
      vertex -4.419417382415922 -10 25.580582617584078
      vertex -5.196685076890907 -10 26.527686043627487
    endloop
  endfacet
  facet normal 0 -1 0
    outer loop
      vertex -9 -10 -39
      vertex -3.4723139563725134 -10 24.80331492310909
      vertex -4.419417382415922 -10 25.580582617584078
    endloop
  endfacet
  facet normal -0.5773502691896258 -0.5773502691896258 0.5773502691896258
    outer loop
      vertex -10 -9 39
      vertex -9 -10 39
      vertex -9 -9 40
    endloop
  endfacet
  facet normal 0 -1 0
    outer loop
      vertex -9 -10 39
      vertex -6.129908002520191 -10 28.780685487399197
      vertex -6.25 -10 30
    endloop
  endfacet
  facet normal 0 -1 0
    outer loop
      vertex -9 -10 39
      vertex -6.25 -10 30
      vertex -6.129908002520191 -10 31.219314512600803
    endloop
  endfacet
  facet normal 0 -1 0
    outer loop
      vertex -9 -10 39
      vertex -6.129908002520191 -10 31.219314512600803
      vertex -5.774247078195542 -10 32.39177145228181
    endloop
  endfacet
  facet normal 0 -1 0
    outer loop
      vertex -9 -10 39
      vertex -5.774247078195542 -10 32.39177145228181
      vertex -5.196685076890907 -10 33.47231395637252
    endloop
  endfacet
  facet normal 0 -1 0
    outer loop
      vertex -9 -10 39
      vertex -5.196685076890907 -10 33.47231395637252
      vertex -4.419417382415922 -10 34.41941738241592
    endloop
  endfacet
  facet normal 0 -1 0
    outer loop
      vertex -9 -10 39
      vertex -4.419417382415922 -10 34.41941738241592
      vertex -3.4723139563725134 -10 35.19668507689091
    endloop
  endfacet
  facet normal -0.7071067811865476 0 0.7071067811865476
    outer loop
      vertex -10 -9 39
      vertex -9 -9 40
      vertex -9 9 40
    endloop
  endfacet
  facet normal 0 -1 0
    outer loop
      vertex -9 -10 -39
      vertex -2.391771452281811 -10 24.225752921804457
      vertex -3.4723139563725134 -10 24.80331492310909
    endloop
  endfacet
  facet normal 0 -1 0
    outer loop
      vertex -9 -10 -39
      vertex -1.2193145126008016 -10 23.87009199747981
      vertex -2.391771452281811 -10 24.225752921804457
    endloop
  endfacet
  facet normal 0 -1 0
    outer loop
      vertex -9 -10 -39
      vertex 0 -10 23.75
      vertex -1.2193145126008016 -10 23.87009199747981
    endloop
  endfacet
  facet normal 0 -1 0
    outer loop
      vertex -9 -10 -39
      vertex 1.2193145126008016 -10 23.87009199747981
      vertex 0 -10 23.75
    endloop
  endfacet
  facet normal 0 -1 0
    outer loop
      vertex -9 -10 -39
      vertex 2.391771452281811 -10 24.225752921804457
      vertex 1.2193145126008016 -10 23.87009199747981
    endloop
  endfacet
  facet normal 0 -1 0
    outer loop
      vertex -9 -10 -39
      vertex 3.4723139563725134 -10 24.80331492310909
      vertex 2.391771452281811 -10 24.225752921804457
    endloop
  endfacet
  facet normal 0 -1 0
    outer loop
      vertex -9 -10 -39
      vertex 4.419417382415922 -10 25.580582617584078
      vertex 3.4723139563725134 -10 24.80331492310909
    endloop
  endfacet
  facet normal 0 -1 0
    outer loop
      vertex -9 -10 39
      vertex -3.4723139563725134 -10 35.19668507689091
      vertex -2.391771452281811 -10 35.77424707819554
    endloop
  endfacet
  facet normal 0 -1 0
    outer loop
      vertex -9 -10 39
      vertex -2.391771452281811 -10 35.77424707819554
      vertex -1.2193145126008016 -10 36.12990800252019
    endloop
  endfacet
  facet normal 0 -0.7071067811865476 0.7071067811865476
    outer loop
      vertex -9 -10 39
      vertex 9 -10 39
      vertex -9 -9 40
    endloop
  endfacet
  facet normal 0 -1 0
    outer loop
      vertex -9 -10 39
      vertex -1.2193145126008016 -10 36.12990800252019
      vertex 9 -10 39
    endloop
  endfacet
  facet normal 0 0 1
    outer loop
      vertex -9 -9 40
      vertex 9 -9 40
      vertex -9 9 40
    endloop
  endfacet
  facet normal -0.7071067811865476 0 -0.7071067811865476
    outer loop
      vertex -9 -9 -40
      vertex -10 9 -39
      vertex -9 9 -40
    endloop
  endfacet
  facet normal -0.5773502691896258 0.5773502691896258 -0.5773502691896258
    outer loop
      vertex -10 9 -39
      vertex -9 10 -39
      vertex -9 9 -40
    endloop
  endfacet
  facet normal 0 1 0
    outer loop
      vertex -9 10 -39
      vertex -6.129908002520191 10 -31.219314512600803
      vertex -5.774247078195542 10 -32.39177145228181
    endloop
  endfacet
  facet normal 0 1 0
    outer loop
      vertex -9 10 -39
      vertex -6.25 10 -30
      vertex -6.129908002520191 10 -31.219314512600803
    endloop
  endfacet
  facet normal 0 1 0
    outer loop
      vertex -9 10 -39
      vertex -6.129908002520191 10 -28.780685487399197
      vertex -6.25 10 -30
    endloop
  endfacet
  facet normal 0 1 0
    outer loop
      vertex -9 10 -39
      vertex -5.774247078195542 10 -32.39177145228181
      vertex -5.196685076890907 10 -33.47231395637252
    endloop
  endfacet
  facet normal 0 1 0
    outer loop
      vertex -9 10 -39
      vertex -5.196685076890907 10 -33.47231395637252
      vertex -4.419417382415922 10 -34.41941738241592
    endloop
  endfacet
  facet normal 0 1 0
    outer loop
      vertex -9 10 -39
      vertex -4.419417382415922 10 -34.41941738241592
      vertex -3.4723139563725134 10 -35.19668507689091
    endloop
  endfacet
  facet normal -0.7071067811865476 0.7071067811865476 0
    outer loop
      vertex -10 9 -39
      vertex -10 9 39
      vertex -9 10 -39
    endloop
  endfacet
  facet normal 0 0 -1
    outer loop
      vertex -9 -9 -40
      vertex -9 9 -40
      vertex 9 9 -40
    endloop
  endfacet
  facet normal 0 1 0
    outer loop
      vertex -9 10 -39
      vertex -3.4723139563725134 10 -35.19668507689091
      vertex -2.391771452281811 10 -35.77424707819554
    endloop
  endfacet
  facet normal 0 1 0
    outer loop
      vertex -9 10 -39
      vertex -2.391771452281811 10 -35.77424707819554
      vertex -1.2193145126008016 10 -36.12990800252019
    endloop
  endfacet
  facet normal 0 1 0
    outer loop
      vertex -9 10 -39
      vertex -1.2193145126008016 10 -36.12990800252019
      vertex 0 10 -36.25
    endloop
  endfacet
  facet normal 0 0.7071067811865476 -0.7071067811865476
    outer loop
      vertex -9 9 -40
      vertex -9 10 -39
      vertex 9 9 -40
    endloop
  endfacet
  facet normal 0 1 0
    outer loop
      vertex -9 10 -39
      vertex 0 10 -36.25
      vertex 1.2193145126008016 10 -36.12990800252019
    endloop
  endfacet
  facet normal 0 1 0
    outer loop
      vertex -9 10 -39
      vertex 9 10 39
      vertex -6.129908002520191 10 -28.780685487399197
    endloop
  endfacet
  facet normal 0 1 0
    outer loop
      vertex 9 10 39
      vertex -5.774247078195542 10 -27.608228547718188
      vertex -6.129908002520191 10 -28.780685487399197
    endloop
  endfacet
  facet normal 0 1 0
    outer loop
      vertex 9 10 39
      vertex -5.196685076890907 10 -26.527686043627487
      vertex -5.774247078195542 10 -27.608228547718188
    endloop
  endfacet
  facet normal 0 1 0
    outer loop
      vertex 9 10 39
      vertex -4.419417382415922 10 -25.580582617584078
      vertex -5.196685076890907 10 -26.527686043627487
    endloop
  endfacet
  facet normal -1 0 0
    outer loop
      vertex -10 -9 39
      vertex -10 9 39
      vertex -10 9 -39
    endloop
  endfacet
  facet normal -0.7071067811865476 0 0.7071067811865476
    outer loop
      vertex -10 -9 39
      vertex -9 9 40
      vertex -10 9 39
    endloop
  endfacet
  facet normal -0.7071067811865476 0.7071067811865476 0
    outer loop
      vertex -9 10 -39
      vertex -10 9 39
      vertex -9 10 39
    endloop
  endfacet
  facet normal 0 1 0
    outer loop
      vertex -9 10 -39
      vertex -9 10 39
      vertex -6.25 10 30
    endloop
  endfacet
  facet normal 0 1 0
    outer loop
      vertex -9 10 -39
      vertex -6.129908002520191 10 28.780685487399197
      vertex -5.774247078195542 10 27.608228547718188
    endloop
  endfacet
  facet normal 0 1 0
    outer loop
      vertex -9 10 -39
      vertex -6.25 10 30
      vertex -6.129908002520191 10 28.780685487399197
    endloop
  endfacet
  facet normal 0 1 0
    outer loop
      vertex -9 10 -39
      vertex -5.774247078195542 10 27.608228547718188
      vertex -5.196685076890907 10 26.527686043627487
    endloop
  endfacet
  facet normal 0 1 0
    outer loop
      vertex -9 10 -39
      vertex -5.196685076890907 10 26.527686043627487
      vertex -4.419417382415922 10 25.580582617584078
    endloop
  endfacet
  facet normal 0 1 0
    outer loop
      vertex -9 10 -39
      vertex -4.419417382415922 10 25.580582617584078
      vertex -3.4723139563725134 10 24.80331492310909
    endloop
  endfacet
  facet normal -0.5773502691896258 0.5773502691896258 0.5773502691896258
    outer loop
      vertex -10 9 39
      vertex -9 9 40
      vertex -9 10 39
    endloop
  endfacet
  facet normal 0 1 0
    outer loop
      vertex -9 10 39
      vertex -6.129908002520191 10 31.219314512600803
      vertex -6.25 10 30
    endloop
  endfacet
  facet normal 0 1 0
    outer loop
      vertex -9 10 39
      vertex -5.774247078195542 10 32.39177145228181
      vertex -6.129908002520191 10 31.219314512600803
    endloop
  endfacet
  facet normal 0 1 0
    outer loop
      vertex -9 10 39
      vertex -5.196685076890907 10 33.47231395637252
      vertex -5.774247078195542 10 32.39177145228181
    endloop
  endfacet
  facet normal 0 1 0
    outer loop
      vertex -9 10 39
      vertex -4.419417382415922 10 34.41941738241592
      vertex -5.196685076890907 10 33.47231395637252
    endloop
  endfacet
  facet normal 0 1 0
    outer loop
      vertex -9 10 39
      vertex -3.4723139563725134 10 35.19668507689091
      vertex -4.419417382415922 10 34.41941738241592
    endloop
  endfacet
  facet normal 0 1 0
    outer loop
      vertex -9 10 -39
      vertex -3.4723139563725134 10 24.80331492310909
      vertex -2.391771452281811 10 24.225752921804457
    endloop
  endfacet
  facet normal 0 1 0
    outer loop
      vertex -9 10 -39
      vertex -2.391771452281811 10 24.225752921804457
      vertex -1.2193145126008016 10 23.87009199747981
    endloop
  endfacet
  facet normal 0 1 0
    outer loop
      vertex -9 10 -39
      vertex -1.2193145126008016 10 23.87009199747981
      vertex 0 10 23.75
    endloop
  endfacet
  facet normal 0 1 0
    outer loop
      vertex -9 10 -39
      vertex 0 10 23.75
      vertex 1.2193145126008016 10 23.87009199747981
    endloop
  endfacet
  facet normal 0 1 0
    outer loop
      vertex -9 10 -39
      vertex 1.2193145126008016 10 23.87009199747981
      vertex 2.391771452281811 10 24.225752921804457
    endloop
  endfacet
  facet normal 0 1 0
    outer loop
      vertex -9 10 -39
      vertex 2.391771452281811 10 24.225752921804457
      vertex 3.4723139563725134 10 24.80331492310909
    endloop
  endfacet
  facet normal 0 1 0
    outer loop
      vertex -9 10 -39
      vertex 3.4723139563725134 10 24.80331492310909
      vertex 4.419417382415922 10 25.580582617584078
    endloop
  endfacet
  facet normal 0 1 0
    outer loop
      vertex -9 10 39
      vertex -2.391771452281811 10 35.77424707819554
      vertex -3.4723139563725134 10 35.19668507689091
    endloop
  endfacet
  facet normal 0 1 0
    outer loop
      vertex -9 10 39
      vertex -1.2193145126008016 10 36.12990800252019
      vertex -2.391771452281811 10 35.77424707819554
    endloop
  endfacet
  facet normal 0 1 0
    outer loop
      vertex -9 10 39
      vertex 0 10 36.25
      vertex -1.2193145126008016 10 36.12990800252019
    endloop
  endfacet
  facet normal 0 0.7071067811865476 0.7071067811865476
    outer loop
      vertex -9 9 40
      vertex 9 10 39
      vertex -9 10 39
    endloop
  endfacet
  facet normal 0 -1 0
    outer loop
      vertex -9 -10 -39
      vertex 9 -10 -39
      vertex 0 -10 -36.25
    endloop
  endfacet
  facet normal 0 -0.7071067811865476 -0.7071067811865476
    outer loop
      vertex -9 -10 -39
      vertex 9 -9 -40
      vertex 9 -10 -39
    endloop
  endfacet
  facet normal 0 -1 0
    outer loop
      vertex 9 -10 -39
      vertex 1.2193145126008016 -10 -36.12990800252019
      vertex 0 -10 -36.25
    endloop
  endfacet
  facet normal 0 -1 0
    outer loop
      vertex 9 -10 -39
      vertex 2.391771452281811 -10 -35.77424707819554
      vertex 1.2193145126008016 -10 -36.12990800252019
    endloop
  endfacet
  facet normal 0 -1 0
    outer loop
      vertex 9 -10 -39
      vertex 3.4723139563725134 -10 -35.19668507689091
      vertex 2.391771452281811 -10 -35.77424707819554
    endloop
  endfacet
  facet normal 0 -1 0
    outer loop
      vertex 9 -10 39
      vertex -4.419417382415922 -10 -25.580582617584078
      vertex -3.4723139563725134 -10 -24.80331492310909
    endloop
  endfacet
  facet normal 0 -1 0
    outer loop
      vertex 9 -10 39
      vertex -3.4723139563725134 -10 -24.80331492310909
      vertex -2.391771452281811 -10 -24.225752921804457
    endloop
  endfacet
  facet normal 0 -1 0
    outer loop
      vertex 9 -10 39
      vertex -2.391771452281811 -10 -24.225752921804457
      vertex -1.2193145126008016 -10 -23.87009199747981
    endloop
  endfacet
  facet normal 0 -1 0
    outer loop
      vertex 9 -10 39
      vertex -1.2193145126008016 -10 -23.87009199747981
      vertex 0 -10 -23.75
    endloop
  endfacet
  facet normal 0 -1 0
    outer loop
      vertex 9 -10 39
      vertex 0 -10 -23.75
      vertex 1.2193145126008016 -10 -23.87009199747981
    endloop
  endfacet
  facet normal 0 -1 0
    outer loop
      vertex 9 -10 39
      vertex 1.2193145126008016 -10 -23.87009199747981
      vertex 2.391771452281811 -10 -24.225752921804457
    endloop
  endfacet
  facet normal 0 -1 0
    outer loop
      vertex 9 -10 39
      vertex 2.391771452281811 -10 -24.225752921804457
      vertex 3.4723139563725134 -10 -24.80331492310909
    endloop
  endfacet
  facet normal 0 0 -1
    outer loop
      vertex -9 -9 -40
      vertex 9 9 -40
      vertex 9 -9 -40
    endloop
  endfacet
  facet normal 0 -1 0
    outer loop
      vertex 9 -10 -39
      vertex 4.419417382415922 -10 -34.41941738241592
      vertex 3.4723139563725134 -10 -35.19668507689091
    endloop
  endfacet
  facet normal 0 -1 0
    outer loop
      vertex 9 -10 -39
      vertex 5.196685076890907 -10 -33.47231395637252
      vertex 4.419417382415922 -10 -34.41941738241592
    endloop
  endfacet
  facet normal 0 -1 0
    outer loop
      vertex 9 -10 -39
      vertex 5.774247078195542 -10 -32.39177145228181
      vertex 5.196685076890907 -10 -33.47231395637252
    endloop
  endfacet
  facet normal 0 -1 0
    outer loop
      vertex 9 -10 -39
      vertex 6.129908002520191 -10 -31.219314512600803
      vertex 5.774247078195542 -10 -32.39177145228181
    endloop
  endfacet
  facet normal 0 -1 0
    outer loop
      vertex 9 -10 -39
      vertex 6.25 -10 -30
      vertex 6.129908002520191 -10 -31.219314512600803
    endloop
  endfacet
  facet normal 0.5773502691896258 -0.5773502691896258 -0.5773502691896258
    outer loop
      vertex 9 -10 -39
      vertex 9 -9 -40
      vertex 10 -9 -39
    endloop
  endfacet
  facet normal 0 -1 0
    outer loop
      vertex 9 -10 39
      vertex 3.4723139563725134 -10 -24.80331492310909
      vertex 4.419417382415922 -10 -25.580582617584078
    endloop
  endfacet
  facet normal 0 -1 0
    outer loop
      vertex 9 -10 39
      vertex 4.419417382415922 -10 -25.580582617584078
      vertex 5.196685076890907 -10 -26.527686043627487
    endloop
  endfacet
  facet normal 0 -1 0
    outer loop
      vertex 9 -10 39
      vertex 5.196685076890907 -10 -26.527686043627487
      vertex 5.774247078195542 -10 -27.608228547718188
    endloop
  endfacet
  facet normal 0 -1 0
    outer loop
      vertex 9 -10 39
      vertex 6.129908002520191 -10 -28.780685487399197
      vertex 6.25 -10 -30
    endloop
  endfacet
  facet normal 0 -1 0
    outer loop
      vertex 9 -10 39
      vertex 5.774247078195542 -10 -27.608228547718188
      vertex 6.129908002520191 -10 -28.780685487399197
    endloop
  endfacet
  facet normal 0.7071067811865476 -0.7071067811865476 0
    outer loop
      vertex 9 -10 -39
      vertex 10 -9 -39
      vertex 9 -10 39
    endloop
  endfacet
  facet normal 0 -1 0
    outer loop
      vertex 9 -10 -39
      vertex 9 -10 39
      vertex 6.25 -10 -30
    endloop
  endfacet
  facet normal 0.7071067811865476 0 -0.7071067811865476
    outer loop
      vertex 9 -9 -40
      vertex 9 9 -40
      vertex 10 -9 -39
    endloop
  endfacet
  facet normal 0 -1 0
    outer loop
      vertex -9 -10 -39
      vertex 5.196685076890907 -10 26.527686043627487
      vertex 4.419417382415922 -10 25.580582617584078
    endloop
  endfacet
  facet normal 0 -1 0
    outer loop
      vertex -9 -10 -39
      vertex 5.774247078195542 -10 27.608228547718188
      vertex 5.196685076890907 -10 26.527686043627487
    endloop
  endfacet
  facet normal 0 -1 0
    outer loop
      vertex -9 -10 -39
      vertex 6.129908002520191 -10 28.780685487399197
      vertex 5.774247078195542 -10 27.608228547718188
    endloop
  endfacet
  facet normal 0 -1 0
    outer loop
      vertex -9 -10 -39
      vertex 9 -10 39
      vertex 6.129908002520191 -10 28.780685487399197
    endloop
  endfacet
  facet normal 0 -1 0
    outer loop
      vertex 9 -10 39
      vertex -1.2193145126008016 -10 36.12990800252019
      vertex 0 -10 36.25
    endloop
  endfacet
  facet normal 0 -0.7071067811865476 0.7071067811865476
    outer loop
      vertex -9 -9 40
      vertex 9 -10 39
      vertex 9 -9 40
    endloop
  endfacet
  facet normal 0 -1 0
    outer loop
      vertex 9 -10 39
      vertex 0 -10 36.25
      vertex 1.2193145126008016 -10 36.12990800252019
    endloop
  endfacet
  facet normal 0 -1 0
    outer loop
      vertex 9 -10 39
      vertex 1.2193145126008016 -10 36.12990800252019
      vertex 2.391771452281811 -10 35.77424707819554
    endloop
  endfacet
  facet normal 0 -1 0
    outer loop
      vertex 9 -10 39
      vertex 2.391771452281811 -10 35.77424707819554
      vertex 3.4723139563725134 -10 35.19668507689091
    endloop
  endfacet
  facet normal 0.7071067811865476 -0.7071067811865476 0
    outer loop
      vertex 10 -9 -39
      vertex 10 -9 39
      vertex 9 -10 39
    endloop
  endfacet
  facet normal 0 -1 0
    outer loop
      vertex 9 -10 39
      vertex 3.4723139563725134 -10 35.19668507689091
      vertex 4.419417382415922 -10 34.41941738241592
    endloop
  endfacet
  facet normal 0 -1 0
    outer loop
      vertex 9 -10 39
      vertex 4.419417382415922 -10 34.41941738241592
      vertex 5.196685076890907 -10 33.47231395637252
    endloop
  endfacet
  facet normal 0 -1 0
    outer loop
      vertex 9 -10 39
      vertex 5.196685076890907 -10 33.47231395637252
      vertex 5.774247078195542 -10 32.39177145228181
    endloop
  endfacet
  facet normal 0 -1 0
    outer loop
      vertex 9 -10 39
      vertex 6.25 -10 30
      vertex 6.129908002520191 -10 28.780685487399197
    endloop
  endfacet
  facet normal 0 -1 0
    outer loop
      vertex 9 -10 39
      vertex 6.129908002520191 -10 31.219314512600803
      vertex 6.25 -10 30
    endloop
  endfacet
  facet normal 0 -1 0
    outer loop
      vertex 9 -10 39
      vertex 5.774247078195542 -10 32.39177145228181
      vertex 6.129908002520191 -10 31.219314512600803
    endloop
  endfacet
  facet normal 0.5773502691896258 -0.5773502691896258 0.5773502691896258
    outer loop
      vertex 9 -10 39
      vertex 10 -9 39
      vertex 9 -9 40
    endloop
  endfacet
  facet normal 1 0 0
    outer loop
      vertex 10 -9 -39
      vertex 10 9 39
      vertex 10 -9 39
    endloop
  endfacet
  facet normal 0.7071067811865476 0 0.7071067811865476
    outer loop
      vertex 9 -9 40
      vertex 10 -9 39
      vertex 9 9 40
    endloop
  endfacet
  facet normal 0 1 0
    outer loop
      vertex -9 10 -39
      vertex 1.2193145126008016 10 -36.12990800252019
      vertex 9 10 -39
    endloop
  endfacet
  facet normal 0 0.7071067811865476 -0.7071067811865476
    outer loop
      vertex -9 10 -39
      vertex 9 10 -39
      vertex 9 9 -40
    endloop
  endfacet
  facet normal 0 1 0
    outer loop
      vertex 9 10 -39
      vertex 1.2193145126008016 10 -36.12990800252019
      vertex 2.391771452281811 10 -35.77424707819554
    endloop
  endfacet
  facet normal 0 1 0
    outer loop
      vertex 9 10 -39
      vertex 2.391771452281811 10 -35.77424707819554
      vertex 3.4723139563725134 10 -35.19668507689091
    endloop
  endfacet
  facet normal 0 1 0
    outer loop
      vertex 9 10 39
      vertex -3.4723139563725134 10 -24.80331492310909
      vertex -4.419417382415922 10 -25.580582617584078
    endloop
  endfacet
  facet normal 0 1 0
    outer loop
      vertex 9 10 39
      vertex -2.391771452281811 10 -24.225752921804457
      vertex -3.4723139563725134 10 -24.80331492310909
    endloop
  endfacet
  facet normal 0 1 0
    outer loop
      vertex 9 10 39
      vertex -1.2193145126008016 10 -23.87009199747981
      vertex -2.391771452281811 10 -24.225752921804457
    endloop
  endfacet
  facet normal 0 1 0
    outer loop
      vertex 9 10 39
      vertex 0 10 -23.75
      vertex -1.2193145126008016 10 -23.87009199747981
    endloop
  endfacet
  facet normal 0 1 0
    outer loop
      vertex 9 10 39
      vertex 1.2193145126008016 10 -23.87009199747981
      vertex 0 10 -23.75
    endloop
  endfacet
  facet normal 0 1 0
    outer loop
      vertex 9 10 39
      vertex 2.391771452281811 10 -24.225752921804457
      vertex 1.2193145126008016 10 -23.87009199747981
    endloop
  endfacet
  facet normal 0 1 0
    outer loop
      vertex 9 10 39
      vertex 3.4723139563725134 10 -24.80331492310909
      vertex 2.391771452281811 10 -24.225752921804457
    endloop
  endfacet
  facet normal 0.7071067811865476 0 -0.7071067811865476
    outer loop
      vertex 10 -9 -39
      vertex 9 9 -40
      vertex 10 9 -39
    endloop
  endfacet
  facet normal 1 0 0
    outer loop
      vertex 10 -9 -39
      vertex 10 9 -39
      vertex 10 9 39
    endloop
  endfacet
  facet normal 0 1 0
    outer loop
      vertex 9 10 -39
      vertex 3.4723139563725134 10 -35.19668507689091
      vertex 4.419417382415922 10 -34.41941738241592
    endloop
  endfacet
  facet normal 0 1 0
    outer loop
      vertex 9 10 -39
      vertex 4.419417382415922 10 -34.41941738241592
      vertex 5.196685076890907 10 -33.47231395637252
    endloop
  endfacet
  facet normal 0 1 0
    outer loop
      vertex 9 10 -39
      vertex 5.196685076890907 10 -33.47231395637252
      vertex 5.774247078195542 10 -32.39177145228181
    endloop
  endfacet
  facet normal 0 1 0
    outer loop
      vertex 9 10 -39
      vertex 5.774247078195542 10 -32.39177145228181
      vertex 6.129908002520191 10 -31.219314512600803
    endloop
  endfacet
  facet normal 0 1 0
    outer loop
      vertex 9 10 -39
      vertex 6.129908002520191 10 -31.219314512600803
      vertex 6.25 10 -30
    endloop
  endfacet
  facet normal 0 1 0
    outer loop
      vertex 9 10 -39
      vertex 6.25 10 -30
      vertex 6.129908002520191 10 -28.780685487399197
    endloop
  endfacet
  facet normal 0.5773502691896258 0.5773502691896258 -0.5773502691896258
    outer loop
      vertex 9 9 -40
      vertex 9 10 -39
      vertex 10 9 -39
    endloop
  endfacet
  facet normal 0 1 0
    outer loop
      vertex 9 10 39
      vertex 4.419417382415922 10 -25.580582617584078
      vertex 3.4723139563725134 10 -24.80331492310909
    endloop
  endfacet
  facet normal 0 1 0
    outer loop
      vertex 9 10 39
      vertex 5.196685076890907 10 -26.527686043627487
      vertex 4.419417382415922 10 -25.580582617584078
    endloop
  endfacet
  facet normal 0 1 0
    outer loop
      vertex 9 10 39
      vertex 5.774247078195542 10 -27.608228547718188
      vertex 5.196685076890907 10 -26.527686043627487
    endloop
  endfacet
  facet normal 0 1 0
    outer loop
      vertex 9 10 39
      vertex 6.129908002520191 10 -28.780685487399197
      vertex 5.774247078195542 10 -27.608228547718188
    endloop
  endfacet
  facet normal 0.7071067811865476 0.7071067811865476 0
    outer loop
      vertex 9 10 -39
      vertex 9 10 39
      vertex 10 9 -39
    endloop
  endfacet
  facet normal 0 1 0
    outer loop
      vertex 9 10 -39
      vertex 6.129908002520191 10 -28.780685487399197
      vertex 9 10 39
    endloop
  endfacet
  facet normal 0 0 1
    outer loop
      vertex -9 9 40
      vertex 9 -9 40
      vertex 9 9 40
    endloop
  endfacet
  facet normal 0 1 0
    outer loop
      vertex -9 10 -39
      vertex 4.419417382415922 10 25.580582617584078
      vertex 5.196685076890907 10 26.527686043627487
    endloop
  endfacet
  facet normal 0 1 0
    outer loop
      vertex -9 10 -39
      vertex 5.196685076890907 10 26.527686043627487
      vertex 5.774247078195542 10 27.608228547718188
    endloop
  endfacet
  facet normal 0 1 0
    outer loop
      vertex -9 10 -39
      vertex 5.774247078195542 10 27.608228547718188
      vertex 6.129908002520191 10 28.780685487399197
    endloop
  endfacet
  facet normal 0 1 0
    outer loop
      vertex -9 10 -39
      vertex 6.129908002520191 10 28.780685487399197
      vertex 9 10 39
    endloop
  endfacet
  facet normal 0 1 0
    outer loop
      vertex -9 10 39
      vertex 9 10 39
      vertex 0 10 36.25
    endloop
  endfacet
  facet normal 0 0.7071067811865476 0.7071067811865476
    outer loop
      vertex -9 9 40
      vertex 9 9 40
      vertex 9 10 39
    endloop
  endfacet
  facet normal 0 1 0
    outer loop
      vertex 9 10 39
      vertex 1.2193145126008016 10 36.12990800252019
      vertex 0 10 36.25
    endloop
  endfacet
  facet normal 0 1 0
    outer loop
      vertex 9 10 39
      vertex 2.391771452281811 10 35.77424707819554
      vertex 1.2193145126008016 10 36.12990800252019
    endloop
  endfacet
  facet normal 0 1 0
    outer loop
      vertex 9 10 39
      vertex 3.4723139563725134 10 35.19668507689091
      vertex 2.391771452281811 10 35.77424707819554
    endloop
  endfacet
  facet normal 0.7071067811865476 0 0.7071067811865476
    outer loop
      vertex 10 -9 39
      vertex 10 9 39
      vertex 9 9 40
    endloop
  endfacet
  facet normal 0.7071067811865476 0.7071067811865476 0
    outer loop
      vertex 10 9 -39
      vertex 9 10 39
      vertex 10 9 39
    endloop
  endfacet
  facet normal 0 1 0
    outer loop
      vertex 9 10 39
      vertex 4.419417382415922 10 34.41941738241592
      vertex 3.4723139563725134 10 35.19668507689091
    endloop
  endfacet
  facet normal 0 1 0
    outer loop
      vertex 9 10 39
      vertex 5.196685076890907 10 33.47231395637252
      vertex 4.419417382415922 10 34.41941738241592
    endloop
  endfacet
  facet normal 0 1 0
    outer loop
      vertex 9 10 39
      vertex 5.774247078195542 10 32.39177145228181
      vertex 5.196685076890907 10 33.47231395637252
    endloop
  endfacet
  facet normal 0 1 0
    outer loop
      vertex 9 10 39
      vertex 6.129908002520191 10 28.780685487399197
      vertex 6.25 10 30
    endloop
  endfacet
  facet normal 0 1 0
    outer loop
      vertex 9 10 39
      vertex 6.25 10 30
      vertex 6.129908002520191 10 31.219314512600803
    endloop
  endfacet
  facet normal 0 1 0
    outer loop
      vertex 9 10 39
      vertex 6.129908002520191 10 31.219314512600803
      vertex 5.774247078195542 10 32.39177145228181
    endloop
  endfacet
  facet normal 0.5773502691896258 0.5773502691896258 0.5773502691896258
    outer loop
      vertex 9 9 40
      vertex 10 9 39
      vertex 9 10 39
    endloop
  endfacet
endsolid OpenSCAD_Model
